record_id,entity_type,entity_id,issuer_id,legal_entity_id,plant_id,group_id,name,layer,registration_source,source_url,query_date,record_status,double_count_key,double_count_rule,aggregation_policy,product_scope,notes
cand:l1a-cn-002463,issuer,issuer:CN:002463,issuer:CN:002463,-,-,-,沪电股份,L1-A,巨潮资讯法定披露检索入口（主体索引）,https://www.cninfo.com.cn/new/fulltextSearch?keyWord=002463,2026-08-28,待核,l1a:CN:002463,无,不适用,FAB1/PCB裸板候选；不得入统计,"四件套：URL=source_url；检索日=2026-08-28；命中引语=""002463""；判定类别=L1-A种子/待人工裁决。该锚仅证明法定披露主体检索入口，不证明PCB主营、厂址或中国大陆产能；须补年报主营段并由人工裁决。"
cand:l1a-cn-002916,issuer,issuer:CN:002916,issuer:CN:002916,-,-,-,深南电路,L1-A,巨潮资讯法定披露检索入口（主体索引）,https://www.cninfo.com.cn/new/fulltextSearch?keyWord=002916,2026-08-28,待核,l1a:CN:002916,无,不适用,FAB1/PCB裸板候选；不得入统计,"四件套：URL=source_url；检索日=2026-08-28；命中引语=""002916""；判定类别=L1-A种子/待人工裁决。该锚仅证明法定披露主体检索入口，不证明PCB主营、厂址或中国大陆产能；须补年报主营段并由人工裁决。"
cand:l1a-cn-300476,issuer,issuer:CN:300476,issuer:CN:300476,-,-,-,胜宏科技,L1-A,巨潮资讯法定披露检索入口（主体索引）,https://www.cninfo.com.cn/new/fulltextSearch?keyWord=300476,2026-08-28,待核,l1a:CN:300476,无,不适用,FAB1/PCB裸板候选；不得入统计,"四件套：URL=source_url；检索日=2026-08-28；命中引语=""300476""；判定类别=L1-A种子/待人工裁决。该锚仅证明法定披露主体检索入口，不证明PCB主营、厂址或中国大陆产能；须补年报主营段并由人工裁决。"
cand:l1a-cn-603228,issuer,issuer:CN:603228,issuer:CN:603228,-,-,-,景旺电子,L1-A,巨潮资讯法定披露检索入口（主体索引）,https://www.cninfo.com.cn/new/fulltextSearch?keyWord=603228,2026-08-28,待核,l1a:CN:603228,无,不适用,FAB1/PCB裸板候选；不得入统计,"四件套：URL=source_url；检索日=2026-08-28；命中引语=""603228""；判定类别=L1-A种子/待人工裁决。该锚仅证明法定披露主体检索入口，不证明PCB主营、厂址或中国大陆产能；须补年报主营段并由人工裁决。"
cand:l1a-cn-002815,issuer,issuer:CN:002815,issuer:CN:002815,-,-,-,崇达技术,L1-A,巨潮资讯法定披露检索入口（主体索引）,https://www.cninfo.com.cn/new/fulltextSearch?keyWord=002815,2026-08-28,待核,l1a:CN:002815,无,不适用,FAB1/PCB裸板候选；不得入统计,"四件套：URL=source_url；检索日=2026-08-28；命中引语=""002815""；判定类别=L1-A种子/待人工裁决。该锚仅证明法定披露主体检索入口，不证明PCB主营、厂址或中国大陆产能；须补年报主营段并由人工裁决。"
cand:l1a-cn-002913,issuer,issuer:CN:002913,issuer:CN:002913,-,-,-,奥士康,L1-A,巨潮资讯法定披露检索入口（主体索引）,https://www.cninfo.com.cn/new/fulltextSearch?keyWord=002913,2026-08-28,待核,l1a:CN:002913,无,不适用,FAB1/PCB裸板候选；不得入统计,"四件套：URL=source_url；检索日=2026-08-28；命中引语=""002913""；判定类别=L1-A种子/待人工裁决。该锚仅证明法定披露主体检索入口，不证明PCB主营、厂址或中国大陆产能；须补年报主营段并由人工裁决。"
cand:l1a-cn-603920,issuer,issuer:CN:603920,issuer:CN:603920,-,-,-,世运电路,L1-A,巨潮资讯法定披露检索入口（主体索引）,https://www.cninfo.com.cn/new/fulltextSearch?keyWord=603920,2026-08-28,待核,l1a:CN:603920,无,不适用,FAB1/PCB裸板候选；不得入统计,"四件套：URL=source_url；检索日=2026-08-28；命中引语=""603920""；判定类别=L1-A种子/待人工裁决。该锚仅证明法定披露主体检索入口，不证明PCB主营、厂址或中国大陆产能；须补年报主营段并由人工裁决。"
cand:l1a-cn-603328,issuer,issuer:CN:603328,issuer:CN:603328,-,-,-,依顿电子,L1-A,巨潮资讯法定披露检索入口（主体索引）,https://www.cninfo.com.cn/new/fulltextSearch?keyWord=603328,2026-08-28,待核,l1a:CN:603328,无,不适用,FAB1/PCB裸板候选；不得入统计,"四件套：URL=source_url；检索日=2026-08-28；命中引语=""603328""；判定类别=L1-A种子/待人工裁决。该锚仅证明法定披露主体检索入口，不证明PCB主营、厂址或中国大陆产能；须补年报主营段并由人工裁决。"
cand:l1a-cn-603936,issuer,issuer:CN:603936,issuer:CN:603936,-,-,-,博敏电子,L1-A,巨潮资讯法定披露检索入口（主体索引）,https://www.cninfo.com.cn/new/fulltextSearch?keyWord=603936,2026-08-28,待核,l1a:CN:603936,无,不适用,FAB1/PCB裸板候选；不得入统计,"四件套：URL=source_url；检索日=2026-08-28；命中引语=""603936""；判定类别=L1-A种子/待人工裁决。该锚仅证明法定披露主体检索入口，不证明PCB主营、厂址或中国大陆产能；须补年报主营段并由人工裁决。"
cand:l1a-cn-002579,issuer,issuer:CN:002579,issuer:CN:002579,-,-,-,中京电子,L1-A,巨潮资讯法定披露检索入口（主体索引）,https://www.cninfo.com.cn/new/fulltextSearch?keyWord=002579,2026-08-28,待核,l1a:CN:002579,无,不适用,FAB1/PCB裸板候选；不得入统计,"四件套：URL=source_url；检索日=2026-08-28；命中引语=""002579""；判定类别=L1-A种子/待人工裁决。该锚仅证明法定披露主体检索入口，不证明PCB主营、厂址或中国大陆产能；须补年报主营段并由人工裁决。"
cand:l1a-cn-002436,issuer,issuer:CN:002436,issuer:CN:002436,-,-,-,兴森科技,L1-A,巨潮资讯法定披露检索入口（主体索引）,https://www.cninfo.com.cn/new/fulltextSearch?keyWord=002436,2026-08-28,待核,l1a:CN:002436,无,不适用,FAB1/PCB裸板候选；不得入统计,"四件套：URL=source_url；检索日=2026-08-28；命中引语=""002436""；判定类别=L1-A种子/待人工裁决。该锚仅证明法定披露主体检索入口，不证明PCB主营、厂址或中国大陆产能；须补年报主营段并由人工裁决。"
cand:l1a-cn-300739,issuer,issuer:CN:300739,issuer:CN:300739,-,-,-,明阳电路,L1-A,巨潮资讯法定披露检索入口（主体索引）,https://www.cninfo.com.cn/new/fulltextSearch?keyWord=300739,2026-08-28,待核,l1a:CN:300739,无,不适用,FAB1/PCB裸板候选；不得入统计,"四件套：URL=source_url；检索日=2026-08-28；命中引语=""300739""；判定类别=L1-A种子/待人工裁决。该锚仅证明法定披露主体检索入口，不证明PCB主营、厂址或中国大陆产能；须补年报主营段并由人工裁决。"
cand:l1a-cn-301282,issuer,issuer:CN:301282,issuer:CN:301282,-,-,-,金禄电子,L1-A,巨潮资讯法定披露检索入口（主体索引）,https://www.cninfo.com.cn/new/fulltextSearch?keyWord=301282,2026-08-28,待核,l1a:CN:301282,无,不适用,FAB1/PCB裸板候选；不得入统计,"四件套：URL=source_url；检索日=2026-08-28；命中引语=""301282""；判定类别=L1-A种子/待人工裁决。该锚仅证明法定披露主体检索入口，不证明PCB主营、厂址或中国大陆产能；须补年报主营段并由人工裁决。"
cand:l1a-cn-300852,issuer,issuer:CN:300852,issuer:CN:300852,-,-,-,四会富仕,L1-A,巨潮资讯法定披露检索入口（主体索引）,https://www.cninfo.com.cn/new/fulltextSearch?keyWord=300852,2026-08-28,待核,l1a:CN:300852,无,不适用,FAB1/PCB裸板候选；不得入统计,"四件套：URL=source_url；检索日=2026-08-28；命中引语=""300852""；判定类别=L1-A种子/待人工裁决。该锚仅证明法定披露主体检索入口，不证明PCB主营、厂址或中国大陆产能；须补年报主营段并由人工裁决。"
cand:l1a-cn-300964,issuer,issuer:CN:300964,issuer:CN:300964,-,-,-,本川智能,L1-A,巨潮资讯法定披露检索入口（主体索引）,https://www.cninfo.com.cn/new/fulltextSearch?keyWord=300964,2026-08-28,待核,l1a:CN:300964,无,不适用,FAB1/PCB裸板候选；不得入统计,"四件套：URL=source_url；检索日=2026-08-28；命中引语=""300964""；判定类别=L1-A种子/待人工裁决。该锚仅证明法定披露主体检索入口，不证明PCB主营、厂址或中国大陆产能；须补年报主营段并由人工裁决。"
cand:l1a-cn-301132,issuer,issuer:CN:301132,issuer:CN:301132,-,-,-,满坤科技,L1-A,巨潮资讯法定披露检索入口（主体索引）,https://www.cninfo.com.cn/new/fulltextSearch?keyWord=301132,2026-08-28,待核,l1a:CN:301132,无,不适用,FAB1/PCB裸板候选；不得入统计,"四件套：URL=source_url；检索日=2026-08-28；命中引语=""301132""；判定类别=L1-A种子/待人工裁决。该锚仅证明法定披露主体检索入口，不证明PCB主营、厂址或中国大陆产能；须补年报主营段并由人工裁决。"
cand:l1a-cn-301251,issuer,issuer:CN:301251,issuer:CN:301251,-,-,-,威尔高,L1-A,巨潮资讯法定披露检索入口（主体索引）,https://www.cninfo.com.cn/new/fulltextSearch?keyWord=301251,2026-08-28,待核,l1a:CN:301251,无,不适用,FAB1/PCB裸板候选；不得入统计,"四件套：URL=source_url；检索日=2026-08-28；命中引语=""301251""；判定类别=L1-A种子/待人工裁决。该锚仅证明法定披露主体检索入口，不证明PCB主营、厂址或中国大陆产能；须补年报主营段并由人工裁决。"
cand:l1a-cn-603386,issuer,issuer:CN:603386,issuer:CN:603386,-,-,-,骏亚科技,L1-A,巨潮资讯法定披露检索入口（主体索引）,https://www.cninfo.com.cn/new/fulltextSearch?keyWord=603386,2026-08-28,待核,l1a:CN:603386,无,不适用,FAB1/PCB裸板候选；不得入统计,"四件套：URL=source_url；检索日=2026-08-28；命中引语=""603386""；判定类别=L1-A种子/待人工裁决。该锚仅证明法定披露主体检索入口，不证明PCB主营、厂址或中国大陆产能；须补年报主营段并由人工裁决。"
cand:l1a-cn-605258,issuer,issuer:CN:605258,issuer:CN:605258,-,-,-,协和电子,L1-A,巨潮资讯法定披露检索入口（主体索引）,https://www.cninfo.com.cn/new/fulltextSearch?keyWord=605258,2026-08-28,待核,l1a:CN:605258,无,不适用,FAB1/PCB裸板候选；不得入统计,"四件套：URL=source_url；检索日=2026-08-28；命中引语=""605258""；判定类别=L1-A种子/待人工裁决。该锚仅证明法定披露主体检索入口，不证明PCB主营、厂址或中国大陆产能；须补年报主营段并由人工裁决。"
cand:l1a-cn-605058,issuer,issuer:CN:605058,issuer:CN:605058,-,-,-,澳弘电子,L1-A,巨潮资讯法定披露检索入口（主体索引）,https://www.cninfo.com.cn/new/fulltextSearch?keyWord=605058,2026-08-28,待核,l1a:CN:605058,无,不适用,FAB1/PCB裸板候选；不得入统计,"四件套：URL=source_url；检索日=2026-08-28；命中引语=""605058""；判定类别=L1-A种子/待人工裁决。该锚仅证明法定披露主体检索入口，不证明PCB主营、厂址或中国大陆产能；须补年报主营段并由人工裁决。"
cand:l1a-cn-000823,issuer,issuer:CN:000823,issuer:CN:000823,-,-,-,超声电子,L1-A,巨潮资讯法定披露检索入口（主体索引）,https://www.cninfo.com.cn/new/fulltextSearch?keyWord=000823,2026-08-28,待核,l1a:CN:000823,无,不适用,FAB1/PCB裸板候选；不得入统计,"四件套：URL=source_url；检索日=2026-08-28；命中引语=""000823""；判定类别=L1-A种子/待人工裁决。该锚仅证明法定披露主体检索入口，不证明PCB主营、厂址或中国大陆产能；须补年报主营段并由人工裁决。"
cand:l1a-cn-002134,issuer,issuer:CN:002134,issuer:CN:002134,-,-,-,天津普林,L1-A,巨潮资讯法定披露检索入口（主体索引）,https://www.cninfo.com.cn/new/fulltextSearch?keyWord=002134,2026-08-28,待核,l1a:CN:002134,无,不适用,FAB1/PCB裸板候选；不得入统计,"四件套：URL=source_url；检索日=2026-08-28；命中引语=""002134""；判定类别=L1-A种子/待人工裁决。该锚仅证明法定披露主体检索入口，不证明PCB主营、厂址或中国大陆产能；须补年报主营段并由人工裁决。"
cand:l1a-cn-600601,issuer,issuer:CN:600601,issuer:CN:600601,-,-,-,方正科技,L1-A,巨潮资讯法定披露检索入口（主体索引）,https://www.cninfo.com.cn/new/fulltextSearch?keyWord=600601,2026-08-28,待核,l1a:CN:600601,无,不适用,FAB1/PCB裸板候选；不得入统计,"四件套：URL=source_url；检索日=2026-08-28；命中引语=""600601""；判定类别=L1-A种子/待人工裁决。该锚仅证明法定披露主体检索入口，不证明PCB主营、厂址或中国大陆产能；须补年报主营段并由人工裁决。"
cand:l1a-cn-002938,issuer,issuer:CN:002938,issuer:CN:002938,-,-,-,鹏鼎控股,L1-A,巨潮资讯法定披露检索入口（主体索引）,https://www.cninfo.com.cn/new/fulltextSearch?keyWord=002938,2026-08-28,待核,l1a:CN:002938,无,不适用,FAB1/PCB裸板候选；不得入统计,"四件套：URL=source_url；检索日=2026-08-28；命中引语=""002938""；判定类别=L1-A种子/待人工裁决。该锚仅证明法定披露主体检索入口，不证明PCB主营、厂址或中国大陆产能；须补年报主营段并由人工裁决。"
cand:l1a-cn-002384,issuer,issuer:CN:002384,issuer:CN:002384,-,-,-,东山精密,L1-A,巨潮资讯法定披露检索入口（主体索引）,https://www.cninfo.com.cn/new/fulltextSearch?keyWord=002384,2026-08-28,待核,l1a:CN:002384,无,不适用,FAB1/PCB裸板候选；不得入统计,"四件套：URL=source_url；检索日=2026-08-28；命中引语=""002384""；判定类别=L1-A种子/待人工裁决。该锚仅证明法定披露主体检索入口，不证明PCB主营、厂址或中国大陆产能；须补年报主营段并由人工裁决。"
cand:l1a-cn-300657,issuer,issuer:CN:300657,issuer:CN:300657,-,-,-,弘信电子,L1-A,巨潮资讯法定披露检索入口（主体索引）,https://www.cninfo.com.cn/new/fulltextSearch?keyWord=300657,2026-08-28,待核,l1a:CN:300657,无,不适用,FAB1/PCB裸板候选；不得入统计,"四件套：URL=source_url；检索日=2026-08-28；命中引语=""300657""；判定类别=L1-A种子/待人工裁决。该锚仅证明法定披露主体检索入口，不证明PCB主营、厂址或中国大陆产能；须补年报主营段并由人工裁决。"
cand:l1a-cn-688183,issuer,issuer:CN:688183,issuer:CN:688183,-,-,-,生益电子,L1-A,巨潮资讯法定披露检索入口（主体索引）,https://www.cninfo.com.cn/new/fulltextSearch?keyWord=688183,2026-08-28,待核,l1a:CN:688183,无,不适用,FAB1/PCB裸板候选；不得入统计,"四件套：URL=source_url；检索日=2026-08-28；命中引语=""688183""；判定类别=L1-A种子/待人工裁决。该锚仅证明法定披露主体检索入口，不证明PCB主营、厂址或中国大陆产能；须补年报主营段并由人工裁决。"
cand:l1a-cn-301366,issuer,issuer:CN:301366,issuer:CN:301366,-,-,-,一博科技,L1-A,巨潮资讯法定披露检索入口（主体索引）,https://www.cninfo.com.cn/new/fulltextSearch?keyWord=301366,2026-08-28,待核,l1a:CN:301366,无,不适用,FAB1/PCB裸板候选；不得入统计,"四件套：URL=source_url；检索日=2026-08-28；命中引语=""301366""；判定类别=L1-A种子/待人工裁决。该锚仅证明法定披露主体检索入口，不证明PCB主营、厂址或中国大陆产能；须补年报主营段并由人工裁决。"
cand:l1a-cn-301041,issuer,issuer:CN:301041,issuer:CN:301041,-,-,-,金百泽,L1-A,巨潮资讯法定披露检索入口（主体索引）,https://www.cninfo.com.cn/new/fulltextSearch?keyWord=301041,2026-08-28,待核,l1a:CN:301041,无,不适用,FAB1/PCB裸板候选；不得入统计,"四件套：URL=source_url；检索日=2026-08-28；命中引语=""301041""；判定类别=L1-A种子/待人工裁决。该锚仅证明法定披露主体检索入口，不证明PCB主营、厂址或中国大陆产能；须补年报主营段并由人工裁决。"
cand:l2-twse-1101,issuer,issuer:TW:1101,issuer:TW:1101,-,-,-,台泥,L2,TWSE OpenAPI 上市公司基本資料（完整母集）,https://openapi.twse.com.tw/v1/opendata/t187ap03_L,2026-08-28,待核,l2:TWSE:1101,无,不适用,L2机械母集；未挂格,"四件套：URL=source_url；检索日=2026-08-28；命中引语=""公司代號 1101""；判定类别=L2机械母集/待人工裁决。原始出表日期=1150827；完整发行人母集不推定PCB主营、中国大陆厂址或物理产能。"
cand:l2-twse-1102,issuer,issuer:TW:1102,issuer:TW:1102,-,-,-,亞泥,L2,TWSE OpenAPI 上市公司基本資料（完整母集）,https://openapi.twse.com.tw/v1/opendata/t187ap03_L,2026-08-28,待核,l2:TWSE:1102,无,不适用,L2机械母集；未挂格,"四件套：URL=source_url；检索日=2026-08-28；命中引语=""公司代號 1102""；判定类别=L2机械母集/待人工裁决。原始出表日期=1150827；完整发行人母集不推定PCB主营、中国大陆厂址或物理产能。"
cand:l2-twse-1103,issuer,issuer:TW:1103,issuer:TW:1103,-,-,-,嘉泥,L2,TWSE OpenAPI 上市公司基本資料（完整母集）,https://openapi.twse.com.tw/v1/opendata/t187ap03_L,2026-08-28,待核,l2:TWSE:1103,无,不适用,L2机械母集；未挂格,"四件套：URL=source_url；检索日=2026-08-28；命中引语=""公司代號 1103""；判定类别=L2机械母集/待人工裁决。原始出表日期=1150827；完整发行人母集不推定PCB主营、中国大陆厂址或物理产能。"
cand:l2-twse-1104,issuer,issuer:TW:1104,issuer:TW:1104,-,-,-,環泥,L2,TWSE OpenAPI 上市公司基本資料（完整母集）,https://openapi.twse.com.tw/v1/opendata/t187ap03_L,2026-08-28,待核,l2:TWSE:1104,无,不适用,L2机械母集；未挂格,"四件套：URL=source_url；检索日=2026-08-28；命中引语=""公司代號 1104""；判定类别=L2机械母集/待人工裁决。原始出表日期=1150827；完整发行人母集不推定PCB主营、中国大陆厂址或物理产能。"
cand:l2-twse-1108,issuer,issuer:TW:1108,issuer:TW:1108,-,-,-,幸福,L2,TWSE OpenAPI 上市公司基本資料（完整母集）,https://openapi.twse.com.tw/v1/opendata/t187ap03_L,2026-08-28,待核,l2:TWSE:1108,无,不适用,L2机械母集；未挂格,"四件套：URL=source_url；检索日=2026-08-28；命中引语=""公司代號 1108""；判定类别=L2机械母集/待人工裁决。原始出表日期=1150827；完整发行人母集不推定PCB主营、中国大陆厂址或物理产能。"
cand:l2-twse-1109,issuer,issuer:TW:1109,issuer:TW:1109,-,-,-,信大,L2,TWSE OpenAPI 上市公司基本資料（完整母集）,https://openapi.twse.com.tw/v1/opendata/t187ap03_L,2026-08-28,待核,l2:TWSE:1109,无,不适用,L2机械母集；未挂格,"四件套：URL=source_url；检索日=2026-08-28；命中引语=""公司代號 1109""；判定类别=L2机械母集/待人工裁决。原始出表日期=1150827；完整发行人母集不推定PCB主营、中国大陆厂址或物理产能。"
cand:l2-twse-1110,issuer,issuer:TW:1110,issuer:TW:1110,-,-,-,東泥,L2,TWSE OpenAPI 上市公司基本資料（完整母集）,https://openapi.twse.com.tw/v1/opendata/t187ap03_L,2026-08-28,待核,l2:TWSE:1110,无,不适用,L2机械母集；未挂格,"四件套：URL=source_url；检索日=2026-08-28；命中引语=""公司代號 1110""；判定类别=L2机械母集/待人工裁决。原始出表日期=1150827；完整发行人母集不推定PCB主营、中国大陆厂址或物理产能。"
cand:l2-twse-1201,issuer,issuer:TW:1201,issuer:TW:1201,-,-,-,味全,L2,TWSE OpenAPI 上市公司基本資料（完整母集）,https://openapi.twse.com.tw/v1/opendata/t187ap03_L,2026-08-28,待核,l2:TWSE:1201,无,不适用,L2机械母集；未挂格,"四件套：URL=source_url；检索日=2026-08-28；命中引语=""公司代號 1201""；判定类别=L2机械母集/待人工裁决。原始出表日期=1150827；完整发行人母集不推定PCB主营、中国大陆厂址或物理产能。"
cand:l2-twse-1203,issuer,issuer:TW:1203,issuer:TW:1203,-,-,-,味王,L2,TWSE OpenAPI 上市公司基本資料（完整母集）,https://openapi.twse.com.tw/v1/opendata/t187ap03_L,2026-08-28,待核,l2:TWSE:1203,无,不适用,L2机械母集；未挂格,"四件套：URL=source_url；检索日=2026-08-28；命中引语=""公司代號 1203""；判定类别=L2机械母集/待人工裁决。原始出表日期=1150827；完整发行人母集不推定PCB主营、中国大陆厂址或物理产能。"
cand:l2-twse-1210,issuer,issuer:TW:1210,issuer:TW:1210,-,-,-,大成,L2,TWSE OpenAPI 上市公司基本資料（完整母集）,https://openapi.twse.com.tw/v1/opendata/t187ap03_L,2026-08-28,待核,l2:TWSE:1210,无,不适用,L2机械母集；未挂格,"四件套：URL=source_url；检索日=2026-08-28；命中引语=""公司代號 1210""；判定类别=L2机械母集/待人工裁决。原始出表日期=1150827；完整发行人母集不推定PCB主营、中国大陆厂址或物理产能。"
cand:l2-twse-1213,issuer,issuer:TW:1213,issuer:TW:1213,-,-,-,大飲,L2,TWSE OpenAPI 上市公司基本資料（完整母集）,https://openapi.twse.com.tw/v1/opendata/t187ap03_L,2026-08-28,待核,l2:TWSE:1213,无,不适用,L2机械母集；未挂格,"四件套：URL=source_url；检索日=2026-08-28；命中引语=""公司代號 1213""；判定类别=L2机械母集/待人工裁决。原始出表日期=1150827；完整发行人母集不推定PCB主营、中国大陆厂址或物理产能。"
cand:l2-twse-1215,issuer,issuer:TW:1215,issuer:TW:1215,-,-,-,卜蜂,L2,TWSE OpenAPI 上市公司基本資料（完整母集）,https://openapi.twse.com.tw/v1/opendata/t187ap03_L,2026-08-28,待核,l2:TWSE:1215,无,不适用,L2机械母集；未挂格,"四件套：URL=source_url；检索日=2026-08-28；命中引语=""公司代號 1215""；判定类别=L2机械母集/待人工裁决。原始出表日期=1150827；完整发行人母集不推定PCB主营、中国大陆厂址或物理产能。"
cand:l2-twse-1216,issuer,issuer:TW:1216,issuer:TW:1216,-,-,-,統一,L2,TWSE OpenAPI 上市公司基本資料（完整母集）,https://openapi.twse.com.tw/v1/opendata/t187ap03_L,2026-08-28,待核,l2:TWSE:1216,无,不适用,L2机械母集；未挂格,"四件套：URL=source_url；检索日=2026-08-28；命中引语=""公司代號 1216""；判定类别=L2机械母集/待人工裁决。原始出表日期=1150827；完整发行人母集不推定PCB主营、中国大陆厂址或物理产能。"
cand:l2-twse-1217,issuer,issuer:TW:1217,issuer:TW:1217,-,-,-,愛之味,L2,TWSE OpenAPI 上市公司基本資料（完整母集）,https://openapi.twse.com.tw/v1/opendata/t187ap03_L,2026-08-28,待核,l2:TWSE:1217,无,不适用,L2机械母集；未挂格,"四件套：URL=source_url；检索日=2026-08-28；命中引语=""公司代號 1217""；判定类别=L2机械母集/待人工裁决。原始出表日期=1150827；完整发行人母集不推定PCB主营、中国大陆厂址或物理产能。"
cand:l2-twse-1218,issuer,issuer:TW:1218,issuer:TW:1218,-,-,-,泰山,L2,TWSE OpenAPI 上市公司基本資料（完整母集）,https://openapi.twse.com.tw/v1/opendata/t187ap03_L,2026-08-28,待核,l2:TWSE:1218,无,不适用,L2机械母集；未挂格,"四件套：URL=source_url；检索日=2026-08-28；命中引语=""公司代號 1218""；判定类别=L2机械母集/待人工裁决。原始出表日期=1150827；完整发行人母集不推定PCB主营、中国大陆厂址或物理产能。"
cand:l2-twse-1219,issuer,issuer:TW:1219,issuer:TW:1219,-,-,-,福壽,L2,TWSE OpenAPI 上市公司基本資料（完整母集）,https://openapi.twse.com.tw/v1/opendata/t187ap03_L,2026-08-28,待核,l2:TWSE:1219,无,不适用,L2机械母集；未挂格,"四件套：URL=source_url；检索日=2026-08-28；命中引语=""公司代號 1219""；判定类别=L2机械母集/待人工裁决。原始出表日期=1150827；完整发行人母集不推定PCB主营、中国大陆厂址或物理产能。"
cand:l2-twse-1220,issuer,issuer:TW:1220,issuer:TW:1220,-,-,-,台榮,L2,TWSE OpenAPI 上市公司基本資料（完整母集）,https://openapi.twse.com.tw/v1/opendata/t187ap03_L,2026-08-28,待核,l2:TWSE:1220,无,不适用,L2机械母集；未挂格,"四件套：URL=source_url；检索日=2026-08-28；命中引语=""公司代號 1220""；判定类别=L2机械母集/待人工裁决。原始出表日期=1150827；完整发行人母集不推定PCB主营、中国大陆厂址或物理产能。"
cand:l2-twse-1225,issuer,issuer:TW:1225,issuer:TW:1225,-,-,-,福懋油,L2,TWSE OpenAPI 上市公司基本資料（完整母集）,https://openapi.twse.com.tw/v1/opendata/t187ap03_L,2026-08-28,待核,l2:TWSE:1225,无,不适用,L2机械母集；未挂格,"四件套：URL=source_url；检索日=2026-08-28；命中引语=""公司代號 1225""；判定类别=L2机械母集/待人工裁决。原始出表日期=1150827；完整发行人母集不推定PCB主营、中国大陆厂址或物理产能。"
cand:l2-twse-1227,issuer,issuer:TW:1227,issuer:TW:1227,-,-,-,佳格,L2,TWSE OpenAPI 上市公司基本資料（完整母集）,https://openapi.twse.com.tw/v1/opendata/t187ap03_L,2026-08-28,待核,l2:TWSE:1227,无,不适用,L2机械母集；未挂格,"四件套：URL=source_url；检索日=2026-08-28；命中引语=""公司代號 1227""；判定类别=L2机械母集/待人工裁决。原始出表日期=1150827；完整发行人母集不推定PCB主营、中国大陆厂址或物理产能。"
cand:l2-twse-1229,issuer,issuer:TW:1229,issuer:TW:1229,-,-,-,聯華,L2,TWSE OpenAPI 上市公司基本資料（完整母集）,https://openapi.twse.com.tw/v1/opendata/t187ap03_L,2026-08-28,待核,l2:TWSE:1229,无,不适用,L2机械母集；未挂格,"四件套：URL=source_url；检索日=2026-08-28；命中引语=""公司代號 1229""；判定类别=L2机械母集/待人工裁决。原始出表日期=1150827；完整发行人母集不推定PCB主营、中国大陆厂址或物理产能。"
cand:l2-twse-1231,issuer,issuer:TW:1231,issuer:TW:1231,-,-,-,聯華食,L2,TWSE OpenAPI 上市公司基本資料（完整母集）,https://openapi.twse.com.tw/v1/opendata/t187ap03_L,2026-08-28,待核,l2:TWSE:1231,无,不适用,L2机械母集；未挂格,"四件套：URL=source_url；检索日=2026-08-28；命中引语=""公司代號 1231""；判定类别=L2机械母集/待人工裁决。原始出表日期=1150827；完整发行人母集不推定PCB主营、中国大陆厂址或物理产能。"
cand:l2-twse-1232,issuer,issuer:TW:1232,issuer:TW:1232,-,-,-,大統益,L2,TWSE OpenAPI 上市公司基本資料（完整母集）,https://openapi.twse.com.tw/v1/opendata/t187ap03_L,2026-08-28,待核,l2:TWSE:1232,无,不适用,L2机械母集；未挂格,"四件套：URL=source_url；检索日=2026-08-28；命中引语=""公司代號 1232""；判定类别=L2机械母集/待人工裁决。原始出表日期=1150827；完整发行人母集不推定PCB主营、中国大陆厂址或物理产能。"
cand:l2-twse-1233,issuer,issuer:TW:1233,issuer:TW:1233,-,-,-,天仁,L2,TWSE OpenAPI 上市公司基本資料（完整母集）,https://openapi.twse.com.tw/v1/opendata/t187ap03_L,2026-08-28,待核,l2:TWSE:1233,无,不适用,L2机械母集；未挂格,"四件套：URL=source_url；检索日=2026-08-28；命中引语=""公司代號 1233""；判定类别=L2机械母集/待人工裁决。原始出表日期=1150827；完整发行人母集不推定PCB主营、中国大陆厂址或物理产能。"
cand:l2-twse-1234,issuer,issuer:TW:1234,issuer:TW:1234,-,-,-,黑松,L2,TWSE OpenAPI 上市公司基本資料（完整母集）,https://openapi.twse.com.tw/v1/opendata/t187ap03_L,2026-08-28,待核,l2:TWSE:1234,无,不适用,L2机械母集；未挂格,"四件套：URL=source_url；检索日=2026-08-28；命中引语=""公司代號 1234""；判定类别=L2机械母集/待人工裁决。原始出表日期=1150827；完整发行人母集不推定PCB主营、中国大陆厂址或物理产能。"
cand:l2-twse-1235,issuer,issuer:TW:1235,issuer:TW:1235,-,-,-,興泰,L2,TWSE OpenAPI 上市公司基本資料（完整母集）,https://openapi.twse.com.tw/v1/opendata/t187ap03_L,2026-08-28,待核,l2:TWSE:1235,无,不适用,L2机械母集；未挂格,"四件套：URL=source_url；检索日=2026-08-28；命中引语=""公司代號 1235""；判定类别=L2机械母集/待人工裁决。原始出表日期=1150827；完整发行人母集不推定PCB主营、中国大陆厂址或物理产能。"
cand:l2-twse-1236,issuer,issuer:TW:1236,issuer:TW:1236,-,-,-,宏亞,L2,TWSE OpenAPI 上市公司基本資料（完整母集）,https://openapi.twse.com.tw/v1/opendata/t187ap03_L,2026-08-28,待核,l2:TWSE:1236,无,不适用,L2机械母集；未挂格,"四件套：URL=source_url；检索日=2026-08-28；命中引语=""公司代號 1236""；判定类别=L2机械母集/待人工裁决。原始出表日期=1150827；完整发行人母集不推定PCB主营、中国大陆厂址或物理产能。"
cand:l2-twse-1256,issuer,issuer:TW:1256,issuer:TW:1256,-,-,-,鮮活果汁-KY,L2,TWSE OpenAPI 上市公司基本資料（完整母集）,https://openapi.twse.com.tw/v1/opendata/t187ap03_L,2026-08-28,待核,l2:TWSE:1256,无,不适用,L2机械母集；未挂格,"四件套：URL=source_url；检索日=2026-08-28；命中引语=""公司代號 1256""；判定类别=L2机械母集/待人工裁决。原始出表日期=1150827；完整发行人母集不推定PCB主营、中国大陆厂址或物理产能。"
cand:l2-twse-1301,issuer,issuer:TW:1301,issuer:TW:1301,-,-,-,台塑,L2,TWSE OpenAPI 上市公司基本資料（完整母集）,https://openapi.twse.com.tw/v1/opendata/t187ap03_L,2026-08-28,待核,l2:TWSE:1301,无,不适用,L2机械母集；未挂格,"四件套：URL=source_url；检索日=2026-08-28；命中引语=""公司代號 1301""；判定类别=L2机械母集/待人工裁决。原始出表日期=1150827；完整发行人母集不推定PCB主营、中国大陆厂址或物理产能。"
cand:l2-twse-1303,issuer,issuer:TW:1303,issuer:TW:1303,-,-,-,南亞,L2,TWSE OpenAPI 上市公司基本資料（完整母集）,https://openapi.twse.com.tw/v1/opendata/t187ap03_L,2026-08-28,待核,l2:TWSE:1303,无,不适用,L2机械母集；未挂格,"四件套：URL=source_url；检索日=2026-08-28；命中引语=""公司代號 1303""；判定类别=L2机械母集/待人工裁决。原始出表日期=1150827；完整发行人母集不推定PCB主营、中国大陆厂址或物理产能。"
cand:l2-twse-1304,issuer,issuer:TW:1304,issuer:TW:1304,-,-,-,台聚,L2,TWSE OpenAPI 上市公司基本資料（完整母集）,https://openapi.twse.com.tw/v1/opendata/t187ap03_L,2026-08-28,待核,l2:TWSE:1304,无,不适用,L2机械母集；未挂格,"四件套：URL=source_url；检索日=2026-08-28；命中引语=""公司代號 1304""；判定类别=L2机械母集/待人工裁决。原始出表日期=1150827；完整发行人母集不推定PCB主营、中国大陆厂址或物理产能。"
cand:l2-twse-1305,issuer,issuer:TW:1305,issuer:TW:1305,-,-,-,華夏,L2,TWSE OpenAPI 上市公司基本資料（完整母集）,https://openapi.twse.com.tw/v1/opendata/t187ap03_L,2026-08-28,待核,l2:TWSE:1305,无,不适用,L2机械母集；未挂格,"四件套：URL=source_url；检索日=2026-08-28；命中引语=""公司代號 1305""；判定类别=L2机械母集/待人工裁决。原始出表日期=1150827；完整发行人母集不推定PCB主营、中国大陆厂址或物理产能。"
cand:l2-twse-1307,issuer,issuer:TW:1307,issuer:TW:1307,-,-,-,三芳,L2,TWSE OpenAPI 上市公司基本資料（完整母集）,https://openapi.twse.com.tw/v1/opendata/t187ap03_L,2026-08-28,待核,l2:TWSE:1307,无,不适用,L2机械母集；未挂格,"四件套：URL=source_url；检索日=2026-08-28；命中引语=""公司代號 1307""；判定类别=L2机械母集/待人工裁决。原始出表日期=1150827；完整发行人母集不推定PCB主营、中国大陆厂址或物理产能。"
cand:l2-twse-1308,issuer,issuer:TW:1308,issuer:TW:1308,-,-,-,亞聚,L2,TWSE OpenAPI 上市公司基本資料（完整母集）,https://openapi.twse.com.tw/v1/opendata/t187ap03_L,2026-08-28,待核,l2:TWSE:1308,无,不适用,L2机械母集；未挂格,"四件套：URL=source_url；检索日=2026-08-28；命中引语=""公司代號 1308""；判定类别=L2机械母集/待人工裁决。原始出表日期=1150827；完整发行人母集不推定PCB主营、中国大陆厂址或物理产能。"
cand:l2-twse-1309,issuer,issuer:TW:1309,issuer:TW:1309,-,-,-,台達化,L2,TWSE OpenAPI 上市公司基本資料（完整母集）,https://openapi.twse.com.tw/v1/opendata/t187ap03_L,2026-08-28,待核,l2:TWSE:1309,无,不适用,L2机械母集；未挂格,"四件套：URL=source_url；检索日=2026-08-28；命中引语=""公司代號 1309""；判定类别=L2机械母集/待人工裁决。原始出表日期=1150827；完整发行人母集不推定PCB主营、中国大陆厂址或物理产能。"
cand:l2-twse-1310,issuer,issuer:TW:1310,issuer:TW:1310,-,-,-,台苯,L2,TWSE OpenAPI 上市公司基本資料（完整母集）,https://openapi.twse.com.tw/v1/opendata/t187ap03_L,2026-08-28,待核,l2:TWSE:1310,无,不适用,L2机械母集；未挂格,"四件套：URL=source_url；检索日=2026-08-28；命中引语=""公司代號 1310""；判定类别=L2机械母集/待人工裁决。原始出表日期=1150827；完整发行人母集不推定PCB主营、中国大陆厂址或物理产能。"
cand:l2-twse-1312,issuer,issuer:TW:1312,issuer:TW:1312,-,-,-,國喬,L2,TWSE OpenAPI 上市公司基本資料（完整母集）,https://openapi.twse.com.tw/v1/opendata/t187ap03_L,2026-08-28,待核,l2:TWSE:1312,无,不适用,L2机械母集；未挂格,"四件套：URL=source_url；检索日=2026-08-28；命中引语=""公司代號 1312""；判定类别=L2机械母集/待人工裁决。原始出表日期=1150827；完整发行人母集不推定PCB主营、中国大陆厂址或物理产能。"
cand:l2-twse-1313,issuer,issuer:TW:1313,issuer:TW:1313,-,-,-,聯成,L2,TWSE OpenAPI 上市公司基本資料（完整母集）,https://openapi.twse.com.tw/v1/opendata/t187ap03_L,2026-08-28,待核,l2:TWSE:1313,无,不适用,L2机械母集；未挂格,"四件套：URL=source_url；检索日=2026-08-28；命中引语=""公司代號 1313""；判定类别=L2机械母集/待人工裁决。原始出表日期=1150827；完整发行人母集不推定PCB主营、中国大陆厂址或物理产能。"
cand:l2-twse-1314,issuer,issuer:TW:1314,issuer:TW:1314,-,-,-,中石化,L2,TWSE OpenAPI 上市公司基本資料（完整母集）,https://openapi.twse.com.tw/v1/opendata/t187ap03_L,2026-08-28,待核,l2:TWSE:1314,无,不适用,L2机械母集；未挂格,"四件套：URL=source_url；检索日=2026-08-28；命中引语=""公司代號 1314""；判定类别=L2机械母集/待人工裁决。原始出表日期=1150827；完整发行人母集不推定PCB主营、中国大陆厂址或物理产能。"
cand:l2-twse-1315,issuer,issuer:TW:1315,issuer:TW:1315,-,-,-,達新,L2,TWSE OpenAPI 上市公司基本資料（完整母集）,https://openapi.twse.com.tw/v1/opendata/t187ap03_L,2026-08-28,待核,l2:TWSE:1315,无,不适用,L2机械母集；未挂格,"四件套：URL=source_url；检索日=2026-08-28；命中引语=""公司代號 1315""；判定类别=L2机械母集/待人工裁决。原始出表日期=1150827；完整发行人母集不推定PCB主营、中国大陆厂址或物理产能。"
cand:l2-twse-1316,issuer,issuer:TW:1316,issuer:TW:1316,-,-,-,上曜,L2,TWSE OpenAPI 上市公司基本資料（完整母集）,https://openapi.twse.com.tw/v1/opendata/t187ap03_L,2026-08-28,待核,l2:TWSE:1316,无,不适用,L2机械母集；未挂格,"四件套：URL=source_url；检索日=2026-08-28；命中引语=""公司代號 1316""；判定类别=L2机械母集/待人工裁决。原始出表日期=1150827；完整发行人母集不推定PCB主营、中国大陆厂址或物理产能。"
cand:l2-twse-1319,issuer,issuer:TW:1319,issuer:TW:1319,-,-,-,東陽,L2,TWSE OpenAPI 上市公司基本資料（完整母集）,https://openapi.twse.com.tw/v1/opendata/t187ap03_L,2026-08-28,待核,l2:TWSE:1319,无,不适用,L2机械母集；未挂格,"四件套：URL=source_url；检索日=2026-08-28；命中引语=""公司代號 1319""；判定类别=L2机械母集/待人工裁决。原始出表日期=1150827；完整发行人母集不推定PCB主营、中国大陆厂址或物理产能。"
cand:l2-twse-1321,issuer,issuer:TW:1321,issuer:TW:1321,-,-,-,大洋,L2,TWSE OpenAPI 上市公司基本資料（完整母集）,https://openapi.twse.com.tw/v1/opendata/t187ap03_L,2026-08-28,待核,l2:TWSE:1321,无,不适用,L2机械母集；未挂格,"四件套：URL=source_url；检索日=2026-08-28；命中引语=""公司代號 1321""；判定类别=L2机械母集/待人工裁决。原始出表日期=1150827；完整发行人母集不推定PCB主营、中国大陆厂址或物理产能。"
cand:l2-twse-1323,issuer,issuer:TW:1323,issuer:TW:1323,-,-,-,永裕,L2,TWSE OpenAPI 上市公司基本資料（完整母集）,https://openapi.twse.com.tw/v1/opendata/t187ap03_L,2026-08-28,待核,l2:TWSE:1323,无,不适用,L2机械母集；未挂格,"四件套：URL=source_url；检索日=2026-08-28；命中引语=""公司代號 1323""；判定类别=L2机械母集/待人工裁决。原始出表日期=1150827；完整发行人母集不推定PCB主营、中国大陆厂址或物理产能。"
cand:l2-twse-1324,issuer,issuer:TW:1324,issuer:TW:1324,-,-,-,地球,L2,TWSE OpenAPI 上市公司基本資料（完整母集）,https://openapi.twse.com.tw/v1/opendata/t187ap03_L,2026-08-28,待核,l2:TWSE:1324,无,不适用,L2机械母集；未挂格,"四件套：URL=source_url；检索日=2026-08-28；命中引语=""公司代號 1324""；判定类别=L2机械母集/待人工裁决。原始出表日期=1150827；完整发行人母集不推定PCB主营、中国大陆厂址或物理产能。"
cand:l2-twse-1325,issuer,issuer:TW:1325,issuer:TW:1325,-,-,-,恆大,L2,TWSE OpenAPI 上市公司基本資料（完整母集）,https://openapi.twse.com.tw/v1/opendata/t187ap03_L,2026-08-28,待核,l2:TWSE:1325,无,不适用,L2机械母集；未挂格,"四件套：URL=source_url；检索日=2026-08-28；命中引语=""公司代號 1325""；判定类别=L2机械母集/待人工裁决。原始出表日期=1150827；完整发行人母集不推定PCB主营、中国大陆厂址或物理产能。"
cand:l2-twse-1326,issuer,issuer:TW:1326,issuer:TW:1326,-,-,-,台化,L2,TWSE OpenAPI 上市公司基本資料（完整母集）,https://openapi.twse.com.tw/v1/opendata/t187ap03_L,2026-08-28,待核,l2:TWSE:1326,无,不适用,L2机械母集；未挂格,"四件套：URL=source_url；检索日=2026-08-28；命中引语=""公司代號 1326""；判定类别=L2机械母集/待人工裁决。原始出表日期=1150827；完整发行人母集不推定PCB主营、中国大陆厂址或物理产能。"
cand:l2-twse-1337,issuer,issuer:TW:1337,issuer:TW:1337,-,-,-,再生-KY,L2,TWSE OpenAPI 上市公司基本資料（完整母集）,https://openapi.twse.com.tw/v1/opendata/t187ap03_L,2026-08-28,待核,l2:TWSE:1337,无,不适用,L2机械母集；未挂格,"四件套：URL=source_url；检索日=2026-08-28；命中引语=""公司代號 1337""；判定类别=L2机械母集/待人工裁决。原始出表日期=1150827；完整发行人母集不推定PCB主营、中国大陆厂址或物理产能。"
cand:l2-twse-1338,issuer,issuer:TW:1338,issuer:TW:1338,-,-,-,廣華-KY,L2,TWSE OpenAPI 上市公司基本資料（完整母集）,https://openapi.twse.com.tw/v1/opendata/t187ap03_L,2026-08-28,待核,l2:TWSE:1338,无,不适用,L2机械母集；未挂格,"四件套：URL=source_url；检索日=2026-08-28；命中引语=""公司代號 1338""；判定类别=L2机械母集/待人工裁决。原始出表日期=1150827；完整发行人母集不推定PCB主营、中国大陆厂址或物理产能。"
cand:l2-twse-1339,issuer,issuer:TW:1339,issuer:TW:1339,-,-,-,昭輝,L2,TWSE OpenAPI 上市公司基本資料（完整母集）,https://openapi.twse.com.tw/v1/opendata/t187ap03_L,2026-08-28,待核,l2:TWSE:1339,无,不适用,L2机械母集；未挂格,"四件套：URL=source_url；检索日=2026-08-28；命中引语=""公司代號 1339""；判定类别=L2机械母集/待人工裁决。原始出表日期=1150827；完整发行人母集不推定PCB主营、中国大陆厂址或物理产能。"
cand:l2-twse-1340,issuer,issuer:TW:1340,issuer:TW:1340,-,-,-,勝悅-KY,L2,TWSE OpenAPI 上市公司基本資料（完整母集）,https://openapi.twse.com.tw/v1/opendata/t187ap03_L,2026-08-28,待核,l2:TWSE:1340,无,不适用,L2机械母集；未挂格,"四件套：URL=source_url；检索日=2026-08-28；命中引语=""公司代號 1340""；判定类别=L2机械母集/待人工裁决。原始出表日期=1150827；完整发行人母集不推定PCB主营、中国大陆厂址或物理产能。"
cand:l2-twse-1341,issuer,issuer:TW:1341,issuer:TW:1341,-,-,-,富林-KY,L2,TWSE OpenAPI 上市公司基本資料（完整母集）,https://openapi.twse.com.tw/v1/opendata/t187ap03_L,2026-08-28,待核,l2:TWSE:1341,无,不适用,L2机械母集；未挂格,"四件套：URL=source_url；检索日=2026-08-28；命中引语=""公司代號 1341""；判定类别=L2机械母集/待人工裁决。原始出表日期=1150827；完整发行人母集不推定PCB主营、中国大陆厂址或物理产能。"
cand:l2-twse-1342,issuer,issuer:TW:1342,issuer:TW:1342,-,-,-,八貫,L2,TWSE OpenAPI 上市公司基本資料（完整母集）,https://openapi.twse.com.tw/v1/opendata/t187ap03_L,2026-08-28,待核,l2:TWSE:1342,无,不适用,L2机械母集；未挂格,"四件套：URL=source_url；检索日=2026-08-28；命中引语=""公司代號 1342""；判定类别=L2机械母集/待人工裁决。原始出表日期=1150827；完整发行人母集不推定PCB主营、中国大陆厂址或物理产能。"
cand:l2-twse-1402,issuer,issuer:TW:1402,issuer:TW:1402,-,-,-,遠東新,L2,TWSE OpenAPI 上市公司基本資料（完整母集）,https://openapi.twse.com.tw/v1/opendata/t187ap03_L,2026-08-28,待核,l2:TWSE:1402,无,不适用,L2机械母集；未挂格,"四件套：URL=source_url；检索日=2026-08-28；命中引语=""公司代號 1402""；判定类别=L2机械母集/待人工裁决。原始出表日期=1150827；完整发行人母集不推定PCB主营、中国大陆厂址或物理产能。"
cand:l2-twse-1409,issuer,issuer:TW:1409,issuer:TW:1409,-,-,-,新纖,L2,TWSE OpenAPI 上市公司基本資料（完整母集）,https://openapi.twse.com.tw/v1/opendata/t187ap03_L,2026-08-28,待核,l2:TWSE:1409,无,不适用,L2机械母集；未挂格,"四件套：URL=source_url；检索日=2026-08-28；命中引语=""公司代號 1409""；判定类别=L2机械母集/待人工裁决。原始出表日期=1150827；完整发行人母集不推定PCB主营、中国大陆厂址或物理产能。"
cand:l2-twse-1410,issuer,issuer:TW:1410,issuer:TW:1410,-,-,-,南染,L2,TWSE OpenAPI 上市公司基本資料（完整母集）,https://openapi.twse.com.tw/v1/opendata/t187ap03_L,2026-08-28,待核,l2:TWSE:1410,无,不适用,L2机械母集；未挂格,"四件套：URL=source_url；检索日=2026-08-28；命中引语=""公司代號 1410""；判定类别=L2机械母集/待人工裁决。原始出表日期=1150827；完整发行人母集不推定PCB主营、中国大陆厂址或物理产能。"
cand:l2-twse-1413,issuer,issuer:TW:1413,issuer:TW:1413,-,-,-,宏洲,L2,TWSE OpenAPI 上市公司基本資料（完整母集）,https://openapi.twse.com.tw/v1/opendata/t187ap03_L,2026-08-28,待核,l2:TWSE:1413,无,不适用,L2机械母集；未挂格,"四件套：URL=source_url；检索日=2026-08-28；命中引语=""公司代號 1413""；判定类别=L2机械母集/待人工裁决。原始出表日期=1150827；完整发行人母集不推定PCB主营、中国大陆厂址或物理产能。"
cand:l2-twse-1414,issuer,issuer:TW:1414,issuer:TW:1414,-,-,-,東和,L2,TWSE OpenAPI 上市公司基本資料（完整母集）,https://openapi.twse.com.tw/v1/opendata/t187ap03_L,2026-08-28,待核,l2:TWSE:1414,无,不适用,L2机械母集；未挂格,"四件套：URL=source_url；检索日=2026-08-28；命中引语=""公司代號 1414""；判定类别=L2机械母集/待人工裁决。原始出表日期=1150827；完整发行人母集不推定PCB主营、中国大陆厂址或物理产能。"
cand:l2-twse-1416,issuer,issuer:TW:1416,issuer:TW:1416,-,-,-,廣豐,L2,TWSE OpenAPI 上市公司基本資料（完整母集）,https://openapi.twse.com.tw/v1/opendata/t187ap03_L,2026-08-28,待核,l2:TWSE:1416,无,不适用,L2机械母集；未挂格,"四件套：URL=source_url；检索日=2026-08-28；命中引语=""公司代號 1416""；判定类别=L2机械母集/待人工裁决。原始出表日期=1150827；完整发行人母集不推定PCB主营、中国大陆厂址或物理产能。"
cand:l2-twse-1417,issuer,issuer:TW:1417,issuer:TW:1417,-,-,-,嘉裕,L2,TWSE OpenAPI 上市公司基本資料（完整母集）,https://openapi.twse.com.tw/v1/opendata/t187ap03_L,2026-08-28,待核,l2:TWSE:1417,无,不适用,L2机械母集；未挂格,"四件套：URL=source_url；检索日=2026-08-28；命中引语=""公司代號 1417""；判定类别=L2机械母集/待人工裁决。原始出表日期=1150827；完整发行人母集不推定PCB主营、中国大陆厂址或物理产能。"
cand:l2-twse-1418,issuer,issuer:TW:1418,issuer:TW:1418,-,-,-,東華,L2,TWSE OpenAPI 上市公司基本資料（完整母集）,https://openapi.twse.com.tw/v1/opendata/t187ap03_L,2026-08-28,待核,l2:TWSE:1418,无,不适用,L2机械母集；未挂格,"四件套：URL=source_url；检索日=2026-08-28；命中引语=""公司代號 1418""；判定类别=L2机械母集/待人工裁决。原始出表日期=1150827；完整发行人母集不推定PCB主营、中国大陆厂址或物理产能。"
cand:l2-twse-1419,issuer,issuer:TW:1419,issuer:TW:1419,-,-,-,新紡,L2,TWSE OpenAPI 上市公司基本資料（完整母集）,https://openapi.twse.com.tw/v1/opendata/t187ap03_L,2026-08-28,待核,l2:TWSE:1419,无,不适用,L2机械母集；未挂格,"四件套：URL=source_url；检索日=2026-08-28；命中引语=""公司代號 1419""；判定类别=L2机械母集/待人工裁决。原始出表日期=1150827；完整发行人母集不推定PCB主营、中国大陆厂址或物理产能。"
cand:l2-twse-1423,issuer,issuer:TW:1423,issuer:TW:1423,-,-,-,利華,L2,TWSE OpenAPI 上市公司基本資料（完整母集）,https://openapi.twse.com.tw/v1/opendata/t187ap03_L,2026-08-28,待核,l2:TWSE:1423,无,不适用,L2机械母集；未挂格,"四件套：URL=source_url；检索日=2026-08-28；命中引语=""公司代號 1423""；判定类别=L2机械母集/待人工裁决。原始出表日期=1150827；完整发行人母集不推定PCB主营、中国大陆厂址或物理产能。"
cand:l2-twse-1432,issuer,issuer:TW:1432,issuer:TW:1432,-,-,-,大魯閣,L2,TWSE OpenAPI 上市公司基本資料（完整母集）,https://openapi.twse.com.tw/v1/opendata/t187ap03_L,2026-08-28,待核,l2:TWSE:1432,无,不适用,L2机械母集；未挂格,"四件套：URL=source_url；检索日=2026-08-28；命中引语=""公司代號 1432""；判定类别=L2机械母集/待人工裁决。原始出表日期=1150827；完整发行人母集不推定PCB主营、中国大陆厂址或物理产能。"
cand:l2-twse-1434,issuer,issuer:TW:1434,issuer:TW:1434,-,-,-,福懋,L2,TWSE OpenAPI 上市公司基本資料（完整母集）,https://openapi.twse.com.tw/v1/opendata/t187ap03_L,2026-08-28,待核,l2:TWSE:1434,无,不适用,L2机械母集；未挂格,"四件套：URL=source_url；检索日=2026-08-28；命中引语=""公司代號 1434""；判定类别=L2机械母集/待人工裁决。原始出表日期=1150827；完整发行人母集不推定PCB主营、中国大陆厂址或物理产能。"
cand:l2-twse-1435,issuer,issuer:TW:1435,issuer:TW:1435,-,-,-,中福,L2,TWSE OpenAPI 上市公司基本資料（完整母集）,https://openapi.twse.com.tw/v1/opendata/t187ap03_L,2026-08-28,待核,l2:TWSE:1435,无,不适用,L2机械母集；未挂格,"四件套：URL=source_url；检索日=2026-08-28；命中引语=""公司代號 1435""；判定类别=L2机械母集/待人工裁决。原始出表日期=1150827；完整发行人母集不推定PCB主营、中国大陆厂址或物理产能。"
cand:l2-twse-1436,issuer,issuer:TW:1436,issuer:TW:1436,-,-,-,華友聯,L2,TWSE OpenAPI 上市公司基本資料（完整母集）,https://openapi.twse.com.tw/v1/opendata/t187ap03_L,2026-08-28,待核,l2:TWSE:1436,无,不适用,L2机械母集；未挂格,"四件套：URL=source_url；检索日=2026-08-28；命中引语=""公司代號 1436""；判定类别=L2机械母集/待人工裁决。原始出表日期=1150827；完整发行人母集不推定PCB主营、中国大陆厂址或物理产能。"
cand:l2-twse-1437,issuer,issuer:TW:1437,issuer:TW:1437,-,-,-,勤益控,L2,TWSE OpenAPI 上市公司基本資料（完整母集）,https://openapi.twse.com.tw/v1/opendata/t187ap03_L,2026-08-28,待核,l2:TWSE:1437,无,不适用,L2机械母集；未挂格,"四件套：URL=source_url；检索日=2026-08-28；命中引语=""公司代號 1437""；判定类别=L2机械母集/待人工裁决。原始出表日期=1150827；完整发行人母集不推定PCB主营、中国大陆厂址或物理产能。"
cand:l2-twse-1438,issuer,issuer:TW:1438,issuer:TW:1438,-,-,-,三地開發,L2,TWSE OpenAPI 上市公司基本資料（完整母集）,https://openapi.twse.com.tw/v1/opendata/t187ap03_L,2026-08-28,待核,l2:TWSE:1438,无,不适用,L2机械母集；未挂格,"四件套：URL=source_url；检索日=2026-08-28；命中引语=""公司代號 1438""；判定类别=L2机械母集/待人工裁决。原始出表日期=1150827；完整发行人母集不推定PCB主营、中国大陆厂址或物理产能。"
cand:l2-twse-1439,issuer,issuer:TW:1439,issuer:TW:1439,-,-,-,雋揚,L2,TWSE OpenAPI 上市公司基本資料（完整母集）,https://openapi.twse.com.tw/v1/opendata/t187ap03_L,2026-08-28,待核,l2:TWSE:1439,无,不适用,L2机械母集；未挂格,"四件套：URL=source_url；检索日=2026-08-28；命中引语=""公司代號 1439""；判定类别=L2机械母集/待人工裁决。原始出表日期=1150827；完整发行人母集不推定PCB主营、中国大陆厂址或物理产能。"
cand:l2-twse-1440,issuer,issuer:TW:1440,issuer:TW:1440,-,-,-,南紡,L2,TWSE OpenAPI 上市公司基本資料（完整母集）,https://openapi.twse.com.tw/v1/opendata/t187ap03_L,2026-08-28,待核,l2:TWSE:1440,无,不适用,L2机械母集；未挂格,"四件套：URL=source_url；检索日=2026-08-28；命中引语=""公司代號 1440""；判定类别=L2机械母集/待人工裁决。原始出表日期=1150827；完整发行人母集不推定PCB主营、中国大陆厂址或物理产能。"
cand:l2-twse-1441,issuer,issuer:TW:1441,issuer:TW:1441,-,-,-,大東,L2,TWSE OpenAPI 上市公司基本資料（完整母集）,https://openapi.twse.com.tw/v1/opendata/t187ap03_L,2026-08-28,待核,l2:TWSE:1441,无,不适用,L2机械母集；未挂格,"四件套：URL=source_url；检索日=2026-08-28；命中引语=""公司代號 1441""；判定类别=L2机械母集/待人工裁决。原始出表日期=1150827；完整发行人母集不推定PCB主营、中国大陆厂址或物理产能。"
cand:l2-twse-1442,issuer,issuer:TW:1442,issuer:TW:1442,-,-,-,名軒,L2,TWSE OpenAPI 上市公司基本資料（完整母集）,https://openapi.twse.com.tw/v1/opendata/t187ap03_L,2026-08-28,待核,l2:TWSE:1442,无,不适用,L2机械母集；未挂格,"四件套：URL=source_url；检索日=2026-08-28；命中引语=""公司代號 1442""；判定类别=L2机械母集/待人工裁决。原始出表日期=1150827；完整发行人母集不推定PCB主营、中国大陆厂址或物理产能。"
cand:l2-twse-1443,issuer,issuer:TW:1443,issuer:TW:1443,-,-,-,立益物流,L2,TWSE OpenAPI 上市公司基本資料（完整母集）,https://openapi.twse.com.tw/v1/opendata/t187ap03_L,2026-08-28,待核,l2:TWSE:1443,无,不适用,L2机械母集；未挂格,"四件套：URL=source_url；检索日=2026-08-28；命中引语=""公司代號 1443""；判定类别=L2机械母集/待人工裁决。原始出表日期=1150827；完整发行人母集不推定PCB主营、中国大陆厂址或物理产能。"
cand:l2-twse-1444,issuer,issuer:TW:1444,issuer:TW:1444,-,-,-,力麗,L2,TWSE OpenAPI 上市公司基本資料（完整母集）,https://openapi.twse.com.tw/v1/opendata/t187ap03_L,2026-08-28,待核,l2:TWSE:1444,无,不适用,L2机械母集；未挂格,"四件套：URL=source_url；检索日=2026-08-28；命中引语=""公司代號 1444""；判定类别=L2机械母集/待人工裁决。原始出表日期=1150827；完整发行人母集不推定PCB主营、中国大陆厂址或物理产能。"
cand:l2-twse-1445,issuer,issuer:TW:1445,issuer:TW:1445,-,-,-,大宇,L2,TWSE OpenAPI 上市公司基本資料（完整母集）,https://openapi.twse.com.tw/v1/opendata/t187ap03_L,2026-08-28,待核,l2:TWSE:1445,无,不适用,L2机械母集；未挂格,"四件套：URL=source_url；检索日=2026-08-28；命中引语=""公司代號 1445""；判定类别=L2机械母集/待人工裁决。原始出表日期=1150827；完整发行人母集不推定PCB主营、中国大陆厂址或物理产能。"
cand:l2-twse-1446,issuer,issuer:TW:1446,issuer:TW:1446,-,-,-,宏和,L2,TWSE OpenAPI 上市公司基本資料（完整母集）,https://openapi.twse.com.tw/v1/opendata/t187ap03_L,2026-08-28,待核,l2:TWSE:1446,无,不适用,L2机械母集；未挂格,"四件套：URL=source_url；检索日=2026-08-28；命中引语=""公司代號 1446""；判定类别=L2机械母集/待人工裁决。原始出表日期=1150827；完整发行人母集不推定PCB主营、中国大陆厂址或物理产能。"
cand:l2-twse-1447,issuer,issuer:TW:1447,issuer:TW:1447,-,-,-,力鵬,L2,TWSE OpenAPI 上市公司基本資料（完整母集）,https://openapi.twse.com.tw/v1/opendata/t187ap03_L,2026-08-28,待核,l2:TWSE:1447,无,不适用,L2机械母集；未挂格,"四件套：URL=source_url；检索日=2026-08-28；命中引语=""公司代號 1447""；判定类别=L2机械母集/待人工裁决。原始出表日期=1150827；完整发行人母集不推定PCB主营、中国大陆厂址或物理产能。"
cand:l2-twse-1449,issuer,issuer:TW:1449,issuer:TW:1449,-,-,-,佳和,L2,TWSE OpenAPI 上市公司基本資料（完整母集）,https://openapi.twse.com.tw/v1/opendata/t187ap03_L,2026-08-28,待核,l2:TWSE:1449,无,不适用,L2机械母集；未挂格,"四件套：URL=source_url；检索日=2026-08-28；命中引语=""公司代號 1449""；判定类别=L2机械母集/待人工裁决。原始出表日期=1150827；完整发行人母集不推定PCB主营、中国大陆厂址或物理产能。"
cand:l2-twse-1451,issuer,issuer:TW:1451,issuer:TW:1451,-,-,-,年興,L2,TWSE OpenAPI 上市公司基本資料（完整母集）,https://openapi.twse.com.tw/v1/opendata/t187ap03_L,2026-08-28,待核,l2:TWSE:1451,无,不适用,L2机械母集；未挂格,"四件套：URL=source_url；检索日=2026-08-28；命中引语=""公司代號 1451""；判定类别=L2机械母集/待人工裁决。原始出表日期=1150827；完整发行人母集不推定PCB主营、中国大陆厂址或物理产能。"
cand:l2-twse-1452,issuer,issuer:TW:1452,issuer:TW:1452,-,-,-,宏益,L2,TWSE OpenAPI 上市公司基本資料（完整母集）,https://openapi.twse.com.tw/v1/opendata/t187ap03_L,2026-08-28,待核,l2:TWSE:1452,无,不适用,L2机械母集；未挂格,"四件套：URL=source_url；检索日=2026-08-28；命中引语=""公司代號 1452""；判定类别=L2机械母集/待人工裁决。原始出表日期=1150827；完整发行人母集不推定PCB主营、中国大陆厂址或物理产能。"
cand:l2-twse-1453,issuer,issuer:TW:1453,issuer:TW:1453,-,-,-,大將,L2,TWSE OpenAPI 上市公司基本資料（完整母集）,https://openapi.twse.com.tw/v1/opendata/t187ap03_L,2026-08-28,待核,l2:TWSE:1453,无,不适用,L2机械母集；未挂格,"四件套：URL=source_url；检索日=2026-08-28；命中引语=""公司代號 1453""；判定类别=L2机械母集/待人工裁决。原始出表日期=1150827；完整发行人母集不推定PCB主营、中国大陆厂址或物理产能。"
cand:l2-twse-1454,issuer,issuer:TW:1454,issuer:TW:1454,-,-,-,台富,L2,TWSE OpenAPI 上市公司基本資料（完整母集）,https://openapi.twse.com.tw/v1/opendata/t187ap03_L,2026-08-28,待核,l2:TWSE:1454,无,不适用,L2机械母集；未挂格,"四件套：URL=source_url；检索日=2026-08-28；命中引语=""公司代號 1454""；判定类别=L2机械母集/待人工裁决。原始出表日期=1150827；完整发行人母集不推定PCB主营、中国大陆厂址或物理产能。"
cand:l2-twse-1455,issuer,issuer:TW:1455,issuer:TW:1455,-,-,-,集盛,L2,TWSE OpenAPI 上市公司基本資料（完整母集）,https://openapi.twse.com.tw/v1/opendata/t187ap03_L,2026-08-28,待核,l2:TWSE:1455,无,不适用,L2机械母集；未挂格,"四件套：URL=source_url；检索日=2026-08-28；命中引语=""公司代號 1455""；判定类别=L2机械母集/待人工裁决。原始出表日期=1150827；完整发行人母集不推定PCB主营、中国大陆厂址或物理产能。"
cand:l2-twse-1456,issuer,issuer:TW:1456,issuer:TW:1456,-,-,-,怡華,L2,TWSE OpenAPI 上市公司基本資料（完整母集）,https://openapi.twse.com.tw/v1/opendata/t187ap03_L,2026-08-28,待核,l2:TWSE:1456,无,不适用,L2机械母集；未挂格,"四件套：URL=source_url；检索日=2026-08-28；命中引语=""公司代號 1456""；判定类别=L2机械母集/待人工裁决。原始出表日期=1150827；完整发行人母集不推定PCB主营、中国大陆厂址或物理产能。"
cand:l2-twse-1457,issuer,issuer:TW:1457,issuer:TW:1457,-,-,-,宜進,L2,TWSE OpenAPI 上市公司基本資料（完整母集）,https://openapi.twse.com.tw/v1/opendata/t187ap03_L,2026-08-28,待核,l2:TWSE:1457,无,不适用,L2机械母集；未挂格,"四件套：URL=source_url；检索日=2026-08-28；命中引语=""公司代號 1457""；判定类别=L2机械母集/待人工裁决。原始出表日期=1150827；完整发行人母集不推定PCB主营、中国大陆厂址或物理产能。"
cand:l2-twse-1459,issuer,issuer:TW:1459,issuer:TW:1459,-,-,-,聯發,L2,TWSE OpenAPI 上市公司基本資料（完整母集）,https://openapi.twse.com.tw/v1/opendata/t187ap03_L,2026-08-28,待核,l2:TWSE:1459,无,不适用,L2机械母集；未挂格,"四件套：URL=source_url；检索日=2026-08-28；命中引语=""公司代號 1459""；判定类别=L2机械母集/待人工裁决。原始出表日期=1150827；完整发行人母集不推定PCB主营、中国大陆厂址或物理产能。"
cand:l2-twse-1460,issuer,issuer:TW:1460,issuer:TW:1460,-,-,-,宏遠,L2,TWSE OpenAPI 上市公司基本資料（完整母集）,https://openapi.twse.com.tw/v1/opendata/t187ap03_L,2026-08-28,待核,l2:TWSE:1460,无,不适用,L2机械母集；未挂格,"四件套：URL=source_url；检索日=2026-08-28；命中引语=""公司代號 1460""；判定类别=L2机械母集/待人工裁决。原始出表日期=1150827；完整发行人母集不推定PCB主营、中国大陆厂址或物理产能。"
cand:l2-twse-1463,issuer,issuer:TW:1463,issuer:TW:1463,-,-,-,強盛新,L2,TWSE OpenAPI 上市公司基本資料（完整母集）,https://openapi.twse.com.tw/v1/opendata/t187ap03_L,2026-08-28,待核,l2:TWSE:1463,无,不适用,L2机械母集；未挂格,"四件套：URL=source_url；检索日=2026-08-28；命中引语=""公司代號 1463""；判定类别=L2机械母集/待人工裁决。原始出表日期=1150827；完整发行人母集不推定PCB主营、中国大陆厂址或物理产能。"
cand:l2-twse-1464,issuer,issuer:TW:1464,issuer:TW:1464,-,-,-,得力,L2,TWSE OpenAPI 上市公司基本資料（完整母集）,https://openapi.twse.com.tw/v1/opendata/t187ap03_L,2026-08-28,待核,l2:TWSE:1464,无,不适用,L2机械母集；未挂格,"四件套：URL=source_url；检索日=2026-08-28；命中引语=""公司代號 1464""；判定类别=L2机械母集/待人工裁决。原始出表日期=1150827；完整发行人母集不推定PCB主营、中国大陆厂址或物理产能。"
cand:l2-twse-1465,issuer,issuer:TW:1465,issuer:TW:1465,-,-,-,偉全,L2,TWSE OpenAPI 上市公司基本資料（完整母集）,https://openapi.twse.com.tw/v1/opendata/t187ap03_L,2026-08-28,待核,l2:TWSE:1465,无,不适用,L2机械母集；未挂格,"四件套：URL=source_url；检索日=2026-08-28；命中引语=""公司代號 1465""；判定类别=L2机械母集/待人工裁决。原始出表日期=1150827；完整发行人母集不推定PCB主营、中国大陆厂址或物理产能。"
cand:l2-twse-1466,issuer,issuer:TW:1466,issuer:TW:1466,-,-,-,聚隆,L2,TWSE OpenAPI 上市公司基本資料（完整母集）,https://openapi.twse.com.tw/v1/opendata/t187ap03_L,2026-08-28,待核,l2:TWSE:1466,无,不适用,L2机械母集；未挂格,"四件套：URL=source_url；检索日=2026-08-28；命中引语=""公司代號 1466""；判定类别=L2机械母集/待人工裁决。原始出表日期=1150827；完整发行人母集不推定PCB主营、中国大陆厂址或物理产能。"
cand:l2-twse-1467,issuer,issuer:TW:1467,issuer:TW:1467,-,-,-,南緯,L2,TWSE OpenAPI 上市公司基本資料（完整母集）,https://openapi.twse.com.tw/v1/opendata/t187ap03_L,2026-08-28,待核,l2:TWSE:1467,无,不适用,L2机械母集；未挂格,"四件套：URL=source_url；检索日=2026-08-28；命中引语=""公司代號 1467""；判定类别=L2机械母集/待人工裁决。原始出表日期=1150827；完整发行人母集不推定PCB主营、中国大陆厂址或物理产能。"
cand:l2-twse-1468,issuer,issuer:TW:1468,issuer:TW:1468,-,-,-,昶和,L2,TWSE OpenAPI 上市公司基本資料（完整母集）,https://openapi.twse.com.tw/v1/opendata/t187ap03_L,2026-08-28,待核,l2:TWSE:1468,无,不适用,L2机械母集；未挂格,"四件套：URL=source_url；检索日=2026-08-28；命中引语=""公司代號 1468""；判定类别=L2机械母集/待人工裁决。原始出表日期=1150827；完整发行人母集不推定PCB主营、中国大陆厂址或物理产能。"
cand:l2-twse-1470,issuer,issuer:TW:1470,issuer:TW:1470,-,-,-,大統新創,L2,TWSE OpenAPI 上市公司基本資料（完整母集）,https://openapi.twse.com.tw/v1/opendata/t187ap03_L,2026-08-28,待核,l2:TWSE:1470,无,不适用,L2机械母集；未挂格,"四件套：URL=source_url；检索日=2026-08-28；命中引语=""公司代號 1470""；判定类别=L2机械母集/待人工裁决。原始出表日期=1150827；完整发行人母集不推定PCB主营、中国大陆厂址或物理产能。"
cand:l2-twse-1471,issuer,issuer:TW:1471,issuer:TW:1471,-,-,-,首利,L2,TWSE OpenAPI 上市公司基本資料（完整母集）,https://openapi.twse.com.tw/v1/opendata/t187ap03_L,2026-08-28,待核,l2:TWSE:1471,无,不适用,L2机械母集；未挂格,"四件套：URL=source_url；检索日=2026-08-28；命中引语=""公司代號 1471""；判定类别=L2机械母集/待人工裁决。原始出表日期=1150827；完整发行人母集不推定PCB主营、中国大陆厂址或物理产能。"
cand:l2-twse-1472,issuer,issuer:TW:1472,issuer:TW:1472,-,-,-,三洋實業,L2,TWSE OpenAPI 上市公司基本資料（完整母集）,https://openapi.twse.com.tw/v1/opendata/t187ap03_L,2026-08-28,待核,l2:TWSE:1472,无,不适用,L2机械母集；未挂格,"四件套：URL=source_url；检索日=2026-08-28；命中引语=""公司代號 1472""；判定类别=L2机械母集/待人工裁决。原始出表日期=1150827；完整发行人母集不推定PCB主营、中国大陆厂址或物理产能。"
cand:l2-twse-1473,issuer,issuer:TW:1473,issuer:TW:1473,-,-,-,台南,L2,TWSE OpenAPI 上市公司基本資料（完整母集）,https://openapi.twse.com.tw/v1/opendata/t187ap03_L,2026-08-28,待核,l2:TWSE:1473,无,不适用,L2机械母集；未挂格,"四件套：URL=source_url；检索日=2026-08-28；命中引语=""公司代號 1473""；判定类别=L2机械母集/待人工裁决。原始出表日期=1150827；完整发行人母集不推定PCB主营、中国大陆厂址或物理产能。"
cand:l2-twse-1474,issuer,issuer:TW:1474,issuer:TW:1474,-,-,-,弘裕,L2,TWSE OpenAPI 上市公司基本資料（完整母集）,https://openapi.twse.com.tw/v1/opendata/t187ap03_L,2026-08-28,待核,l2:TWSE:1474,无,不适用,L2机械母集；未挂格,"四件套：URL=source_url；检索日=2026-08-28；命中引语=""公司代號 1474""；判定类别=L2机械母集/待人工裁决。原始出表日期=1150827；完整发行人母集不推定PCB主营、中国大陆厂址或物理产能。"
cand:l2-twse-1475,issuer,issuer:TW:1475,issuer:TW:1475,-,-,-,業旺,L2,TWSE OpenAPI 上市公司基本資料（完整母集）,https://openapi.twse.com.tw/v1/opendata/t187ap03_L,2026-08-28,待核,l2:TWSE:1475,无,不适用,L2机械母集；未挂格,"四件套：URL=source_url；检索日=2026-08-28；命中引语=""公司代號 1475""；判定类别=L2机械母集/待人工裁决。原始出表日期=1150827；完整发行人母集不推定PCB主营、中国大陆厂址或物理产能。"
cand:l2-twse-1476,issuer,issuer:TW:1476,issuer:TW:1476,-,-,-,儒鴻,L2,TWSE OpenAPI 上市公司基本資料（完整母集）,https://openapi.twse.com.tw/v1/opendata/t187ap03_L,2026-08-28,待核,l2:TWSE:1476,无,不适用,L2机械母集；未挂格,"四件套：URL=source_url；检索日=2026-08-28；命中引语=""公司代號 1476""；判定类别=L2机械母集/待人工裁决。原始出表日期=1150827；完整发行人母集不推定PCB主营、中国大陆厂址或物理产能。"
cand:l2-twse-1477,issuer,issuer:TW:1477,issuer:TW:1477,-,-,-,聚陽,L2,TWSE OpenAPI 上市公司基本資料（完整母集）,https://openapi.twse.com.tw/v1/opendata/t187ap03_L,2026-08-28,待核,l2:TWSE:1477,无,不适用,L2机械母集；未挂格,"四件套：URL=source_url；检索日=2026-08-28；命中引语=""公司代號 1477""；判定类别=L2机械母集/待人工裁决。原始出表日期=1150827；完整发行人母集不推定PCB主营、中国大陆厂址或物理产能。"
cand:l2-twse-1503,issuer,issuer:TW:1503,issuer:TW:1503,-,-,-,士電,L2,TWSE OpenAPI 上市公司基本資料（完整母集）,https://openapi.twse.com.tw/v1/opendata/t187ap03_L,2026-08-28,待核,l2:TWSE:1503,无,不适用,L2机械母集；未挂格,"四件套：URL=source_url；检索日=2026-08-28；命中引语=""公司代號 1503""；判定类别=L2机械母集/待人工裁决。原始出表日期=1150827；完整发行人母集不推定PCB主营、中国大陆厂址或物理产能。"
cand:l2-twse-1504,issuer,issuer:TW:1504,issuer:TW:1504,-,-,-,東元,L2,TWSE OpenAPI 上市公司基本資料（完整母集）,https://openapi.twse.com.tw/v1/opendata/t187ap03_L,2026-08-28,待核,l2:TWSE:1504,无,不适用,L2机械母集；未挂格,"四件套：URL=source_url；检索日=2026-08-28；命中引语=""公司代號 1504""；判定类别=L2机械母集/待人工裁决。原始出表日期=1150827；完整发行人母集不推定PCB主营、中国大陆厂址或物理产能。"
cand:l2-twse-1506,issuer,issuer:TW:1506,issuer:TW:1506,-,-,-,正道,L2,TWSE OpenAPI 上市公司基本資料（完整母集）,https://openapi.twse.com.tw/v1/opendata/t187ap03_L,2026-08-28,待核,l2:TWSE:1506,无,不适用,L2机械母集；未挂格,"四件套：URL=source_url；检索日=2026-08-28；命中引语=""公司代號 1506""；判定类别=L2机械母集/待人工裁决。原始出表日期=1150827；完整发行人母集不推定PCB主营、中国大陆厂址或物理产能。"
cand:l2-twse-1512,issuer,issuer:TW:1512,issuer:TW:1512,-,-,-,瑞利,L2,TWSE OpenAPI 上市公司基本資料（完整母集）,https://openapi.twse.com.tw/v1/opendata/t187ap03_L,2026-08-28,待核,l2:TWSE:1512,无,不适用,L2机械母集；未挂格,"四件套：URL=source_url；检索日=2026-08-28；命中引语=""公司代號 1512""；判定类别=L2机械母集/待人工裁决。原始出表日期=1150827；完整发行人母集不推定PCB主营、中国大陆厂址或物理产能。"
cand:l2-twse-1513,issuer,issuer:TW:1513,issuer:TW:1513,-,-,-,中興電,L2,TWSE OpenAPI 上市公司基本資料（完整母集）,https://openapi.twse.com.tw/v1/opendata/t187ap03_L,2026-08-28,待核,l2:TWSE:1513,无,不适用,L2机械母集；未挂格,"四件套：URL=source_url；检索日=2026-08-28；命中引语=""公司代號 1513""；判定类别=L2机械母集/待人工裁决。原始出表日期=1150827；完整发行人母集不推定PCB主营、中国大陆厂址或物理产能。"
cand:l2-twse-1514,issuer,issuer:TW:1514,issuer:TW:1514,-,-,-,亞力,L2,TWSE OpenAPI 上市公司基本資料（完整母集）,https://openapi.twse.com.tw/v1/opendata/t187ap03_L,2026-08-28,待核,l2:TWSE:1514,无,不适用,L2机械母集；未挂格,"四件套：URL=source_url；检索日=2026-08-28；命中引语=""公司代號 1514""；判定类别=L2机械母集/待人工裁决。原始出表日期=1150827；完整发行人母集不推定PCB主营、中国大陆厂址或物理产能。"
cand:l2-twse-1515,issuer,issuer:TW:1515,issuer:TW:1515,-,-,-,力山,L2,TWSE OpenAPI 上市公司基本資料（完整母集）,https://openapi.twse.com.tw/v1/opendata/t187ap03_L,2026-08-28,待核,l2:TWSE:1515,无,不适用,L2机械母集；未挂格,"四件套：URL=source_url；检索日=2026-08-28；命中引语=""公司代號 1515""；判定类别=L2机械母集/待人工裁决。原始出表日期=1150827；完整发行人母集不推定PCB主营、中国大陆厂址或物理产能。"
cand:l2-twse-1516,issuer,issuer:TW:1516,issuer:TW:1516,-,-,-,川飛,L2,TWSE OpenAPI 上市公司基本資料（完整母集）,https://openapi.twse.com.tw/v1/opendata/t187ap03_L,2026-08-28,待核,l2:TWSE:1516,无,不适用,L2机械母集；未挂格,"四件套：URL=source_url；检索日=2026-08-28；命中引语=""公司代號 1516""；判定类别=L2机械母集/待人工裁决。原始出表日期=1150827；完整发行人母集不推定PCB主营、中国大陆厂址或物理产能。"
cand:l2-twse-1517,issuer,issuer:TW:1517,issuer:TW:1517,-,-,-,利奇,L2,TWSE OpenAPI 上市公司基本資料（完整母集）,https://openapi.twse.com.tw/v1/opendata/t187ap03_L,2026-08-28,待核,l2:TWSE:1517,无,不适用,L2机械母集；未挂格,"四件套：URL=source_url；检索日=2026-08-28；命中引语=""公司代號 1517""；判定类别=L2机械母集/待人工裁决。原始出表日期=1150827；完整发行人母集不推定PCB主营、中国大陆厂址或物理产能。"
cand:l2-twse-1519,issuer,issuer:TW:1519,issuer:TW:1519,-,-,-,華城,L2,TWSE OpenAPI 上市公司基本資料（完整母集）,https://openapi.twse.com.tw/v1/opendata/t187ap03_L,2026-08-28,待核,l2:TWSE:1519,无,不适用,L2机械母集；未挂格,"四件套：URL=source_url；检索日=2026-08-28；命中引语=""公司代號 1519""；判定类别=L2机械母集/待人工裁决。原始出表日期=1150827；完整发行人母集不推定PCB主营、中国大陆厂址或物理产能。"
cand:l2-twse-1521,issuer,issuer:TW:1521,issuer:TW:1521,-,-,-,大億,L2,TWSE OpenAPI 上市公司基本資料（完整母集）,https://openapi.twse.com.tw/v1/opendata/t187ap03_L,2026-08-28,待核,l2:TWSE:1521,无,不适用,L2机械母集；未挂格,"四件套：URL=source_url；检索日=2026-08-28；命中引语=""公司代號 1521""；判定类别=L2机械母集/待人工裁决。原始出表日期=1150827；完整发行人母集不推定PCB主营、中国大陆厂址或物理产能。"
cand:l2-twse-1522,issuer,issuer:TW:1522,issuer:TW:1522,-,-,-,堤維西,L2,TWSE OpenAPI 上市公司基本資料（完整母集）,https://openapi.twse.com.tw/v1/opendata/t187ap03_L,2026-08-28,待核,l2:TWSE:1522,无,不适用,L2机械母集；未挂格,"四件套：URL=source_url；检索日=2026-08-28；命中引语=""公司代號 1522""；判定类别=L2机械母集/待人工裁决。原始出表日期=1150827；完整发行人母集不推定PCB主营、中国大陆厂址或物理产能。"
cand:l2-twse-1524,issuer,issuer:TW:1524,issuer:TW:1524,-,-,-,耿鼎,L2,TWSE OpenAPI 上市公司基本資料（完整母集）,https://openapi.twse.com.tw/v1/opendata/t187ap03_L,2026-08-28,待核,l2:TWSE:1524,无,不适用,L2机械母集；未挂格,"四件套：URL=source_url；检索日=2026-08-28；命中引语=""公司代號 1524""；判定类别=L2机械母集/待人工裁决。原始出表日期=1150827；完整发行人母集不推定PCB主营、中国大陆厂址或物理产能。"
cand:l2-twse-1525,issuer,issuer:TW:1525,issuer:TW:1525,-,-,-,江申,L2,TWSE OpenAPI 上市公司基本資料（完整母集）,https://openapi.twse.com.tw/v1/opendata/t187ap03_L,2026-08-28,待核,l2:TWSE:1525,无,不适用,L2机械母集；未挂格,"四件套：URL=source_url；检索日=2026-08-28；命中引语=""公司代號 1525""；判定类别=L2机械母集/待人工裁决。原始出表日期=1150827；完整发行人母集不推定PCB主营、中国大陆厂址或物理产能。"
cand:l2-twse-1526,issuer,issuer:TW:1526,issuer:TW:1526,-,-,-,日馳,L2,TWSE OpenAPI 上市公司基本資料（完整母集）,https://openapi.twse.com.tw/v1/opendata/t187ap03_L,2026-08-28,待核,l2:TWSE:1526,无,不适用,L2机械母集；未挂格,"四件套：URL=source_url；检索日=2026-08-28；命中引语=""公司代號 1526""；判定类别=L2机械母集/待人工裁决。原始出表日期=1150827；完整发行人母集不推定PCB主营、中国大陆厂址或物理产能。"
cand:l2-twse-1527,issuer,issuer:TW:1527,issuer:TW:1527,-,-,-,鑽全,L2,TWSE OpenAPI 上市公司基本資料（完整母集）,https://openapi.twse.com.tw/v1/opendata/t187ap03_L,2026-08-28,待核,l2:TWSE:1527,无,不适用,L2机械母集；未挂格,"四件套：URL=source_url；检索日=2026-08-28；命中引语=""公司代號 1527""；判定类别=L2机械母集/待人工裁决。原始出表日期=1150827；完整发行人母集不推定PCB主营、中国大陆厂址或物理产能。"
cand:l2-twse-1528,issuer,issuer:TW:1528,issuer:TW:1528,-,-,-,恩德,L2,TWSE OpenAPI 上市公司基本資料（完整母集）,https://openapi.twse.com.tw/v1/opendata/t187ap03_L,2026-08-28,待核,l2:TWSE:1528,无,不适用,L2机械母集；未挂格,"四件套：URL=source_url；检索日=2026-08-28；命中引语=""公司代號 1528""；判定类别=L2机械母集/待人工裁决。原始出表日期=1150827；完整发行人母集不推定PCB主营、中国大陆厂址或物理产能。"
cand:l2-twse-1529,issuer,issuer:TW:1529,issuer:TW:1529,-,-,-,樂事綠能,L2,TWSE OpenAPI 上市公司基本資料（完整母集）,https://openapi.twse.com.tw/v1/opendata/t187ap03_L,2026-08-28,待核,l2:TWSE:1529,无,不适用,L2机械母集；未挂格,"四件套：URL=source_url；检索日=2026-08-28；命中引语=""公司代號 1529""；判定类别=L2机械母集/待人工裁决。原始出表日期=1150827；完整发行人母集不推定PCB主营、中国大陆厂址或物理产能。"
cand:l2-twse-1530,issuer,issuer:TW:1530,issuer:TW:1530,-,-,-,亞崴,L2,TWSE OpenAPI 上市公司基本資料（完整母集）,https://openapi.twse.com.tw/v1/opendata/t187ap03_L,2026-08-28,待核,l2:TWSE:1530,无,不适用,L2机械母集；未挂格,"四件套：URL=source_url；检索日=2026-08-28；命中引语=""公司代號 1530""；判定类别=L2机械母集/待人工裁决。原始出表日期=1150827；完整发行人母集不推定PCB主营、中国大陆厂址或物理产能。"
cand:l2-twse-1531,issuer,issuer:TW:1531,issuer:TW:1531,-,-,-,高林股,L2,TWSE OpenAPI 上市公司基本資料（完整母集）,https://openapi.twse.com.tw/v1/opendata/t187ap03_L,2026-08-28,待核,l2:TWSE:1531,无,不适用,L2机械母集；未挂格,"四件套：URL=source_url；检索日=2026-08-28；命中引语=""公司代號 1531""；判定类别=L2机械母集/待人工裁决。原始出表日期=1150827；完整发行人母集不推定PCB主营、中国大陆厂址或物理产能。"
cand:l2-twse-1532,issuer,issuer:TW:1532,issuer:TW:1532,-,-,-,勤美,L2,TWSE OpenAPI 上市公司基本資料（完整母集）,https://openapi.twse.com.tw/v1/opendata/t187ap03_L,2026-08-28,待核,l2:TWSE:1532,无,不适用,L2机械母集；未挂格,"四件套：URL=source_url；检索日=2026-08-28；命中引语=""公司代號 1532""；判定类别=L2机械母集/待人工裁决。原始出表日期=1150827；完整发行人母集不推定PCB主营、中国大陆厂址或物理产能。"
cand:l2-twse-1533,issuer,issuer:TW:1533,issuer:TW:1533,-,-,-,車王電,L2,TWSE OpenAPI 上市公司基本資料（完整母集）,https://openapi.twse.com.tw/v1/opendata/t187ap03_L,2026-08-28,待核,l2:TWSE:1533,无,不适用,L2机械母集；未挂格,"四件套：URL=source_url；检索日=2026-08-28；命中引语=""公司代號 1533""；判定类别=L2机械母集/待人工裁决。原始出表日期=1150827；完整发行人母集不推定PCB主营、中国大陆厂址或物理产能。"
cand:l2-twse-1535,issuer,issuer:TW:1535,issuer:TW:1535,-,-,-,中宇,L2,TWSE OpenAPI 上市公司基本資料（完整母集）,https://openapi.twse.com.tw/v1/opendata/t187ap03_L,2026-08-28,待核,l2:TWSE:1535,无,不适用,L2机械母集；未挂格,"四件套：URL=source_url；检索日=2026-08-28；命中引语=""公司代號 1535""；判定类别=L2机械母集/待人工裁决。原始出表日期=1150827；完整发行人母集不推定PCB主营、中国大陆厂址或物理产能。"
cand:l2-twse-1536,issuer,issuer:TW:1536,issuer:TW:1536,-,-,-,和大,L2,TWSE OpenAPI 上市公司基本資料（完整母集）,https://openapi.twse.com.tw/v1/opendata/t187ap03_L,2026-08-28,待核,l2:TWSE:1536,无,不适用,L2机械母集；未挂格,"四件套：URL=source_url；检索日=2026-08-28；命中引语=""公司代號 1536""；判定类别=L2机械母集/待人工裁决。原始出表日期=1150827；完整发行人母集不推定PCB主营、中国大陆厂址或物理产能。"
cand:l2-twse-1537,issuer,issuer:TW:1537,issuer:TW:1537,-,-,-,廣隆,L2,TWSE OpenAPI 上市公司基本資料（完整母集）,https://openapi.twse.com.tw/v1/opendata/t187ap03_L,2026-08-28,待核,l2:TWSE:1537,无,不适用,L2机械母集；未挂格,"四件套：URL=source_url；检索日=2026-08-28；命中引语=""公司代號 1537""；判定类别=L2机械母集/待人工裁决。原始出表日期=1150827；完整发行人母集不推定PCB主营、中国大陆厂址或物理产能。"
cand:l2-twse-1538,issuer,issuer:TW:1538,issuer:TW:1538,-,-,-,正峰,L2,TWSE OpenAPI 上市公司基本資料（完整母集）,https://openapi.twse.com.tw/v1/opendata/t187ap03_L,2026-08-28,待核,l2:TWSE:1538,无,不适用,L2机械母集；未挂格,"四件套：URL=source_url；检索日=2026-08-28；命中引语=""公司代號 1538""；判定类别=L2机械母集/待人工裁决。原始出表日期=1150827；完整发行人母集不推定PCB主营、中国大陆厂址或物理产能。"
cand:l2-twse-1539,issuer,issuer:TW:1539,issuer:TW:1539,-,-,-,巨庭,L2,TWSE OpenAPI 上市公司基本資料（完整母集）,https://openapi.twse.com.tw/v1/opendata/t187ap03_L,2026-08-28,待核,l2:TWSE:1539,无,不适用,L2机械母集；未挂格,"四件套：URL=source_url；检索日=2026-08-28；命中引语=""公司代號 1539""；判定类别=L2机械母集/待人工裁决。原始出表日期=1150827；完整发行人母集不推定PCB主营、中国大陆厂址或物理产能。"
cand:l2-twse-1540,issuer,issuer:TW:1540,issuer:TW:1540,-,-,-,喬福,L2,TWSE OpenAPI 上市公司基本資料（完整母集）,https://openapi.twse.com.tw/v1/opendata/t187ap03_L,2026-08-28,待核,l2:TWSE:1540,无,不适用,L2机械母集；未挂格,"四件套：URL=source_url；检索日=2026-08-28；命中引语=""公司代號 1540""；判定类别=L2机械母集/待人工裁决。原始出表日期=1150827；完整发行人母集不推定PCB主营、中国大陆厂址或物理产能。"
cand:l2-twse-1541,issuer,issuer:TW:1541,issuer:TW:1541,-,-,-,錩泰,L2,TWSE OpenAPI 上市公司基本資料（完整母集）,https://openapi.twse.com.tw/v1/opendata/t187ap03_L,2026-08-28,待核,l2:TWSE:1541,无,不适用,L2机械母集；未挂格,"四件套：URL=source_url；检索日=2026-08-28；命中引语=""公司代號 1541""；判定类别=L2机械母集/待人工裁决。原始出表日期=1150827；完整发行人母集不推定PCB主营、中国大陆厂址或物理产能。"
cand:l2-twse-1558,issuer,issuer:TW:1558,issuer:TW:1558,-,-,-,伸興,L2,TWSE OpenAPI 上市公司基本資料（完整母集）,https://openapi.twse.com.tw/v1/opendata/t187ap03_L,2026-08-28,待核,l2:TWSE:1558,无,不适用,L2机械母集；未挂格,"四件套：URL=source_url；检索日=2026-08-28；命中引语=""公司代號 1558""；判定类别=L2机械母集/待人工裁决。原始出表日期=1150827；完整发行人母集不推定PCB主营、中国大陆厂址或物理产能。"
cand:l2-twse-1560,issuer,issuer:TW:1560,issuer:TW:1560,-,-,-,中砂,L2,TWSE OpenAPI 上市公司基本資料（完整母集）,https://openapi.twse.com.tw/v1/opendata/t187ap03_L,2026-08-28,待核,l2:TWSE:1560,无,不适用,L2机械母集；未挂格,"四件套：URL=source_url；检索日=2026-08-28；命中引语=""公司代號 1560""；判定类别=L2机械母集/待人工裁决。原始出表日期=1150827；完整发行人母集不推定PCB主营、中国大陆厂址或物理产能。"
cand:l2-twse-1563,issuer,issuer:TW:1563,issuer:TW:1563,-,-,-,巧新,L2,TWSE OpenAPI 上市公司基本資料（完整母集）,https://openapi.twse.com.tw/v1/opendata/t187ap03_L,2026-08-28,待核,l2:TWSE:1563,无,不适用,L2机械母集；未挂格,"四件套：URL=source_url；检索日=2026-08-28；命中引语=""公司代號 1563""；判定类别=L2机械母集/待人工裁决。原始出表日期=1150827；完整发行人母集不推定PCB主营、中国大陆厂址或物理产能。"
cand:l2-twse-1568,issuer,issuer:TW:1568,issuer:TW:1568,-,-,-,倉佑,L2,TWSE OpenAPI 上市公司基本資料（完整母集）,https://openapi.twse.com.tw/v1/opendata/t187ap03_L,2026-08-28,待核,l2:TWSE:1568,无,不适用,L2机械母集；未挂格,"四件套：URL=source_url；检索日=2026-08-28；命中引语=""公司代號 1568""；判定类别=L2机械母集/待人工裁决。原始出表日期=1150827；完整发行人母集不推定PCB主营、中国大陆厂址或物理产能。"
cand:l2-twse-1582,issuer,issuer:TW:1582,issuer:TW:1582,-,-,-,信錦,L2,TWSE OpenAPI 上市公司基本資料（完整母集）,https://openapi.twse.com.tw/v1/opendata/t187ap03_L,2026-08-28,待核,l2:TWSE:1582,无,不适用,L2机械母集；未挂格,"四件套：URL=source_url；检索日=2026-08-28；命中引语=""公司代號 1582""；判定类别=L2机械母集/待人工裁决。原始出表日期=1150827；完整发行人母集不推定PCB主营、中国大陆厂址或物理产能。"
cand:l2-twse-1583,issuer,issuer:TW:1583,issuer:TW:1583,-,-,-,程泰,L2,TWSE OpenAPI 上市公司基本資料（完整母集）,https://openapi.twse.com.tw/v1/opendata/t187ap03_L,2026-08-28,待核,l2:TWSE:1583,无,不适用,L2机械母集；未挂格,"四件套：URL=source_url；检索日=2026-08-28；命中引语=""公司代號 1583""；判定类别=L2机械母集/待人工裁决。原始出表日期=1150827；完整发行人母集不推定PCB主营、中国大陆厂址或物理产能。"
cand:l2-twse-1587,issuer,issuer:TW:1587,issuer:TW:1587,-,-,-,吉茂,L2,TWSE OpenAPI 上市公司基本資料（完整母集）,https://openapi.twse.com.tw/v1/opendata/t187ap03_L,2026-08-28,待核,l2:TWSE:1587,无,不适用,L2机械母集；未挂格,"四件套：URL=source_url；检索日=2026-08-28；命中引语=""公司代號 1587""；判定类别=L2机械母集/待人工裁决。原始出表日期=1150827；完整发行人母集不推定PCB主营、中国大陆厂址或物理产能。"
cand:l2-twse-1589,issuer,issuer:TW:1589,issuer:TW:1589,-,-,-,永冠-KY,L2,TWSE OpenAPI 上市公司基本資料（完整母集）,https://openapi.twse.com.tw/v1/opendata/t187ap03_L,2026-08-28,待核,l2:TWSE:1589,无,不适用,L2机械母集；未挂格,"四件套：URL=source_url；检索日=2026-08-28；命中引语=""公司代號 1589""；判定类别=L2机械母集/待人工裁决。原始出表日期=1150827；完整发行人母集不推定PCB主营、中国大陆厂址或物理产能。"
cand:l2-twse-1590,issuer,issuer:TW:1590,issuer:TW:1590,-,-,-,亞德客-KY,L2,TWSE OpenAPI 上市公司基本資料（完整母集）,https://openapi.twse.com.tw/v1/opendata/t187ap03_L,2026-08-28,待核,l2:TWSE:1590,无,不适用,L2机械母集；未挂格,"四件套：URL=source_url；检索日=2026-08-28；命中引语=""公司代號 1590""；判定类别=L2机械母集/待人工裁决。原始出表日期=1150827；完整发行人母集不推定PCB主营、中国大陆厂址或物理产能。"
cand:l2-twse-1597,issuer,issuer:TW:1597,issuer:TW:1597,-,-,-,直得,L2,TWSE OpenAPI 上市公司基本資料（完整母集）,https://openapi.twse.com.tw/v1/opendata/t187ap03_L,2026-08-28,待核,l2:TWSE:1597,无,不适用,L2机械母集；未挂格,"四件套：URL=source_url；检索日=2026-08-28；命中引语=""公司代號 1597""；判定类别=L2机械母集/待人工裁决。原始出表日期=1150827；完整发行人母集不推定PCB主营、中国大陆厂址或物理产能。"
cand:l2-twse-1598,issuer,issuer:TW:1598,issuer:TW:1598,-,-,-,岱宇,L2,TWSE OpenAPI 上市公司基本資料（完整母集）,https://openapi.twse.com.tw/v1/opendata/t187ap03_L,2026-08-28,待核,l2:TWSE:1598,无,不适用,L2机械母集；未挂格,"四件套：URL=source_url；检索日=2026-08-28；命中引语=""公司代號 1598""；判定类别=L2机械母集/待人工裁决。原始出表日期=1150827；完整发行人母集不推定PCB主营、中国大陆厂址或物理产能。"
cand:l2-twse-1603,issuer,issuer:TW:1603,issuer:TW:1603,-,-,-,華電,L2,TWSE OpenAPI 上市公司基本資料（完整母集）,https://openapi.twse.com.tw/v1/opendata/t187ap03_L,2026-08-28,待核,l2:TWSE:1603,无,不适用,L2机械母集；未挂格,"四件套：URL=source_url；检索日=2026-08-28；命中引语=""公司代號 1603""；判定类别=L2机械母集/待人工裁决。原始出表日期=1150827；完整发行人母集不推定PCB主营、中国大陆厂址或物理产能。"
cand:l2-twse-1604,issuer,issuer:TW:1604,issuer:TW:1604,-,-,-,聲寶,L2,TWSE OpenAPI 上市公司基本資料（完整母集）,https://openapi.twse.com.tw/v1/opendata/t187ap03_L,2026-08-28,待核,l2:TWSE:1604,无,不适用,L2机械母集；未挂格,"四件套：URL=source_url；检索日=2026-08-28；命中引语=""公司代號 1604""；判定类别=L2机械母集/待人工裁决。原始出表日期=1150827；完整发行人母集不推定PCB主营、中国大陆厂址或物理产能。"
cand:l2-twse-1605,issuer,issuer:TW:1605,issuer:TW:1605,-,-,-,華新,L2,TWSE OpenAPI 上市公司基本資料（完整母集）,https://openapi.twse.com.tw/v1/opendata/t187ap03_L,2026-08-28,待核,l2:TWSE:1605,无,不适用,L2机械母集；未挂格,"四件套：URL=source_url；检索日=2026-08-28；命中引语=""公司代號 1605""；判定类别=L2机械母集/待人工裁决。原始出表日期=1150827；完整发行人母集不推定PCB主营、中国大陆厂址或物理产能。"
cand:l2-twse-1608,issuer,issuer:TW:1608,issuer:TW:1608,-,-,-,華榮,L2,TWSE OpenAPI 上市公司基本資料（完整母集）,https://openapi.twse.com.tw/v1/opendata/t187ap03_L,2026-08-28,待核,l2:TWSE:1608,无,不适用,L2机械母集；未挂格,"四件套：URL=source_url；检索日=2026-08-28；命中引语=""公司代號 1608""；判定类别=L2机械母集/待人工裁决。原始出表日期=1150827；完整发行人母集不推定PCB主营、中国大陆厂址或物理产能。"
cand:l2-twse-1609,issuer,issuer:TW:1609,issuer:TW:1609,-,-,-,大亞,L2,TWSE OpenAPI 上市公司基本資料（完整母集）,https://openapi.twse.com.tw/v1/opendata/t187ap03_L,2026-08-28,待核,l2:TWSE:1609,无,不适用,L2机械母集；未挂格,"四件套：URL=source_url；检索日=2026-08-28；命中引语=""公司代號 1609""；判定类别=L2机械母集/待人工裁决。原始出表日期=1150827；完整发行人母集不推定PCB主营、中国大陆厂址或物理产能。"
cand:l2-twse-1611,issuer,issuer:TW:1611,issuer:TW:1611,-,-,-,中電,L2,TWSE OpenAPI 上市公司基本資料（完整母集）,https://openapi.twse.com.tw/v1/opendata/t187ap03_L,2026-08-28,待核,l2:TWSE:1611,无,不适用,L2机械母集；未挂格,"四件套：URL=source_url；检索日=2026-08-28；命中引语=""公司代號 1611""；判定类别=L2机械母集/待人工裁决。原始出表日期=1150827；完整发行人母集不推定PCB主营、中国大陆厂址或物理产能。"
cand:l2-twse-1612,issuer,issuer:TW:1612,issuer:TW:1612,-,-,-,宏泰,L2,TWSE OpenAPI 上市公司基本資料（完整母集）,https://openapi.twse.com.tw/v1/opendata/t187ap03_L,2026-08-28,待核,l2:TWSE:1612,无,不适用,L2机械母集；未挂格,"四件套：URL=source_url；检索日=2026-08-28；命中引语=""公司代號 1612""；判定类别=L2机械母集/待人工裁决。原始出表日期=1150827；完整发行人母集不推定PCB主营、中国大陆厂址或物理产能。"
cand:l2-twse-1614,issuer,issuer:TW:1614,issuer:TW:1614,-,-,-,三洋電,L2,TWSE OpenAPI 上市公司基本資料（完整母集）,https://openapi.twse.com.tw/v1/opendata/t187ap03_L,2026-08-28,待核,l2:TWSE:1614,无,不适用,L2机械母集；未挂格,"四件套：URL=source_url；检索日=2026-08-28；命中引语=""公司代號 1614""；判定类别=L2机械母集/待人工裁决。原始出表日期=1150827；完整发行人母集不推定PCB主营、中国大陆厂址或物理产能。"
cand:l2-twse-1615,issuer,issuer:TW:1615,issuer:TW:1615,-,-,-,大山,L2,TWSE OpenAPI 上市公司基本資料（完整母集）,https://openapi.twse.com.tw/v1/opendata/t187ap03_L,2026-08-28,待核,l2:TWSE:1615,无,不适用,L2机械母集；未挂格,"四件套：URL=source_url；检索日=2026-08-28；命中引语=""公司代號 1615""；判定类别=L2机械母集/待人工裁决。原始出表日期=1150827；完整发行人母集不推定PCB主营、中国大陆厂址或物理产能。"
cand:l2-twse-1616,issuer,issuer:TW:1616,issuer:TW:1616,-,-,-,億泰,L2,TWSE OpenAPI 上市公司基本資料（完整母集）,https://openapi.twse.com.tw/v1/opendata/t187ap03_L,2026-08-28,待核,l2:TWSE:1616,无,不适用,L2机械母集；未挂格,"四件套：URL=source_url；检索日=2026-08-28；命中引语=""公司代號 1616""；判定类别=L2机械母集/待人工裁决。原始出表日期=1150827；完整发行人母集不推定PCB主营、中国大陆厂址或物理产能。"
cand:l2-twse-1617,issuer,issuer:TW:1617,issuer:TW:1617,-,-,-,榮星,L2,TWSE OpenAPI 上市公司基本資料（完整母集）,https://openapi.twse.com.tw/v1/opendata/t187ap03_L,2026-08-28,待核,l2:TWSE:1617,无,不适用,L2机械母集；未挂格,"四件套：URL=source_url；检索日=2026-08-28；命中引语=""公司代號 1617""；判定类别=L2机械母集/待人工裁决。原始出表日期=1150827；完整发行人母集不推定PCB主营、中国大陆厂址或物理产能。"
cand:l2-twse-1618,issuer,issuer:TW:1618,issuer:TW:1618,-,-,-,合機,L2,TWSE OpenAPI 上市公司基本資料（完整母集）,https://openapi.twse.com.tw/v1/opendata/t187ap03_L,2026-08-28,待核,l2:TWSE:1618,无,不适用,L2机械母集；未挂格,"四件套：URL=source_url；检索日=2026-08-28；命中引语=""公司代號 1618""；判定类别=L2机械母集/待人工裁决。原始出表日期=1150827；完整发行人母集不推定PCB主营、中国大陆厂址或物理产能。"
cand:l2-twse-1623,issuer,issuer:TW:1623,issuer:TW:1623,-,-,-,大東電,L2,TWSE OpenAPI 上市公司基本資料（完整母集）,https://openapi.twse.com.tw/v1/opendata/t187ap03_L,2026-08-28,待核,l2:TWSE:1623,无,不适用,L2机械母集；未挂格,"四件套：URL=source_url；检索日=2026-08-28；命中引语=""公司代號 1623""；判定类别=L2机械母集/待人工裁决。原始出表日期=1150827；完整发行人母集不推定PCB主营、中国大陆厂址或物理产能。"
cand:l2-twse-1626,issuer,issuer:TW:1626,issuer:TW:1626,-,-,-,艾美特-KY,L2,TWSE OpenAPI 上市公司基本資料（完整母集）,https://openapi.twse.com.tw/v1/opendata/t187ap03_L,2026-08-28,待核,l2:TWSE:1626,无,不适用,L2机械母集；未挂格,"四件套：URL=source_url；检索日=2026-08-28；命中引语=""公司代號 1626""；判定类别=L2机械母集/待人工裁决。原始出表日期=1150827；完整发行人母集不推定PCB主营、中国大陆厂址或物理产能。"
cand:l2-twse-1702,issuer,issuer:TW:1702,issuer:TW:1702,-,-,-,南僑,L2,TWSE OpenAPI 上市公司基本資料（完整母集）,https://openapi.twse.com.tw/v1/opendata/t187ap03_L,2026-08-28,待核,l2:TWSE:1702,无,不适用,L2机械母集；未挂格,"四件套：URL=source_url；检索日=2026-08-28；命中引语=""公司代號 1702""；判定类别=L2机械母集/待人工裁决。原始出表日期=1150827；完整发行人母集不推定PCB主营、中国大陆厂址或物理产能。"
cand:l2-twse-1707,issuer,issuer:TW:1707,issuer:TW:1707,-,-,-,葡萄王,L2,TWSE OpenAPI 上市公司基本資料（完整母集）,https://openapi.twse.com.tw/v1/opendata/t187ap03_L,2026-08-28,待核,l2:TWSE:1707,无,不适用,L2机械母集；未挂格,"四件套：URL=source_url；检索日=2026-08-28；命中引语=""公司代號 1707""；判定类别=L2机械母集/待人工裁决。原始出表日期=1150827；完整发行人母集不推定PCB主营、中国大陆厂址或物理产能。"
cand:l2-twse-1708,issuer,issuer:TW:1708,issuer:TW:1708,-,-,-,東鹼,L2,TWSE OpenAPI 上市公司基本資料（完整母集）,https://openapi.twse.com.tw/v1/opendata/t187ap03_L,2026-08-28,待核,l2:TWSE:1708,无,不适用,L2机械母集；未挂格,"四件套：URL=source_url；检索日=2026-08-28；命中引语=""公司代號 1708""；判定类别=L2机械母集/待人工裁决。原始出表日期=1150827；完整发行人母集不推定PCB主营、中国大陆厂址或物理产能。"
cand:l2-twse-1709,issuer,issuer:TW:1709,issuer:TW:1709,-,-,-,和益,L2,TWSE OpenAPI 上市公司基本資料（完整母集）,https://openapi.twse.com.tw/v1/opendata/t187ap03_L,2026-08-28,待核,l2:TWSE:1709,无,不适用,L2机械母集；未挂格,"四件套：URL=source_url；检索日=2026-08-28；命中引语=""公司代號 1709""；判定类别=L2机械母集/待人工裁决。原始出表日期=1150827；完整发行人母集不推定PCB主营、中国大陆厂址或物理产能。"
cand:l2-twse-1710,issuer,issuer:TW:1710,issuer:TW:1710,-,-,-,東聯,L2,TWSE OpenAPI 上市公司基本資料（完整母集）,https://openapi.twse.com.tw/v1/opendata/t187ap03_L,2026-08-28,待核,l2:TWSE:1710,无,不适用,L2机械母集；未挂格,"四件套：URL=source_url；检索日=2026-08-28；命中引语=""公司代號 1710""；判定类别=L2机械母集/待人工裁决。原始出表日期=1150827；完整发行人母集不推定PCB主营、中国大陆厂址或物理产能。"
cand:l2-twse-1711,issuer,issuer:TW:1711,issuer:TW:1711,-,-,-,永光,L2,TWSE OpenAPI 上市公司基本資料（完整母集）,https://openapi.twse.com.tw/v1/opendata/t187ap03_L,2026-08-28,待核,l2:TWSE:1711,无,不适用,L2机械母集；未挂格,"四件套：URL=source_url；检索日=2026-08-28；命中引语=""公司代號 1711""；判定类别=L2机械母集/待人工裁决。原始出表日期=1150827；完整发行人母集不推定PCB主营、中国大陆厂址或物理产能。"
cand:l2-twse-1712,issuer,issuer:TW:1712,issuer:TW:1712,-,-,-,興農,L2,TWSE OpenAPI 上市公司基本資料（完整母集）,https://openapi.twse.com.tw/v1/opendata/t187ap03_L,2026-08-28,待核,l2:TWSE:1712,无,不适用,L2机械母集；未挂格,"四件套：URL=source_url；检索日=2026-08-28；命中引语=""公司代號 1712""；判定类别=L2机械母集/待人工裁决。原始出表日期=1150827；完整发行人母集不推定PCB主营、中国大陆厂址或物理产能。"
cand:l2-twse-1713,issuer,issuer:TW:1713,issuer:TW:1713,-,-,-,國化,L2,TWSE OpenAPI 上市公司基本資料（完整母集）,https://openapi.twse.com.tw/v1/opendata/t187ap03_L,2026-08-28,待核,l2:TWSE:1713,无,不适用,L2机械母集；未挂格,"四件套：URL=source_url；检索日=2026-08-28；命中引语=""公司代號 1713""；判定类别=L2机械母集/待人工裁决。原始出表日期=1150827；完整发行人母集不推定PCB主营、中国大陆厂址或物理产能。"
cand:l2-twse-1714,issuer,issuer:TW:1714,issuer:TW:1714,-,-,-,和桐,L2,TWSE OpenAPI 上市公司基本資料（完整母集）,https://openapi.twse.com.tw/v1/opendata/t187ap03_L,2026-08-28,待核,l2:TWSE:1714,无,不适用,L2机械母集；未挂格,"四件套：URL=source_url；检索日=2026-08-28；命中引语=""公司代號 1714""；判定类别=L2机械母集/待人工裁决。原始出表日期=1150827；完整发行人母集不推定PCB主营、中国大陆厂址或物理产能。"
cand:l2-twse-1717,issuer,issuer:TW:1717,issuer:TW:1717,-,-,-,長興,L2,TWSE OpenAPI 上市公司基本資料（完整母集）,https://openapi.twse.com.tw/v1/opendata/t187ap03_L,2026-08-28,待核,l2:TWSE:1717,无,不适用,L2机械母集；未挂格,"四件套：URL=source_url；检索日=2026-08-28；命中引语=""公司代號 1717""；判定类别=L2机械母集/待人工裁决。原始出表日期=1150827；完整发行人母集不推定PCB主营、中国大陆厂址或物理产能。"
cand:l2-twse-1718,issuer,issuer:TW:1718,issuer:TW:1718,-,-,-,中纖,L2,TWSE OpenAPI 上市公司基本資料（完整母集）,https://openapi.twse.com.tw/v1/opendata/t187ap03_L,2026-08-28,待核,l2:TWSE:1718,无,不适用,L2机械母集；未挂格,"四件套：URL=source_url；检索日=2026-08-28；命中引语=""公司代號 1718""；判定类别=L2机械母集/待人工裁决。原始出表日期=1150827；完整发行人母集不推定PCB主营、中国大陆厂址或物理产能。"
cand:l2-twse-1720,issuer,issuer:TW:1720,issuer:TW:1720,-,-,-,生達,L2,TWSE OpenAPI 上市公司基本資料（完整母集）,https://openapi.twse.com.tw/v1/opendata/t187ap03_L,2026-08-28,待核,l2:TWSE:1720,无,不适用,L2机械母集；未挂格,"四件套：URL=source_url；检索日=2026-08-28；命中引语=""公司代號 1720""；判定类别=L2机械母集/待人工裁决。原始出表日期=1150827；完整发行人母集不推定PCB主营、中国大陆厂址或物理产能。"
cand:l2-twse-1721,issuer,issuer:TW:1721,issuer:TW:1721,-,-,-,三晃,L2,TWSE OpenAPI 上市公司基本資料（完整母集）,https://openapi.twse.com.tw/v1/opendata/t187ap03_L,2026-08-28,待核,l2:TWSE:1721,无,不适用,L2机械母集；未挂格,"四件套：URL=source_url；检索日=2026-08-28；命中引语=""公司代號 1721""；判定类别=L2机械母集/待人工裁决。原始出表日期=1150827；完整发行人母集不推定PCB主营、中国大陆厂址或物理产能。"
cand:l2-twse-1722,issuer,issuer:TW:1722,issuer:TW:1722,-,-,-,台肥,L2,TWSE OpenAPI 上市公司基本資料（完整母集）,https://openapi.twse.com.tw/v1/opendata/t187ap03_L,2026-08-28,待核,l2:TWSE:1722,无,不适用,L2机械母集；未挂格,"四件套：URL=source_url；检索日=2026-08-28；命中引语=""公司代號 1722""；判定类别=L2机械母集/待人工裁决。原始出表日期=1150827；完整发行人母集不推定PCB主营、中国大陆厂址或物理产能。"
cand:l2-twse-1723,issuer,issuer:TW:1723,issuer:TW:1723,-,-,-,中碳,L2,TWSE OpenAPI 上市公司基本資料（完整母集）,https://openapi.twse.com.tw/v1/opendata/t187ap03_L,2026-08-28,待核,l2:TWSE:1723,无,不适用,L2机械母集；未挂格,"四件套：URL=source_url；检索日=2026-08-28；命中引语=""公司代號 1723""；判定类别=L2机械母集/待人工裁决。原始出表日期=1150827；完整发行人母集不推定PCB主营、中国大陆厂址或物理产能。"
cand:l2-twse-1725,issuer,issuer:TW:1725,issuer:TW:1725,-,-,-,元禎,L2,TWSE OpenAPI 上市公司基本資料（完整母集）,https://openapi.twse.com.tw/v1/opendata/t187ap03_L,2026-08-28,待核,l2:TWSE:1725,无,不适用,L2机械母集；未挂格,"四件套：URL=source_url；检索日=2026-08-28；命中引语=""公司代號 1725""；判定类别=L2机械母集/待人工裁决。原始出表日期=1150827；完整发行人母集不推定PCB主营、中国大陆厂址或物理产能。"
cand:l2-twse-1726,issuer,issuer:TW:1726,issuer:TW:1726,-,-,-,永記,L2,TWSE OpenAPI 上市公司基本資料（完整母集）,https://openapi.twse.com.tw/v1/opendata/t187ap03_L,2026-08-28,待核,l2:TWSE:1726,无,不适用,L2机械母集；未挂格,"四件套：URL=source_url；检索日=2026-08-28；命中引语=""公司代號 1726""；判定类别=L2机械母集/待人工裁决。原始出表日期=1150827；完整发行人母集不推定PCB主营、中国大陆厂址或物理产能。"
cand:l2-twse-1727,issuer,issuer:TW:1727,issuer:TW:1727,-,-,-,中華化,L2,TWSE OpenAPI 上市公司基本資料（完整母集）,https://openapi.twse.com.tw/v1/opendata/t187ap03_L,2026-08-28,待核,l2:TWSE:1727,无,不适用,L2机械母集；未挂格,"四件套：URL=source_url；检索日=2026-08-28；命中引语=""公司代號 1727""；判定类别=L2机械母集/待人工裁决。原始出表日期=1150827；完整发行人母集不推定PCB主营、中国大陆厂址或物理产能。"
cand:l2-twse-1730,issuer,issuer:TW:1730,issuer:TW:1730,-,-,-,花仙子,L2,TWSE OpenAPI 上市公司基本資料（完整母集）,https://openapi.twse.com.tw/v1/opendata/t187ap03_L,2026-08-28,待核,l2:TWSE:1730,无,不适用,L2机械母集；未挂格,"四件套：URL=source_url；检索日=2026-08-28；命中引语=""公司代號 1730""；判定类别=L2机械母集/待人工裁决。原始出表日期=1150827；完整发行人母集不推定PCB主营、中国大陆厂址或物理产能。"
cand:l2-twse-1731,issuer,issuer:TW:1731,issuer:TW:1731,-,-,-,美吾華,L2,TWSE OpenAPI 上市公司基本資料（完整母集）,https://openapi.twse.com.tw/v1/opendata/t187ap03_L,2026-08-28,待核,l2:TWSE:1731,无,不适用,L2机械母集；未挂格,"四件套：URL=source_url；检索日=2026-08-28；命中引语=""公司代號 1731""；判定类别=L2机械母集/待人工裁决。原始出表日期=1150827；完整发行人母集不推定PCB主营、中国大陆厂址或物理产能。"
cand:l2-twse-1732,issuer,issuer:TW:1732,issuer:TW:1732,-,-,-,毛寶,L2,TWSE OpenAPI 上市公司基本資料（完整母集）,https://openapi.twse.com.tw/v1/opendata/t187ap03_L,2026-08-28,待核,l2:TWSE:1732,无,不适用,L2机械母集；未挂格,"四件套：URL=source_url；检索日=2026-08-28；命中引语=""公司代號 1732""；判定类别=L2机械母集/待人工裁决。原始出表日期=1150827；完整发行人母集不推定PCB主营、中国大陆厂址或物理产能。"
cand:l2-twse-1733,issuer,issuer:TW:1733,issuer:TW:1733,-,-,-,五鼎,L2,TWSE OpenAPI 上市公司基本資料（完整母集）,https://openapi.twse.com.tw/v1/opendata/t187ap03_L,2026-08-28,待核,l2:TWSE:1733,无,不适用,L2机械母集；未挂格,"四件套：URL=source_url；检索日=2026-08-28；命中引语=""公司代號 1733""；判定类别=L2机械母集/待人工裁决。原始出表日期=1150827；完整发行人母集不推定PCB主营、中国大陆厂址或物理产能。"
cand:l2-twse-1734,issuer,issuer:TW:1734,issuer:TW:1734,-,-,-,杏輝,L2,TWSE OpenAPI 上市公司基本資料（完整母集）,https://openapi.twse.com.tw/v1/opendata/t187ap03_L,2026-08-28,待核,l2:TWSE:1734,无,不适用,L2机械母集；未挂格,"四件套：URL=source_url；检索日=2026-08-28；命中引语=""公司代號 1734""；判定类别=L2机械母集/待人工裁决。原始出表日期=1150827；完整发行人母集不推定PCB主营、中国大陆厂址或物理产能。"
cand:l2-twse-1735,issuer,issuer:TW:1735,issuer:TW:1735,-,-,-,日勝化,L2,TWSE OpenAPI 上市公司基本資料（完整母集）,https://openapi.twse.com.tw/v1/opendata/t187ap03_L,2026-08-28,待核,l2:TWSE:1735,无,不适用,L2机械母集；未挂格,"四件套：URL=source_url；检索日=2026-08-28；命中引语=""公司代號 1735""；判定类别=L2机械母集/待人工裁决。原始出表日期=1150827；完整发行人母集不推定PCB主营、中国大陆厂址或物理产能。"
cand:l2-twse-1736,issuer,issuer:TW:1736,issuer:TW:1736,-,-,-,喬山,L2,TWSE OpenAPI 上市公司基本資料（完整母集）,https://openapi.twse.com.tw/v1/opendata/t187ap03_L,2026-08-28,待核,l2:TWSE:1736,无,不适用,L2机械母集；未挂格,"四件套：URL=source_url；检索日=2026-08-28；命中引语=""公司代號 1736""；判定类别=L2机械母集/待人工裁决。原始出表日期=1150827；完整发行人母集不推定PCB主营、中国大陆厂址或物理产能。"
cand:l2-twse-1737,issuer,issuer:TW:1737,issuer:TW:1737,-,-,-,臺鹽,L2,TWSE OpenAPI 上市公司基本資料（完整母集）,https://openapi.twse.com.tw/v1/opendata/t187ap03_L,2026-08-28,待核,l2:TWSE:1737,无,不适用,L2机械母集；未挂格,"四件套：URL=source_url；检索日=2026-08-28；命中引语=""公司代號 1737""；判定类别=L2机械母集/待人工裁决。原始出表日期=1150827；完整发行人母集不推定PCB主营、中国大陆厂址或物理产能。"
cand:l2-twse-1752,issuer,issuer:TW:1752,issuer:TW:1752,-,-,-,南光,L2,TWSE OpenAPI 上市公司基本資料（完整母集）,https://openapi.twse.com.tw/v1/opendata/t187ap03_L,2026-08-28,待核,l2:TWSE:1752,无,不适用,L2机械母集；未挂格,"四件套：URL=source_url；检索日=2026-08-28；命中引语=""公司代號 1752""；判定类别=L2机械母集/待人工裁决。原始出表日期=1150827；完整发行人母集不推定PCB主营、中国大陆厂址或物理产能。"
cand:l2-twse-1760,issuer,issuer:TW:1760,issuer:TW:1760,-,-,-,寶齡富錦,L2,TWSE OpenAPI 上市公司基本資料（完整母集）,https://openapi.twse.com.tw/v1/opendata/t187ap03_L,2026-08-28,待核,l2:TWSE:1760,无,不适用,L2机械母集；未挂格,"四件套：URL=source_url；检索日=2026-08-28；命中引语=""公司代號 1760""；判定类别=L2机械母集/待人工裁决。原始出表日期=1150827；完整发行人母集不推定PCB主营、中国大陆厂址或物理产能。"
cand:l2-twse-1762,issuer,issuer:TW:1762,issuer:TW:1762,-,-,-,中化生,L2,TWSE OpenAPI 上市公司基本資料（完整母集）,https://openapi.twse.com.tw/v1/opendata/t187ap03_L,2026-08-28,待核,l2:TWSE:1762,无,不适用,L2机械母集；未挂格,"四件套：URL=source_url；检索日=2026-08-28；命中引语=""公司代號 1762""；判定类别=L2机械母集/待人工裁决。原始出表日期=1150827；完整发行人母集不推定PCB主营、中国大陆厂址或物理产能。"
cand:l2-twse-1773,issuer,issuer:TW:1773,issuer:TW:1773,-,-,-,勝一,L2,TWSE OpenAPI 上市公司基本資料（完整母集）,https://openapi.twse.com.tw/v1/opendata/t187ap03_L,2026-08-28,待核,l2:TWSE:1773,无,不适用,L2机械母集；未挂格,"四件套：URL=source_url；检索日=2026-08-28；命中引语=""公司代號 1773""；判定类别=L2机械母集/待人工裁决。原始出表日期=1150827；完整发行人母集不推定PCB主营、中国大陆厂址或物理产能。"
cand:l2-twse-1776,issuer,issuer:TW:1776,issuer:TW:1776,-,-,-,展宇,L2,TWSE OpenAPI 上市公司基本資料（完整母集）,https://openapi.twse.com.tw/v1/opendata/t187ap03_L,2026-08-28,待核,l2:TWSE:1776,无,不适用,L2机械母集；未挂格,"四件套：URL=source_url；检索日=2026-08-28；命中引语=""公司代號 1776""；判定类别=L2机械母集/待人工裁决。原始出表日期=1150827；完整发行人母集不推定PCB主营、中国大陆厂址或物理产能。"
cand:l2-twse-1783,issuer,issuer:TW:1783,issuer:TW:1783,-,-,-,和康生,L2,TWSE OpenAPI 上市公司基本資料（完整母集）,https://openapi.twse.com.tw/v1/opendata/t187ap03_L,2026-08-28,待核,l2:TWSE:1783,无,不适用,L2机械母集；未挂格,"四件套：URL=source_url；检索日=2026-08-28；命中引语=""公司代號 1783""；判定类别=L2机械母集/待人工裁决。原始出表日期=1150827；完整发行人母集不推定PCB主营、中国大陆厂址或物理产能。"
cand:l2-twse-1786,issuer,issuer:TW:1786,issuer:TW:1786,-,-,-,科妍,L2,TWSE OpenAPI 上市公司基本資料（完整母集）,https://openapi.twse.com.tw/v1/opendata/t187ap03_L,2026-08-28,待核,l2:TWSE:1786,无,不适用,L2机械母集；未挂格,"四件套：URL=source_url；检索日=2026-08-28；命中引语=""公司代號 1786""；判定类别=L2机械母集/待人工裁决。原始出表日期=1150827；完整发行人母集不推定PCB主营、中国大陆厂址或物理产能。"
cand:l2-twse-1789,issuer,issuer:TW:1789,issuer:TW:1789,-,-,-,神隆,L2,TWSE OpenAPI 上市公司基本資料（完整母集）,https://openapi.twse.com.tw/v1/opendata/t187ap03_L,2026-08-28,待核,l2:TWSE:1789,无,不适用,L2机械母集；未挂格,"四件套：URL=source_url；检索日=2026-08-28；命中引语=""公司代號 1789""；判定类别=L2机械母集/待人工裁决。原始出表日期=1150827；完整发行人母集不推定PCB主营、中国大陆厂址或物理产能。"
cand:l2-twse-1795,issuer,issuer:TW:1795,issuer:TW:1795,-,-,-,美時,L2,TWSE OpenAPI 上市公司基本資料（完整母集）,https://openapi.twse.com.tw/v1/opendata/t187ap03_L,2026-08-28,待核,l2:TWSE:1795,无,不适用,L2机械母集；未挂格,"四件套：URL=source_url；检索日=2026-08-28；命中引语=""公司代號 1795""；判定类别=L2机械母集/待人工裁决。原始出表日期=1150827；完整发行人母集不推定PCB主营、中国大陆厂址或物理产能。"
cand:l2-twse-1802,issuer,issuer:TW:1802,issuer:TW:1802,-,-,-,台玻,L2,TWSE OpenAPI 上市公司基本資料（完整母集）,https://openapi.twse.com.tw/v1/opendata/t187ap03_L,2026-08-28,待核,l2:TWSE:1802,无,不适用,L2机械母集；未挂格,"四件套：URL=source_url；检索日=2026-08-28；命中引语=""公司代號 1802""；判定类别=L2机械母集/待人工裁决。原始出表日期=1150827；完整发行人母集不推定PCB主营、中国大陆厂址或物理产能。"
cand:l2-twse-1805,issuer,issuer:TW:1805,issuer:TW:1805,-,-,-,寶徠,L2,TWSE OpenAPI 上市公司基本資料（完整母集）,https://openapi.twse.com.tw/v1/opendata/t187ap03_L,2026-08-28,待核,l2:TWSE:1805,无,不适用,L2机械母集；未挂格,"四件套：URL=source_url；检索日=2026-08-28；命中引语=""公司代號 1805""；判定类别=L2机械母集/待人工裁决。原始出表日期=1150827；完整发行人母集不推定PCB主营、中国大陆厂址或物理产能。"
cand:l2-twse-1806,issuer,issuer:TW:1806,issuer:TW:1806,-,-,-,冠軍,L2,TWSE OpenAPI 上市公司基本資料（完整母集）,https://openapi.twse.com.tw/v1/opendata/t187ap03_L,2026-08-28,待核,l2:TWSE:1806,无,不适用,L2机械母集；未挂格,"四件套：URL=source_url；检索日=2026-08-28；命中引语=""公司代號 1806""；判定类别=L2机械母集/待人工裁决。原始出表日期=1150827；完整发行人母集不推定PCB主营、中国大陆厂址或物理产能。"
cand:l2-twse-1808,issuer,issuer:TW:1808,issuer:TW:1808,-,-,-,潤隆,L2,TWSE OpenAPI 上市公司基本資料（完整母集）,https://openapi.twse.com.tw/v1/opendata/t187ap03_L,2026-08-28,待核,l2:TWSE:1808,无,不适用,L2机械母集；未挂格,"四件套：URL=source_url；检索日=2026-08-28；命中引语=""公司代號 1808""；判定类别=L2机械母集/待人工裁决。原始出表日期=1150827；完整发行人母集不推定PCB主营、中国大陆厂址或物理产能。"
cand:l2-twse-1809,issuer,issuer:TW:1809,issuer:TW:1809,-,-,-,中釉,L2,TWSE OpenAPI 上市公司基本資料（完整母集）,https://openapi.twse.com.tw/v1/opendata/t187ap03_L,2026-08-28,待核,l2:TWSE:1809,无,不适用,L2机械母集；未挂格,"四件套：URL=source_url；检索日=2026-08-28；命中引语=""公司代號 1809""；判定类别=L2机械母集/待人工裁决。原始出表日期=1150827；完整发行人母集不推定PCB主营、中国大陆厂址或物理产能。"
cand:l2-twse-1810,issuer,issuer:TW:1810,issuer:TW:1810,-,-,-,和成,L2,TWSE OpenAPI 上市公司基本資料（完整母集）,https://openapi.twse.com.tw/v1/opendata/t187ap03_L,2026-08-28,待核,l2:TWSE:1810,无,不适用,L2机械母集；未挂格,"四件套：URL=source_url；检索日=2026-08-28；命中引语=""公司代號 1810""；判定类别=L2机械母集/待人工裁决。原始出表日期=1150827；完整发行人母集不推定PCB主营、中国大陆厂址或物理产能。"
cand:l2-twse-1817,issuer,issuer:TW:1817,issuer:TW:1817,-,-,-,凱撒衛,L2,TWSE OpenAPI 上市公司基本資料（完整母集）,https://openapi.twse.com.tw/v1/opendata/t187ap03_L,2026-08-28,待核,l2:TWSE:1817,无,不适用,L2机械母集；未挂格,"四件套：URL=source_url；检索日=2026-08-28；命中引语=""公司代號 1817""；判定类别=L2机械母集/待人工裁决。原始出表日期=1150827；完整发行人母集不推定PCB主营、中国大陆厂址或物理产能。"
cand:l2-twse-1903,issuer,issuer:TW:1903,issuer:TW:1903,-,-,-,士紙,L2,TWSE OpenAPI 上市公司基本資料（完整母集）,https://openapi.twse.com.tw/v1/opendata/t187ap03_L,2026-08-28,待核,l2:TWSE:1903,无,不适用,L2机械母集；未挂格,"四件套：URL=source_url；检索日=2026-08-28；命中引语=""公司代號 1903""；判定类别=L2机械母集/待人工裁决。原始出表日期=1150827；完整发行人母集不推定PCB主营、中国大陆厂址或物理产能。"
cand:l2-twse-1904,issuer,issuer:TW:1904,issuer:TW:1904,-,-,-,正隆,L2,TWSE OpenAPI 上市公司基本資料（完整母集）,https://openapi.twse.com.tw/v1/opendata/t187ap03_L,2026-08-28,待核,l2:TWSE:1904,无,不适用,L2机械母集；未挂格,"四件套：URL=source_url；检索日=2026-08-28；命中引语=""公司代號 1904""；判定类别=L2机械母集/待人工裁决。原始出表日期=1150827；完整发行人母集不推定PCB主营、中国大陆厂址或物理产能。"
cand:l2-twse-1905,issuer,issuer:TW:1905,issuer:TW:1905,-,-,-,華紙,L2,TWSE OpenAPI 上市公司基本資料（完整母集）,https://openapi.twse.com.tw/v1/opendata/t187ap03_L,2026-08-28,待核,l2:TWSE:1905,无,不适用,L2机械母集；未挂格,"四件套：URL=source_url；检索日=2026-08-28；命中引语=""公司代號 1905""；判定类别=L2机械母集/待人工裁决。原始出表日期=1150827；完整发行人母集不推定PCB主营、中国大陆厂址或物理产能。"
cand:l2-twse-1906,issuer,issuer:TW:1906,issuer:TW:1906,-,-,-,寶隆,L2,TWSE OpenAPI 上市公司基本資料（完整母集）,https://openapi.twse.com.tw/v1/opendata/t187ap03_L,2026-08-28,待核,l2:TWSE:1906,无,不适用,L2机械母集；未挂格,"四件套：URL=source_url；检索日=2026-08-28；命中引语=""公司代號 1906""；判定类别=L2机械母集/待人工裁决。原始出表日期=1150827；完整发行人母集不推定PCB主营、中国大陆厂址或物理产能。"
cand:l2-twse-1907,issuer,issuer:TW:1907,issuer:TW:1907,-,-,-,永豐餘,L2,TWSE OpenAPI 上市公司基本資料（完整母集）,https://openapi.twse.com.tw/v1/opendata/t187ap03_L,2026-08-28,待核,l2:TWSE:1907,无,不适用,L2机械母集；未挂格,"四件套：URL=source_url；检索日=2026-08-28；命中引语=""公司代號 1907""；判定类别=L2机械母集/待人工裁决。原始出表日期=1150827；完整发行人母集不推定PCB主营、中国大陆厂址或物理产能。"
cand:l2-twse-1909,issuer,issuer:TW:1909,issuer:TW:1909,-,-,-,榮成,L2,TWSE OpenAPI 上市公司基本資料（完整母集）,https://openapi.twse.com.tw/v1/opendata/t187ap03_L,2026-08-28,待核,l2:TWSE:1909,无,不适用,L2机械母集；未挂格,"四件套：URL=source_url；检索日=2026-08-28；命中引语=""公司代號 1909""；判定类别=L2机械母集/待人工裁决。原始出表日期=1150827；完整发行人母集不推定PCB主营、中国大陆厂址或物理产能。"
cand:l2-twse-2002,issuer,issuer:TW:2002,issuer:TW:2002,-,-,-,中鋼,L2,TWSE OpenAPI 上市公司基本資料（完整母集）,https://openapi.twse.com.tw/v1/opendata/t187ap03_L,2026-08-28,待核,l2:TWSE:2002,无,不适用,L2机械母集；未挂格,"四件套：URL=source_url；检索日=2026-08-28；命中引语=""公司代號 2002""；判定类别=L2机械母集/待人工裁决。原始出表日期=1150827；完整发行人母集不推定PCB主营、中国大陆厂址或物理产能。"
cand:l2-twse-2006,issuer,issuer:TW:2006,issuer:TW:2006,-,-,-,東和鋼鐵,L2,TWSE OpenAPI 上市公司基本資料（完整母集）,https://openapi.twse.com.tw/v1/opendata/t187ap03_L,2026-08-28,待核,l2:TWSE:2006,无,不适用,L2机械母集；未挂格,"四件套：URL=source_url；检索日=2026-08-28；命中引语=""公司代號 2006""；判定类别=L2机械母集/待人工裁决。原始出表日期=1150827；完整发行人母集不推定PCB主营、中国大陆厂址或物理产能。"
cand:l2-twse-2007,issuer,issuer:TW:2007,issuer:TW:2007,-,-,-,燁興,L2,TWSE OpenAPI 上市公司基本資料（完整母集）,https://openapi.twse.com.tw/v1/opendata/t187ap03_L,2026-08-28,待核,l2:TWSE:2007,无,不适用,L2机械母集；未挂格,"四件套：URL=source_url；检索日=2026-08-28；命中引语=""公司代號 2007""；判定类别=L2机械母集/待人工裁决。原始出表日期=1150827；完整发行人母集不推定PCB主营、中国大陆厂址或物理产能。"
cand:l2-twse-2008,issuer,issuer:TW:2008,issuer:TW:2008,-,-,-,高興昌,L2,TWSE OpenAPI 上市公司基本資料（完整母集）,https://openapi.twse.com.tw/v1/opendata/t187ap03_L,2026-08-28,待核,l2:TWSE:2008,无,不适用,L2机械母集；未挂格,"四件套：URL=source_url；检索日=2026-08-28；命中引语=""公司代號 2008""；判定类别=L2机械母集/待人工裁决。原始出表日期=1150827；完整发行人母集不推定PCB主营、中国大陆厂址或物理产能。"
cand:l2-twse-2009,issuer,issuer:TW:2009,issuer:TW:2009,-,-,-,第一銅,L2,TWSE OpenAPI 上市公司基本資料（完整母集）,https://openapi.twse.com.tw/v1/opendata/t187ap03_L,2026-08-28,待核,l2:TWSE:2009,无,不适用,L2机械母集；未挂格,"四件套：URL=source_url；检索日=2026-08-28；命中引语=""公司代號 2009""；判定类别=L2机械母集/待人工裁决。原始出表日期=1150827；完整发行人母集不推定PCB主营、中国大陆厂址或物理产能。"
cand:l2-twse-2010,issuer,issuer:TW:2010,issuer:TW:2010,-,-,-,春源,L2,TWSE OpenAPI 上市公司基本資料（完整母集）,https://openapi.twse.com.tw/v1/opendata/t187ap03_L,2026-08-28,待核,l2:TWSE:2010,无,不适用,L2机械母集；未挂格,"四件套：URL=source_url；检索日=2026-08-28；命中引语=""公司代號 2010""；判定类别=L2机械母集/待人工裁决。原始出表日期=1150827；完整发行人母集不推定PCB主营、中国大陆厂址或物理产能。"
cand:l2-twse-2012,issuer,issuer:TW:2012,issuer:TW:2012,-,-,-,春雨,L2,TWSE OpenAPI 上市公司基本資料（完整母集）,https://openapi.twse.com.tw/v1/opendata/t187ap03_L,2026-08-28,待核,l2:TWSE:2012,无,不适用,L2机械母集；未挂格,"四件套：URL=source_url；检索日=2026-08-28；命中引语=""公司代號 2012""；判定类别=L2机械母集/待人工裁决。原始出表日期=1150827；完整发行人母集不推定PCB主营、中国大陆厂址或物理产能。"
cand:l2-twse-2013,issuer,issuer:TW:2013,issuer:TW:2013,-,-,-,中鋼構,L2,TWSE OpenAPI 上市公司基本資料（完整母集）,https://openapi.twse.com.tw/v1/opendata/t187ap03_L,2026-08-28,待核,l2:TWSE:2013,无,不适用,L2机械母集；未挂格,"四件套：URL=source_url；检索日=2026-08-28；命中引语=""公司代號 2013""；判定类别=L2机械母集/待人工裁决。原始出表日期=1150827；完整发行人母集不推定PCB主营、中国大陆厂址或物理产能。"
cand:l2-twse-2014,issuer,issuer:TW:2014,issuer:TW:2014,-,-,-,中鴻,L2,TWSE OpenAPI 上市公司基本資料（完整母集）,https://openapi.twse.com.tw/v1/opendata/t187ap03_L,2026-08-28,待核,l2:TWSE:2014,无,不适用,L2机械母集；未挂格,"四件套：URL=source_url；检索日=2026-08-28；命中引语=""公司代號 2014""；判定类别=L2机械母集/待人工裁决。原始出表日期=1150827；完整发行人母集不推定PCB主营、中国大陆厂址或物理产能。"
cand:l2-twse-2015,issuer,issuer:TW:2015,issuer:TW:2015,-,-,-,豐興,L2,TWSE OpenAPI 上市公司基本資料（完整母集）,https://openapi.twse.com.tw/v1/opendata/t187ap03_L,2026-08-28,待核,l2:TWSE:2015,无,不适用,L2机械母集；未挂格,"四件套：URL=source_url；检索日=2026-08-28；命中引语=""公司代號 2015""；判定类别=L2机械母集/待人工裁决。原始出表日期=1150827；完整发行人母集不推定PCB主营、中国大陆厂址或物理产能。"
cand:l2-twse-2017,issuer,issuer:TW:2017,issuer:TW:2017,-,-,-,官田鋼,L2,TWSE OpenAPI 上市公司基本資料（完整母集）,https://openapi.twse.com.tw/v1/opendata/t187ap03_L,2026-08-28,待核,l2:TWSE:2017,无,不适用,L2机械母集；未挂格,"四件套：URL=source_url；检索日=2026-08-28；命中引语=""公司代號 2017""；判定类别=L2机械母集/待人工裁决。原始出表日期=1150827；完整发行人母集不推定PCB主营、中国大陆厂址或物理产能。"
cand:l2-twse-2020,issuer,issuer:TW:2020,issuer:TW:2020,-,-,-,美亞,L2,TWSE OpenAPI 上市公司基本資料（完整母集）,https://openapi.twse.com.tw/v1/opendata/t187ap03_L,2026-08-28,待核,l2:TWSE:2020,无,不适用,L2机械母集；未挂格,"四件套：URL=source_url；检索日=2026-08-28；命中引语=""公司代號 2020""；判定类别=L2机械母集/待人工裁决。原始出表日期=1150827；完整发行人母集不推定PCB主营、中国大陆厂址或物理产能。"
cand:l2-twse-2022,issuer,issuer:TW:2022,issuer:TW:2022,-,-,-,聚亨,L2,TWSE OpenAPI 上市公司基本資料（完整母集）,https://openapi.twse.com.tw/v1/opendata/t187ap03_L,2026-08-28,待核,l2:TWSE:2022,无,不适用,L2机械母集；未挂格,"四件套：URL=source_url；检索日=2026-08-28；命中引语=""公司代號 2022""；判定类别=L2机械母集/待人工裁决。原始出表日期=1150827；完整发行人母集不推定PCB主营、中国大陆厂址或物理产能。"
cand:l2-twse-2023,issuer,issuer:TW:2023,issuer:TW:2023,-,-,-,燁輝,L2,TWSE OpenAPI 上市公司基本資料（完整母集）,https://openapi.twse.com.tw/v1/opendata/t187ap03_L,2026-08-28,待核,l2:TWSE:2023,无,不适用,L2机械母集；未挂格,"四件套：URL=source_url；检索日=2026-08-28；命中引语=""公司代號 2023""；判定类别=L2机械母集/待人工裁决。原始出表日期=1150827；完整发行人母集不推定PCB主营、中国大陆厂址或物理产能。"
cand:l2-twse-2024,issuer,issuer:TW:2024,issuer:TW:2024,-,-,-,志聯,L2,TWSE OpenAPI 上市公司基本資料（完整母集）,https://openapi.twse.com.tw/v1/opendata/t187ap03_L,2026-08-28,待核,l2:TWSE:2024,无,不适用,L2机械母集；未挂格,"四件套：URL=source_url；检索日=2026-08-28；命中引语=""公司代號 2024""；判定类别=L2机械母集/待人工裁决。原始出表日期=1150827；完整发行人母集不推定PCB主营、中国大陆厂址或物理产能。"
cand:l2-twse-2025,issuer,issuer:TW:2025,issuer:TW:2025,-,-,-,千興,L2,TWSE OpenAPI 上市公司基本資料（完整母集）,https://openapi.twse.com.tw/v1/opendata/t187ap03_L,2026-08-28,待核,l2:TWSE:2025,无,不适用,L2机械母集；未挂格,"四件套：URL=source_url；检索日=2026-08-28；命中引语=""公司代號 2025""；判定类别=L2机械母集/待人工裁决。原始出表日期=1150827；完整发行人母集不推定PCB主营、中国大陆厂址或物理产能。"
cand:l2-twse-2027,issuer,issuer:TW:2027,issuer:TW:2027,-,-,-,大成鋼,L2,TWSE OpenAPI 上市公司基本資料（完整母集）,https://openapi.twse.com.tw/v1/opendata/t187ap03_L,2026-08-28,待核,l2:TWSE:2027,无,不适用,L2机械母集；未挂格,"四件套：URL=source_url；检索日=2026-08-28；命中引语=""公司代號 2027""；判定类别=L2机械母集/待人工裁决。原始出表日期=1150827；完整发行人母集不推定PCB主营、中国大陆厂址或物理产能。"
cand:l2-twse-2028,issuer,issuer:TW:2028,issuer:TW:2028,-,-,-,威致,L2,TWSE OpenAPI 上市公司基本資料（完整母集）,https://openapi.twse.com.tw/v1/opendata/t187ap03_L,2026-08-28,待核,l2:TWSE:2028,无,不适用,L2机械母集；未挂格,"四件套：URL=source_url；检索日=2026-08-28；命中引语=""公司代號 2028""；判定类别=L2机械母集/待人工裁决。原始出表日期=1150827；完整发行人母集不推定PCB主营、中国大陆厂址或物理产能。"
cand:l2-twse-2029,issuer,issuer:TW:2029,issuer:TW:2029,-,-,-,盛餘,L2,TWSE OpenAPI 上市公司基本資料（完整母集）,https://openapi.twse.com.tw/v1/opendata/t187ap03_L,2026-08-28,待核,l2:TWSE:2029,无,不适用,L2机械母集；未挂格,"四件套：URL=source_url；检索日=2026-08-28；命中引语=""公司代號 2029""；判定类别=L2机械母集/待人工裁决。原始出表日期=1150827；完整发行人母集不推定PCB主营、中国大陆厂址或物理产能。"
cand:l2-twse-2030,issuer,issuer:TW:2030,issuer:TW:2030,-,-,-,彰源,L2,TWSE OpenAPI 上市公司基本資料（完整母集）,https://openapi.twse.com.tw/v1/opendata/t187ap03_L,2026-08-28,待核,l2:TWSE:2030,无,不适用,L2机械母集；未挂格,"四件套：URL=source_url；检索日=2026-08-28；命中引语=""公司代號 2030""；判定类别=L2机械母集/待人工裁决。原始出表日期=1150827；完整发行人母集不推定PCB主营、中国大陆厂址或物理产能。"
cand:l2-twse-2031,issuer,issuer:TW:2031,issuer:TW:2031,-,-,-,新光鋼,L2,TWSE OpenAPI 上市公司基本資料（完整母集）,https://openapi.twse.com.tw/v1/opendata/t187ap03_L,2026-08-28,待核,l2:TWSE:2031,无,不适用,L2机械母集；未挂格,"四件套：URL=source_url；检索日=2026-08-28；命中引语=""公司代號 2031""；判定类别=L2机械母集/待人工裁决。原始出表日期=1150827；完整发行人母集不推定PCB主营、中国大陆厂址或物理产能。"
cand:l2-twse-2032,issuer,issuer:TW:2032,issuer:TW:2032,-,-,-,新鋼,L2,TWSE OpenAPI 上市公司基本資料（完整母集）,https://openapi.twse.com.tw/v1/opendata/t187ap03_L,2026-08-28,待核,l2:TWSE:2032,无,不适用,L2机械母集；未挂格,"四件套：URL=source_url；检索日=2026-08-28；命中引语=""公司代號 2032""；判定类别=L2机械母集/待人工裁决。原始出表日期=1150827；完整发行人母集不推定PCB主营、中国大陆厂址或物理产能。"
cand:l2-twse-2033,issuer,issuer:TW:2033,issuer:TW:2033,-,-,-,佳大,L2,TWSE OpenAPI 上市公司基本資料（完整母集）,https://openapi.twse.com.tw/v1/opendata/t187ap03_L,2026-08-28,待核,l2:TWSE:2033,无,不适用,L2机械母集；未挂格,"四件套：URL=source_url；检索日=2026-08-28；命中引语=""公司代號 2033""；判定类别=L2机械母集/待人工裁决。原始出表日期=1150827；完整发行人母集不推定PCB主营、中国大陆厂址或物理产能。"
cand:l2-twse-2034,issuer,issuer:TW:2034,issuer:TW:2034,-,-,-,允強,L2,TWSE OpenAPI 上市公司基本資料（完整母集）,https://openapi.twse.com.tw/v1/opendata/t187ap03_L,2026-08-28,待核,l2:TWSE:2034,无,不适用,L2机械母集；未挂格,"四件套：URL=source_url；检索日=2026-08-28；命中引语=""公司代號 2034""；判定类别=L2机械母集/待人工裁决。原始出表日期=1150827；完整发行人母集不推定PCB主营、中国大陆厂址或物理产能。"
cand:l2-twse-2038,issuer,issuer:TW:2038,issuer:TW:2038,-,-,-,海光,L2,TWSE OpenAPI 上市公司基本資料（完整母集）,https://openapi.twse.com.tw/v1/opendata/t187ap03_L,2026-08-28,待核,l2:TWSE:2038,无,不适用,L2机械母集；未挂格,"四件套：URL=source_url；检索日=2026-08-28；命中引语=""公司代號 2038""；判定类别=L2机械母集/待人工裁决。原始出表日期=1150827；完整发行人母集不推定PCB主营、中国大陆厂址或物理产能。"
cand:l2-twse-2049,issuer,issuer:TW:2049,issuer:TW:2049,-,-,-,上銀,L2,TWSE OpenAPI 上市公司基本資料（完整母集）,https://openapi.twse.com.tw/v1/opendata/t187ap03_L,2026-08-28,待核,l2:TWSE:2049,无,不适用,L2机械母集；未挂格,"四件套：URL=source_url；检索日=2026-08-28；命中引语=""公司代號 2049""；判定类别=L2机械母集/待人工裁决。原始出表日期=1150827；完整发行人母集不推定PCB主营、中国大陆厂址或物理产能。"
cand:l2-twse-2059,issuer,issuer:TW:2059,issuer:TW:2059,-,-,-,川湖,L2,TWSE OpenAPI 上市公司基本資料（完整母集）,https://openapi.twse.com.tw/v1/opendata/t187ap03_L,2026-08-28,待核,l2:TWSE:2059,无,不适用,L2机械母集；未挂格,"四件套：URL=source_url；检索日=2026-08-28；命中引语=""公司代號 2059""；判定类别=L2机械母集/待人工裁决。原始出表日期=1150827；完整发行人母集不推定PCB主营、中国大陆厂址或物理产能。"
cand:l2-twse-2062,issuer,issuer:TW:2062,issuer:TW:2062,-,-,-,橋椿,L2,TWSE OpenAPI 上市公司基本資料（完整母集）,https://openapi.twse.com.tw/v1/opendata/t187ap03_L,2026-08-28,待核,l2:TWSE:2062,无,不适用,L2机械母集；未挂格,"四件套：URL=source_url；检索日=2026-08-28；命中引语=""公司代號 2062""；判定类别=L2机械母集/待人工裁决。原始出表日期=1150827；完整发行人母集不推定PCB主营、中国大陆厂址或物理产能。"
cand:l2-twse-2069,issuer,issuer:TW:2069,issuer:TW:2069,-,-,-,運錩,L2,TWSE OpenAPI 上市公司基本資料（完整母集）,https://openapi.twse.com.tw/v1/opendata/t187ap03_L,2026-08-28,待核,l2:TWSE:2069,无,不适用,L2机械母集；未挂格,"四件套：URL=source_url；检索日=2026-08-28；命中引语=""公司代號 2069""；判定类别=L2机械母集/待人工裁决。原始出表日期=1150827；完整发行人母集不推定PCB主营、中国大陆厂址或物理产能。"
cand:l2-twse-2072,issuer,issuer:TW:2072,issuer:TW:2072,-,-,-,世紀風電,L2,TWSE OpenAPI 上市公司基本資料（完整母集）,https://openapi.twse.com.tw/v1/opendata/t187ap03_L,2026-08-28,待核,l2:TWSE:2072,无,不适用,L2机械母集；未挂格,"四件套：URL=source_url；检索日=2026-08-28；命中引语=""公司代號 2072""；判定类别=L2机械母集/待人工裁决。原始出表日期=1150827；完整发行人母集不推定PCB主营、中国大陆厂址或物理产能。"
cand:l2-twse-2101,issuer,issuer:TW:2101,issuer:TW:2101,-,-,-,南港,L2,TWSE OpenAPI 上市公司基本資料（完整母集）,https://openapi.twse.com.tw/v1/opendata/t187ap03_L,2026-08-28,待核,l2:TWSE:2101,无,不适用,L2机械母集；未挂格,"四件套：URL=source_url；检索日=2026-08-28；命中引语=""公司代號 2101""；判定类别=L2机械母集/待人工裁决。原始出表日期=1150827；完整发行人母集不推定PCB主营、中国大陆厂址或物理产能。"
cand:l2-twse-2102,issuer,issuer:TW:2102,issuer:TW:2102,-,-,-,泰豐,L2,TWSE OpenAPI 上市公司基本資料（完整母集）,https://openapi.twse.com.tw/v1/opendata/t187ap03_L,2026-08-28,待核,l2:TWSE:2102,无,不适用,L2机械母集；未挂格,"四件套：URL=source_url；检索日=2026-08-28；命中引语=""公司代號 2102""；判定类别=L2机械母集/待人工裁决。原始出表日期=1150827；完整发行人母集不推定PCB主营、中国大陆厂址或物理产能。"
cand:l2-twse-2103,issuer,issuer:TW:2103,issuer:TW:2103,-,-,-,台橡,L2,TWSE OpenAPI 上市公司基本資料（完整母集）,https://openapi.twse.com.tw/v1/opendata/t187ap03_L,2026-08-28,待核,l2:TWSE:2103,无,不适用,L2机械母集；未挂格,"四件套：URL=source_url；检索日=2026-08-28；命中引语=""公司代號 2103""；判定类别=L2机械母集/待人工裁决。原始出表日期=1150827；完整发行人母集不推定PCB主营、中国大陆厂址或物理产能。"
cand:l2-twse-2104,issuer,issuer:TW:2104,issuer:TW:2104,-,-,-,國際中橡,L2,TWSE OpenAPI 上市公司基本資料（完整母集）,https://openapi.twse.com.tw/v1/opendata/t187ap03_L,2026-08-28,待核,l2:TWSE:2104,无,不适用,L2机械母集；未挂格,"四件套：URL=source_url；检索日=2026-08-28；命中引语=""公司代號 2104""；判定类别=L2机械母集/待人工裁决。原始出表日期=1150827；完整发行人母集不推定PCB主营、中国大陆厂址或物理产能。"
cand:l2-twse-2105,issuer,issuer:TW:2105,issuer:TW:2105,-,-,-,正新,L2,TWSE OpenAPI 上市公司基本資料（完整母集）,https://openapi.twse.com.tw/v1/opendata/t187ap03_L,2026-08-28,待核,l2:TWSE:2105,无,不适用,L2机械母集；未挂格,"四件套：URL=source_url；检索日=2026-08-28；命中引语=""公司代號 2105""；判定类别=L2机械母集/待人工裁决。原始出表日期=1150827；完整发行人母集不推定PCB主营、中国大陆厂址或物理产能。"
cand:l2-twse-2106,issuer,issuer:TW:2106,issuer:TW:2106,-,-,-,建大,L2,TWSE OpenAPI 上市公司基本資料（完整母集）,https://openapi.twse.com.tw/v1/opendata/t187ap03_L,2026-08-28,待核,l2:TWSE:2106,无,不适用,L2机械母集；未挂格,"四件套：URL=source_url；检索日=2026-08-28；命中引语=""公司代號 2106""；判定类别=L2机械母集/待人工裁决。原始出表日期=1150827；完整发行人母集不推定PCB主营、中国大陆厂址或物理产能。"
cand:l2-twse-2107,issuer,issuer:TW:2107,issuer:TW:2107,-,-,-,厚生,L2,TWSE OpenAPI 上市公司基本資料（完整母集）,https://openapi.twse.com.tw/v1/opendata/t187ap03_L,2026-08-28,待核,l2:TWSE:2107,无,不适用,L2机械母集；未挂格,"四件套：URL=source_url；检索日=2026-08-28；命中引语=""公司代號 2107""；判定类别=L2机械母集/待人工裁决。原始出表日期=1150827；完整发行人母集不推定PCB主营、中国大陆厂址或物理产能。"
cand:l2-twse-2108,issuer,issuer:TW:2108,issuer:TW:2108,-,-,-,南帝,L2,TWSE OpenAPI 上市公司基本資料（完整母集）,https://openapi.twse.com.tw/v1/opendata/t187ap03_L,2026-08-28,待核,l2:TWSE:2108,无,不适用,L2机械母集；未挂格,"四件套：URL=source_url；检索日=2026-08-28；命中引语=""公司代號 2108""；判定类别=L2机械母集/待人工裁决。原始出表日期=1150827；完整发行人母集不推定PCB主营、中国大陆厂址或物理产能。"
cand:l2-twse-2109,issuer,issuer:TW:2109,issuer:TW:2109,-,-,-,華豐,L2,TWSE OpenAPI 上市公司基本資料（完整母集）,https://openapi.twse.com.tw/v1/opendata/t187ap03_L,2026-08-28,待核,l2:TWSE:2109,无,不适用,L2机械母集；未挂格,"四件套：URL=source_url；检索日=2026-08-28；命中引语=""公司代號 2109""；判定类别=L2机械母集/待人工裁决。原始出表日期=1150827；完整发行人母集不推定PCB主营、中国大陆厂址或物理产能。"
cand:l2-twse-2114,issuer,issuer:TW:2114,issuer:TW:2114,-,-,-,鑫永銓,L2,TWSE OpenAPI 上市公司基本資料（完整母集）,https://openapi.twse.com.tw/v1/opendata/t187ap03_L,2026-08-28,待核,l2:TWSE:2114,无,不适用,L2机械母集；未挂格,"四件套：URL=source_url；检索日=2026-08-28；命中引语=""公司代號 2114""；判定类别=L2机械母集/待人工裁决。原始出表日期=1150827；完整发行人母集不推定PCB主营、中国大陆厂址或物理产能。"
cand:l2-twse-2115,issuer,issuer:TW:2115,issuer:TW:2115,-,-,-,六暉-KY,L2,TWSE OpenAPI 上市公司基本資料（完整母集）,https://openapi.twse.com.tw/v1/opendata/t187ap03_L,2026-08-28,待核,l2:TWSE:2115,无,不适用,L2机械母集；未挂格,"四件套：URL=source_url；检索日=2026-08-28；命中引语=""公司代號 2115""；判定类别=L2机械母集/待人工裁决。原始出表日期=1150827；完整发行人母集不推定PCB主营、中国大陆厂址或物理产能。"
cand:l2-twse-2201,issuer,issuer:TW:2201,issuer:TW:2201,-,-,-,裕隆,L2,TWSE OpenAPI 上市公司基本資料（完整母集）,https://openapi.twse.com.tw/v1/opendata/t187ap03_L,2026-08-28,待核,l2:TWSE:2201,无,不适用,L2机械母集；未挂格,"四件套：URL=source_url；检索日=2026-08-28；命中引语=""公司代號 2201""；判定类别=L2机械母集/待人工裁决。原始出表日期=1150827；完整发行人母集不推定PCB主营、中国大陆厂址或物理产能。"
cand:l2-twse-2204,issuer,issuer:TW:2204,issuer:TW:2204,-,-,-,中華,L2,TWSE OpenAPI 上市公司基本資料（完整母集）,https://openapi.twse.com.tw/v1/opendata/t187ap03_L,2026-08-28,待核,l2:TWSE:2204,无,不适用,L2机械母集；未挂格,"四件套：URL=source_url；检索日=2026-08-28；命中引语=""公司代號 2204""；判定类别=L2机械母集/待人工裁决。原始出表日期=1150827；完整发行人母集不推定PCB主营、中国大陆厂址或物理产能。"
cand:l2-twse-2206,issuer,issuer:TW:2206,issuer:TW:2206,-,-,-,三陽工業,L2,TWSE OpenAPI 上市公司基本資料（完整母集）,https://openapi.twse.com.tw/v1/opendata/t187ap03_L,2026-08-28,待核,l2:TWSE:2206,无,不适用,L2机械母集；未挂格,"四件套：URL=source_url；检索日=2026-08-28；命中引语=""公司代號 2206""；判定类别=L2机械母集/待人工裁决。原始出表日期=1150827；完整发行人母集不推定PCB主营、中国大陆厂址或物理产能。"
cand:l2-twse-2207,issuer,issuer:TW:2207,issuer:TW:2207,-,-,-,和泰車,L2,TWSE OpenAPI 上市公司基本資料（完整母集）,https://openapi.twse.com.tw/v1/opendata/t187ap03_L,2026-08-28,待核,l2:TWSE:2207,无,不适用,L2机械母集；未挂格,"四件套：URL=source_url；检索日=2026-08-28；命中引语=""公司代號 2207""；判定类别=L2机械母集/待人工裁决。原始出表日期=1150827；完整发行人母集不推定PCB主营、中国大陆厂址或物理产能。"
cand:l2-twse-2208,issuer,issuer:TW:2208,issuer:TW:2208,-,-,-,台船,L2,TWSE OpenAPI 上市公司基本資料（完整母集）,https://openapi.twse.com.tw/v1/opendata/t187ap03_L,2026-08-28,待核,l2:TWSE:2208,无,不适用,L2机械母集；未挂格,"四件套：URL=source_url；检索日=2026-08-28；命中引语=""公司代號 2208""；判定类别=L2机械母集/待人工裁决。原始出表日期=1150827；完整发行人母集不推定PCB主营、中国大陆厂址或物理产能。"
cand:l2-twse-2211,issuer,issuer:TW:2211,issuer:TW:2211,-,-,-,長榮鋼,L2,TWSE OpenAPI 上市公司基本資料（完整母集）,https://openapi.twse.com.tw/v1/opendata/t187ap03_L,2026-08-28,待核,l2:TWSE:2211,无,不适用,L2机械母集；未挂格,"四件套：URL=source_url；检索日=2026-08-28；命中引语=""公司代號 2211""；判定类别=L2机械母集/待人工裁决。原始出表日期=1150827；完整发行人母集不推定PCB主营、中国大陆厂址或物理产能。"
cand:l2-twse-2227,issuer,issuer:TW:2227,issuer:TW:2227,-,-,-,裕日車,L2,TWSE OpenAPI 上市公司基本資料（完整母集）,https://openapi.twse.com.tw/v1/opendata/t187ap03_L,2026-08-28,待核,l2:TWSE:2227,无,不适用,L2机械母集；未挂格,"四件套：URL=source_url；检索日=2026-08-28；命中引语=""公司代號 2227""；判定类别=L2机械母集/待人工裁决。原始出表日期=1150827；完整发行人母集不推定PCB主营、中国大陆厂址或物理产能。"
cand:l2-twse-2228,issuer,issuer:TW:2228,issuer:TW:2228,-,-,-,劍麟,L2,TWSE OpenAPI 上市公司基本資料（完整母集）,https://openapi.twse.com.tw/v1/opendata/t187ap03_L,2026-08-28,待核,l2:TWSE:2228,无,不适用,L2机械母集；未挂格,"四件套：URL=source_url；检索日=2026-08-28；命中引语=""公司代號 2228""；判定类别=L2机械母集/待人工裁决。原始出表日期=1150827；完整发行人母集不推定PCB主营、中国大陆厂址或物理产能。"
cand:l2-twse-2231,issuer,issuer:TW:2231,issuer:TW:2231,-,-,-,為升,L2,TWSE OpenAPI 上市公司基本資料（完整母集）,https://openapi.twse.com.tw/v1/opendata/t187ap03_L,2026-08-28,待核,l2:TWSE:2231,无,不适用,L2机械母集；未挂格,"四件套：URL=source_url；检索日=2026-08-28；命中引语=""公司代號 2231""；判定类别=L2机械母集/待人工裁决。原始出表日期=1150827；完整发行人母集不推定PCB主营、中国大陆厂址或物理产能。"
cand:l2-twse-2233,issuer,issuer:TW:2233,issuer:TW:2233,-,-,-,宇隆,L2,TWSE OpenAPI 上市公司基本資料（完整母集）,https://openapi.twse.com.tw/v1/opendata/t187ap03_L,2026-08-28,待核,l2:TWSE:2233,无,不适用,L2机械母集；未挂格,"四件套：URL=source_url；检索日=2026-08-28；命中引语=""公司代號 2233""；判定类别=L2机械母集/待人工裁决。原始出表日期=1150827；完整发行人母集不推定PCB主营、中国大陆厂址或物理产能。"
cand:l2-twse-2236,issuer,issuer:TW:2236,issuer:TW:2236,-,-,-,百達-KY,L2,TWSE OpenAPI 上市公司基本資料（完整母集）,https://openapi.twse.com.tw/v1/opendata/t187ap03_L,2026-08-28,待核,l2:TWSE:2236,无,不适用,L2机械母集；未挂格,"四件套：URL=source_url；检索日=2026-08-28；命中引语=""公司代號 2236""；判定类别=L2机械母集/待人工裁决。原始出表日期=1150827；完整发行人母集不推定PCB主营、中国大陆厂址或物理产能。"
cand:l2-twse-2237,issuer,issuer:TW:2237,issuer:TW:2237,-,-,-,華德動能-創,L2,TWSE OpenAPI 上市公司基本資料（完整母集）,https://openapi.twse.com.tw/v1/opendata/t187ap03_L,2026-08-28,待核,l2:TWSE:2237,无,不适用,L2机械母集；未挂格,"四件套：URL=source_url；检索日=2026-08-28；命中引语=""公司代號 2237""；判定类别=L2机械母集/待人工裁决。原始出表日期=1150827；完整发行人母集不推定PCB主营、中国大陆厂址或物理产能。"
cand:l2-twse-2239,issuer,issuer:TW:2239,issuer:TW:2239,-,-,-,英利-KY,L2,TWSE OpenAPI 上市公司基本資料（完整母集）,https://openapi.twse.com.tw/v1/opendata/t187ap03_L,2026-08-28,待核,l2:TWSE:2239,无,不适用,L2机械母集；未挂格,"四件套：URL=source_url；检索日=2026-08-28；命中引语=""公司代號 2239""；判定类别=L2机械母集/待人工裁决。原始出表日期=1150827；完整发行人母集不推定PCB主营、中国大陆厂址或物理产能。"
cand:l2-twse-2241,issuer,issuer:TW:2241,issuer:TW:2241,-,-,-,艾姆勒,L2,TWSE OpenAPI 上市公司基本資料（完整母集）,https://openapi.twse.com.tw/v1/opendata/t187ap03_L,2026-08-28,待核,l2:TWSE:2241,无,不适用,L2机械母集；未挂格,"四件套：URL=source_url；检索日=2026-08-28；命中引语=""公司代號 2241""；判定类别=L2机械母集/待人工裁决。原始出表日期=1150827；完整发行人母集不推定PCB主营、中国大陆厂址或物理产能。"
cand:l2-twse-2243,issuer,issuer:TW:2243,issuer:TW:2243,-,-,-,宏旭-KY,L2,TWSE OpenAPI 上市公司基本資料（完整母集）,https://openapi.twse.com.tw/v1/opendata/t187ap03_L,2026-08-28,待核,l2:TWSE:2243,无,不适用,L2机械母集；未挂格,"四件套：URL=source_url；检索日=2026-08-28；命中引语=""公司代號 2243""；判定类别=L2机械母集/待人工裁决。原始出表日期=1150827；完整发行人母集不推定PCB主营、中国大陆厂址或物理产能。"
cand:l2-twse-2247,issuer,issuer:TW:2247,issuer:TW:2247,-,-,-,汎德永業,L2,TWSE OpenAPI 上市公司基本資料（完整母集）,https://openapi.twse.com.tw/v1/opendata/t187ap03_L,2026-08-28,待核,l2:TWSE:2247,无,不适用,L2机械母集；未挂格,"四件套：URL=source_url；检索日=2026-08-28；命中引语=""公司代號 2247""；判定类别=L2机械母集/待人工裁决。原始出表日期=1150827；完整发行人母集不推定PCB主营、中国大陆厂址或物理产能。"
cand:l2-twse-2248,issuer,issuer:TW:2248,issuer:TW:2248,-,-,-,華勝-KY,L2,TWSE OpenAPI 上市公司基本資料（完整母集）,https://openapi.twse.com.tw/v1/opendata/t187ap03_L,2026-08-28,待核,l2:TWSE:2248,无,不适用,L2机械母集；未挂格,"四件套：URL=source_url；检索日=2026-08-28；命中引语=""公司代號 2248""；判定类别=L2机械母集/待人工裁决。原始出表日期=1150827；完整发行人母集不推定PCB主营、中国大陆厂址或物理产能。"
cand:l2-twse-2250,issuer,issuer:TW:2250,issuer:TW:2250,-,-,-,IKKA-KY,L2,TWSE OpenAPI 上市公司基本資料（完整母集）,https://openapi.twse.com.tw/v1/opendata/t187ap03_L,2026-08-28,待核,l2:TWSE:2250,无,不适用,L2机械母集；未挂格,"四件套：URL=source_url；检索日=2026-08-28；命中引语=""公司代號 2250""；判定类别=L2机械母集/待人工裁决。原始出表日期=1150827；完整发行人母集不推定PCB主营、中国大陆厂址或物理产能。"
cand:l2-twse-2254,issuer,issuer:TW:2254,issuer:TW:2254,-,-,-,巨鎧精密-創,L2,TWSE OpenAPI 上市公司基本資料（完整母集）,https://openapi.twse.com.tw/v1/opendata/t187ap03_L,2026-08-28,待核,l2:TWSE:2254,无,不适用,L2机械母集；未挂格,"四件套：URL=source_url；检索日=2026-08-28；命中引语=""公司代號 2254""；判定类别=L2机械母集/待人工裁决。原始出表日期=1150827；完整发行人母集不推定PCB主营、中国大陆厂址或物理产能。"
cand:l2-twse-2258,issuer,issuer:TW:2258,issuer:TW:2258,-,-,-,鴻華先進-創,L2,TWSE OpenAPI 上市公司基本資料（完整母集）,https://openapi.twse.com.tw/v1/opendata/t187ap03_L,2026-08-28,待核,l2:TWSE:2258,无,不适用,L2机械母集；未挂格,"四件套：URL=source_url；检索日=2026-08-28；命中引语=""公司代號 2258""；判定类别=L2机械母集/待人工裁决。原始出表日期=1150827；完整发行人母集不推定PCB主营、中国大陆厂址或物理产能。"
cand:l2-twse-2301,issuer,issuer:TW:2301,issuer:TW:2301,-,-,-,光寶科,L2,TWSE OpenAPI 上市公司基本資料（完整母集）,https://openapi.twse.com.tw/v1/opendata/t187ap03_L,2026-08-28,待核,l2:TWSE:2301,无,不适用,L2机械母集；未挂格,"四件套：URL=source_url；检索日=2026-08-28；命中引语=""公司代號 2301""；判定类别=L2机械母集/待人工裁决。原始出表日期=1150827；完整发行人母集不推定PCB主营、中国大陆厂址或物理产能。"
cand:l2-twse-2302,issuer,issuer:TW:2302,issuer:TW:2302,-,-,-,麗正,L2,TWSE OpenAPI 上市公司基本資料（完整母集）,https://openapi.twse.com.tw/v1/opendata/t187ap03_L,2026-08-28,待核,l2:TWSE:2302,无,不适用,L2机械母集；未挂格,"四件套：URL=source_url；检索日=2026-08-28；命中引语=""公司代號 2302""；判定类别=L2机械母集/待人工裁决。原始出表日期=1150827；完整发行人母集不推定PCB主营、中国大陆厂址或物理产能。"
cand:l2-twse-2303,issuer,issuer:TW:2303,issuer:TW:2303,-,-,-,聯電,L2,TWSE OpenAPI 上市公司基本資料（完整母集）,https://openapi.twse.com.tw/v1/opendata/t187ap03_L,2026-08-28,待核,l2:TWSE:2303,无,不适用,L2机械母集；未挂格,"四件套：URL=source_url；检索日=2026-08-28；命中引语=""公司代號 2303""；判定类别=L2机械母集/待人工裁决。原始出表日期=1150827；完整发行人母集不推定PCB主营、中国大陆厂址或物理产能。"
cand:l2-twse-2305,issuer,issuer:TW:2305,issuer:TW:2305,-,-,-,全友,L2,TWSE OpenAPI 上市公司基本資料（完整母集）,https://openapi.twse.com.tw/v1/opendata/t187ap03_L,2026-08-28,待核,l2:TWSE:2305,无,不适用,L2机械母集；未挂格,"四件套：URL=source_url；检索日=2026-08-28；命中引语=""公司代號 2305""；判定类别=L2机械母集/待人工裁决。原始出表日期=1150827；完整发行人母集不推定PCB主营、中国大陆厂址或物理产能。"
cand:l2-twse-2308,issuer,issuer:TW:2308,issuer:TW:2308,-,-,-,台達電,L2,TWSE OpenAPI 上市公司基本資料（完整母集）,https://openapi.twse.com.tw/v1/opendata/t187ap03_L,2026-08-28,待核,l2:TWSE:2308,无,不适用,L2机械母集；未挂格,"四件套：URL=source_url；检索日=2026-08-28；命中引语=""公司代號 2308""；判定类别=L2机械母集/待人工裁决。原始出表日期=1150827；完整发行人母集不推定PCB主营、中国大陆厂址或物理产能。"
cand:l2-twse-2312,issuer,issuer:TW:2312,issuer:TW:2312,-,-,-,金寶,L2,TWSE OpenAPI 上市公司基本資料（完整母集）,https://openapi.twse.com.tw/v1/opendata/t187ap03_L,2026-08-28,待核,l2:TWSE:2312,无,不适用,L2机械母集；未挂格,"四件套：URL=source_url；检索日=2026-08-28；命中引语=""公司代號 2312""；判定类别=L2机械母集/待人工裁决。原始出表日期=1150827；完整发行人母集不推定PCB主营、中国大陆厂址或物理产能。"
cand:l2-twse-2313,issuer,issuer:TW:2313,issuer:TW:2313,-,-,-,華通,L2,TWSE OpenAPI 上市公司基本資料（完整母集）,https://openapi.twse.com.tw/v1/opendata/t187ap03_L,2026-08-28,待核,l2:TWSE:2313,无,不适用,L2机械母集；未挂格,"四件套：URL=source_url；检索日=2026-08-28；命中引语=""公司代號 2313""；判定类别=L2机械母集/待人工裁决。原始出表日期=1150827；完整发行人母集不推定PCB主营、中国大陆厂址或物理产能。"
cand:l2-twse-2314,issuer,issuer:TW:2314,issuer:TW:2314,-,-,-,台揚,L2,TWSE OpenAPI 上市公司基本資料（完整母集）,https://openapi.twse.com.tw/v1/opendata/t187ap03_L,2026-08-28,待核,l2:TWSE:2314,无,不适用,L2机械母集；未挂格,"四件套：URL=source_url；检索日=2026-08-28；命中引语=""公司代號 2314""；判定类别=L2机械母集/待人工裁决。原始出表日期=1150827；完整发行人母集不推定PCB主营、中国大陆厂址或物理产能。"
cand:l2-twse-2316,issuer,issuer:TW:2316,issuer:TW:2316,-,-,-,楠梓電,L2,TWSE OpenAPI 上市公司基本資料（完整母集）,https://openapi.twse.com.tw/v1/opendata/t187ap03_L,2026-08-28,待核,l2:TWSE:2316,无,不适用,L2机械母集；未挂格,"四件套：URL=source_url；检索日=2026-08-28；命中引语=""公司代號 2316""；判定类别=L2机械母集/待人工裁决。原始出表日期=1150827；完整发行人母集不推定PCB主营、中国大陆厂址或物理产能。"
cand:l2-twse-2317,issuer,issuer:TW:2317,issuer:TW:2317,-,-,-,鴻海,L2,TWSE OpenAPI 上市公司基本資料（完整母集）,https://openapi.twse.com.tw/v1/opendata/t187ap03_L,2026-08-28,待核,l2:TWSE:2317,无,不适用,L2机械母集；未挂格,"四件套：URL=source_url；检索日=2026-08-28；命中引语=""公司代號 2317""；判定类别=L2机械母集/待人工裁决。原始出表日期=1150827；完整发行人母集不推定PCB主营、中国大陆厂址或物理产能。"
cand:l2-twse-2321,issuer,issuer:TW:2321,issuer:TW:2321,-,-,-,東訊,L2,TWSE OpenAPI 上市公司基本資料（完整母集）,https://openapi.twse.com.tw/v1/opendata/t187ap03_L,2026-08-28,待核,l2:TWSE:2321,无,不适用,L2机械母集；未挂格,"四件套：URL=source_url；检索日=2026-08-28；命中引语=""公司代號 2321""；判定类别=L2机械母集/待人工裁决。原始出表日期=1150827；完整发行人母集不推定PCB主营、中国大陆厂址或物理产能。"
cand:l2-twse-2323,issuer,issuer:TW:2323,issuer:TW:2323,-,-,-,中環,L2,TWSE OpenAPI 上市公司基本資料（完整母集）,https://openapi.twse.com.tw/v1/opendata/t187ap03_L,2026-08-28,待核,l2:TWSE:2323,无,不适用,L2机械母集；未挂格,"四件套：URL=source_url；检索日=2026-08-28；命中引语=""公司代號 2323""；判定类别=L2机械母集/待人工裁决。原始出表日期=1150827；完整发行人母集不推定PCB主营、中国大陆厂址或物理产能。"
cand:l2-twse-2324,issuer,issuer:TW:2324,issuer:TW:2324,-,-,-,仁寶,L2,TWSE OpenAPI 上市公司基本資料（完整母集）,https://openapi.twse.com.tw/v1/opendata/t187ap03_L,2026-08-28,待核,l2:TWSE:2324,无,不适用,L2机械母集；未挂格,"四件套：URL=source_url；检索日=2026-08-28；命中引语=""公司代號 2324""；判定类别=L2机械母集/待人工裁决。原始出表日期=1150827；完整发行人母集不推定PCB主营、中国大陆厂址或物理产能。"
cand:l2-twse-2327,issuer,issuer:TW:2327,issuer:TW:2327,-,-,-,國巨*,L2,TWSE OpenAPI 上市公司基本資料（完整母集）,https://openapi.twse.com.tw/v1/opendata/t187ap03_L,2026-08-28,待核,l2:TWSE:2327,无,不适用,L2机械母集；未挂格,"四件套：URL=source_url；检索日=2026-08-28；命中引语=""公司代號 2327""；判定类别=L2机械母集/待人工裁决。原始出表日期=1150827；完整发行人母集不推定PCB主营、中国大陆厂址或物理产能。"
cand:l2-twse-2328,issuer,issuer:TW:2328,issuer:TW:2328,-,-,-,廣宇,L2,TWSE OpenAPI 上市公司基本資料（完整母集）,https://openapi.twse.com.tw/v1/opendata/t187ap03_L,2026-08-28,待核,l2:TWSE:2328,无,不适用,L2机械母集；未挂格,"四件套：URL=source_url；检索日=2026-08-28；命中引语=""公司代號 2328""；判定类别=L2机械母集/待人工裁决。原始出表日期=1150827；完整发行人母集不推定PCB主营、中国大陆厂址或物理产能。"
cand:l2-twse-2329,issuer,issuer:TW:2329,issuer:TW:2329,-,-,-,華泰,L2,TWSE OpenAPI 上市公司基本資料（完整母集）,https://openapi.twse.com.tw/v1/opendata/t187ap03_L,2026-08-28,待核,l2:TWSE:2329,无,不适用,L2机械母集；未挂格,"四件套：URL=source_url；检索日=2026-08-28；命中引语=""公司代號 2329""；判定类别=L2机械母集/待人工裁决。原始出表日期=1150827；完整发行人母集不推定PCB主营、中国大陆厂址或物理产能。"
cand:l2-twse-2330,issuer,issuer:TW:2330,issuer:TW:2330,-,-,-,台積電,L2,TWSE OpenAPI 上市公司基本資料（完整母集）,https://openapi.twse.com.tw/v1/opendata/t187ap03_L,2026-08-28,待核,l2:TWSE:2330,无,不适用,L2机械母集；未挂格,"四件套：URL=source_url；检索日=2026-08-28；命中引语=""公司代號 2330""；判定类别=L2机械母集/待人工裁决。原始出表日期=1150827；完整发行人母集不推定PCB主营、中国大陆厂址或物理产能。"
cand:l2-twse-2331,issuer,issuer:TW:2331,issuer:TW:2331,-,-,-,精英,L2,TWSE OpenAPI 上市公司基本資料（完整母集）,https://openapi.twse.com.tw/v1/opendata/t187ap03_L,2026-08-28,待核,l2:TWSE:2331,无,不适用,L2机械母集；未挂格,"四件套：URL=source_url；检索日=2026-08-28；命中引语=""公司代號 2331""；判定类别=L2机械母集/待人工裁决。原始出表日期=1150827；完整发行人母集不推定PCB主营、中国大陆厂址或物理产能。"
cand:l2-twse-2332,issuer,issuer:TW:2332,issuer:TW:2332,-,-,-,友訊,L2,TWSE OpenAPI 上市公司基本資料（完整母集）,https://openapi.twse.com.tw/v1/opendata/t187ap03_L,2026-08-28,待核,l2:TWSE:2332,无,不适用,L2机械母集；未挂格,"四件套：URL=source_url；检索日=2026-08-28；命中引语=""公司代號 2332""；判定类别=L2机械母集/待人工裁决。原始出表日期=1150827；完整发行人母集不推定PCB主营、中国大陆厂址或物理产能。"
cand:l2-twse-2337,issuer,issuer:TW:2337,issuer:TW:2337,-,-,-,旺宏,L2,TWSE OpenAPI 上市公司基本資料（完整母集）,https://openapi.twse.com.tw/v1/opendata/t187ap03_L,2026-08-28,待核,l2:TWSE:2337,无,不适用,L2机械母集；未挂格,"四件套：URL=source_url；检索日=2026-08-28；命中引语=""公司代號 2337""；判定类别=L2机械母集/待人工裁决。原始出表日期=1150827；完整发行人母集不推定PCB主营、中国大陆厂址或物理产能。"
cand:l2-twse-2338,issuer,issuer:TW:2338,issuer:TW:2338,-,-,-,光罩,L2,TWSE OpenAPI 上市公司基本資料（完整母集）,https://openapi.twse.com.tw/v1/opendata/t187ap03_L,2026-08-28,待核,l2:TWSE:2338,无,不适用,L2机械母集；未挂格,"四件套：URL=source_url；检索日=2026-08-28；命中引语=""公司代號 2338""；判定类别=L2机械母集/待人工裁决。原始出表日期=1150827；完整发行人母集不推定PCB主营、中国大陆厂址或物理产能。"
cand:l2-twse-2340,issuer,issuer:TW:2340,issuer:TW:2340,-,-,-,台亞,L2,TWSE OpenAPI 上市公司基本資料（完整母集）,https://openapi.twse.com.tw/v1/opendata/t187ap03_L,2026-08-28,待核,l2:TWSE:2340,无,不适用,L2机械母集；未挂格,"四件套：URL=source_url；检索日=2026-08-28；命中引语=""公司代號 2340""；判定类别=L2机械母集/待人工裁决。原始出表日期=1150827；完整发行人母集不推定PCB主营、中国大陆厂址或物理产能。"
cand:l2-twse-2342,issuer,issuer:TW:2342,issuer:TW:2342,-,-,-,茂矽,L2,TWSE OpenAPI 上市公司基本資料（完整母集）,https://openapi.twse.com.tw/v1/opendata/t187ap03_L,2026-08-28,待核,l2:TWSE:2342,无,不适用,L2机械母集；未挂格,"四件套：URL=source_url；检索日=2026-08-28；命中引语=""公司代號 2342""；判定类别=L2机械母集/待人工裁决。原始出表日期=1150827；完整发行人母集不推定PCB主营、中国大陆厂址或物理产能。"
cand:l2-twse-2344,issuer,issuer:TW:2344,issuer:TW:2344,-,-,-,華邦電,L2,TWSE OpenAPI 上市公司基本資料（完整母集）,https://openapi.twse.com.tw/v1/opendata/t187ap03_L,2026-08-28,待核,l2:TWSE:2344,无,不适用,L2机械母集；未挂格,"四件套：URL=source_url；检索日=2026-08-28；命中引语=""公司代號 2344""；判定类别=L2机械母集/待人工裁决。原始出表日期=1150827；完整发行人母集不推定PCB主营、中国大陆厂址或物理产能。"
cand:l2-twse-2345,issuer,issuer:TW:2345,issuer:TW:2345,-,-,-,智邦,L2,TWSE OpenAPI 上市公司基本資料（完整母集）,https://openapi.twse.com.tw/v1/opendata/t187ap03_L,2026-08-28,待核,l2:TWSE:2345,无,不适用,L2机械母集；未挂格,"四件套：URL=source_url；检索日=2026-08-28；命中引语=""公司代號 2345""；判定类别=L2机械母集/待人工裁决。原始出表日期=1150827；完整发行人母集不推定PCB主营、中国大陆厂址或物理产能。"
cand:l2-twse-2347,issuer,issuer:TW:2347,issuer:TW:2347,-,-,-,聯強,L2,TWSE OpenAPI 上市公司基本資料（完整母集）,https://openapi.twse.com.tw/v1/opendata/t187ap03_L,2026-08-28,待核,l2:TWSE:2347,无,不适用,L2机械母集；未挂格,"四件套：URL=source_url；检索日=2026-08-28；命中引语=""公司代號 2347""；判定类别=L2机械母集/待人工裁决。原始出表日期=1150827；完整发行人母集不推定PCB主营、中国大陆厂址或物理产能。"
cand:l2-twse-2348,issuer,issuer:TW:2348,issuer:TW:2348,-,-,-,海悅,L2,TWSE OpenAPI 上市公司基本資料（完整母集）,https://openapi.twse.com.tw/v1/opendata/t187ap03_L,2026-08-28,待核,l2:TWSE:2348,无,不适用,L2机械母集；未挂格,"四件套：URL=source_url；检索日=2026-08-28；命中引语=""公司代號 2348""；判定类别=L2机械母集/待人工裁决。原始出表日期=1150827；完整发行人母集不推定PCB主营、中国大陆厂址或物理产能。"
cand:l2-twse-2349,issuer,issuer:TW:2349,issuer:TW:2349,-,-,-,錸德,L2,TWSE OpenAPI 上市公司基本資料（完整母集）,https://openapi.twse.com.tw/v1/opendata/t187ap03_L,2026-08-28,待核,l2:TWSE:2349,无,不适用,L2机械母集；未挂格,"四件套：URL=source_url；检索日=2026-08-28；命中引语=""公司代號 2349""；判定类别=L2机械母集/待人工裁决。原始出表日期=1150827；完整发行人母集不推定PCB主营、中国大陆厂址或物理产能。"
cand:l2-twse-2351,issuer,issuer:TW:2351,issuer:TW:2351,-,-,-,順德,L2,TWSE OpenAPI 上市公司基本資料（完整母集）,https://openapi.twse.com.tw/v1/opendata/t187ap03_L,2026-08-28,待核,l2:TWSE:2351,无,不适用,L2机械母集；未挂格,"四件套：URL=source_url；检索日=2026-08-28；命中引语=""公司代號 2351""；判定类别=L2机械母集/待人工裁决。原始出表日期=1150827；完整发行人母集不推定PCB主营、中国大陆厂址或物理产能。"
cand:l2-twse-2352,issuer,issuer:TW:2352,issuer:TW:2352,-,-,-,佳世達,L2,TWSE OpenAPI 上市公司基本資料（完整母集）,https://openapi.twse.com.tw/v1/opendata/t187ap03_L,2026-08-28,待核,l2:TWSE:2352,无,不适用,L2机械母集；未挂格,"四件套：URL=source_url；检索日=2026-08-28；命中引语=""公司代號 2352""；判定类别=L2机械母集/待人工裁决。原始出表日期=1150827；完整发行人母集不推定PCB主营、中国大陆厂址或物理产能。"
cand:l2-twse-2353,issuer,issuer:TW:2353,issuer:TW:2353,-,-,-,宏碁,L2,TWSE OpenAPI 上市公司基本資料（完整母集）,https://openapi.twse.com.tw/v1/opendata/t187ap03_L,2026-08-28,待核,l2:TWSE:2353,无,不适用,L2机械母集；未挂格,"四件套：URL=source_url；检索日=2026-08-28；命中引语=""公司代號 2353""；判定类别=L2机械母集/待人工裁决。原始出表日期=1150827；完整发行人母集不推定PCB主营、中国大陆厂址或物理产能。"
cand:l2-twse-2354,issuer,issuer:TW:2354,issuer:TW:2354,-,-,-,鴻準,L2,TWSE OpenAPI 上市公司基本資料（完整母集）,https://openapi.twse.com.tw/v1/opendata/t187ap03_L,2026-08-28,待核,l2:TWSE:2354,无,不适用,L2机械母集；未挂格,"四件套：URL=source_url；检索日=2026-08-28；命中引语=""公司代號 2354""；判定类别=L2机械母集/待人工裁决。原始出表日期=1150827；完整发行人母集不推定PCB主营、中国大陆厂址或物理产能。"
cand:l2-twse-2355,issuer,issuer:TW:2355,issuer:TW:2355,-,-,-,敬鵬,L2,TWSE OpenAPI 上市公司基本資料（完整母集）,https://openapi.twse.com.tw/v1/opendata/t187ap03_L,2026-08-28,待核,l2:TWSE:2355,无,不适用,L2机械母集；未挂格,"四件套：URL=source_url；检索日=2026-08-28；命中引语=""公司代號 2355""；判定类别=L2机械母集/待人工裁决。原始出表日期=1150827；完整发行人母集不推定PCB主营、中国大陆厂址或物理产能。"
cand:l2-twse-2356,issuer,issuer:TW:2356,issuer:TW:2356,-,-,-,英業達,L2,TWSE OpenAPI 上市公司基本資料（完整母集）,https://openapi.twse.com.tw/v1/opendata/t187ap03_L,2026-08-28,待核,l2:TWSE:2356,无,不适用,L2机械母集；未挂格,"四件套：URL=source_url；检索日=2026-08-28；命中引语=""公司代號 2356""；判定类别=L2机械母集/待人工裁决。原始出表日期=1150827；完整发行人母集不推定PCB主营、中国大陆厂址或物理产能。"
cand:l2-twse-2357,issuer,issuer:TW:2357,issuer:TW:2357,-,-,-,華碩,L2,TWSE OpenAPI 上市公司基本資料（完整母集）,https://openapi.twse.com.tw/v1/opendata/t187ap03_L,2026-08-28,待核,l2:TWSE:2357,无,不适用,L2机械母集；未挂格,"四件套：URL=source_url；检索日=2026-08-28；命中引语=""公司代號 2357""；判定类别=L2机械母集/待人工裁决。原始出表日期=1150827；完整发行人母集不推定PCB主营、中国大陆厂址或物理产能。"
cand:l2-twse-2359,issuer,issuer:TW:2359,issuer:TW:2359,-,-,-,所羅門,L2,TWSE OpenAPI 上市公司基本資料（完整母集）,https://openapi.twse.com.tw/v1/opendata/t187ap03_L,2026-08-28,待核,l2:TWSE:2359,无,不适用,L2机械母集；未挂格,"四件套：URL=source_url；检索日=2026-08-28；命中引语=""公司代號 2359""；判定类别=L2机械母集/待人工裁决。原始出表日期=1150827；完整发行人母集不推定PCB主营、中国大陆厂址或物理产能。"
cand:l2-twse-2360,issuer,issuer:TW:2360,issuer:TW:2360,-,-,-,致茂,L2,TWSE OpenAPI 上市公司基本資料（完整母集）,https://openapi.twse.com.tw/v1/opendata/t187ap03_L,2026-08-28,待核,l2:TWSE:2360,无,不适用,L2机械母集；未挂格,"四件套：URL=source_url；检索日=2026-08-28；命中引语=""公司代號 2360""；判定类别=L2机械母集/待人工裁决。原始出表日期=1150827；完整发行人母集不推定PCB主营、中国大陆厂址或物理产能。"
cand:l2-twse-2362,issuer,issuer:TW:2362,issuer:TW:2362,-,-,-,藍天,L2,TWSE OpenAPI 上市公司基本資料（完整母集）,https://openapi.twse.com.tw/v1/opendata/t187ap03_L,2026-08-28,待核,l2:TWSE:2362,无,不适用,L2机械母集；未挂格,"四件套：URL=source_url；检索日=2026-08-28；命中引语=""公司代號 2362""；判定类别=L2机械母集/待人工裁决。原始出表日期=1150827；完整发行人母集不推定PCB主营、中国大陆厂址或物理产能。"
cand:l2-twse-2363,issuer,issuer:TW:2363,issuer:TW:2363,-,-,-,矽統,L2,TWSE OpenAPI 上市公司基本資料（完整母集）,https://openapi.twse.com.tw/v1/opendata/t187ap03_L,2026-08-28,待核,l2:TWSE:2363,无,不适用,L2机械母集；未挂格,"四件套：URL=source_url；检索日=2026-08-28；命中引语=""公司代號 2363""；判定类别=L2机械母集/待人工裁决。原始出表日期=1150827；完整发行人母集不推定PCB主营、中国大陆厂址或物理产能。"
cand:l2-twse-2364,issuer,issuer:TW:2364,issuer:TW:2364,-,-,-,倫飛,L2,TWSE OpenAPI 上市公司基本資料（完整母集）,https://openapi.twse.com.tw/v1/opendata/t187ap03_L,2026-08-28,待核,l2:TWSE:2364,无,不适用,L2机械母集；未挂格,"四件套：URL=source_url；检索日=2026-08-28；命中引语=""公司代號 2364""；判定类别=L2机械母集/待人工裁决。原始出表日期=1150827；完整发行人母集不推定PCB主营、中国大陆厂址或物理产能。"
cand:l2-twse-2365,issuer,issuer:TW:2365,issuer:TW:2365,-,-,-,昆盈,L2,TWSE OpenAPI 上市公司基本資料（完整母集）,https://openapi.twse.com.tw/v1/opendata/t187ap03_L,2026-08-28,待核,l2:TWSE:2365,无,不适用,L2机械母集；未挂格,"四件套：URL=source_url；检索日=2026-08-28；命中引语=""公司代號 2365""；判定类别=L2机械母集/待人工裁决。原始出表日期=1150827；完整发行人母集不推定PCB主营、中国大陆厂址或物理产能。"
cand:l2-twse-2367,issuer,issuer:TW:2367,issuer:TW:2367,-,-,-,燿華,L2,TWSE OpenAPI 上市公司基本資料（完整母集）,https://openapi.twse.com.tw/v1/opendata/t187ap03_L,2026-08-28,待核,l2:TWSE:2367,无,不适用,L2机械母集；未挂格,"四件套：URL=source_url；检索日=2026-08-28；命中引语=""公司代號 2367""；判定类别=L2机械母集/待人工裁决。原始出表日期=1150827；完整发行人母集不推定PCB主营、中国大陆厂址或物理产能。"
cand:l2-twse-2368,issuer,issuer:TW:2368,issuer:TW:2368,-,-,-,金像電,L2,TWSE OpenAPI 上市公司基本資料（完整母集）,https://openapi.twse.com.tw/v1/opendata/t187ap03_L,2026-08-28,待核,l2:TWSE:2368,无,不适用,L2机械母集；未挂格,"四件套：URL=source_url；检索日=2026-08-28；命中引语=""公司代號 2368""；判定类别=L2机械母集/待人工裁决。原始出表日期=1150827；完整发行人母集不推定PCB主营、中国大陆厂址或物理产能。"
cand:l2-twse-2369,issuer,issuer:TW:2369,issuer:TW:2369,-,-,-,菱生,L2,TWSE OpenAPI 上市公司基本資料（完整母集）,https://openapi.twse.com.tw/v1/opendata/t187ap03_L,2026-08-28,待核,l2:TWSE:2369,无,不适用,L2机械母集；未挂格,"四件套：URL=source_url；检索日=2026-08-28；命中引语=""公司代號 2369""；判定类别=L2机械母集/待人工裁决。原始出表日期=1150827；完整发行人母集不推定PCB主营、中国大陆厂址或物理产能。"
cand:l2-twse-2371,issuer,issuer:TW:2371,issuer:TW:2371,-,-,-,大同,L2,TWSE OpenAPI 上市公司基本資料（完整母集）,https://openapi.twse.com.tw/v1/opendata/t187ap03_L,2026-08-28,待核,l2:TWSE:2371,无,不适用,L2机械母集；未挂格,"四件套：URL=source_url；检索日=2026-08-28；命中引语=""公司代號 2371""；判定类别=L2机械母集/待人工裁决。原始出表日期=1150827；完整发行人母集不推定PCB主营、中国大陆厂址或物理产能。"
cand:l2-twse-2373,issuer,issuer:TW:2373,issuer:TW:2373,-,-,-,震旦行,L2,TWSE OpenAPI 上市公司基本資料（完整母集）,https://openapi.twse.com.tw/v1/opendata/t187ap03_L,2026-08-28,待核,l2:TWSE:2373,无,不适用,L2机械母集；未挂格,"四件套：URL=source_url；检索日=2026-08-28；命中引语=""公司代號 2373""；判定类别=L2机械母集/待人工裁决。原始出表日期=1150827；完整发行人母集不推定PCB主营、中国大陆厂址或物理产能。"
cand:l2-twse-2374,issuer,issuer:TW:2374,issuer:TW:2374,-,-,-,佳能,L2,TWSE OpenAPI 上市公司基本資料（完整母集）,https://openapi.twse.com.tw/v1/opendata/t187ap03_L,2026-08-28,待核,l2:TWSE:2374,无,不适用,L2机械母集；未挂格,"四件套：URL=source_url；检索日=2026-08-28；命中引语=""公司代號 2374""；判定类别=L2机械母集/待人工裁决。原始出表日期=1150827；完整发行人母集不推定PCB主营、中国大陆厂址或物理产能。"
cand:l2-twse-2375,issuer,issuer:TW:2375,issuer:TW:2375,-,-,-,凱美,L2,TWSE OpenAPI 上市公司基本資料（完整母集）,https://openapi.twse.com.tw/v1/opendata/t187ap03_L,2026-08-28,待核,l2:TWSE:2375,无,不适用,L2机械母集；未挂格,"四件套：URL=source_url；检索日=2026-08-28；命中引语=""公司代號 2375""；判定类别=L2机械母集/待人工裁决。原始出表日期=1150827；完整发行人母集不推定PCB主营、中国大陆厂址或物理产能。"
cand:l2-twse-2376,issuer,issuer:TW:2376,issuer:TW:2376,-,-,-,技嘉,L2,TWSE OpenAPI 上市公司基本資料（完整母集）,https://openapi.twse.com.tw/v1/opendata/t187ap03_L,2026-08-28,待核,l2:TWSE:2376,无,不适用,L2机械母集；未挂格,"四件套：URL=source_url；检索日=2026-08-28；命中引语=""公司代號 2376""；判定类别=L2机械母集/待人工裁决。原始出表日期=1150827；完整发行人母集不推定PCB主营、中国大陆厂址或物理产能。"
cand:l2-twse-2377,issuer,issuer:TW:2377,issuer:TW:2377,-,-,-,微星,L2,TWSE OpenAPI 上市公司基本資料（完整母集）,https://openapi.twse.com.tw/v1/opendata/t187ap03_L,2026-08-28,待核,l2:TWSE:2377,无,不适用,L2机械母集；未挂格,"四件套：URL=source_url；检索日=2026-08-28；命中引语=""公司代號 2377""；判定类别=L2机械母集/待人工裁决。原始出表日期=1150827；完整发行人母集不推定PCB主营、中国大陆厂址或物理产能。"
cand:l2-twse-2379,issuer,issuer:TW:2379,issuer:TW:2379,-,-,-,瑞昱,L2,TWSE OpenAPI 上市公司基本資料（完整母集）,https://openapi.twse.com.tw/v1/opendata/t187ap03_L,2026-08-28,待核,l2:TWSE:2379,无,不适用,L2机械母集；未挂格,"四件套：URL=source_url；检索日=2026-08-28；命中引语=""公司代號 2379""；判定类别=L2机械母集/待人工裁决。原始出表日期=1150827；完整发行人母集不推定PCB主营、中国大陆厂址或物理产能。"
cand:l2-twse-2380,issuer,issuer:TW:2380,issuer:TW:2380,-,-,-,虹光,L2,TWSE OpenAPI 上市公司基本資料（完整母集）,https://openapi.twse.com.tw/v1/opendata/t187ap03_L,2026-08-28,待核,l2:TWSE:2380,无,不适用,L2机械母集；未挂格,"四件套：URL=source_url；检索日=2026-08-28；命中引语=""公司代號 2380""；判定类别=L2机械母集/待人工裁决。原始出表日期=1150827；完整发行人母集不推定PCB主营、中国大陆厂址或物理产能。"
cand:l2-twse-2382,issuer,issuer:TW:2382,issuer:TW:2382,-,-,-,廣達,L2,TWSE OpenAPI 上市公司基本資料（完整母集）,https://openapi.twse.com.tw/v1/opendata/t187ap03_L,2026-08-28,待核,l2:TWSE:2382,无,不适用,L2机械母集；未挂格,"四件套：URL=source_url；检索日=2026-08-28；命中引语=""公司代號 2382""；判定类别=L2机械母集/待人工裁决。原始出表日期=1150827；完整发行人母集不推定PCB主营、中国大陆厂址或物理产能。"
cand:l2-twse-2383,issuer,issuer:TW:2383,issuer:TW:2383,-,-,-,台光電,L2,TWSE OpenAPI 上市公司基本資料（完整母集）,https://openapi.twse.com.tw/v1/opendata/t187ap03_L,2026-08-28,待核,l2:TWSE:2383,无,不适用,L2机械母集；未挂格,"四件套：URL=source_url；检索日=2026-08-28；命中引语=""公司代號 2383""；判定类别=L2机械母集/待人工裁决。原始出表日期=1150827；完整发行人母集不推定PCB主营、中国大陆厂址或物理产能。"
cand:l2-twse-2385,issuer,issuer:TW:2385,issuer:TW:2385,-,-,-,群光,L2,TWSE OpenAPI 上市公司基本資料（完整母集）,https://openapi.twse.com.tw/v1/opendata/t187ap03_L,2026-08-28,待核,l2:TWSE:2385,无,不适用,L2机械母集；未挂格,"四件套：URL=source_url；检索日=2026-08-28；命中引语=""公司代號 2385""；判定类别=L2机械母集/待人工裁决。原始出表日期=1150827；完整发行人母集不推定PCB主营、中国大陆厂址或物理产能。"
cand:l2-twse-2387,issuer,issuer:TW:2387,issuer:TW:2387,-,-,-,精元,L2,TWSE OpenAPI 上市公司基本資料（完整母集）,https://openapi.twse.com.tw/v1/opendata/t187ap03_L,2026-08-28,待核,l2:TWSE:2387,无,不适用,L2机械母集；未挂格,"四件套：URL=source_url；检索日=2026-08-28；命中引语=""公司代號 2387""；判定类别=L2机械母集/待人工裁决。原始出表日期=1150827；完整发行人母集不推定PCB主营、中国大陆厂址或物理产能。"
cand:l2-twse-2388,issuer,issuer:TW:2388,issuer:TW:2388,-,-,-,威盛,L2,TWSE OpenAPI 上市公司基本資料（完整母集）,https://openapi.twse.com.tw/v1/opendata/t187ap03_L,2026-08-28,待核,l2:TWSE:2388,无,不适用,L2机械母集；未挂格,"四件套：URL=source_url；检索日=2026-08-28；命中引语=""公司代號 2388""；判定类别=L2机械母集/待人工裁决。原始出表日期=1150827；完整发行人母集不推定PCB主营、中国大陆厂址或物理产能。"
cand:l2-twse-2390,issuer,issuer:TW:2390,issuer:TW:2390,-,-,-,云辰,L2,TWSE OpenAPI 上市公司基本資料（完整母集）,https://openapi.twse.com.tw/v1/opendata/t187ap03_L,2026-08-28,待核,l2:TWSE:2390,无,不适用,L2机械母集；未挂格,"四件套：URL=source_url；检索日=2026-08-28；命中引语=""公司代號 2390""；判定类别=L2机械母集/待人工裁决。原始出表日期=1150827；完整发行人母集不推定PCB主营、中国大陆厂址或物理产能。"
cand:l2-twse-2392,issuer,issuer:TW:2392,issuer:TW:2392,-,-,-,正崴,L2,TWSE OpenAPI 上市公司基本資料（完整母集）,https://openapi.twse.com.tw/v1/opendata/t187ap03_L,2026-08-28,待核,l2:TWSE:2392,无,不适用,L2机械母集；未挂格,"四件套：URL=source_url；检索日=2026-08-28；命中引语=""公司代號 2392""；判定类别=L2机械母集/待人工裁决。原始出表日期=1150827；完整发行人母集不推定PCB主营、中国大陆厂址或物理产能。"
cand:l2-twse-2393,issuer,issuer:TW:2393,issuer:TW:2393,-,-,-,億光,L2,TWSE OpenAPI 上市公司基本資料（完整母集）,https://openapi.twse.com.tw/v1/opendata/t187ap03_L,2026-08-28,待核,l2:TWSE:2393,无,不适用,L2机械母集；未挂格,"四件套：URL=source_url；检索日=2026-08-28；命中引语=""公司代號 2393""；判定类别=L2机械母集/待人工裁决。原始出表日期=1150827；完整发行人母集不推定PCB主营、中国大陆厂址或物理产能。"
cand:l2-twse-2395,issuer,issuer:TW:2395,issuer:TW:2395,-,-,-,研華,L2,TWSE OpenAPI 上市公司基本資料（完整母集）,https://openapi.twse.com.tw/v1/opendata/t187ap03_L,2026-08-28,待核,l2:TWSE:2395,无,不适用,L2机械母集；未挂格,"四件套：URL=source_url；检索日=2026-08-28；命中引语=""公司代號 2395""；判定类别=L2机械母集/待人工裁决。原始出表日期=1150827；完整发行人母集不推定PCB主营、中国大陆厂址或物理产能。"
cand:l2-twse-2397,issuer,issuer:TW:2397,issuer:TW:2397,-,-,-,友通,L2,TWSE OpenAPI 上市公司基本資料（完整母集）,https://openapi.twse.com.tw/v1/opendata/t187ap03_L,2026-08-28,待核,l2:TWSE:2397,无,不适用,L2机械母集；未挂格,"四件套：URL=source_url；检索日=2026-08-28；命中引语=""公司代號 2397""；判定类别=L2机械母集/待人工裁决。原始出表日期=1150827；完整发行人母集不推定PCB主营、中国大陆厂址或物理产能。"
cand:l2-twse-2399,issuer,issuer:TW:2399,issuer:TW:2399,-,-,-,映泰,L2,TWSE OpenAPI 上市公司基本資料（完整母集）,https://openapi.twse.com.tw/v1/opendata/t187ap03_L,2026-08-28,待核,l2:TWSE:2399,无,不适用,L2机械母集；未挂格,"四件套：URL=source_url；检索日=2026-08-28；命中引语=""公司代號 2399""；判定类别=L2机械母集/待人工裁决。原始出表日期=1150827；完整发行人母集不推定PCB主营、中国大陆厂址或物理产能。"
cand:l2-twse-2401,issuer,issuer:TW:2401,issuer:TW:2401,-,-,-,凌陽,L2,TWSE OpenAPI 上市公司基本資料（完整母集）,https://openapi.twse.com.tw/v1/opendata/t187ap03_L,2026-08-28,待核,l2:TWSE:2401,无,不适用,L2机械母集；未挂格,"四件套：URL=source_url；检索日=2026-08-28；命中引语=""公司代號 2401""；判定类别=L2机械母集/待人工裁决。原始出表日期=1150827；完整发行人母集不推定PCB主营、中国大陆厂址或物理产能。"
cand:l2-twse-2402,issuer,issuer:TW:2402,issuer:TW:2402,-,-,-,毅嘉,L2,TWSE OpenAPI 上市公司基本資料（完整母集）,https://openapi.twse.com.tw/v1/opendata/t187ap03_L,2026-08-28,待核,l2:TWSE:2402,无,不适用,L2机械母集；未挂格,"四件套：URL=source_url；检索日=2026-08-28；命中引语=""公司代號 2402""；判定类别=L2机械母集/待人工裁决。原始出表日期=1150827；完整发行人母集不推定PCB主营、中国大陆厂址或物理产能。"
cand:l2-twse-2404,issuer,issuer:TW:2404,issuer:TW:2404,-,-,-,漢唐,L2,TWSE OpenAPI 上市公司基本資料（完整母集）,https://openapi.twse.com.tw/v1/opendata/t187ap03_L,2026-08-28,待核,l2:TWSE:2404,无,不适用,L2机械母集；未挂格,"四件套：URL=source_url；检索日=2026-08-28；命中引语=""公司代號 2404""；判定类别=L2机械母集/待人工裁决。原始出表日期=1150827；完整发行人母集不推定PCB主营、中国大陆厂址或物理产能。"
cand:l2-twse-2405,issuer,issuer:TW:2405,issuer:TW:2405,-,-,-,輔信,L2,TWSE OpenAPI 上市公司基本資料（完整母集）,https://openapi.twse.com.tw/v1/opendata/t187ap03_L,2026-08-28,待核,l2:TWSE:2405,无,不适用,L2机械母集；未挂格,"四件套：URL=source_url；检索日=2026-08-28；命中引语=""公司代號 2405""；判定类别=L2机械母集/待人工裁决。原始出表日期=1150827；完整发行人母集不推定PCB主营、中国大陆厂址或物理产能。"
cand:l2-twse-2406,issuer,issuer:TW:2406,issuer:TW:2406,-,-,-,國碩,L2,TWSE OpenAPI 上市公司基本資料（完整母集）,https://openapi.twse.com.tw/v1/opendata/t187ap03_L,2026-08-28,待核,l2:TWSE:2406,无,不适用,L2机械母集；未挂格,"四件套：URL=source_url；检索日=2026-08-28；命中引语=""公司代號 2406""；判定类别=L2机械母集/待人工裁决。原始出表日期=1150827；完整发行人母集不推定PCB主营、中国大陆厂址或物理产能。"
cand:l2-twse-2408,issuer,issuer:TW:2408,issuer:TW:2408,-,-,-,南亞科,L2,TWSE OpenAPI 上市公司基本資料（完整母集）,https://openapi.twse.com.tw/v1/opendata/t187ap03_L,2026-08-28,待核,l2:TWSE:2408,无,不适用,L2机械母集；未挂格,"四件套：URL=source_url；检索日=2026-08-28；命中引语=""公司代號 2408""；判定类别=L2机械母集/待人工裁决。原始出表日期=1150827；完整发行人母集不推定PCB主营、中国大陆厂址或物理产能。"
cand:l2-twse-2409,issuer,issuer:TW:2409,issuer:TW:2409,-,-,-,友達,L2,TWSE OpenAPI 上市公司基本資料（完整母集）,https://openapi.twse.com.tw/v1/opendata/t187ap03_L,2026-08-28,待核,l2:TWSE:2409,无,不适用,L2机械母集；未挂格,"四件套：URL=source_url；检索日=2026-08-28；命中引语=""公司代號 2409""；判定类别=L2机械母集/待人工裁决。原始出表日期=1150827；完整发行人母集不推定PCB主营、中国大陆厂址或物理产能。"
cand:l2-twse-2412,issuer,issuer:TW:2412,issuer:TW:2412,-,-,-,中華電,L2,TWSE OpenAPI 上市公司基本資料（完整母集）,https://openapi.twse.com.tw/v1/opendata/t187ap03_L,2026-08-28,待核,l2:TWSE:2412,无,不适用,L2机械母集；未挂格,"四件套：URL=source_url；检索日=2026-08-28；命中引语=""公司代號 2412""；判定类别=L2机械母集/待人工裁决。原始出表日期=1150827；完整发行人母集不推定PCB主营、中国大陆厂址或物理产能。"
cand:l2-twse-2413,issuer,issuer:TW:2413,issuer:TW:2413,-,-,-,環科,L2,TWSE OpenAPI 上市公司基本資料（完整母集）,https://openapi.twse.com.tw/v1/opendata/t187ap03_L,2026-08-28,待核,l2:TWSE:2413,无,不适用,L2机械母集；未挂格,"四件套：URL=source_url；检索日=2026-08-28；命中引语=""公司代號 2413""；判定类别=L2机械母集/待人工裁决。原始出表日期=1150827；完整发行人母集不推定PCB主营、中国大陆厂址或物理产能。"
cand:l2-twse-2414,issuer,issuer:TW:2414,issuer:TW:2414,-,-,-,精技,L2,TWSE OpenAPI 上市公司基本資料（完整母集）,https://openapi.twse.com.tw/v1/opendata/t187ap03_L,2026-08-28,待核,l2:TWSE:2414,无,不适用,L2机械母集；未挂格,"四件套：URL=source_url；检索日=2026-08-28；命中引语=""公司代號 2414""；判定类别=L2机械母集/待人工裁决。原始出表日期=1150827；完整发行人母集不推定PCB主营、中国大陆厂址或物理产能。"
cand:l2-twse-2415,issuer,issuer:TW:2415,issuer:TW:2415,-,-,-,錩新,L2,TWSE OpenAPI 上市公司基本資料（完整母集）,https://openapi.twse.com.tw/v1/opendata/t187ap03_L,2026-08-28,待核,l2:TWSE:2415,无,不适用,L2机械母集；未挂格,"四件套：URL=source_url；检索日=2026-08-28；命中引语=""公司代號 2415""；判定类别=L2机械母集/待人工裁决。原始出表日期=1150827；完整发行人母集不推定PCB主营、中国大陆厂址或物理产能。"
cand:l2-twse-2417,issuer,issuer:TW:2417,issuer:TW:2417,-,-,-,圓剛,L2,TWSE OpenAPI 上市公司基本資料（完整母集）,https://openapi.twse.com.tw/v1/opendata/t187ap03_L,2026-08-28,待核,l2:TWSE:2417,无,不适用,L2机械母集；未挂格,"四件套：URL=source_url；检索日=2026-08-28；命中引语=""公司代號 2417""；判定类别=L2机械母集/待人工裁决。原始出表日期=1150827；完整发行人母集不推定PCB主营、中国大陆厂址或物理产能。"
cand:l2-twse-2419,issuer,issuer:TW:2419,issuer:TW:2419,-,-,-,仲琦,L2,TWSE OpenAPI 上市公司基本資料（完整母集）,https://openapi.twse.com.tw/v1/opendata/t187ap03_L,2026-08-28,待核,l2:TWSE:2419,无,不适用,L2机械母集；未挂格,"四件套：URL=source_url；检索日=2026-08-28；命中引语=""公司代號 2419""；判定类别=L2机械母集/待人工裁决。原始出表日期=1150827；完整发行人母集不推定PCB主营、中国大陆厂址或物理产能。"
cand:l2-twse-2420,issuer,issuer:TW:2420,issuer:TW:2420,-,-,-,新巨,L2,TWSE OpenAPI 上市公司基本資料（完整母集）,https://openapi.twse.com.tw/v1/opendata/t187ap03_L,2026-08-28,待核,l2:TWSE:2420,无,不适用,L2机械母集；未挂格,"四件套：URL=source_url；检索日=2026-08-28；命中引语=""公司代號 2420""；判定类别=L2机械母集/待人工裁决。原始出表日期=1150827；完整发行人母集不推定PCB主营、中国大陆厂址或物理产能。"
cand:l2-twse-2421,issuer,issuer:TW:2421,issuer:TW:2421,-,-,-,建準,L2,TWSE OpenAPI 上市公司基本資料（完整母集）,https://openapi.twse.com.tw/v1/opendata/t187ap03_L,2026-08-28,待核,l2:TWSE:2421,无,不适用,L2机械母集；未挂格,"四件套：URL=source_url；检索日=2026-08-28；命中引语=""公司代號 2421""；判定类别=L2机械母集/待人工裁决。原始出表日期=1150827；完整发行人母集不推定PCB主营、中国大陆厂址或物理产能。"
cand:l2-twse-2423,issuer,issuer:TW:2423,issuer:TW:2423,-,-,-,固緯,L2,TWSE OpenAPI 上市公司基本資料（完整母集）,https://openapi.twse.com.tw/v1/opendata/t187ap03_L,2026-08-28,待核,l2:TWSE:2423,无,不适用,L2机械母集；未挂格,"四件套：URL=source_url；检索日=2026-08-28；命中引语=""公司代號 2423""；判定类别=L2机械母集/待人工裁决。原始出表日期=1150827；完整发行人母集不推定PCB主营、中国大陆厂址或物理产能。"
cand:l2-twse-2424,issuer,issuer:TW:2424,issuer:TW:2424,-,-,-,隴華,L2,TWSE OpenAPI 上市公司基本資料（完整母集）,https://openapi.twse.com.tw/v1/opendata/t187ap03_L,2026-08-28,待核,l2:TWSE:2424,无,不适用,L2机械母集；未挂格,"四件套：URL=source_url；检索日=2026-08-28；命中引语=""公司代號 2424""；判定类别=L2机械母集/待人工裁决。原始出表日期=1150827；完整发行人母集不推定PCB主营、中国大陆厂址或物理产能。"
cand:l2-twse-2425,issuer,issuer:TW:2425,issuer:TW:2425,-,-,-,承啟,L2,TWSE OpenAPI 上市公司基本資料（完整母集）,https://openapi.twse.com.tw/v1/opendata/t187ap03_L,2026-08-28,待核,l2:TWSE:2425,无,不适用,L2机械母集；未挂格,"四件套：URL=source_url；检索日=2026-08-28；命中引语=""公司代號 2425""；判定类别=L2机械母集/待人工裁决。原始出表日期=1150827；完整发行人母集不推定PCB主营、中国大陆厂址或物理产能。"
cand:l2-twse-2426,issuer,issuer:TW:2426,issuer:TW:2426,-,-,-,鼎元,L2,TWSE OpenAPI 上市公司基本資料（完整母集）,https://openapi.twse.com.tw/v1/opendata/t187ap03_L,2026-08-28,待核,l2:TWSE:2426,无,不适用,L2机械母集；未挂格,"四件套：URL=source_url；检索日=2026-08-28；命中引语=""公司代號 2426""；判定类别=L2机械母集/待人工裁决。原始出表日期=1150827；完整发行人母集不推定PCB主营、中国大陆厂址或物理产能。"
cand:l2-twse-2427,issuer,issuer:TW:2427,issuer:TW:2427,-,-,-,三商電,L2,TWSE OpenAPI 上市公司基本資料（完整母集）,https://openapi.twse.com.tw/v1/opendata/t187ap03_L,2026-08-28,待核,l2:TWSE:2427,无,不适用,L2机械母集；未挂格,"四件套：URL=source_url；检索日=2026-08-28；命中引语=""公司代號 2427""；判定类别=L2机械母集/待人工裁决。原始出表日期=1150827；完整发行人母集不推定PCB主营、中国大陆厂址或物理产能。"
cand:l2-twse-2428,issuer,issuer:TW:2428,issuer:TW:2428,-,-,-,興勤,L2,TWSE OpenAPI 上市公司基本資料（完整母集）,https://openapi.twse.com.tw/v1/opendata/t187ap03_L,2026-08-28,待核,l2:TWSE:2428,无,不适用,L2机械母集；未挂格,"四件套：URL=source_url；检索日=2026-08-28；命中引语=""公司代號 2428""；判定类别=L2机械母集/待人工裁决。原始出表日期=1150827；完整发行人母集不推定PCB主营、中国大陆厂址或物理产能。"
cand:l2-twse-2429,issuer,issuer:TW:2429,issuer:TW:2429,-,-,-,銘旺科,L2,TWSE OpenAPI 上市公司基本資料（完整母集）,https://openapi.twse.com.tw/v1/opendata/t187ap03_L,2026-08-28,待核,l2:TWSE:2429,无,不适用,L2机械母集；未挂格,"四件套：URL=source_url；检索日=2026-08-28；命中引语=""公司代號 2429""；判定类别=L2机械母集/待人工裁决。原始出表日期=1150827；完整发行人母集不推定PCB主营、中国大陆厂址或物理产能。"
cand:l2-twse-2430,issuer,issuer:TW:2430,issuer:TW:2430,-,-,-,燦坤,L2,TWSE OpenAPI 上市公司基本資料（完整母集）,https://openapi.twse.com.tw/v1/opendata/t187ap03_L,2026-08-28,待核,l2:TWSE:2430,无,不适用,L2机械母集；未挂格,"四件套：URL=source_url；检索日=2026-08-28；命中引语=""公司代號 2430""；判定类别=L2机械母集/待人工裁决。原始出表日期=1150827；完整发行人母集不推定PCB主营、中国大陆厂址或物理产能。"
cand:l2-twse-2431,issuer,issuer:TW:2431,issuer:TW:2431,-,-,-,聯昌,L2,TWSE OpenAPI 上市公司基本資料（完整母集）,https://openapi.twse.com.tw/v1/opendata/t187ap03_L,2026-08-28,待核,l2:TWSE:2431,无,不适用,L2机械母集；未挂格,"四件套：URL=source_url；检索日=2026-08-28；命中引语=""公司代號 2431""；判定类别=L2机械母集/待人工裁决。原始出表日期=1150827；完整发行人母集不推定PCB主营、中国大陆厂址或物理产能。"
cand:l2-twse-2432,issuer,issuer:TW:2432,issuer:TW:2432,-,-,-,倚天酷碁-創,L2,TWSE OpenAPI 上市公司基本資料（完整母集）,https://openapi.twse.com.tw/v1/opendata/t187ap03_L,2026-08-28,待核,l2:TWSE:2432,无,不适用,L2机械母集；未挂格,"四件套：URL=source_url；检索日=2026-08-28；命中引语=""公司代號 2432""；判定类别=L2机械母集/待人工裁决。原始出表日期=1150827；完整发行人母集不推定PCB主营、中国大陆厂址或物理产能。"
cand:l2-twse-2433,issuer,issuer:TW:2433,issuer:TW:2433,-,-,-,互盛電,L2,TWSE OpenAPI 上市公司基本資料（完整母集）,https://openapi.twse.com.tw/v1/opendata/t187ap03_L,2026-08-28,待核,l2:TWSE:2433,无,不适用,L2机械母集；未挂格,"四件套：URL=source_url；检索日=2026-08-28；命中引语=""公司代號 2433""；判定类别=L2机械母集/待人工裁决。原始出表日期=1150827；完整发行人母集不推定PCB主营、中国大陆厂址或物理产能。"
cand:l2-twse-2434,issuer,issuer:TW:2434,issuer:TW:2434,-,-,-,統懋,L2,TWSE OpenAPI 上市公司基本資料（完整母集）,https://openapi.twse.com.tw/v1/opendata/t187ap03_L,2026-08-28,待核,l2:TWSE:2434,无,不适用,L2机械母集；未挂格,"四件套：URL=source_url；检索日=2026-08-28；命中引语=""公司代號 2434""；判定类别=L2机械母集/待人工裁决。原始出表日期=1150827；完整发行人母集不推定PCB主营、中国大陆厂址或物理产能。"
cand:l2-twse-2436,issuer,issuer:TW:2436,issuer:TW:2436,-,-,-,偉詮電,L2,TWSE OpenAPI 上市公司基本資料（完整母集）,https://openapi.twse.com.tw/v1/opendata/t187ap03_L,2026-08-28,待核,l2:TWSE:2436,无,不适用,L2机械母集；未挂格,"四件套：URL=source_url；检索日=2026-08-28；命中引语=""公司代號 2436""；判定类别=L2机械母集/待人工裁决。原始出表日期=1150827；完整发行人母集不推定PCB主营、中国大陆厂址或物理产能。"
cand:l2-twse-2438,issuer,issuer:TW:2438,issuer:TW:2438,-,-,-,翔耀,L2,TWSE OpenAPI 上市公司基本資料（完整母集）,https://openapi.twse.com.tw/v1/opendata/t187ap03_L,2026-08-28,待核,l2:TWSE:2438,无,不适用,L2机械母集；未挂格,"四件套：URL=source_url；检索日=2026-08-28；命中引语=""公司代號 2438""；判定类别=L2机械母集/待人工裁决。原始出表日期=1150827；完整发行人母集不推定PCB主营、中国大陆厂址或物理产能。"
cand:l2-twse-2439,issuer,issuer:TW:2439,issuer:TW:2439,-,-,-,美律,L2,TWSE OpenAPI 上市公司基本資料（完整母集）,https://openapi.twse.com.tw/v1/opendata/t187ap03_L,2026-08-28,待核,l2:TWSE:2439,无,不适用,L2机械母集；未挂格,"四件套：URL=source_url；检索日=2026-08-28；命中引语=""公司代號 2439""；判定类别=L2机械母集/待人工裁决。原始出表日期=1150827；完整发行人母集不推定PCB主营、中国大陆厂址或物理产能。"
cand:l2-twse-2440,issuer,issuer:TW:2440,issuer:TW:2440,-,-,-,太空梭,L2,TWSE OpenAPI 上市公司基本資料（完整母集）,https://openapi.twse.com.tw/v1/opendata/t187ap03_L,2026-08-28,待核,l2:TWSE:2440,无,不适用,L2机械母集；未挂格,"四件套：URL=source_url；检索日=2026-08-28；命中引语=""公司代號 2440""；判定类别=L2机械母集/待人工裁决。原始出表日期=1150827；完整发行人母集不推定PCB主营、中国大陆厂址或物理产能。"
cand:l2-twse-2441,issuer,issuer:TW:2441,issuer:TW:2441,-,-,-,超豐,L2,TWSE OpenAPI 上市公司基本資料（完整母集）,https://openapi.twse.com.tw/v1/opendata/t187ap03_L,2026-08-28,待核,l2:TWSE:2441,无,不适用,L2机械母集；未挂格,"四件套：URL=source_url；检索日=2026-08-28；命中引语=""公司代號 2441""；判定类别=L2机械母集/待人工裁决。原始出表日期=1150827；完整发行人母集不推定PCB主营、中国大陆厂址或物理产能。"
cand:l2-twse-2442,issuer,issuer:TW:2442,issuer:TW:2442,-,-,-,新美齊,L2,TWSE OpenAPI 上市公司基本資料（完整母集）,https://openapi.twse.com.tw/v1/opendata/t187ap03_L,2026-08-28,待核,l2:TWSE:2442,无,不适用,L2机械母集；未挂格,"四件套：URL=source_url；检索日=2026-08-28；命中引语=""公司代號 2442""；判定类别=L2机械母集/待人工裁决。原始出表日期=1150827；完整发行人母集不推定PCB主营、中国大陆厂址或物理产能。"
cand:l2-twse-2444,issuer,issuer:TW:2444,issuer:TW:2444,-,-,-,兆勁,L2,TWSE OpenAPI 上市公司基本資料（完整母集）,https://openapi.twse.com.tw/v1/opendata/t187ap03_L,2026-08-28,待核,l2:TWSE:2444,无,不适用,L2机械母集；未挂格,"四件套：URL=source_url；检索日=2026-08-28；命中引语=""公司代號 2444""；判定类别=L2机械母集/待人工裁决。原始出表日期=1150827；完整发行人母集不推定PCB主营、中国大陆厂址或物理产能。"
cand:l2-twse-2449,issuer,issuer:TW:2449,issuer:TW:2449,-,-,-,京元電子,L2,TWSE OpenAPI 上市公司基本資料（完整母集）,https://openapi.twse.com.tw/v1/opendata/t187ap03_L,2026-08-28,待核,l2:TWSE:2449,无,不适用,L2机械母集；未挂格,"四件套：URL=source_url；检索日=2026-08-28；命中引语=""公司代號 2449""；判定类别=L2机械母集/待人工裁决。原始出表日期=1150827；完整发行人母集不推定PCB主营、中国大陆厂址或物理产能。"
cand:l2-twse-2450,issuer,issuer:TW:2450,issuer:TW:2450,-,-,-,神腦,L2,TWSE OpenAPI 上市公司基本資料（完整母集）,https://openapi.twse.com.tw/v1/opendata/t187ap03_L,2026-08-28,待核,l2:TWSE:2450,无,不适用,L2机械母集；未挂格,"四件套：URL=source_url；检索日=2026-08-28；命中引语=""公司代號 2450""；判定类别=L2机械母集/待人工裁决。原始出表日期=1150827；完整发行人母集不推定PCB主营、中国大陆厂址或物理产能。"
cand:l2-twse-2451,issuer,issuer:TW:2451,issuer:TW:2451,-,-,-,創見,L2,TWSE OpenAPI 上市公司基本資料（完整母集）,https://openapi.twse.com.tw/v1/opendata/t187ap03_L,2026-08-28,待核,l2:TWSE:2451,无,不适用,L2机械母集；未挂格,"四件套：URL=source_url；检索日=2026-08-28；命中引语=""公司代號 2451""；判定类别=L2机械母集/待人工裁决。原始出表日期=1150827；完整发行人母集不推定PCB主营、中国大陆厂址或物理产能。"
cand:l2-twse-2453,issuer,issuer:TW:2453,issuer:TW:2453,-,-,-,凌群,L2,TWSE OpenAPI 上市公司基本資料（完整母集）,https://openapi.twse.com.tw/v1/opendata/t187ap03_L,2026-08-28,待核,l2:TWSE:2453,无,不适用,L2机械母集；未挂格,"四件套：URL=source_url；检索日=2026-08-28；命中引语=""公司代號 2453""；判定类别=L2机械母集/待人工裁决。原始出表日期=1150827；完整发行人母集不推定PCB主营、中国大陆厂址或物理产能。"
cand:l2-twse-2454,issuer,issuer:TW:2454,issuer:TW:2454,-,-,-,聯發科,L2,TWSE OpenAPI 上市公司基本資料（完整母集）,https://openapi.twse.com.tw/v1/opendata/t187ap03_L,2026-08-28,待核,l2:TWSE:2454,无,不适用,L2机械母集；未挂格,"四件套：URL=source_url；检索日=2026-08-28；命中引语=""公司代號 2454""；判定类别=L2机械母集/待人工裁决。原始出表日期=1150827；完整发行人母集不推定PCB主营、中国大陆厂址或物理产能。"
cand:l2-twse-2455,issuer,issuer:TW:2455,issuer:TW:2455,-,-,-,全新,L2,TWSE OpenAPI 上市公司基本資料（完整母集）,https://openapi.twse.com.tw/v1/opendata/t187ap03_L,2026-08-28,待核,l2:TWSE:2455,无,不适用,L2机械母集；未挂格,"四件套：URL=source_url；检索日=2026-08-28；命中引语=""公司代號 2455""；判定类别=L2机械母集/待人工裁决。原始出表日期=1150827；完整发行人母集不推定PCB主营、中国大陆厂址或物理产能。"
cand:l2-twse-2457,issuer,issuer:TW:2457,issuer:TW:2457,-,-,-,飛宏,L2,TWSE OpenAPI 上市公司基本資料（完整母集）,https://openapi.twse.com.tw/v1/opendata/t187ap03_L,2026-08-28,待核,l2:TWSE:2457,无,不适用,L2机械母集；未挂格,"四件套：URL=source_url；检索日=2026-08-28；命中引语=""公司代號 2457""；判定类别=L2机械母集/待人工裁决。原始出表日期=1150827；完整发行人母集不推定PCB主营、中国大陆厂址或物理产能。"
cand:l2-twse-2458,issuer,issuer:TW:2458,issuer:TW:2458,-,-,-,義隆,L2,TWSE OpenAPI 上市公司基本資料（完整母集）,https://openapi.twse.com.tw/v1/opendata/t187ap03_L,2026-08-28,待核,l2:TWSE:2458,无,不适用,L2机械母集；未挂格,"四件套：URL=source_url；检索日=2026-08-28；命中引语=""公司代號 2458""；判定类别=L2机械母集/待人工裁决。原始出表日期=1150827；完整发行人母集不推定PCB主营、中国大陆厂址或物理产能。"
cand:l2-twse-2459,issuer,issuer:TW:2459,issuer:TW:2459,-,-,-,敦吉,L2,TWSE OpenAPI 上市公司基本資料（完整母集）,https://openapi.twse.com.tw/v1/opendata/t187ap03_L,2026-08-28,待核,l2:TWSE:2459,无,不适用,L2机械母集；未挂格,"四件套：URL=source_url；检索日=2026-08-28；命中引语=""公司代號 2459""；判定类别=L2机械母集/待人工裁决。原始出表日期=1150827；完整发行人母集不推定PCB主营、中国大陆厂址或物理产能。"
cand:l2-twse-2460,issuer,issuer:TW:2460,issuer:TW:2460,-,-,-,建通,L2,TWSE OpenAPI 上市公司基本資料（完整母集）,https://openapi.twse.com.tw/v1/opendata/t187ap03_L,2026-08-28,待核,l2:TWSE:2460,无,不适用,L2机械母集；未挂格,"四件套：URL=source_url；检索日=2026-08-28；命中引语=""公司代號 2460""；判定类别=L2机械母集/待人工裁决。原始出表日期=1150827；完整发行人母集不推定PCB主营、中国大陆厂址或物理产能。"
cand:l2-twse-2461,issuer,issuer:TW:2461,issuer:TW:2461,-,-,-,光群雷,L2,TWSE OpenAPI 上市公司基本資料（完整母集）,https://openapi.twse.com.tw/v1/opendata/t187ap03_L,2026-08-28,待核,l2:TWSE:2461,无,不适用,L2机械母集；未挂格,"四件套：URL=source_url；检索日=2026-08-28；命中引语=""公司代號 2461""；判定类别=L2机械母集/待人工裁决。原始出表日期=1150827；完整发行人母集不推定PCB主营、中国大陆厂址或物理产能。"
cand:l2-twse-2462,issuer,issuer:TW:2462,issuer:TW:2462,-,-,-,良得電,L2,TWSE OpenAPI 上市公司基本資料（完整母集）,https://openapi.twse.com.tw/v1/opendata/t187ap03_L,2026-08-28,待核,l2:TWSE:2462,无,不适用,L2机械母集；未挂格,"四件套：URL=source_url；检索日=2026-08-28；命中引语=""公司代號 2462""；判定类别=L2机械母集/待人工裁决。原始出表日期=1150827；完整发行人母集不推定PCB主营、中国大陆厂址或物理产能。"
cand:l2-twse-2464,issuer,issuer:TW:2464,issuer:TW:2464,-,-,-,盟立,L2,TWSE OpenAPI 上市公司基本資料（完整母集）,https://openapi.twse.com.tw/v1/opendata/t187ap03_L,2026-08-28,待核,l2:TWSE:2464,无,不适用,L2机械母集；未挂格,"四件套：URL=source_url；检索日=2026-08-28；命中引语=""公司代號 2464""；判定类别=L2机械母集/待人工裁决。原始出表日期=1150827；完整发行人母集不推定PCB主营、中国大陆厂址或物理产能。"
cand:l2-twse-2465,issuer,issuer:TW:2465,issuer:TW:2465,-,-,-,麗臺,L2,TWSE OpenAPI 上市公司基本資料（完整母集）,https://openapi.twse.com.tw/v1/opendata/t187ap03_L,2026-08-28,待核,l2:TWSE:2465,无,不适用,L2机械母集；未挂格,"四件套：URL=source_url；检索日=2026-08-28；命中引语=""公司代號 2465""；判定类别=L2机械母集/待人工裁决。原始出表日期=1150827；完整发行人母集不推定PCB主营、中国大陆厂址或物理产能。"
cand:l2-twse-2466,issuer,issuer:TW:2466,issuer:TW:2466,-,-,-,冠西電,L2,TWSE OpenAPI 上市公司基本資料（完整母集）,https://openapi.twse.com.tw/v1/opendata/t187ap03_L,2026-08-28,待核,l2:TWSE:2466,无,不适用,L2机械母集；未挂格,"四件套：URL=source_url；检索日=2026-08-28；命中引语=""公司代號 2466""；判定类别=L2机械母集/待人工裁决。原始出表日期=1150827；完整发行人母集不推定PCB主营、中国大陆厂址或物理产能。"
cand:l2-twse-2467,issuer,issuer:TW:2467,issuer:TW:2467,-,-,-,志聖,L2,TWSE OpenAPI 上市公司基本資料（完整母集）,https://openapi.twse.com.tw/v1/opendata/t187ap03_L,2026-08-28,待核,l2:TWSE:2467,无,不适用,L2机械母集；未挂格,"四件套：URL=source_url；检索日=2026-08-28；命中引语=""公司代號 2467""；判定类别=L2机械母集/待人工裁决。原始出表日期=1150827；完整发行人母集不推定PCB主营、中国大陆厂址或物理产能。"
cand:l2-twse-2468,issuer,issuer:TW:2468,issuer:TW:2468,-,-,-,華經,L2,TWSE OpenAPI 上市公司基本資料（完整母集）,https://openapi.twse.com.tw/v1/opendata/t187ap03_L,2026-08-28,待核,l2:TWSE:2468,无,不适用,L2机械母集；未挂格,"四件套：URL=source_url；检索日=2026-08-28；命中引语=""公司代號 2468""；判定类别=L2机械母集/待人工裁决。原始出表日期=1150827；完整发行人母集不推定PCB主营、中国大陆厂址或物理产能。"
cand:l2-twse-2471,issuer,issuer:TW:2471,issuer:TW:2471,-,-,-,資通,L2,TWSE OpenAPI 上市公司基本資料（完整母集）,https://openapi.twse.com.tw/v1/opendata/t187ap03_L,2026-08-28,待核,l2:TWSE:2471,无,不适用,L2机械母集；未挂格,"四件套：URL=source_url；检索日=2026-08-28；命中引语=""公司代號 2471""；判定类别=L2机械母集/待人工裁决。原始出表日期=1150827；完整发行人母集不推定PCB主营、中国大陆厂址或物理产能。"
cand:l2-twse-2472,issuer,issuer:TW:2472,issuer:TW:2472,-,-,-,立隆電,L2,TWSE OpenAPI 上市公司基本資料（完整母集）,https://openapi.twse.com.tw/v1/opendata/t187ap03_L,2026-08-28,待核,l2:TWSE:2472,无,不适用,L2机械母集；未挂格,"四件套：URL=source_url；检索日=2026-08-28；命中引语=""公司代號 2472""；判定类别=L2机械母集/待人工裁决。原始出表日期=1150827；完整发行人母集不推定PCB主营、中国大陆厂址或物理产能。"
cand:l2-twse-2474,issuer,issuer:TW:2474,issuer:TW:2474,-,-,-,可成,L2,TWSE OpenAPI 上市公司基本資料（完整母集）,https://openapi.twse.com.tw/v1/opendata/t187ap03_L,2026-08-28,待核,l2:TWSE:2474,无,不适用,L2机械母集；未挂格,"四件套：URL=source_url；检索日=2026-08-28；命中引语=""公司代號 2474""；判定类别=L2机械母集/待人工裁决。原始出表日期=1150827；完整发行人母集不推定PCB主营、中国大陆厂址或物理产能。"
cand:l2-twse-2476,issuer,issuer:TW:2476,issuer:TW:2476,-,-,-,鉅祥,L2,TWSE OpenAPI 上市公司基本資料（完整母集）,https://openapi.twse.com.tw/v1/opendata/t187ap03_L,2026-08-28,待核,l2:TWSE:2476,无,不适用,L2机械母集；未挂格,"四件套：URL=source_url；检索日=2026-08-28；命中引语=""公司代號 2476""；判定类别=L2机械母集/待人工裁决。原始出表日期=1150827；完整发行人母集不推定PCB主营、中国大陆厂址或物理产能。"
cand:l2-twse-2477,issuer,issuer:TW:2477,issuer:TW:2477,-,-,-,美隆電,L2,TWSE OpenAPI 上市公司基本資料（完整母集）,https://openapi.twse.com.tw/v1/opendata/t187ap03_L,2026-08-28,待核,l2:TWSE:2477,无,不适用,L2机械母集；未挂格,"四件套：URL=source_url；检索日=2026-08-28；命中引语=""公司代號 2477""；判定类别=L2机械母集/待人工裁决。原始出表日期=1150827；完整发行人母集不推定PCB主营、中国大陆厂址或物理产能。"
cand:l2-twse-2478,issuer,issuer:TW:2478,issuer:TW:2478,-,-,-,大毅,L2,TWSE OpenAPI 上市公司基本資料（完整母集）,https://openapi.twse.com.tw/v1/opendata/t187ap03_L,2026-08-28,待核,l2:TWSE:2478,无,不适用,L2机械母集；未挂格,"四件套：URL=source_url；检索日=2026-08-28；命中引语=""公司代號 2478""；判定类别=L2机械母集/待人工裁决。原始出表日期=1150827；完整发行人母集不推定PCB主营、中国大陆厂址或物理产能。"
cand:l2-twse-2480,issuer,issuer:TW:2480,issuer:TW:2480,-,-,-,敦陽科,L2,TWSE OpenAPI 上市公司基本資料（完整母集）,https://openapi.twse.com.tw/v1/opendata/t187ap03_L,2026-08-28,待核,l2:TWSE:2480,无,不适用,L2机械母集；未挂格,"四件套：URL=source_url；检索日=2026-08-28；命中引语=""公司代號 2480""；判定类别=L2机械母集/待人工裁决。原始出表日期=1150827；完整发行人母集不推定PCB主营、中国大陆厂址或物理产能。"
cand:l2-twse-2481,issuer,issuer:TW:2481,issuer:TW:2481,-,-,-,強茂,L2,TWSE OpenAPI 上市公司基本資料（完整母集）,https://openapi.twse.com.tw/v1/opendata/t187ap03_L,2026-08-28,待核,l2:TWSE:2481,无,不适用,L2机械母集；未挂格,"四件套：URL=source_url；检索日=2026-08-28；命中引语=""公司代號 2481""；判定类别=L2机械母集/待人工裁决。原始出表日期=1150827；完整发行人母集不推定PCB主营、中国大陆厂址或物理产能。"
cand:l2-twse-2482,issuer,issuer:TW:2482,issuer:TW:2482,-,-,-,連宇,L2,TWSE OpenAPI 上市公司基本資料（完整母集）,https://openapi.twse.com.tw/v1/opendata/t187ap03_L,2026-08-28,待核,l2:TWSE:2482,无,不适用,L2机械母集；未挂格,"四件套：URL=source_url；检索日=2026-08-28；命中引语=""公司代號 2482""；判定类别=L2机械母集/待人工裁决。原始出表日期=1150827；完整发行人母集不推定PCB主营、中国大陆厂址或物理产能。"
cand:l2-twse-2483,issuer,issuer:TW:2483,issuer:TW:2483,-,-,-,百容,L2,TWSE OpenAPI 上市公司基本資料（完整母集）,https://openapi.twse.com.tw/v1/opendata/t187ap03_L,2026-08-28,待核,l2:TWSE:2483,无,不适用,L2机械母集；未挂格,"四件套：URL=source_url；检索日=2026-08-28；命中引语=""公司代號 2483""；判定类别=L2机械母集/待人工裁决。原始出表日期=1150827；完整发行人母集不推定PCB主营、中国大陆厂址或物理产能。"
cand:l2-twse-2484,issuer,issuer:TW:2484,issuer:TW:2484,-,-,-,希華,L2,TWSE OpenAPI 上市公司基本資料（完整母集）,https://openapi.twse.com.tw/v1/opendata/t187ap03_L,2026-08-28,待核,l2:TWSE:2484,无,不适用,L2机械母集；未挂格,"四件套：URL=source_url；检索日=2026-08-28；命中引语=""公司代號 2484""；判定类别=L2机械母集/待人工裁决。原始出表日期=1150827；完整发行人母集不推定PCB主营、中国大陆厂址或物理产能。"
cand:l2-twse-2485,issuer,issuer:TW:2485,issuer:TW:2485,-,-,-,兆赫,L2,TWSE OpenAPI 上市公司基本資料（完整母集）,https://openapi.twse.com.tw/v1/opendata/t187ap03_L,2026-08-28,待核,l2:TWSE:2485,无,不适用,L2机械母集；未挂格,"四件套：URL=source_url；检索日=2026-08-28；命中引语=""公司代號 2485""；判定类别=L2机械母集/待人工裁决。原始出表日期=1150827；完整发行人母集不推定PCB主营、中国大陆厂址或物理产能。"
cand:l2-twse-2486,issuer,issuer:TW:2486,issuer:TW:2486,-,-,-,一詮,L2,TWSE OpenAPI 上市公司基本資料（完整母集）,https://openapi.twse.com.tw/v1/opendata/t187ap03_L,2026-08-28,待核,l2:TWSE:2486,无,不适用,L2机械母集；未挂格,"四件套：URL=source_url；检索日=2026-08-28；命中引语=""公司代號 2486""；判定类别=L2机械母集/待人工裁决。原始出表日期=1150827；完整发行人母集不推定PCB主营、中国大陆厂址或物理产能。"
cand:l2-twse-2488,issuer,issuer:TW:2488,issuer:TW:2488,-,-,-,漢平,L2,TWSE OpenAPI 上市公司基本資料（完整母集）,https://openapi.twse.com.tw/v1/opendata/t187ap03_L,2026-08-28,待核,l2:TWSE:2488,无,不适用,L2机械母集；未挂格,"四件套：URL=source_url；检索日=2026-08-28；命中引语=""公司代號 2488""；判定类别=L2机械母集/待人工裁决。原始出表日期=1150827；完整发行人母集不推定PCB主营、中国大陆厂址或物理产能。"
cand:l2-twse-2489,issuer,issuer:TW:2489,issuer:TW:2489,-,-,-,瑞軒,L2,TWSE OpenAPI 上市公司基本資料（完整母集）,https://openapi.twse.com.tw/v1/opendata/t187ap03_L,2026-08-28,待核,l2:TWSE:2489,无,不适用,L2机械母集；未挂格,"四件套：URL=source_url；检索日=2026-08-28；命中引语=""公司代號 2489""；判定类别=L2机械母集/待人工裁决。原始出表日期=1150827；完整发行人母集不推定PCB主营、中国大陆厂址或物理产能。"
cand:l2-twse-2491,issuer,issuer:TW:2491,issuer:TW:2491,-,-,-,吉祥全,L2,TWSE OpenAPI 上市公司基本資料（完整母集）,https://openapi.twse.com.tw/v1/opendata/t187ap03_L,2026-08-28,待核,l2:TWSE:2491,无,不适用,L2机械母集；未挂格,"四件套：URL=source_url；检索日=2026-08-28；命中引语=""公司代號 2491""；判定类别=L2机械母集/待人工裁决。原始出表日期=1150827；完整发行人母集不推定PCB主营、中国大陆厂址或物理产能。"
cand:l2-twse-2492,issuer,issuer:TW:2492,issuer:TW:2492,-,-,-,華新科,L2,TWSE OpenAPI 上市公司基本資料（完整母集）,https://openapi.twse.com.tw/v1/opendata/t187ap03_L,2026-08-28,待核,l2:TWSE:2492,无,不适用,L2机械母集；未挂格,"四件套：URL=source_url；检索日=2026-08-28；命中引语=""公司代號 2492""；判定类别=L2机械母集/待人工裁决。原始出表日期=1150827；完整发行人母集不推定PCB主营、中国大陆厂址或物理产能。"
cand:l2-twse-2493,issuer,issuer:TW:2493,issuer:TW:2493,-,-,-,揚博,L2,TWSE OpenAPI 上市公司基本資料（完整母集）,https://openapi.twse.com.tw/v1/opendata/t187ap03_L,2026-08-28,待核,l2:TWSE:2493,无,不适用,L2机械母集；未挂格,"四件套：URL=source_url；检索日=2026-08-28；命中引语=""公司代號 2493""；判定类别=L2机械母集/待人工裁决。原始出表日期=1150827；完整发行人母集不推定PCB主营、中国大陆厂址或物理产能。"
cand:l2-twse-2495,issuer,issuer:TW:2495,issuer:TW:2495,-,-,-,普安,L2,TWSE OpenAPI 上市公司基本資料（完整母集）,https://openapi.twse.com.tw/v1/opendata/t187ap03_L,2026-08-28,待核,l2:TWSE:2495,无,不适用,L2机械母集；未挂格,"四件套：URL=source_url；检索日=2026-08-28；命中引语=""公司代號 2495""；判定类别=L2机械母集/待人工裁决。原始出表日期=1150827；完整发行人母集不推定PCB主营、中国大陆厂址或物理产能。"
cand:l2-twse-2496,issuer,issuer:TW:2496,issuer:TW:2496,-,-,-,卓越,L2,TWSE OpenAPI 上市公司基本資料（完整母集）,https://openapi.twse.com.tw/v1/opendata/t187ap03_L,2026-08-28,待核,l2:TWSE:2496,无,不适用,L2机械母集；未挂格,"四件套：URL=source_url；检索日=2026-08-28；命中引语=""公司代號 2496""；判定类别=L2机械母集/待人工裁决。原始出表日期=1150827；完整发行人母集不推定PCB主营、中国大陆厂址或物理产能。"
cand:l2-twse-2497,issuer,issuer:TW:2497,issuer:TW:2497,-,-,-,怡利電,L2,TWSE OpenAPI 上市公司基本資料（完整母集）,https://openapi.twse.com.tw/v1/opendata/t187ap03_L,2026-08-28,待核,l2:TWSE:2497,无,不适用,L2机械母集；未挂格,"四件套：URL=source_url；检索日=2026-08-28；命中引语=""公司代號 2497""；判定类别=L2机械母集/待人工裁决。原始出表日期=1150827；完整发行人母集不推定PCB主营、中国大陆厂址或物理产能。"
cand:l2-twse-2498,issuer,issuer:TW:2498,issuer:TW:2498,-,-,-,宏達電,L2,TWSE OpenAPI 上市公司基本資料（完整母集）,https://openapi.twse.com.tw/v1/opendata/t187ap03_L,2026-08-28,待核,l2:TWSE:2498,无,不适用,L2机械母集；未挂格,"四件套：URL=source_url；检索日=2026-08-28；命中引语=""公司代號 2498""；判定类别=L2机械母集/待人工裁决。原始出表日期=1150827；完整发行人母集不推定PCB主营、中国大陆厂址或物理产能。"
cand:l2-twse-2501,issuer,issuer:TW:2501,issuer:TW:2501,-,-,-,國建,L2,TWSE OpenAPI 上市公司基本資料（完整母集）,https://openapi.twse.com.tw/v1/opendata/t187ap03_L,2026-08-28,待核,l2:TWSE:2501,无,不适用,L2机械母集；未挂格,"四件套：URL=source_url；检索日=2026-08-28；命中引语=""公司代號 2501""；判定类别=L2机械母集/待人工裁决。原始出表日期=1150827；完整发行人母集不推定PCB主营、中国大陆厂址或物理产能。"
cand:l2-twse-2504,issuer,issuer:TW:2504,issuer:TW:2504,-,-,-,國產,L2,TWSE OpenAPI 上市公司基本資料（完整母集）,https://openapi.twse.com.tw/v1/opendata/t187ap03_L,2026-08-28,待核,l2:TWSE:2504,无,不适用,L2机械母集；未挂格,"四件套：URL=source_url；检索日=2026-08-28；命中引语=""公司代號 2504""；判定类别=L2机械母集/待人工裁决。原始出表日期=1150827；完整发行人母集不推定PCB主营、中国大陆厂址或物理产能。"
cand:l2-twse-2505,issuer,issuer:TW:2505,issuer:TW:2505,-,-,-,國揚,L2,TWSE OpenAPI 上市公司基本資料（完整母集）,https://openapi.twse.com.tw/v1/opendata/t187ap03_L,2026-08-28,待核,l2:TWSE:2505,无,不适用,L2机械母集；未挂格,"四件套：URL=source_url；检索日=2026-08-28；命中引语=""公司代號 2505""；判定类别=L2机械母集/待人工裁决。原始出表日期=1150827；完整发行人母集不推定PCB主营、中国大陆厂址或物理产能。"
cand:l2-twse-2506,issuer,issuer:TW:2506,issuer:TW:2506,-,-,-,太設,L2,TWSE OpenAPI 上市公司基本資料（完整母集）,https://openapi.twse.com.tw/v1/opendata/t187ap03_L,2026-08-28,待核,l2:TWSE:2506,无,不适用,L2机械母集；未挂格,"四件套：URL=source_url；检索日=2026-08-28；命中引语=""公司代號 2506""；判定类别=L2机械母集/待人工裁决。原始出表日期=1150827；完整发行人母集不推定PCB主营、中国大陆厂址或物理产能。"
cand:l2-twse-2509,issuer,issuer:TW:2509,issuer:TW:2509,-,-,-,全坤建,L2,TWSE OpenAPI 上市公司基本資料（完整母集）,https://openapi.twse.com.tw/v1/opendata/t187ap03_L,2026-08-28,待核,l2:TWSE:2509,无,不适用,L2机械母集；未挂格,"四件套：URL=source_url；检索日=2026-08-28；命中引语=""公司代號 2509""；判定类别=L2机械母集/待人工裁决。原始出表日期=1150827；完整发行人母集不推定PCB主营、中国大陆厂址或物理产能。"
cand:l2-twse-2511,issuer,issuer:TW:2511,issuer:TW:2511,-,-,-,太子,L2,TWSE OpenAPI 上市公司基本資料（完整母集）,https://openapi.twse.com.tw/v1/opendata/t187ap03_L,2026-08-28,待核,l2:TWSE:2511,无,不适用,L2机械母集；未挂格,"四件套：URL=source_url；检索日=2026-08-28；命中引语=""公司代號 2511""；判定类别=L2机械母集/待人工裁决。原始出表日期=1150827；完整发行人母集不推定PCB主营、中国大陆厂址或物理产能。"
cand:l2-twse-2514,issuer,issuer:TW:2514,issuer:TW:2514,-,-,-,龍邦,L2,TWSE OpenAPI 上市公司基本資料（完整母集）,https://openapi.twse.com.tw/v1/opendata/t187ap03_L,2026-08-28,待核,l2:TWSE:2514,无,不适用,L2机械母集；未挂格,"四件套：URL=source_url；检索日=2026-08-28；命中引语=""公司代號 2514""；判定类别=L2机械母集/待人工裁决。原始出表日期=1150827；完整发行人母集不推定PCB主营、中国大陆厂址或物理产能。"
cand:l2-twse-2515,issuer,issuer:TW:2515,issuer:TW:2515,-,-,-,中工,L2,TWSE OpenAPI 上市公司基本資料（完整母集）,https://openapi.twse.com.tw/v1/opendata/t187ap03_L,2026-08-28,待核,l2:TWSE:2515,无,不适用,L2机械母集；未挂格,"四件套：URL=source_url；检索日=2026-08-28；命中引语=""公司代號 2515""；判定类别=L2机械母集/待人工裁决。原始出表日期=1150827；完整发行人母集不推定PCB主营、中国大陆厂址或物理产能。"
cand:l2-twse-2516,issuer,issuer:TW:2516,issuer:TW:2516,-,-,-,新建,L2,TWSE OpenAPI 上市公司基本資料（完整母集）,https://openapi.twse.com.tw/v1/opendata/t187ap03_L,2026-08-28,待核,l2:TWSE:2516,无,不适用,L2机械母集；未挂格,"四件套：URL=source_url；检索日=2026-08-28；命中引语=""公司代號 2516""；判定类别=L2机械母集/待人工裁决。原始出表日期=1150827；完整发行人母集不推定PCB主营、中国大陆厂址或物理产能。"
cand:l2-twse-2520,issuer,issuer:TW:2520,issuer:TW:2520,-,-,-,冠德,L2,TWSE OpenAPI 上市公司基本資料（完整母集）,https://openapi.twse.com.tw/v1/opendata/t187ap03_L,2026-08-28,待核,l2:TWSE:2520,无,不适用,L2机械母集；未挂格,"四件套：URL=source_url；检索日=2026-08-28；命中引语=""公司代號 2520""；判定类别=L2机械母集/待人工裁决。原始出表日期=1150827；完整发行人母集不推定PCB主营、中国大陆厂址或物理产能。"
cand:l2-twse-2524,issuer,issuer:TW:2524,issuer:TW:2524,-,-,-,京城,L2,TWSE OpenAPI 上市公司基本資料（完整母集）,https://openapi.twse.com.tw/v1/opendata/t187ap03_L,2026-08-28,待核,l2:TWSE:2524,无,不适用,L2机械母集；未挂格,"四件套：URL=source_url；检索日=2026-08-28；命中引语=""公司代號 2524""；判定类别=L2机械母集/待人工裁决。原始出表日期=1150827；完整发行人母集不推定PCB主营、中国大陆厂址或物理产能。"
cand:l2-twse-2527,issuer,issuer:TW:2527,issuer:TW:2527,-,-,-,宏璟,L2,TWSE OpenAPI 上市公司基本資料（完整母集）,https://openapi.twse.com.tw/v1/opendata/t187ap03_L,2026-08-28,待核,l2:TWSE:2527,无,不适用,L2机械母集；未挂格,"四件套：URL=source_url；检索日=2026-08-28；命中引语=""公司代號 2527""；判定类别=L2机械母集/待人工裁决。原始出表日期=1150827；完整发行人母集不推定PCB主营、中国大陆厂址或物理产能。"
cand:l2-twse-2528,issuer,issuer:TW:2528,issuer:TW:2528,-,-,-,皇普,L2,TWSE OpenAPI 上市公司基本資料（完整母集）,https://openapi.twse.com.tw/v1/opendata/t187ap03_L,2026-08-28,待核,l2:TWSE:2528,无,不适用,L2机械母集；未挂格,"四件套：URL=source_url；检索日=2026-08-28；命中引语=""公司代號 2528""；判定类别=L2机械母集/待人工裁决。原始出表日期=1150827；完整发行人母集不推定PCB主营、中国大陆厂址或物理产能。"
cand:l2-twse-2530,issuer,issuer:TW:2530,issuer:TW:2530,-,-,-,華建,L2,TWSE OpenAPI 上市公司基本資料（完整母集）,https://openapi.twse.com.tw/v1/opendata/t187ap03_L,2026-08-28,待核,l2:TWSE:2530,无,不适用,L2机械母集；未挂格,"四件套：URL=source_url；检索日=2026-08-28；命中引语=""公司代號 2530""；判定类别=L2机械母集/待人工裁决。原始出表日期=1150827；完整发行人母集不推定PCB主营、中国大陆厂址或物理产能。"
cand:l2-twse-2534,issuer,issuer:TW:2534,issuer:TW:2534,-,-,-,宏盛,L2,TWSE OpenAPI 上市公司基本資料（完整母集）,https://openapi.twse.com.tw/v1/opendata/t187ap03_L,2026-08-28,待核,l2:TWSE:2534,无,不适用,L2机械母集；未挂格,"四件套：URL=source_url；检索日=2026-08-28；命中引语=""公司代號 2534""；判定类别=L2机械母集/待人工裁决。原始出表日期=1150827；完整发行人母集不推定PCB主营、中国大陆厂址或物理产能。"
cand:l2-twse-2535,issuer,issuer:TW:2535,issuer:TW:2535,-,-,-,達欣工,L2,TWSE OpenAPI 上市公司基本資料（完整母集）,https://openapi.twse.com.tw/v1/opendata/t187ap03_L,2026-08-28,待核,l2:TWSE:2535,无,不适用,L2机械母集；未挂格,"四件套：URL=source_url；检索日=2026-08-28；命中引语=""公司代號 2535""；判定类别=L2机械母集/待人工裁决。原始出表日期=1150827；完整发行人母集不推定PCB主营、中国大陆厂址或物理产能。"
cand:l2-twse-2536,issuer,issuer:TW:2536,issuer:TW:2536,-,-,-,宏普,L2,TWSE OpenAPI 上市公司基本資料（完整母集）,https://openapi.twse.com.tw/v1/opendata/t187ap03_L,2026-08-28,待核,l2:TWSE:2536,无,不适用,L2机械母集；未挂格,"四件套：URL=source_url；检索日=2026-08-28；命中引语=""公司代號 2536""；判定类别=L2机械母集/待人工裁决。原始出表日期=1150827；完整发行人母集不推定PCB主营、中国大陆厂址或物理产能。"
cand:l2-twse-2537,issuer,issuer:TW:2537,issuer:TW:2537,-,-,-,聯上發,L2,TWSE OpenAPI 上市公司基本資料（完整母集）,https://openapi.twse.com.tw/v1/opendata/t187ap03_L,2026-08-28,待核,l2:TWSE:2537,无,不适用,L2机械母集；未挂格,"四件套：URL=source_url；检索日=2026-08-28；命中引语=""公司代號 2537""；判定类别=L2机械母集/待人工裁决。原始出表日期=1150827；完整发行人母集不推定PCB主营、中国大陆厂址或物理产能。"
cand:l2-twse-2538,issuer,issuer:TW:2538,issuer:TW:2538,-,-,-,基泰,L2,TWSE OpenAPI 上市公司基本資料（完整母集）,https://openapi.twse.com.tw/v1/opendata/t187ap03_L,2026-08-28,待核,l2:TWSE:2538,无,不适用,L2机械母集；未挂格,"四件套：URL=source_url；检索日=2026-08-28；命中引语=""公司代號 2538""；判定类别=L2机械母集/待人工裁决。原始出表日期=1150827；完整发行人母集不推定PCB主营、中国大陆厂址或物理产能。"
cand:l2-twse-2539,issuer,issuer:TW:2539,issuer:TW:2539,-,-,-,櫻花建,L2,TWSE OpenAPI 上市公司基本資料（完整母集）,https://openapi.twse.com.tw/v1/opendata/t187ap03_L,2026-08-28,待核,l2:TWSE:2539,无,不适用,L2机械母集；未挂格,"四件套：URL=source_url；检索日=2026-08-28；命中引语=""公司代號 2539""；判定类别=L2机械母集/待人工裁决。原始出表日期=1150827；完整发行人母集不推定PCB主营、中国大陆厂址或物理产能。"
cand:l2-twse-2540,issuer,issuer:TW:2540,issuer:TW:2540,-,-,-,愛山林,L2,TWSE OpenAPI 上市公司基本資料（完整母集）,https://openapi.twse.com.tw/v1/opendata/t187ap03_L,2026-08-28,待核,l2:TWSE:2540,无,不适用,L2机械母集；未挂格,"四件套：URL=source_url；检索日=2026-08-28；命中引语=""公司代號 2540""；判定类别=L2机械母集/待人工裁决。原始出表日期=1150827；完整发行人母集不推定PCB主营、中国大陆厂址或物理产能。"
cand:l2-twse-2542,issuer,issuer:TW:2542,issuer:TW:2542,-,-,-,興富發,L2,TWSE OpenAPI 上市公司基本資料（完整母集）,https://openapi.twse.com.tw/v1/opendata/t187ap03_L,2026-08-28,待核,l2:TWSE:2542,无,不适用,L2机械母集；未挂格,"四件套：URL=source_url；检索日=2026-08-28；命中引语=""公司代號 2542""；判定类别=L2机械母集/待人工裁决。原始出表日期=1150827；完整发行人母集不推定PCB主营、中国大陆厂址或物理产能。"
cand:l2-twse-2543,issuer,issuer:TW:2543,issuer:TW:2543,-,-,-,皇昌,L2,TWSE OpenAPI 上市公司基本資料（完整母集）,https://openapi.twse.com.tw/v1/opendata/t187ap03_L,2026-08-28,待核,l2:TWSE:2543,无,不适用,L2机械母集；未挂格,"四件套：URL=source_url；检索日=2026-08-28；命中引语=""公司代號 2543""；判定类别=L2机械母集/待人工裁决。原始出表日期=1150827；完整发行人母集不推定PCB主营、中国大陆厂址或物理产能。"
cand:l2-twse-2545,issuer,issuer:TW:2545,issuer:TW:2545,-,-,-,皇翔,L2,TWSE OpenAPI 上市公司基本資料（完整母集）,https://openapi.twse.com.tw/v1/opendata/t187ap03_L,2026-08-28,待核,l2:TWSE:2545,无,不适用,L2机械母集；未挂格,"四件套：URL=source_url；检索日=2026-08-28；命中引语=""公司代號 2545""；判定类别=L2机械母集/待人工裁决。原始出表日期=1150827；完整发行人母集不推定PCB主营、中国大陆厂址或物理产能。"
cand:l2-twse-2546,issuer,issuer:TW:2546,issuer:TW:2546,-,-,-,根基,L2,TWSE OpenAPI 上市公司基本資料（完整母集）,https://openapi.twse.com.tw/v1/opendata/t187ap03_L,2026-08-28,待核,l2:TWSE:2546,无,不适用,L2机械母集；未挂格,"四件套：URL=source_url；检索日=2026-08-28；命中引语=""公司代號 2546""；判定类别=L2机械母集/待人工裁决。原始出表日期=1150827；完整发行人母集不推定PCB主营、中国大陆厂址或物理产能。"
cand:l2-twse-2547,issuer,issuer:TW:2547,issuer:TW:2547,-,-,-,日勝生,L2,TWSE OpenAPI 上市公司基本資料（完整母集）,https://openapi.twse.com.tw/v1/opendata/t187ap03_L,2026-08-28,待核,l2:TWSE:2547,无,不适用,L2机械母集；未挂格,"四件套：URL=source_url；检索日=2026-08-28；命中引语=""公司代號 2547""；判定类别=L2机械母集/待人工裁决。原始出表日期=1150827；完整发行人母集不推定PCB主营、中国大陆厂址或物理产能。"
cand:l2-twse-2548,issuer,issuer:TW:2548,issuer:TW:2548,-,-,-,華固,L2,TWSE OpenAPI 上市公司基本資料（完整母集）,https://openapi.twse.com.tw/v1/opendata/t187ap03_L,2026-08-28,待核,l2:TWSE:2548,无,不适用,L2机械母集；未挂格,"四件套：URL=source_url；检索日=2026-08-28；命中引语=""公司代號 2548""；判定类别=L2机械母集/待人工裁决。原始出表日期=1150827；完整发行人母集不推定PCB主营、中国大陆厂址或物理产能。"
cand:l2-twse-2597,issuer,issuer:TW:2597,issuer:TW:2597,-,-,-,潤弘,L2,TWSE OpenAPI 上市公司基本資料（完整母集）,https://openapi.twse.com.tw/v1/opendata/t187ap03_L,2026-08-28,待核,l2:TWSE:2597,无,不适用,L2机械母集；未挂格,"四件套：URL=source_url；检索日=2026-08-28；命中引语=""公司代號 2597""；判定类别=L2机械母集/待人工裁决。原始出表日期=1150827；完整发行人母集不推定PCB主营、中国大陆厂址或物理产能。"
cand:l2-twse-2601,issuer,issuer:TW:2601,issuer:TW:2601,-,-,-,益航,L2,TWSE OpenAPI 上市公司基本資料（完整母集）,https://openapi.twse.com.tw/v1/opendata/t187ap03_L,2026-08-28,待核,l2:TWSE:2601,无,不适用,L2机械母集；未挂格,"四件套：URL=source_url；检索日=2026-08-28；命中引语=""公司代號 2601""；判定类别=L2机械母集/待人工裁决。原始出表日期=1150827；完整发行人母集不推定PCB主营、中国大陆厂址或物理产能。"
cand:l2-twse-2603,issuer,issuer:TW:2603,issuer:TW:2603,-,-,-,長榮,L2,TWSE OpenAPI 上市公司基本資料（完整母集）,https://openapi.twse.com.tw/v1/opendata/t187ap03_L,2026-08-28,待核,l2:TWSE:2603,无,不适用,L2机械母集；未挂格,"四件套：URL=source_url；检索日=2026-08-28；命中引语=""公司代號 2603""；判定类别=L2机械母集/待人工裁决。原始出表日期=1150827；完整发行人母集不推定PCB主营、中国大陆厂址或物理产能。"
cand:l2-twse-2605,issuer,issuer:TW:2605,issuer:TW:2605,-,-,-,新興,L2,TWSE OpenAPI 上市公司基本資料（完整母集）,https://openapi.twse.com.tw/v1/opendata/t187ap03_L,2026-08-28,待核,l2:TWSE:2605,无,不适用,L2机械母集；未挂格,"四件套：URL=source_url；检索日=2026-08-28；命中引语=""公司代號 2605""；判定类别=L2机械母集/待人工裁决。原始出表日期=1150827；完整发行人母集不推定PCB主营、中国大陆厂址或物理产能。"
cand:l2-twse-2606,issuer,issuer:TW:2606,issuer:TW:2606,-,-,-,裕民,L2,TWSE OpenAPI 上市公司基本資料（完整母集）,https://openapi.twse.com.tw/v1/opendata/t187ap03_L,2026-08-28,待核,l2:TWSE:2606,无,不适用,L2机械母集；未挂格,"四件套：URL=source_url；检索日=2026-08-28；命中引语=""公司代號 2606""；判定类别=L2机械母集/待人工裁决。原始出表日期=1150827；完整发行人母集不推定PCB主营、中国大陆厂址或物理产能。"
cand:l2-twse-2607,issuer,issuer:TW:2607,issuer:TW:2607,-,-,-,榮運,L2,TWSE OpenAPI 上市公司基本資料（完整母集）,https://openapi.twse.com.tw/v1/opendata/t187ap03_L,2026-08-28,待核,l2:TWSE:2607,无,不适用,L2机械母集；未挂格,"四件套：URL=source_url；检索日=2026-08-28；命中引语=""公司代號 2607""；判定类别=L2机械母集/待人工裁决。原始出表日期=1150827；完整发行人母集不推定PCB主营、中国大陆厂址或物理产能。"
cand:l2-twse-2608,issuer,issuer:TW:2608,issuer:TW:2608,-,-,-,嘉里大榮,L2,TWSE OpenAPI 上市公司基本資料（完整母集）,https://openapi.twse.com.tw/v1/opendata/t187ap03_L,2026-08-28,待核,l2:TWSE:2608,无,不适用,L2机械母集；未挂格,"四件套：URL=source_url；检索日=2026-08-28；命中引语=""公司代號 2608""；判定类别=L2机械母集/待人工裁决。原始出表日期=1150827；完整发行人母集不推定PCB主营、中国大陆厂址或物理产能。"
cand:l2-twse-2609,issuer,issuer:TW:2609,issuer:TW:2609,-,-,-,陽明,L2,TWSE OpenAPI 上市公司基本資料（完整母集）,https://openapi.twse.com.tw/v1/opendata/t187ap03_L,2026-08-28,待核,l2:TWSE:2609,无,不适用,L2机械母集；未挂格,"四件套：URL=source_url；检索日=2026-08-28；命中引语=""公司代號 2609""；判定类别=L2机械母集/待人工裁决。原始出表日期=1150827；完整发行人母集不推定PCB主营、中国大陆厂址或物理产能。"
cand:l2-twse-2610,issuer,issuer:TW:2610,issuer:TW:2610,-,-,-,華航,L2,TWSE OpenAPI 上市公司基本資料（完整母集）,https://openapi.twse.com.tw/v1/opendata/t187ap03_L,2026-08-28,待核,l2:TWSE:2610,无,不适用,L2机械母集；未挂格,"四件套：URL=source_url；检索日=2026-08-28；命中引语=""公司代號 2610""；判定类别=L2机械母集/待人工裁决。原始出表日期=1150827；完整发行人母集不推定PCB主营、中国大陆厂址或物理产能。"
cand:l2-twse-2611,issuer,issuer:TW:2611,issuer:TW:2611,-,-,-,志信,L2,TWSE OpenAPI 上市公司基本資料（完整母集）,https://openapi.twse.com.tw/v1/opendata/t187ap03_L,2026-08-28,待核,l2:TWSE:2611,无,不适用,L2机械母集；未挂格,"四件套：URL=source_url；检索日=2026-08-28；命中引语=""公司代號 2611""；判定类别=L2机械母集/待人工裁决。原始出表日期=1150827；完整发行人母集不推定PCB主营、中国大陆厂址或物理产能。"
cand:l2-twse-2612,issuer,issuer:TW:2612,issuer:TW:2612,-,-,-,中航,L2,TWSE OpenAPI 上市公司基本資料（完整母集）,https://openapi.twse.com.tw/v1/opendata/t187ap03_L,2026-08-28,待核,l2:TWSE:2612,无,不适用,L2机械母集；未挂格,"四件套：URL=source_url；检索日=2026-08-28；命中引语=""公司代號 2612""；判定类别=L2机械母集/待人工裁决。原始出表日期=1150827；完整发行人母集不推定PCB主营、中国大陆厂址或物理产能。"
cand:l2-twse-2613,issuer,issuer:TW:2613,issuer:TW:2613,-,-,-,中櫃,L2,TWSE OpenAPI 上市公司基本資料（完整母集）,https://openapi.twse.com.tw/v1/opendata/t187ap03_L,2026-08-28,待核,l2:TWSE:2613,无,不适用,L2机械母集；未挂格,"四件套：URL=source_url；检索日=2026-08-28；命中引语=""公司代號 2613""；判定类别=L2机械母集/待人工裁决。原始出表日期=1150827；完整发行人母集不推定PCB主营、中国大陆厂址或物理产能。"
cand:l2-twse-2614,issuer,issuer:TW:2614,issuer:TW:2614,-,-,-,東森,L2,TWSE OpenAPI 上市公司基本資料（完整母集）,https://openapi.twse.com.tw/v1/opendata/t187ap03_L,2026-08-28,待核,l2:TWSE:2614,无,不适用,L2机械母集；未挂格,"四件套：URL=source_url；检索日=2026-08-28；命中引语=""公司代號 2614""；判定类别=L2机械母集/待人工裁决。原始出表日期=1150827；完整发行人母集不推定PCB主营、中国大陆厂址或物理产能。"
cand:l2-twse-2615,issuer,issuer:TW:2615,issuer:TW:2615,-,-,-,萬海,L2,TWSE OpenAPI 上市公司基本資料（完整母集）,https://openapi.twse.com.tw/v1/opendata/t187ap03_L,2026-08-28,待核,l2:TWSE:2615,无,不适用,L2机械母集；未挂格,"四件套：URL=source_url；检索日=2026-08-28；命中引语=""公司代號 2615""；判定类别=L2机械母集/待人工裁决。原始出表日期=1150827；完整发行人母集不推定PCB主营、中国大陆厂址或物理产能。"
cand:l2-twse-2616,issuer,issuer:TW:2616,issuer:TW:2616,-,-,-,山隆,L2,TWSE OpenAPI 上市公司基本資料（完整母集）,https://openapi.twse.com.tw/v1/opendata/t187ap03_L,2026-08-28,待核,l2:TWSE:2616,无,不适用,L2机械母集；未挂格,"四件套：URL=source_url；检索日=2026-08-28；命中引语=""公司代號 2616""；判定类别=L2机械母集/待人工裁决。原始出表日期=1150827；完整发行人母集不推定PCB主营、中国大陆厂址或物理产能。"
cand:l2-twse-2617,issuer,issuer:TW:2617,issuer:TW:2617,-,-,-,台航,L2,TWSE OpenAPI 上市公司基本資料（完整母集）,https://openapi.twse.com.tw/v1/opendata/t187ap03_L,2026-08-28,待核,l2:TWSE:2617,无,不适用,L2机械母集；未挂格,"四件套：URL=source_url；检索日=2026-08-28；命中引语=""公司代號 2617""；判定类别=L2机械母集/待人工裁决。原始出表日期=1150827；完整发行人母集不推定PCB主营、中国大陆厂址或物理产能。"
cand:l2-twse-2618,issuer,issuer:TW:2618,issuer:TW:2618,-,-,-,長榮航,L2,TWSE OpenAPI 上市公司基本資料（完整母集）,https://openapi.twse.com.tw/v1/opendata/t187ap03_L,2026-08-28,待核,l2:TWSE:2618,无,不适用,L2机械母集；未挂格,"四件套：URL=source_url；检索日=2026-08-28；命中引语=""公司代號 2618""；判定类别=L2机械母集/待人工裁决。原始出表日期=1150827；完整发行人母集不推定PCB主营、中国大陆厂址或物理产能。"
cand:l2-twse-2630,issuer,issuer:TW:2630,issuer:TW:2630,-,-,-,亞航,L2,TWSE OpenAPI 上市公司基本資料（完整母集）,https://openapi.twse.com.tw/v1/opendata/t187ap03_L,2026-08-28,待核,l2:TWSE:2630,无,不适用,L2机械母集；未挂格,"四件套：URL=source_url；检索日=2026-08-28；命中引语=""公司代號 2630""；判定类别=L2机械母集/待人工裁决。原始出表日期=1150827；完整发行人母集不推定PCB主营、中国大陆厂址或物理产能。"
cand:l2-twse-2633,issuer,issuer:TW:2633,issuer:TW:2633,-,-,-,台灣高鐵,L2,TWSE OpenAPI 上市公司基本資料（完整母集）,https://openapi.twse.com.tw/v1/opendata/t187ap03_L,2026-08-28,待核,l2:TWSE:2633,无,不适用,L2机械母集；未挂格,"四件套：URL=source_url；检索日=2026-08-28；命中引语=""公司代號 2633""；判定类别=L2机械母集/待人工裁决。原始出表日期=1150827；完整发行人母集不推定PCB主营、中国大陆厂址或物理产能。"
cand:l2-twse-2634,issuer,issuer:TW:2634,issuer:TW:2634,-,-,-,漢翔,L2,TWSE OpenAPI 上市公司基本資料（完整母集）,https://openapi.twse.com.tw/v1/opendata/t187ap03_L,2026-08-28,待核,l2:TWSE:2634,无,不适用,L2机械母集；未挂格,"四件套：URL=source_url；检索日=2026-08-28；命中引语=""公司代號 2634""；判定类别=L2机械母集/待人工裁决。原始出表日期=1150827；完整发行人母集不推定PCB主营、中国大陆厂址或物理产能。"
cand:l2-twse-2636,issuer,issuer:TW:2636,issuer:TW:2636,-,-,-,台驊控股,L2,TWSE OpenAPI 上市公司基本資料（完整母集）,https://openapi.twse.com.tw/v1/opendata/t187ap03_L,2026-08-28,待核,l2:TWSE:2636,无,不适用,L2机械母集；未挂格,"四件套：URL=source_url；检索日=2026-08-28；命中引语=""公司代號 2636""；判定类别=L2机械母集/待人工裁决。原始出表日期=1150827；完整发行人母集不推定PCB主营、中国大陆厂址或物理产能。"
cand:l2-twse-2637,issuer,issuer:TW:2637,issuer:TW:2637,-,-,-,慧洋-KY,L2,TWSE OpenAPI 上市公司基本資料（完整母集）,https://openapi.twse.com.tw/v1/opendata/t187ap03_L,2026-08-28,待核,l2:TWSE:2637,无,不适用,L2机械母集；未挂格,"四件套：URL=source_url；检索日=2026-08-28；命中引语=""公司代號 2637""；判定类别=L2机械母集/待人工裁决。原始出表日期=1150827；完整发行人母集不推定PCB主营、中国大陆厂址或物理产能。"
cand:l2-twse-2642,issuer,issuer:TW:2642,issuer:TW:2642,-,-,-,宅配通,L2,TWSE OpenAPI 上市公司基本資料（完整母集）,https://openapi.twse.com.tw/v1/opendata/t187ap03_L,2026-08-28,待核,l2:TWSE:2642,无,不适用,L2机械母集；未挂格,"四件套：URL=source_url；检索日=2026-08-28；命中引语=""公司代號 2642""；判定类别=L2机械母集/待人工裁决。原始出表日期=1150827；完整发行人母集不推定PCB主营、中国大陆厂址或物理产能。"
cand:l2-twse-2645,issuer,issuer:TW:2645,issuer:TW:2645,-,-,-,長榮航太,L2,TWSE OpenAPI 上市公司基本資料（完整母集）,https://openapi.twse.com.tw/v1/opendata/t187ap03_L,2026-08-28,待核,l2:TWSE:2645,无,不适用,L2机械母集；未挂格,"四件套：URL=source_url；检索日=2026-08-28；命中引语=""公司代號 2645""；判定类别=L2机械母集/待人工裁决。原始出表日期=1150827；完整发行人母集不推定PCB主营、中国大陆厂址或物理产能。"
cand:l2-twse-2646,issuer,issuer:TW:2646,issuer:TW:2646,-,-,-,星宇航空,L2,TWSE OpenAPI 上市公司基本資料（完整母集）,https://openapi.twse.com.tw/v1/opendata/t187ap03_L,2026-08-28,待核,l2:TWSE:2646,无,不适用,L2机械母集；未挂格,"四件套：URL=source_url；检索日=2026-08-28；命中引语=""公司代號 2646""；判定类别=L2机械母集/待人工裁决。原始出表日期=1150827；完整发行人母集不推定PCB主营、中国大陆厂址或物理产能。"
cand:l2-twse-2701,issuer,issuer:TW:2701,issuer:TW:2701,-,-,-,萬企,L2,TWSE OpenAPI 上市公司基本資料（完整母集）,https://openapi.twse.com.tw/v1/opendata/t187ap03_L,2026-08-28,待核,l2:TWSE:2701,无,不适用,L2机械母集；未挂格,"四件套：URL=source_url；检索日=2026-08-28；命中引语=""公司代號 2701""；判定类别=L2机械母集/待人工裁决。原始出表日期=1150827；完整发行人母集不推定PCB主营、中国大陆厂址或物理产能。"
cand:l2-twse-2702,issuer,issuer:TW:2702,issuer:TW:2702,-,-,-,華園,L2,TWSE OpenAPI 上市公司基本資料（完整母集）,https://openapi.twse.com.tw/v1/opendata/t187ap03_L,2026-08-28,待核,l2:TWSE:2702,无,不适用,L2机械母集；未挂格,"四件套：URL=source_url；检索日=2026-08-28；命中引语=""公司代號 2702""；判定类别=L2机械母集/待人工裁决。原始出表日期=1150827；完整发行人母集不推定PCB主营、中国大陆厂址或物理产能。"
cand:l2-twse-2704,issuer,issuer:TW:2704,issuer:TW:2704,-,-,-,國賓,L2,TWSE OpenAPI 上市公司基本資料（完整母集）,https://openapi.twse.com.tw/v1/opendata/t187ap03_L,2026-08-28,待核,l2:TWSE:2704,无,不适用,L2机械母集；未挂格,"四件套：URL=source_url；检索日=2026-08-28；命中引语=""公司代號 2704""；判定类别=L2机械母集/待人工裁决。原始出表日期=1150827；完整发行人母集不推定PCB主营、中国大陆厂址或物理产能。"
cand:l2-twse-2705,issuer,issuer:TW:2705,issuer:TW:2705,-,-,-,六福,L2,TWSE OpenAPI 上市公司基本資料（完整母集）,https://openapi.twse.com.tw/v1/opendata/t187ap03_L,2026-08-28,待核,l2:TWSE:2705,无,不适用,L2机械母集；未挂格,"四件套：URL=source_url；检索日=2026-08-28；命中引语=""公司代號 2705""；判定类别=L2机械母集/待人工裁决。原始出表日期=1150827；完整发行人母集不推定PCB主营、中国大陆厂址或物理产能。"
cand:l2-twse-2706,issuer,issuer:TW:2706,issuer:TW:2706,-,-,-,第一店,L2,TWSE OpenAPI 上市公司基本資料（完整母集）,https://openapi.twse.com.tw/v1/opendata/t187ap03_L,2026-08-28,待核,l2:TWSE:2706,无,不适用,L2机械母集；未挂格,"四件套：URL=source_url；检索日=2026-08-28；命中引语=""公司代號 2706""；判定类别=L2机械母集/待人工裁决。原始出表日期=1150827；完整发行人母集不推定PCB主营、中国大陆厂址或物理产能。"
cand:l2-twse-2707,issuer,issuer:TW:2707,issuer:TW:2707,-,-,-,晶華,L2,TWSE OpenAPI 上市公司基本資料（完整母集）,https://openapi.twse.com.tw/v1/opendata/t187ap03_L,2026-08-28,待核,l2:TWSE:2707,无,不适用,L2机械母集；未挂格,"四件套：URL=source_url；检索日=2026-08-28；命中引语=""公司代號 2707""；判定类别=L2机械母集/待人工裁决。原始出表日期=1150827；完整发行人母集不推定PCB主营、中国大陆厂址或物理产能。"
cand:l2-twse-2712,issuer,issuer:TW:2712,issuer:TW:2712,-,-,-,遠雄來,L2,TWSE OpenAPI 上市公司基本資料（完整母集）,https://openapi.twse.com.tw/v1/opendata/t187ap03_L,2026-08-28,待核,l2:TWSE:2712,无,不适用,L2机械母集；未挂格,"四件套：URL=source_url；检索日=2026-08-28；命中引语=""公司代號 2712""；判定类别=L2机械母集/待人工裁决。原始出表日期=1150827；完整发行人母集不推定PCB主营、中国大陆厂址或物理产能。"
cand:l2-twse-2722,issuer,issuer:TW:2722,issuer:TW:2722,-,-,-,夏都,L2,TWSE OpenAPI 上市公司基本資料（完整母集）,https://openapi.twse.com.tw/v1/opendata/t187ap03_L,2026-08-28,待核,l2:TWSE:2722,无,不适用,L2机械母集；未挂格,"四件套：URL=source_url；检索日=2026-08-28；命中引语=""公司代號 2722""；判定类别=L2机械母集/待人工裁决。原始出表日期=1150827；完整发行人母集不推定PCB主营、中国大陆厂址或物理产能。"
cand:l2-twse-2723,issuer,issuer:TW:2723,issuer:TW:2723,-,-,-,美食-KY,L2,TWSE OpenAPI 上市公司基本資料（完整母集）,https://openapi.twse.com.tw/v1/opendata/t187ap03_L,2026-08-28,待核,l2:TWSE:2723,无,不适用,L2机械母集；未挂格,"四件套：URL=source_url；检索日=2026-08-28；命中引语=""公司代號 2723""；判定类别=L2机械母集/待人工裁决。原始出表日期=1150827；完整发行人母集不推定PCB主营、中国大陆厂址或物理产能。"
cand:l2-twse-2727,issuer,issuer:TW:2727,issuer:TW:2727,-,-,-,王品,L2,TWSE OpenAPI 上市公司基本資料（完整母集）,https://openapi.twse.com.tw/v1/opendata/t187ap03_L,2026-08-28,待核,l2:TWSE:2727,无,不适用,L2机械母集；未挂格,"四件套：URL=source_url；检索日=2026-08-28；命中引语=""公司代號 2727""；判定类别=L2机械母集/待人工裁决。原始出表日期=1150827；完整发行人母集不推定PCB主营、中国大陆厂址或物理产能。"
cand:l2-twse-2731,issuer,issuer:TW:2731,issuer:TW:2731,-,-,-,雄獅,L2,TWSE OpenAPI 上市公司基本資料（完整母集）,https://openapi.twse.com.tw/v1/opendata/t187ap03_L,2026-08-28,待核,l2:TWSE:2731,无,不适用,L2机械母集；未挂格,"四件套：URL=source_url；检索日=2026-08-28；命中引语=""公司代號 2731""；判定类别=L2机械母集/待人工裁决。原始出表日期=1150827；完整发行人母集不推定PCB主营、中国大陆厂址或物理产能。"
cand:l2-twse-2739,issuer,issuer:TW:2739,issuer:TW:2739,-,-,-,寒舍,L2,TWSE OpenAPI 上市公司基本資料（完整母集）,https://openapi.twse.com.tw/v1/opendata/t187ap03_L,2026-08-28,待核,l2:TWSE:2739,无,不适用,L2机械母集；未挂格,"四件套：URL=source_url；检索日=2026-08-28；命中引语=""公司代號 2739""；判定类别=L2机械母集/待人工裁决。原始出表日期=1150827；完整发行人母集不推定PCB主营、中国大陆厂址或物理产能。"
cand:l2-twse-2748,issuer,issuer:TW:2748,issuer:TW:2748,-,-,-,雲品,L2,TWSE OpenAPI 上市公司基本資料（完整母集）,https://openapi.twse.com.tw/v1/opendata/t187ap03_L,2026-08-28,待核,l2:TWSE:2748,无,不适用,L2机械母集；未挂格,"四件套：URL=source_url；检索日=2026-08-28；命中引语=""公司代號 2748""；判定类别=L2机械母集/待人工裁决。原始出表日期=1150827；完整发行人母集不推定PCB主营、中国大陆厂址或物理产能。"
cand:l2-twse-2753,issuer,issuer:TW:2753,issuer:TW:2753,-,-,-,八方雲集,L2,TWSE OpenAPI 上市公司基本資料（完整母集）,https://openapi.twse.com.tw/v1/opendata/t187ap03_L,2026-08-28,待核,l2:TWSE:2753,无,不适用,L2机械母集；未挂格,"四件套：URL=source_url；检索日=2026-08-28；命中引语=""公司代號 2753""；判定类别=L2机械母集/待人工裁决。原始出表日期=1150827；完整发行人母集不推定PCB主营、中国大陆厂址或物理产能。"
cand:l2-twse-2762,issuer,issuer:TW:2762,issuer:TW:2762,-,-,-,世界健身-KY,L2,TWSE OpenAPI 上市公司基本資料（完整母集）,https://openapi.twse.com.tw/v1/opendata/t187ap03_L,2026-08-28,待核,l2:TWSE:2762,无,不适用,L2机械母集；未挂格,"四件套：URL=source_url；检索日=2026-08-28；命中引语=""公司代號 2762""；判定类别=L2机械母集/待人工裁决。原始出表日期=1150827；完整发行人母集不推定PCB主营、中国大陆厂址或物理产能。"
cand:l2-twse-2801,issuer,issuer:TW:2801,issuer:TW:2801,-,-,-,彰銀,L2,TWSE OpenAPI 上市公司基本資料（完整母集）,https://openapi.twse.com.tw/v1/opendata/t187ap03_L,2026-08-28,待核,l2:TWSE:2801,无,不适用,L2机械母集；未挂格,"四件套：URL=source_url；检索日=2026-08-28；命中引语=""公司代號 2801""；判定类别=L2机械母集/待人工裁决。原始出表日期=1150827；完整发行人母集不推定PCB主营、中国大陆厂址或物理产能。"
cand:l2-twse-2812,issuer,issuer:TW:2812,issuer:TW:2812,-,-,-,台中銀,L2,TWSE OpenAPI 上市公司基本資料（完整母集）,https://openapi.twse.com.tw/v1/opendata/t187ap03_L,2026-08-28,待核,l2:TWSE:2812,无,不适用,L2机械母集；未挂格,"四件套：URL=source_url；检索日=2026-08-28；命中引语=""公司代號 2812""；判定类别=L2机械母集/待人工裁决。原始出表日期=1150827；完整发行人母集不推定PCB主营、中国大陆厂址或物理产能。"
cand:l2-twse-2816,issuer,issuer:TW:2816,issuer:TW:2816,-,-,-,旺旺保,L2,TWSE OpenAPI 上市公司基本資料（完整母集）,https://openapi.twse.com.tw/v1/opendata/t187ap03_L,2026-08-28,待核,l2:TWSE:2816,无,不适用,L2机械母集；未挂格,"四件套：URL=source_url；检索日=2026-08-28；命中引语=""公司代號 2816""；判定类别=L2机械母集/待人工裁决。原始出表日期=1150827；完整发行人母集不推定PCB主营、中国大陆厂址或物理产能。"
cand:l2-twse-2820,issuer,issuer:TW:2820,issuer:TW:2820,-,-,-,華票,L2,TWSE OpenAPI 上市公司基本資料（完整母集）,https://openapi.twse.com.tw/v1/opendata/t187ap03_L,2026-08-28,待核,l2:TWSE:2820,无,不适用,L2机械母集；未挂格,"四件套：URL=source_url；检索日=2026-08-28；命中引语=""公司代號 2820""；判定类别=L2机械母集/待人工裁决。原始出表日期=1150827；完整发行人母集不推定PCB主营、中国大陆厂址或物理产能。"
cand:l2-twse-2832,issuer,issuer:TW:2832,issuer:TW:2832,-,-,-,台產,L2,TWSE OpenAPI 上市公司基本資料（完整母集）,https://openapi.twse.com.tw/v1/opendata/t187ap03_L,2026-08-28,待核,l2:TWSE:2832,无,不适用,L2机械母集；未挂格,"四件套：URL=source_url；检索日=2026-08-28；命中引语=""公司代號 2832""；判定类别=L2机械母集/待人工裁决。原始出表日期=1150827；完整发行人母集不推定PCB主营、中国大陆厂址或物理产能。"
cand:l2-twse-2834,issuer,issuer:TW:2834,issuer:TW:2834,-,-,-,臺企銀,L2,TWSE OpenAPI 上市公司基本資料（完整母集）,https://openapi.twse.com.tw/v1/opendata/t187ap03_L,2026-08-28,待核,l2:TWSE:2834,无,不适用,L2机械母集；未挂格,"四件套：URL=source_url；检索日=2026-08-28；命中引语=""公司代號 2834""；判定类别=L2机械母集/待人工裁决。原始出表日期=1150827；完整发行人母集不推定PCB主营、中国大陆厂址或物理产能。"
cand:l2-twse-2836,issuer,issuer:TW:2836,issuer:TW:2836,-,-,-,高雄銀,L2,TWSE OpenAPI 上市公司基本資料（完整母集）,https://openapi.twse.com.tw/v1/opendata/t187ap03_L,2026-08-28,待核,l2:TWSE:2836,无,不适用,L2机械母集；未挂格,"四件套：URL=source_url；检索日=2026-08-28；命中引语=""公司代號 2836""；判定类别=L2机械母集/待人工裁决。原始出表日期=1150827；完整发行人母集不推定PCB主营、中国大陆厂址或物理产能。"
cand:l2-twse-2838,issuer,issuer:TW:2838,issuer:TW:2838,-,-,-,聯邦銀,L2,TWSE OpenAPI 上市公司基本資料（完整母集）,https://openapi.twse.com.tw/v1/opendata/t187ap03_L,2026-08-28,待核,l2:TWSE:2838,无,不适用,L2机械母集；未挂格,"四件套：URL=source_url；检索日=2026-08-28；命中引语=""公司代號 2838""；判定类别=L2机械母集/待人工裁决。原始出表日期=1150827；完整发行人母集不推定PCB主营、中国大陆厂址或物理产能。"
cand:l2-twse-2845,issuer,issuer:TW:2845,issuer:TW:2845,-,-,-,遠東銀,L2,TWSE OpenAPI 上市公司基本資料（完整母集）,https://openapi.twse.com.tw/v1/opendata/t187ap03_L,2026-08-28,待核,l2:TWSE:2845,无,不适用,L2机械母集；未挂格,"四件套：URL=source_url；检索日=2026-08-28；命中引语=""公司代號 2845""；判定类别=L2机械母集/待人工裁决。原始出表日期=1150827；完整发行人母集不推定PCB主营、中国大陆厂址或物理产能。"
cand:l2-twse-2849,issuer,issuer:TW:2849,issuer:TW:2849,-,-,-,安泰銀,L2,TWSE OpenAPI 上市公司基本資料（完整母集）,https://openapi.twse.com.tw/v1/opendata/t187ap03_L,2026-08-28,待核,l2:TWSE:2849,无,不适用,L2机械母集；未挂格,"四件套：URL=source_url；检索日=2026-08-28；命中引语=""公司代號 2849""；判定类别=L2机械母集/待人工裁决。原始出表日期=1150827；完整发行人母集不推定PCB主营、中国大陆厂址或物理产能。"
cand:l2-twse-2850,issuer,issuer:TW:2850,issuer:TW:2850,-,-,-,新產,L2,TWSE OpenAPI 上市公司基本資料（完整母集）,https://openapi.twse.com.tw/v1/opendata/t187ap03_L,2026-08-28,待核,l2:TWSE:2850,无,不适用,L2机械母集；未挂格,"四件套：URL=source_url；检索日=2026-08-28；命中引语=""公司代號 2850""；判定类别=L2机械母集/待人工裁决。原始出表日期=1150827；完整发行人母集不推定PCB主营、中国大陆厂址或物理产能。"
cand:l2-twse-2851,issuer,issuer:TW:2851,issuer:TW:2851,-,-,-,中再保,L2,TWSE OpenAPI 上市公司基本資料（完整母集）,https://openapi.twse.com.tw/v1/opendata/t187ap03_L,2026-08-28,待核,l2:TWSE:2851,无,不适用,L2机械母集；未挂格,"四件套：URL=source_url；检索日=2026-08-28；命中引语=""公司代號 2851""；判定类别=L2机械母集/待人工裁决。原始出表日期=1150827；完整发行人母集不推定PCB主营、中国大陆厂址或物理产能。"
cand:l2-twse-2852,issuer,issuer:TW:2852,issuer:TW:2852,-,-,-,第一保,L2,TWSE OpenAPI 上市公司基本資料（完整母集）,https://openapi.twse.com.tw/v1/opendata/t187ap03_L,2026-08-28,待核,l2:TWSE:2852,无,不适用,L2机械母集；未挂格,"四件套：URL=source_url；检索日=2026-08-28；命中引语=""公司代號 2852""；判定类别=L2机械母集/待人工裁决。原始出表日期=1150827；完整发行人母集不推定PCB主营、中国大陆厂址或物理产能。"
cand:l2-twse-2855,issuer,issuer:TW:2855,issuer:TW:2855,-,-,-,統一證,L2,TWSE OpenAPI 上市公司基本資料（完整母集）,https://openapi.twse.com.tw/v1/opendata/t187ap03_L,2026-08-28,待核,l2:TWSE:2855,无,不适用,L2机械母集；未挂格,"四件套：URL=source_url；检索日=2026-08-28；命中引语=""公司代號 2855""；判定类别=L2机械母集/待人工裁决。原始出表日期=1150827；完整发行人母集不推定PCB主营、中国大陆厂址或物理产能。"
cand:l2-twse-2867,issuer,issuer:TW:2867,issuer:TW:2867,-,-,-,三商壽,L2,TWSE OpenAPI 上市公司基本資料（完整母集）,https://openapi.twse.com.tw/v1/opendata/t187ap03_L,2026-08-28,待核,l2:TWSE:2867,无,不适用,L2机械母集；未挂格,"四件套：URL=source_url；检索日=2026-08-28；命中引语=""公司代號 2867""；判定类别=L2机械母集/待人工裁决。原始出表日期=1150827；完整发行人母集不推定PCB主营、中国大陆厂址或物理产能。"
cand:l2-twse-2880,issuer,issuer:TW:2880,issuer:TW:2880,-,-,-,華南金,L2,TWSE OpenAPI 上市公司基本資料（完整母集）,https://openapi.twse.com.tw/v1/opendata/t187ap03_L,2026-08-28,待核,l2:TWSE:2880,无,不适用,L2机械母集；未挂格,"四件套：URL=source_url；检索日=2026-08-28；命中引语=""公司代號 2880""；判定类别=L2机械母集/待人工裁决。原始出表日期=1150827；完整发行人母集不推定PCB主营、中国大陆厂址或物理产能。"
cand:l2-twse-2881,issuer,issuer:TW:2881,issuer:TW:2881,-,-,-,富邦金,L2,TWSE OpenAPI 上市公司基本資料（完整母集）,https://openapi.twse.com.tw/v1/opendata/t187ap03_L,2026-08-28,待核,l2:TWSE:2881,无,不适用,L2机械母集；未挂格,"四件套：URL=source_url；检索日=2026-08-28；命中引语=""公司代號 2881""；判定类别=L2机械母集/待人工裁决。原始出表日期=1150827；完整发行人母集不推定PCB主营、中国大陆厂址或物理产能。"
cand:l2-twse-2882,issuer,issuer:TW:2882,issuer:TW:2882,-,-,-,國泰金,L2,TWSE OpenAPI 上市公司基本資料（完整母集）,https://openapi.twse.com.tw/v1/opendata/t187ap03_L,2026-08-28,待核,l2:TWSE:2882,无,不适用,L2机械母集；未挂格,"四件套：URL=source_url；检索日=2026-08-28；命中引语=""公司代號 2882""；判定类别=L2机械母集/待人工裁决。原始出表日期=1150827；完整发行人母集不推定PCB主营、中国大陆厂址或物理产能。"
cand:l2-twse-2883,issuer,issuer:TW:2883,issuer:TW:2883,-,-,-,凱基金,L2,TWSE OpenAPI 上市公司基本資料（完整母集）,https://openapi.twse.com.tw/v1/opendata/t187ap03_L,2026-08-28,待核,l2:TWSE:2883,无,不适用,L2机械母集；未挂格,"四件套：URL=source_url；检索日=2026-08-28；命中引语=""公司代號 2883""；判定类别=L2机械母集/待人工裁决。原始出表日期=1150827；完整发行人母集不推定PCB主营、中国大陆厂址或物理产能。"
cand:l2-twse-2884,issuer,issuer:TW:2884,issuer:TW:2884,-,-,-,玉山金,L2,TWSE OpenAPI 上市公司基本資料（完整母集）,https://openapi.twse.com.tw/v1/opendata/t187ap03_L,2026-08-28,待核,l2:TWSE:2884,无,不适用,L2机械母集；未挂格,"四件套：URL=source_url；检索日=2026-08-28；命中引语=""公司代號 2884""；判定类别=L2机械母集/待人工裁决。原始出表日期=1150827；完整发行人母集不推定PCB主营、中国大陆厂址或物理产能。"
cand:l2-twse-2885,issuer,issuer:TW:2885,issuer:TW:2885,-,-,-,元大金,L2,TWSE OpenAPI 上市公司基本資料（完整母集）,https://openapi.twse.com.tw/v1/opendata/t187ap03_L,2026-08-28,待核,l2:TWSE:2885,无,不适用,L2机械母集；未挂格,"四件套：URL=source_url；检索日=2026-08-28；命中引语=""公司代號 2885""；判定类别=L2机械母集/待人工裁决。原始出表日期=1150827；完整发行人母集不推定PCB主营、中国大陆厂址或物理产能。"
cand:l2-twse-2886,issuer,issuer:TW:2886,issuer:TW:2886,-,-,-,兆豐金,L2,TWSE OpenAPI 上市公司基本資料（完整母集）,https://openapi.twse.com.tw/v1/opendata/t187ap03_L,2026-08-28,待核,l2:TWSE:2886,无,不适用,L2机械母集；未挂格,"四件套：URL=source_url；检索日=2026-08-28；命中引语=""公司代號 2886""；判定类别=L2机械母集/待人工裁决。原始出表日期=1150827；完整发行人母集不推定PCB主营、中国大陆厂址或物理产能。"
cand:l2-twse-2887,issuer,issuer:TW:2887,issuer:TW:2887,-,-,-,台新新光金,L2,TWSE OpenAPI 上市公司基本資料（完整母集）,https://openapi.twse.com.tw/v1/opendata/t187ap03_L,2026-08-28,待核,l2:TWSE:2887,无,不适用,L2机械母集；未挂格,"四件套：URL=source_url；检索日=2026-08-28；命中引语=""公司代號 2887""；判定类别=L2机械母集/待人工裁决。原始出表日期=1150827；完整发行人母集不推定PCB主营、中国大陆厂址或物理产能。"
cand:l2-twse-2889,issuer,issuer:TW:2889,issuer:TW:2889,-,-,-,國票金,L2,TWSE OpenAPI 上市公司基本資料（完整母集）,https://openapi.twse.com.tw/v1/opendata/t187ap03_L,2026-08-28,待核,l2:TWSE:2889,无,不适用,L2机械母集；未挂格,"四件套：URL=source_url；检索日=2026-08-28；命中引语=""公司代號 2889""；判定类别=L2机械母集/待人工裁决。原始出表日期=1150827；完整发行人母集不推定PCB主营、中国大陆厂址或物理产能。"
cand:l2-twse-2890,issuer,issuer:TW:2890,issuer:TW:2890,-,-,-,永豐金,L2,TWSE OpenAPI 上市公司基本資料（完整母集）,https://openapi.twse.com.tw/v1/opendata/t187ap03_L,2026-08-28,待核,l2:TWSE:2890,无,不适用,L2机械母集；未挂格,"四件套：URL=source_url；检索日=2026-08-28；命中引语=""公司代號 2890""；判定类别=L2机械母集/待人工裁决。原始出表日期=1150827；完整发行人母集不推定PCB主营、中国大陆厂址或物理产能。"
cand:l2-twse-2891,issuer,issuer:TW:2891,issuer:TW:2891,-,-,-,中信金,L2,TWSE OpenAPI 上市公司基本資料（完整母集）,https://openapi.twse.com.tw/v1/opendata/t187ap03_L,2026-08-28,待核,l2:TWSE:2891,无,不适用,L2机械母集；未挂格,"四件套：URL=source_url；检索日=2026-08-28；命中引语=""公司代號 2891""；判定类别=L2机械母集/待人工裁决。原始出表日期=1150827；完整发行人母集不推定PCB主营、中国大陆厂址或物理产能。"
cand:l2-twse-2892,issuer,issuer:TW:2892,issuer:TW:2892,-,-,-,第一金,L2,TWSE OpenAPI 上市公司基本資料（完整母集）,https://openapi.twse.com.tw/v1/opendata/t187ap03_L,2026-08-28,待核,l2:TWSE:2892,无,不适用,L2机械母集；未挂格,"四件套：URL=source_url；检索日=2026-08-28；命中引语=""公司代號 2892""；判定类别=L2机械母集/待人工裁决。原始出表日期=1150827；完整发行人母集不推定PCB主营、中国大陆厂址或物理产能。"
cand:l2-twse-2897,issuer,issuer:TW:2897,issuer:TW:2897,-,-,-,王道銀行,L2,TWSE OpenAPI 上市公司基本資料（完整母集）,https://openapi.twse.com.tw/v1/opendata/t187ap03_L,2026-08-28,待核,l2:TWSE:2897,无,不适用,L2机械母集；未挂格,"四件套：URL=source_url；检索日=2026-08-28；命中引语=""公司代號 2897""；判定类别=L2机械母集/待人工裁决。原始出表日期=1150827；完整发行人母集不推定PCB主营、中国大陆厂址或物理产能。"
cand:l2-twse-2901,issuer,issuer:TW:2901,issuer:TW:2901,-,-,-,欣欣,L2,TWSE OpenAPI 上市公司基本資料（完整母集）,https://openapi.twse.com.tw/v1/opendata/t187ap03_L,2026-08-28,待核,l2:TWSE:2901,无,不适用,L2机械母集；未挂格,"四件套：URL=source_url；检索日=2026-08-28；命中引语=""公司代號 2901""；判定类别=L2机械母集/待人工裁决。原始出表日期=1150827；完整发行人母集不推定PCB主营、中国大陆厂址或物理产能。"
cand:l2-twse-2903,issuer,issuer:TW:2903,issuer:TW:2903,-,-,-,遠百,L2,TWSE OpenAPI 上市公司基本資料（完整母集）,https://openapi.twse.com.tw/v1/opendata/t187ap03_L,2026-08-28,待核,l2:TWSE:2903,无,不适用,L2机械母集；未挂格,"四件套：URL=source_url；检索日=2026-08-28；命中引语=""公司代號 2903""；判定类别=L2机械母集/待人工裁决。原始出表日期=1150827；完整发行人母集不推定PCB主营、中国大陆厂址或物理产能。"
cand:l2-twse-2904,issuer,issuer:TW:2904,issuer:TW:2904,-,-,-,匯僑,L2,TWSE OpenAPI 上市公司基本資料（完整母集）,https://openapi.twse.com.tw/v1/opendata/t187ap03_L,2026-08-28,待核,l2:TWSE:2904,无,不适用,L2机械母集；未挂格,"四件套：URL=source_url；检索日=2026-08-28；命中引语=""公司代號 2904""；判定类别=L2机械母集/待人工裁决。原始出表日期=1150827；完整发行人母集不推定PCB主营、中国大陆厂址或物理产能。"
cand:l2-twse-2905,issuer,issuer:TW:2905,issuer:TW:2905,-,-,-,三商,L2,TWSE OpenAPI 上市公司基本資料（完整母集）,https://openapi.twse.com.tw/v1/opendata/t187ap03_L,2026-08-28,待核,l2:TWSE:2905,无,不适用,L2机械母集；未挂格,"四件套：URL=source_url；检索日=2026-08-28；命中引语=""公司代號 2905""；判定类别=L2机械母集/待人工裁决。原始出表日期=1150827；完整发行人母集不推定PCB主营、中国大陆厂址或物理产能。"
cand:l2-twse-2906,issuer,issuer:TW:2906,issuer:TW:2906,-,-,-,高林,L2,TWSE OpenAPI 上市公司基本資料（完整母集）,https://openapi.twse.com.tw/v1/opendata/t187ap03_L,2026-08-28,待核,l2:TWSE:2906,无,不适用,L2机械母集；未挂格,"四件套：URL=source_url；检索日=2026-08-28；命中引语=""公司代號 2906""；判定类别=L2机械母集/待人工裁决。原始出表日期=1150827；完整发行人母集不推定PCB主营、中国大陆厂址或物理产能。"
cand:l2-twse-2908,issuer,issuer:TW:2908,issuer:TW:2908,-,-,-,特力,L2,TWSE OpenAPI 上市公司基本資料（完整母集）,https://openapi.twse.com.tw/v1/opendata/t187ap03_L,2026-08-28,待核,l2:TWSE:2908,无,不适用,L2机械母集；未挂格,"四件套：URL=source_url；检索日=2026-08-28；命中引语=""公司代號 2908""；判定类别=L2机械母集/待人工裁决。原始出表日期=1150827；完整发行人母集不推定PCB主营、中国大陆厂址或物理产能。"
cand:l2-twse-2910,issuer,issuer:TW:2910,issuer:TW:2910,-,-,-,統領,L2,TWSE OpenAPI 上市公司基本資料（完整母集）,https://openapi.twse.com.tw/v1/opendata/t187ap03_L,2026-08-28,待核,l2:TWSE:2910,无,不适用,L2机械母集；未挂格,"四件套：URL=source_url；检索日=2026-08-28；命中引语=""公司代號 2910""；判定类别=L2机械母集/待人工裁决。原始出表日期=1150827；完整发行人母集不推定PCB主营、中国大陆厂址或物理产能。"
cand:l2-twse-2911,issuer,issuer:TW:2911,issuer:TW:2911,-,-,-,麗嬰房,L2,TWSE OpenAPI 上市公司基本資料（完整母集）,https://openapi.twse.com.tw/v1/opendata/t187ap03_L,2026-08-28,待核,l2:TWSE:2911,无,不适用,L2机械母集；未挂格,"四件套：URL=source_url；检索日=2026-08-28；命中引语=""公司代號 2911""；判定类别=L2机械母集/待人工裁决。原始出表日期=1150827；完整发行人母集不推定PCB主营、中国大陆厂址或物理产能。"
cand:l2-twse-2912,issuer,issuer:TW:2912,issuer:TW:2912,-,-,-,統一超,L2,TWSE OpenAPI 上市公司基本資料（完整母集）,https://openapi.twse.com.tw/v1/opendata/t187ap03_L,2026-08-28,待核,l2:TWSE:2912,无,不适用,L2机械母集；未挂格,"四件套：URL=source_url；检索日=2026-08-28；命中引语=""公司代號 2912""；判定类别=L2机械母集/待人工裁决。原始出表日期=1150827；完整发行人母集不推定PCB主营、中国大陆厂址或物理产能。"
cand:l2-twse-2913,issuer,issuer:TW:2913,issuer:TW:2913,-,-,-,農林,L2,TWSE OpenAPI 上市公司基本資料（完整母集）,https://openapi.twse.com.tw/v1/opendata/t187ap03_L,2026-08-28,待核,l2:TWSE:2913,无,不适用,L2机械母集；未挂格,"四件套：URL=source_url；检索日=2026-08-28；命中引语=""公司代號 2913""；判定类别=L2机械母集/待人工裁决。原始出表日期=1150827；完整发行人母集不推定PCB主营、中国大陆厂址或物理产能。"
cand:l2-twse-2915,issuer,issuer:TW:2915,issuer:TW:2915,-,-,-,潤泰全,L2,TWSE OpenAPI 上市公司基本資料（完整母集）,https://openapi.twse.com.tw/v1/opendata/t187ap03_L,2026-08-28,待核,l2:TWSE:2915,无,不适用,L2机械母集；未挂格,"四件套：URL=source_url；检索日=2026-08-28；命中引语=""公司代號 2915""；判定类别=L2机械母集/待人工裁决。原始出表日期=1150827；完整发行人母集不推定PCB主营、中国大陆厂址或物理产能。"
cand:l2-twse-2923,issuer,issuer:TW:2923,issuer:TW:2923,-,-,-,鼎固-KY,L2,TWSE OpenAPI 上市公司基本資料（完整母集）,https://openapi.twse.com.tw/v1/opendata/t187ap03_L,2026-08-28,待核,l2:TWSE:2923,无,不适用,L2机械母集；未挂格,"四件套：URL=source_url；检索日=2026-08-28；命中引语=""公司代號 2923""；判定类别=L2机械母集/待人工裁决。原始出表日期=1150827；完整发行人母集不推定PCB主营、中国大陆厂址或物理产能。"
cand:l2-twse-2929,issuer,issuer:TW:2929,issuer:TW:2929,-,-,-,淘帝-KY,L2,TWSE OpenAPI 上市公司基本資料（完整母集）,https://openapi.twse.com.tw/v1/opendata/t187ap03_L,2026-08-28,待核,l2:TWSE:2929,无,不适用,L2机械母集；未挂格,"四件套：URL=source_url；检索日=2026-08-28；命中引语=""公司代號 2929""；判定类别=L2机械母集/待人工裁决。原始出表日期=1150827；完整发行人母集不推定PCB主营、中国大陆厂址或物理产能。"
cand:l2-twse-2939,issuer,issuer:TW:2939,issuer:TW:2939,-,-,-,永邑-KY,L2,TWSE OpenAPI 上市公司基本資料（完整母集）,https://openapi.twse.com.tw/v1/opendata/t187ap03_L,2026-08-28,待核,l2:TWSE:2939,无,不适用,L2机械母集；未挂格,"四件套：URL=source_url；检索日=2026-08-28；命中引语=""公司代號 2939""；判定类别=L2机械母集/待人工裁决。原始出表日期=1150827；完整发行人母集不推定PCB主营、中国大陆厂址或物理产能。"
cand:l2-twse-2945,issuer,issuer:TW:2945,issuer:TW:2945,-,-,-,三商家購,L2,TWSE OpenAPI 上市公司基本資料（完整母集）,https://openapi.twse.com.tw/v1/opendata/t187ap03_L,2026-08-28,待核,l2:TWSE:2945,无,不适用,L2机械母集；未挂格,"四件套：URL=source_url；检索日=2026-08-28；命中引语=""公司代號 2945""；判定类别=L2机械母集/待人工裁决。原始出表日期=1150827；完整发行人母集不推定PCB主营、中国大陆厂址或物理产能。"
cand:l2-twse-3002,issuer,issuer:TW:3002,issuer:TW:3002,-,-,-,歐格,L2,TWSE OpenAPI 上市公司基本資料（完整母集）,https://openapi.twse.com.tw/v1/opendata/t187ap03_L,2026-08-28,待核,l2:TWSE:3002,无,不适用,L2机械母集；未挂格,"四件套：URL=source_url；检索日=2026-08-28；命中引语=""公司代號 3002""；判定类别=L2机械母集/待人工裁决。原始出表日期=1150827；完整发行人母集不推定PCB主营、中国大陆厂址或物理产能。"
cand:l2-twse-3003,issuer,issuer:TW:3003,issuer:TW:3003,-,-,-,健和興,L2,TWSE OpenAPI 上市公司基本資料（完整母集）,https://openapi.twse.com.tw/v1/opendata/t187ap03_L,2026-08-28,待核,l2:TWSE:3003,无,不适用,L2机械母集；未挂格,"四件套：URL=source_url；检索日=2026-08-28；命中引语=""公司代號 3003""；判定类别=L2机械母集/待人工裁决。原始出表日期=1150827；完整发行人母集不推定PCB主营、中国大陆厂址或物理产能。"
cand:l2-twse-3004,issuer,issuer:TW:3004,issuer:TW:3004,-,-,-,豐達科,L2,TWSE OpenAPI 上市公司基本資料（完整母集）,https://openapi.twse.com.tw/v1/opendata/t187ap03_L,2026-08-28,待核,l2:TWSE:3004,无,不适用,L2机械母集；未挂格,"四件套：URL=source_url；检索日=2026-08-28；命中引语=""公司代號 3004""；判定类别=L2机械母集/待人工裁决。原始出表日期=1150827；完整发行人母集不推定PCB主营、中国大陆厂址或物理产能。"
cand:l2-twse-3005,issuer,issuer:TW:3005,issuer:TW:3005,-,-,-,神基,L2,TWSE OpenAPI 上市公司基本資料（完整母集）,https://openapi.twse.com.tw/v1/opendata/t187ap03_L,2026-08-28,待核,l2:TWSE:3005,无,不适用,L2机械母集；未挂格,"四件套：URL=source_url；检索日=2026-08-28；命中引语=""公司代號 3005""；判定类别=L2机械母集/待人工裁决。原始出表日期=1150827；完整发行人母集不推定PCB主营、中国大陆厂址或物理产能。"
cand:l2-twse-3006,issuer,issuer:TW:3006,issuer:TW:3006,-,-,-,晶豪科,L2,TWSE OpenAPI 上市公司基本資料（完整母集）,https://openapi.twse.com.tw/v1/opendata/t187ap03_L,2026-08-28,待核,l2:TWSE:3006,无,不适用,L2机械母集；未挂格,"四件套：URL=source_url；检索日=2026-08-28；命中引语=""公司代號 3006""；判定类别=L2机械母集/待人工裁决。原始出表日期=1150827；完整发行人母集不推定PCB主营、中国大陆厂址或物理产能。"
cand:l2-twse-3008,issuer,issuer:TW:3008,issuer:TW:3008,-,-,-,大立光,L2,TWSE OpenAPI 上市公司基本資料（完整母集）,https://openapi.twse.com.tw/v1/opendata/t187ap03_L,2026-08-28,待核,l2:TWSE:3008,无,不适用,L2机械母集；未挂格,"四件套：URL=source_url；检索日=2026-08-28；命中引语=""公司代號 3008""；判定类别=L2机械母集/待人工裁决。原始出表日期=1150827；完整发行人母集不推定PCB主营、中国大陆厂址或物理产能。"
cand:l2-twse-3010,issuer,issuer:TW:3010,issuer:TW:3010,-,-,-,華立,L2,TWSE OpenAPI 上市公司基本資料（完整母集）,https://openapi.twse.com.tw/v1/opendata/t187ap03_L,2026-08-28,待核,l2:TWSE:3010,无,不适用,L2机械母集；未挂格,"四件套：URL=source_url；检索日=2026-08-28；命中引语=""公司代號 3010""；判定类别=L2机械母集/待人工裁决。原始出表日期=1150827；完整发行人母集不推定PCB主营、中国大陆厂址或物理产能。"
cand:l2-twse-3011,issuer,issuer:TW:3011,issuer:TW:3011,-,-,-,今皓,L2,TWSE OpenAPI 上市公司基本資料（完整母集）,https://openapi.twse.com.tw/v1/opendata/t187ap03_L,2026-08-28,待核,l2:TWSE:3011,无,不适用,L2机械母集；未挂格,"四件套：URL=source_url；检索日=2026-08-28；命中引语=""公司代號 3011""；判定类别=L2机械母集/待人工裁决。原始出表日期=1150827；完整发行人母集不推定PCB主营、中国大陆厂址或物理产能。"
cand:l2-twse-3013,issuer,issuer:TW:3013,issuer:TW:3013,-,-,-,晟銘電,L2,TWSE OpenAPI 上市公司基本資料（完整母集）,https://openapi.twse.com.tw/v1/opendata/t187ap03_L,2026-08-28,待核,l2:TWSE:3013,无,不适用,L2机械母集；未挂格,"四件套：URL=source_url；检索日=2026-08-28；命中引语=""公司代號 3013""；判定类别=L2机械母集/待人工裁决。原始出表日期=1150827；完整发行人母集不推定PCB主营、中国大陆厂址或物理产能。"
cand:l2-twse-3014,issuer,issuer:TW:3014,issuer:TW:3014,-,-,-,聯陽,L2,TWSE OpenAPI 上市公司基本資料（完整母集）,https://openapi.twse.com.tw/v1/opendata/t187ap03_L,2026-08-28,待核,l2:TWSE:3014,无,不适用,L2机械母集；未挂格,"四件套：URL=source_url；检索日=2026-08-28；命中引语=""公司代號 3014""；判定类别=L2机械母集/待人工裁决。原始出表日期=1150827；完整发行人母集不推定PCB主营、中国大陆厂址或物理产能。"
cand:l2-twse-3015,issuer,issuer:TW:3015,issuer:TW:3015,-,-,-,全漢,L2,TWSE OpenAPI 上市公司基本資料（完整母集）,https://openapi.twse.com.tw/v1/opendata/t187ap03_L,2026-08-28,待核,l2:TWSE:3015,无,不适用,L2机械母集；未挂格,"四件套：URL=source_url；检索日=2026-08-28；命中引语=""公司代號 3015""；判定类别=L2机械母集/待人工裁决。原始出表日期=1150827；完整发行人母集不推定PCB主营、中国大陆厂址或物理产能。"
cand:l2-twse-3016,issuer,issuer:TW:3016,issuer:TW:3016,-,-,-,嘉晶,L2,TWSE OpenAPI 上市公司基本資料（完整母集）,https://openapi.twse.com.tw/v1/opendata/t187ap03_L,2026-08-28,待核,l2:TWSE:3016,无,不适用,L2机械母集；未挂格,"四件套：URL=source_url；检索日=2026-08-28；命中引语=""公司代號 3016""；判定类别=L2机械母集/待人工裁决。原始出表日期=1150827；完整发行人母集不推定PCB主营、中国大陆厂址或物理产能。"
cand:l2-twse-3017,issuer,issuer:TW:3017,issuer:TW:3017,-,-,-,奇鋐,L2,TWSE OpenAPI 上市公司基本資料（完整母集）,https://openapi.twse.com.tw/v1/opendata/t187ap03_L,2026-08-28,待核,l2:TWSE:3017,无,不适用,L2机械母集；未挂格,"四件套：URL=source_url；检索日=2026-08-28；命中引语=""公司代號 3017""；判定类别=L2机械母集/待人工裁决。原始出表日期=1150827；完整发行人母集不推定PCB主营、中国大陆厂址或物理产能。"
cand:l2-twse-3018,issuer,issuer:TW:3018,issuer:TW:3018,-,-,-,隆銘綠能,L2,TWSE OpenAPI 上市公司基本資料（完整母集）,https://openapi.twse.com.tw/v1/opendata/t187ap03_L,2026-08-28,待核,l2:TWSE:3018,无,不适用,L2机械母集；未挂格,"四件套：URL=source_url；检索日=2026-08-28；命中引语=""公司代號 3018""；判定类别=L2机械母集/待人工裁决。原始出表日期=1150827；完整发行人母集不推定PCB主营、中国大陆厂址或物理产能。"
cand:l2-twse-3019,issuer,issuer:TW:3019,issuer:TW:3019,-,-,-,亞光,L2,TWSE OpenAPI 上市公司基本資料（完整母集）,https://openapi.twse.com.tw/v1/opendata/t187ap03_L,2026-08-28,待核,l2:TWSE:3019,无,不适用,L2机械母集；未挂格,"四件套：URL=source_url；检索日=2026-08-28；命中引语=""公司代號 3019""；判定类别=L2机械母集/待人工裁决。原始出表日期=1150827；完整发行人母集不推定PCB主营、中国大陆厂址或物理产能。"
cand:l2-twse-3021,issuer,issuer:TW:3021,issuer:TW:3021,-,-,-,鴻名,L2,TWSE OpenAPI 上市公司基本資料（完整母集）,https://openapi.twse.com.tw/v1/opendata/t187ap03_L,2026-08-28,待核,l2:TWSE:3021,无,不适用,L2机械母集；未挂格,"四件套：URL=source_url；检索日=2026-08-28；命中引语=""公司代號 3021""；判定类别=L2机械母集/待人工裁决。原始出表日期=1150827；完整发行人母集不推定PCB主营、中国大陆厂址或物理产能。"
cand:l2-twse-3022,issuer,issuer:TW:3022,issuer:TW:3022,-,-,-,威強電,L2,TWSE OpenAPI 上市公司基本資料（完整母集）,https://openapi.twse.com.tw/v1/opendata/t187ap03_L,2026-08-28,待核,l2:TWSE:3022,无,不适用,L2机械母集；未挂格,"四件套：URL=source_url；检索日=2026-08-28；命中引语=""公司代號 3022""；判定类别=L2机械母集/待人工裁决。原始出表日期=1150827；完整发行人母集不推定PCB主营、中国大陆厂址或物理产能。"
cand:l2-twse-3023,issuer,issuer:TW:3023,issuer:TW:3023,-,-,-,信邦,L2,TWSE OpenAPI 上市公司基本資料（完整母集）,https://openapi.twse.com.tw/v1/opendata/t187ap03_L,2026-08-28,待核,l2:TWSE:3023,无,不适用,L2机械母集；未挂格,"四件套：URL=source_url；检索日=2026-08-28；命中引语=""公司代號 3023""；判定类别=L2机械母集/待人工裁决。原始出表日期=1150827；完整发行人母集不推定PCB主营、中国大陆厂址或物理产能。"
cand:l2-twse-3024,issuer,issuer:TW:3024,issuer:TW:3024,-,-,-,憶聲,L2,TWSE OpenAPI 上市公司基本資料（完整母集）,https://openapi.twse.com.tw/v1/opendata/t187ap03_L,2026-08-28,待核,l2:TWSE:3024,无,不适用,L2机械母集；未挂格,"四件套：URL=source_url；检索日=2026-08-28；命中引语=""公司代號 3024""；判定类别=L2机械母集/待人工裁决。原始出表日期=1150827；完整发行人母集不推定PCB主营、中国大陆厂址或物理产能。"
cand:l2-twse-3025,issuer,issuer:TW:3025,issuer:TW:3025,-,-,-,星通,L2,TWSE OpenAPI 上市公司基本資料（完整母集）,https://openapi.twse.com.tw/v1/opendata/t187ap03_L,2026-08-28,待核,l2:TWSE:3025,无,不适用,L2机械母集；未挂格,"四件套：URL=source_url；检索日=2026-08-28；命中引语=""公司代號 3025""；判定类别=L2机械母集/待人工裁决。原始出表日期=1150827；完整发行人母集不推定PCB主营、中国大陆厂址或物理产能。"
cand:l2-twse-3026,issuer,issuer:TW:3026,issuer:TW:3026,-,-,-,禾伸堂,L2,TWSE OpenAPI 上市公司基本資料（完整母集）,https://openapi.twse.com.tw/v1/opendata/t187ap03_L,2026-08-28,待核,l2:TWSE:3026,无,不适用,L2机械母集；未挂格,"四件套：URL=source_url；检索日=2026-08-28；命中引语=""公司代號 3026""；判定类别=L2机械母集/待人工裁决。原始出表日期=1150827；完整发行人母集不推定PCB主营、中国大陆厂址或物理产能。"
cand:l2-twse-3027,issuer,issuer:TW:3027,issuer:TW:3027,-,-,-,盛達,L2,TWSE OpenAPI 上市公司基本資料（完整母集）,https://openapi.twse.com.tw/v1/opendata/t187ap03_L,2026-08-28,待核,l2:TWSE:3027,无,不适用,L2机械母集；未挂格,"四件套：URL=source_url；检索日=2026-08-28；命中引语=""公司代號 3027""；判定类别=L2机械母集/待人工裁决。原始出表日期=1150827；完整发行人母集不推定PCB主营、中国大陆厂址或物理产能。"
cand:l2-twse-3028,issuer,issuer:TW:3028,issuer:TW:3028,-,-,-,增你強,L2,TWSE OpenAPI 上市公司基本資料（完整母集）,https://openapi.twse.com.tw/v1/opendata/t187ap03_L,2026-08-28,待核,l2:TWSE:3028,无,不适用,L2机械母集；未挂格,"四件套：URL=source_url；检索日=2026-08-28；命中引语=""公司代號 3028""；判定类别=L2机械母集/待人工裁决。原始出表日期=1150827；完整发行人母集不推定PCB主营、中国大陆厂址或物理产能。"
cand:l2-twse-3029,issuer,issuer:TW:3029,issuer:TW:3029,-,-,-,零壹,L2,TWSE OpenAPI 上市公司基本資料（完整母集）,https://openapi.twse.com.tw/v1/opendata/t187ap03_L,2026-08-28,待核,l2:TWSE:3029,无,不适用,L2机械母集；未挂格,"四件套：URL=source_url；检索日=2026-08-28；命中引语=""公司代號 3029""；判定类别=L2机械母集/待人工裁决。原始出表日期=1150827；完整发行人母集不推定PCB主营、中国大陆厂址或物理产能。"
cand:l2-twse-3030,issuer,issuer:TW:3030,issuer:TW:3030,-,-,-,德律,L2,TWSE OpenAPI 上市公司基本資料（完整母集）,https://openapi.twse.com.tw/v1/opendata/t187ap03_L,2026-08-28,待核,l2:TWSE:3030,无,不适用,L2机械母集；未挂格,"四件套：URL=source_url；检索日=2026-08-28；命中引语=""公司代號 3030""；判定类别=L2机械母集/待人工裁决。原始出表日期=1150827；完整发行人母集不推定PCB主营、中国大陆厂址或物理产能。"
cand:l2-twse-3031,issuer,issuer:TW:3031,issuer:TW:3031,-,-,-,佰鴻,L2,TWSE OpenAPI 上市公司基本資料（完整母集）,https://openapi.twse.com.tw/v1/opendata/t187ap03_L,2026-08-28,待核,l2:TWSE:3031,无,不适用,L2机械母集；未挂格,"四件套：URL=source_url；检索日=2026-08-28；命中引语=""公司代號 3031""；判定类别=L2机械母集/待人工裁决。原始出表日期=1150827；完整发行人母集不推定PCB主营、中国大陆厂址或物理产能。"
cand:l2-twse-3032,issuer,issuer:TW:3032,issuer:TW:3032,-,-,-,偉訓,L2,TWSE OpenAPI 上市公司基本資料（完整母集）,https://openapi.twse.com.tw/v1/opendata/t187ap03_L,2026-08-28,待核,l2:TWSE:3032,无,不适用,L2机械母集；未挂格,"四件套：URL=source_url；检索日=2026-08-28；命中引语=""公司代號 3032""；判定类别=L2机械母集/待人工裁决。原始出表日期=1150827；完整发行人母集不推定PCB主营、中国大陆厂址或物理产能。"
cand:l2-twse-3033,issuer,issuer:TW:3033,issuer:TW:3033,-,-,-,威健,L2,TWSE OpenAPI 上市公司基本資料（完整母集）,https://openapi.twse.com.tw/v1/opendata/t187ap03_L,2026-08-28,待核,l2:TWSE:3033,无,不适用,L2机械母集；未挂格,"四件套：URL=source_url；检索日=2026-08-28；命中引语=""公司代號 3033""；判定类别=L2机械母集/待人工裁决。原始出表日期=1150827；完整发行人母集不推定PCB主营、中国大陆厂址或物理产能。"
cand:l2-twse-3034,issuer,issuer:TW:3034,issuer:TW:3034,-,-,-,聯詠,L2,TWSE OpenAPI 上市公司基本資料（完整母集）,https://openapi.twse.com.tw/v1/opendata/t187ap03_L,2026-08-28,待核,l2:TWSE:3034,无,不适用,L2机械母集；未挂格,"四件套：URL=source_url；检索日=2026-08-28；命中引语=""公司代號 3034""；判定类别=L2机械母集/待人工裁决。原始出表日期=1150827；完整发行人母集不推定PCB主营、中国大陆厂址或物理产能。"
cand:l2-twse-3035,issuer,issuer:TW:3035,issuer:TW:3035,-,-,-,智原,L2,TWSE OpenAPI 上市公司基本資料（完整母集）,https://openapi.twse.com.tw/v1/opendata/t187ap03_L,2026-08-28,待核,l2:TWSE:3035,无,不适用,L2机械母集；未挂格,"四件套：URL=source_url；检索日=2026-08-28；命中引语=""公司代號 3035""；判定类别=L2机械母集/待人工裁决。原始出表日期=1150827；完整发行人母集不推定PCB主营、中国大陆厂址或物理产能。"
cand:l2-twse-3036,issuer,issuer:TW:3036,issuer:TW:3036,-,-,-,文曄,L2,TWSE OpenAPI 上市公司基本資料（完整母集）,https://openapi.twse.com.tw/v1/opendata/t187ap03_L,2026-08-28,待核,l2:TWSE:3036,无,不适用,L2机械母集；未挂格,"四件套：URL=source_url；检索日=2026-08-28；命中引语=""公司代號 3036""；判定类别=L2机械母集/待人工裁决。原始出表日期=1150827；完整发行人母集不推定PCB主营、中国大陆厂址或物理产能。"
cand:l2-twse-3037,issuer,issuer:TW:3037,issuer:TW:3037,-,-,-,欣興,L2,TWSE OpenAPI 上市公司基本資料（完整母集）,https://openapi.twse.com.tw/v1/opendata/t187ap03_L,2026-08-28,待核,l2:TWSE:3037,无,不适用,L2机械母集；未挂格,"四件套：URL=source_url；检索日=2026-08-28；命中引语=""公司代號 3037""；判定类别=L2机械母集/待人工裁决。原始出表日期=1150827；完整发行人母集不推定PCB主营、中国大陆厂址或物理产能。"
cand:l2-twse-3038,issuer,issuer:TW:3038,issuer:TW:3038,-,-,-,全台,L2,TWSE OpenAPI 上市公司基本資料（完整母集）,https://openapi.twse.com.tw/v1/opendata/t187ap03_L,2026-08-28,待核,l2:TWSE:3038,无,不适用,L2机械母集；未挂格,"四件套：URL=source_url；检索日=2026-08-28；命中引语=""公司代號 3038""；判定类别=L2机械母集/待人工裁决。原始出表日期=1150827；完整发行人母集不推定PCB主营、中国大陆厂址或物理产能。"
cand:l2-twse-3040,issuer,issuer:TW:3040,issuer:TW:3040,-,-,-,遠見,L2,TWSE OpenAPI 上市公司基本資料（完整母集）,https://openapi.twse.com.tw/v1/opendata/t187ap03_L,2026-08-28,待核,l2:TWSE:3040,无,不适用,L2机械母集；未挂格,"四件套：URL=source_url；检索日=2026-08-28；命中引语=""公司代號 3040""；判定类别=L2机械母集/待人工裁决。原始出表日期=1150827；完整发行人母集不推定PCB主营、中国大陆厂址或物理产能。"
cand:l2-twse-3041,issuer,issuer:TW:3041,issuer:TW:3041,-,-,-,揚智,L2,TWSE OpenAPI 上市公司基本資料（完整母集）,https://openapi.twse.com.tw/v1/opendata/t187ap03_L,2026-08-28,待核,l2:TWSE:3041,无,不适用,L2机械母集；未挂格,"四件套：URL=source_url；检索日=2026-08-28；命中引语=""公司代號 3041""；判定类别=L2机械母集/待人工裁决。原始出表日期=1150827；完整发行人母集不推定PCB主营、中国大陆厂址或物理产能。"
cand:l2-twse-3042,issuer,issuer:TW:3042,issuer:TW:3042,-,-,-,晶技,L2,TWSE OpenAPI 上市公司基本資料（完整母集）,https://openapi.twse.com.tw/v1/opendata/t187ap03_L,2026-08-28,待核,l2:TWSE:3042,无,不适用,L2机械母集；未挂格,"四件套：URL=source_url；检索日=2026-08-28；命中引语=""公司代號 3042""；判定类别=L2机械母集/待人工裁决。原始出表日期=1150827；完整发行人母集不推定PCB主营、中国大陆厂址或物理产能。"
cand:l2-twse-3043,issuer,issuer:TW:3043,issuer:TW:3043,-,-,-,科風,L2,TWSE OpenAPI 上市公司基本資料（完整母集）,https://openapi.twse.com.tw/v1/opendata/t187ap03_L,2026-08-28,待核,l2:TWSE:3043,无,不适用,L2机械母集；未挂格,"四件套：URL=source_url；检索日=2026-08-28；命中引语=""公司代號 3043""；判定类别=L2机械母集/待人工裁决。原始出表日期=1150827；完整发行人母集不推定PCB主营、中国大陆厂址或物理产能。"
cand:l2-twse-3044,issuer,issuer:TW:3044,issuer:TW:3044,-,-,-,健鼎,L2,TWSE OpenAPI 上市公司基本資料（完整母集）,https://openapi.twse.com.tw/v1/opendata/t187ap03_L,2026-08-28,待核,l2:TWSE:3044,无,不适用,L2机械母集；未挂格,"四件套：URL=source_url；检索日=2026-08-28；命中引语=""公司代號 3044""；判定类别=L2机械母集/待人工裁决。原始出表日期=1150827；完整发行人母集不推定PCB主营、中国大陆厂址或物理产能。"
cand:l2-twse-3045,issuer,issuer:TW:3045,issuer:TW:3045,-,-,-,台灣大,L2,TWSE OpenAPI 上市公司基本資料（完整母集）,https://openapi.twse.com.tw/v1/opendata/t187ap03_L,2026-08-28,待核,l2:TWSE:3045,无,不适用,L2机械母集；未挂格,"四件套：URL=source_url；检索日=2026-08-28；命中引语=""公司代號 3045""；判定类别=L2机械母集/待人工裁决。原始出表日期=1150827；完整发行人母集不推定PCB主营、中国大陆厂址或物理产能。"
cand:l2-twse-3046,issuer,issuer:TW:3046,issuer:TW:3046,-,-,-,建碁,L2,TWSE OpenAPI 上市公司基本資料（完整母集）,https://openapi.twse.com.tw/v1/opendata/t187ap03_L,2026-08-28,待核,l2:TWSE:3046,无,不适用,L2机械母集；未挂格,"四件套：URL=source_url；检索日=2026-08-28；命中引语=""公司代號 3046""；判定类别=L2机械母集/待人工裁决。原始出表日期=1150827；完整发行人母集不推定PCB主营、中国大陆厂址或物理产能。"
cand:l2-twse-3047,issuer,issuer:TW:3047,issuer:TW:3047,-,-,-,訊舟,L2,TWSE OpenAPI 上市公司基本資料（完整母集）,https://openapi.twse.com.tw/v1/opendata/t187ap03_L,2026-08-28,待核,l2:TWSE:3047,无,不适用,L2机械母集；未挂格,"四件套：URL=source_url；检索日=2026-08-28；命中引语=""公司代號 3047""；判定类别=L2机械母集/待人工裁决。原始出表日期=1150827；完整发行人母集不推定PCB主营、中国大陆厂址或物理产能。"
cand:l2-twse-3048,issuer,issuer:TW:3048,issuer:TW:3048,-,-,-,益登,L2,TWSE OpenAPI 上市公司基本資料（完整母集）,https://openapi.twse.com.tw/v1/opendata/t187ap03_L,2026-08-28,待核,l2:TWSE:3048,无,不适用,L2机械母集；未挂格,"四件套：URL=source_url；检索日=2026-08-28；命中引语=""公司代號 3048""；判定类别=L2机械母集/待人工裁决。原始出表日期=1150827；完整发行人母集不推定PCB主营、中国大陆厂址或物理产能。"
cand:l2-twse-3049,issuer,issuer:TW:3049,issuer:TW:3049,-,-,-,精金,L2,TWSE OpenAPI 上市公司基本資料（完整母集）,https://openapi.twse.com.tw/v1/opendata/t187ap03_L,2026-08-28,待核,l2:TWSE:3049,无,不适用,L2机械母集；未挂格,"四件套：URL=source_url；检索日=2026-08-28；命中引语=""公司代號 3049""；判定类别=L2机械母集/待人工裁决。原始出表日期=1150827；完整发行人母集不推定PCB主营、中国大陆厂址或物理产能。"
cand:l2-twse-3050,issuer,issuer:TW:3050,issuer:TW:3050,-,-,-,鈺德,L2,TWSE OpenAPI 上市公司基本資料（完整母集）,https://openapi.twse.com.tw/v1/opendata/t187ap03_L,2026-08-28,待核,l2:TWSE:3050,无,不适用,L2机械母集；未挂格,"四件套：URL=source_url；检索日=2026-08-28；命中引语=""公司代號 3050""；判定类别=L2机械母集/待人工裁决。原始出表日期=1150827；完整发行人母集不推定PCB主营、中国大陆厂址或物理产能。"
cand:l2-twse-3051,issuer,issuer:TW:3051,issuer:TW:3051,-,-,-,力特,L2,TWSE OpenAPI 上市公司基本資料（完整母集）,https://openapi.twse.com.tw/v1/opendata/t187ap03_L,2026-08-28,待核,l2:TWSE:3051,无,不适用,L2机械母集；未挂格,"四件套：URL=source_url；检索日=2026-08-28；命中引语=""公司代號 3051""；判定类别=L2机械母集/待人工裁决。原始出表日期=1150827；完整发行人母集不推定PCB主营、中国大陆厂址或物理产能。"
cand:l2-twse-3052,issuer,issuer:TW:3052,issuer:TW:3052,-,-,-,夆典,L2,TWSE OpenAPI 上市公司基本資料（完整母集）,https://openapi.twse.com.tw/v1/opendata/t187ap03_L,2026-08-28,待核,l2:TWSE:3052,无,不适用,L2机械母集；未挂格,"四件套：URL=source_url；检索日=2026-08-28；命中引语=""公司代號 3052""；判定类别=L2机械母集/待人工裁决。原始出表日期=1150827；完整发行人母集不推定PCB主营、中国大陆厂址或物理产能。"
cand:l2-twse-3054,issuer,issuer:TW:3054,issuer:TW:3054,-,-,-,立萬利,L2,TWSE OpenAPI 上市公司基本資料（完整母集）,https://openapi.twse.com.tw/v1/opendata/t187ap03_L,2026-08-28,待核,l2:TWSE:3054,无,不适用,L2机械母集；未挂格,"四件套：URL=source_url；检索日=2026-08-28；命中引语=""公司代號 3054""；判定类别=L2机械母集/待人工裁决。原始出表日期=1150827；完整发行人母集不推定PCB主营、中国大陆厂址或物理产能。"
cand:l2-twse-3055,issuer,issuer:TW:3055,issuer:TW:3055,-,-,-,蔚華科,L2,TWSE OpenAPI 上市公司基本資料（完整母集）,https://openapi.twse.com.tw/v1/opendata/t187ap03_L,2026-08-28,待核,l2:TWSE:3055,无,不适用,L2机械母集；未挂格,"四件套：URL=source_url；检索日=2026-08-28；命中引语=""公司代號 3055""；判定类别=L2机械母集/待人工裁决。原始出表日期=1150827；完整发行人母集不推定PCB主营、中国大陆厂址或物理产能。"
cand:l2-twse-3056,issuer,issuer:TW:3056,issuer:TW:3056,-,-,-,富華新,L2,TWSE OpenAPI 上市公司基本資料（完整母集）,https://openapi.twse.com.tw/v1/opendata/t187ap03_L,2026-08-28,待核,l2:TWSE:3056,无,不适用,L2机械母集；未挂格,"四件套：URL=source_url；检索日=2026-08-28；命中引语=""公司代號 3056""；判定类别=L2机械母集/待人工裁决。原始出表日期=1150827；完整发行人母集不推定PCB主营、中国大陆厂址或物理产能。"
cand:l2-twse-3057,issuer,issuer:TW:3057,issuer:TW:3057,-,-,-,喬鼎,L2,TWSE OpenAPI 上市公司基本資料（完整母集）,https://openapi.twse.com.tw/v1/opendata/t187ap03_L,2026-08-28,待核,l2:TWSE:3057,无,不适用,L2机械母集；未挂格,"四件套：URL=source_url；检索日=2026-08-28；命中引语=""公司代號 3057""；判定类别=L2机械母集/待人工裁决。原始出表日期=1150827；完整发行人母集不推定PCB主营、中国大陆厂址或物理产能。"
cand:l2-twse-3058,issuer,issuer:TW:3058,issuer:TW:3058,-,-,-,立德,L2,TWSE OpenAPI 上市公司基本資料（完整母集）,https://openapi.twse.com.tw/v1/opendata/t187ap03_L,2026-08-28,待核,l2:TWSE:3058,无,不适用,L2机械母集；未挂格,"四件套：URL=source_url；检索日=2026-08-28；命中引语=""公司代號 3058""；判定类别=L2机械母集/待人工裁决。原始出表日期=1150827；完整发行人母集不推定PCB主营、中国大陆厂址或物理产能。"
cand:l2-twse-3059,issuer,issuer:TW:3059,issuer:TW:3059,-,-,-,華晶科,L2,TWSE OpenAPI 上市公司基本資料（完整母集）,https://openapi.twse.com.tw/v1/opendata/t187ap03_L,2026-08-28,待核,l2:TWSE:3059,无,不适用,L2机械母集；未挂格,"四件套：URL=source_url；检索日=2026-08-28；命中引语=""公司代號 3059""；判定类别=L2机械母集/待人工裁决。原始出表日期=1150827；完整发行人母集不推定PCB主营、中国大陆厂址或物理产能。"
cand:l2-twse-3060,issuer,issuer:TW:3060,issuer:TW:3060,-,-,-,銘異,L2,TWSE OpenAPI 上市公司基本資料（完整母集）,https://openapi.twse.com.tw/v1/opendata/t187ap03_L,2026-08-28,待核,l2:TWSE:3060,无,不适用,L2机械母集；未挂格,"四件套：URL=source_url；检索日=2026-08-28；命中引语=""公司代號 3060""；判定类别=L2机械母集/待人工裁决。原始出表日期=1150827；完整发行人母集不推定PCB主营、中国大陆厂址或物理产能。"
cand:l2-twse-3062,issuer,issuer:TW:3062,issuer:TW:3062,-,-,-,建漢,L2,TWSE OpenAPI 上市公司基本資料（完整母集）,https://openapi.twse.com.tw/v1/opendata/t187ap03_L,2026-08-28,待核,l2:TWSE:3062,无,不适用,L2机械母集；未挂格,"四件套：URL=source_url；检索日=2026-08-28；命中引语=""公司代號 3062""；判定类别=L2机械母集/待人工裁决。原始出表日期=1150827；完整发行人母集不推定PCB主营、中国大陆厂址或物理产能。"
cand:l2-twse-3090,issuer,issuer:TW:3090,issuer:TW:3090,-,-,-,日電貿,L2,TWSE OpenAPI 上市公司基本資料（完整母集）,https://openapi.twse.com.tw/v1/opendata/t187ap03_L,2026-08-28,待核,l2:TWSE:3090,无,不适用,L2机械母集；未挂格,"四件套：URL=source_url；检索日=2026-08-28；命中引语=""公司代號 3090""；判定类别=L2机械母集/待人工裁决。原始出表日期=1150827；完整发行人母集不推定PCB主营、中国大陆厂址或物理产能。"
cand:l2-twse-3092,issuer,issuer:TW:3092,issuer:TW:3092,-,-,-,鴻碩,L2,TWSE OpenAPI 上市公司基本資料（完整母集）,https://openapi.twse.com.tw/v1/opendata/t187ap03_L,2026-08-28,待核,l2:TWSE:3092,无,不适用,L2机械母集；未挂格,"四件套：URL=source_url；检索日=2026-08-28；命中引语=""公司代號 3092""；判定类别=L2机械母集/待人工裁决。原始出表日期=1150827；完整发行人母集不推定PCB主营、中国大陆厂址或物理产能。"
cand:l2-twse-3094,issuer,issuer:TW:3094,issuer:TW:3094,-,-,-,聯傑,L2,TWSE OpenAPI 上市公司基本資料（完整母集）,https://openapi.twse.com.tw/v1/opendata/t187ap03_L,2026-08-28,待核,l2:TWSE:3094,无,不适用,L2机械母集；未挂格,"四件套：URL=source_url；检索日=2026-08-28；命中引语=""公司代號 3094""；判定类别=L2机械母集/待人工裁决。原始出表日期=1150827；完整发行人母集不推定PCB主营、中国大陆厂址或物理产能。"
cand:l2-twse-3130,issuer,issuer:TW:3130,issuer:TW:3130,-,-,-,一零四,L2,TWSE OpenAPI 上市公司基本資料（完整母集）,https://openapi.twse.com.tw/v1/opendata/t187ap03_L,2026-08-28,待核,l2:TWSE:3130,无,不适用,L2机械母集；未挂格,"四件套：URL=source_url；检索日=2026-08-28；命中引语=""公司代號 3130""；判定类别=L2机械母集/待人工裁决。原始出表日期=1150827；完整发行人母集不推定PCB主营、中国大陆厂址或物理产能。"
cand:l2-twse-3135,issuer,issuer:TW:3135,issuer:TW:3135,-,-,-,凌航,L2,TWSE OpenAPI 上市公司基本資料（完整母集）,https://openapi.twse.com.tw/v1/opendata/t187ap03_L,2026-08-28,待核,l2:TWSE:3135,无,不适用,L2机械母集；未挂格,"四件套：URL=source_url；检索日=2026-08-28；命中引语=""公司代號 3135""；判定类别=L2机械母集/待人工裁决。原始出表日期=1150827；完整发行人母集不推定PCB主营、中国大陆厂址或物理产能。"
cand:l2-twse-3138,issuer,issuer:TW:3138,issuer:TW:3138,-,-,-,耀登,L2,TWSE OpenAPI 上市公司基本資料（完整母集）,https://openapi.twse.com.tw/v1/opendata/t187ap03_L,2026-08-28,待核,l2:TWSE:3138,无,不适用,L2机械母集；未挂格,"四件套：URL=source_url；检索日=2026-08-28；命中引语=""公司代號 3138""；判定类别=L2机械母集/待人工裁决。原始出表日期=1150827；完整发行人母集不推定PCB主营、中国大陆厂址或物理产能。"
cand:l2-twse-3149,issuer,issuer:TW:3149,issuer:TW:3149,-,-,-,正達,L2,TWSE OpenAPI 上市公司基本資料（完整母集）,https://openapi.twse.com.tw/v1/opendata/t187ap03_L,2026-08-28,待核,l2:TWSE:3149,无,不适用,L2机械母集；未挂格,"四件套：URL=source_url；检索日=2026-08-28；命中引语=""公司代號 3149""；判定类别=L2机械母集/待人工裁决。原始出表日期=1150827；完整发行人母集不推定PCB主营、中国大陆厂址或物理产能。"
cand:l2-twse-3150,issuer,issuer:TW:3150,issuer:TW:3150,-,-,-,鈺寶-創,L2,TWSE OpenAPI 上市公司基本資料（完整母集）,https://openapi.twse.com.tw/v1/opendata/t187ap03_L,2026-08-28,待核,l2:TWSE:3150,无,不适用,L2机械母集；未挂格,"四件套：URL=source_url；检索日=2026-08-28；命中引语=""公司代號 3150""；判定类别=L2机械母集/待人工裁决。原始出表日期=1150827；完整发行人母集不推定PCB主营、中国大陆厂址或物理产能。"
cand:l2-twse-3164,issuer,issuer:TW:3164,issuer:TW:3164,-,-,-,景岳,L2,TWSE OpenAPI 上市公司基本資料（完整母集）,https://openapi.twse.com.tw/v1/opendata/t187ap03_L,2026-08-28,待核,l2:TWSE:3164,无,不适用,L2机械母集；未挂格,"四件套：URL=source_url；检索日=2026-08-28；命中引语=""公司代號 3164""；判定类别=L2机械母集/待人工裁决。原始出表日期=1150827；完整发行人母集不推定PCB主营、中国大陆厂址或物理产能。"
cand:l2-twse-3167,issuer,issuer:TW:3167,issuer:TW:3167,-,-,-,大量,L2,TWSE OpenAPI 上市公司基本資料（完整母集）,https://openapi.twse.com.tw/v1/opendata/t187ap03_L,2026-08-28,待核,l2:TWSE:3167,无,不适用,L2机械母集；未挂格,"四件套：URL=source_url；检索日=2026-08-28；命中引语=""公司代號 3167""；判定类别=L2机械母集/待人工裁决。原始出表日期=1150827；完整发行人母集不推定PCB主营、中国大陆厂址或物理产能。"
cand:l2-twse-3168,issuer,issuer:TW:3168,issuer:TW:3168,-,-,-,眾福科,L2,TWSE OpenAPI 上市公司基本資料（完整母集）,https://openapi.twse.com.tw/v1/opendata/t187ap03_L,2026-08-28,待核,l2:TWSE:3168,无,不适用,L2机械母集；未挂格,"四件套：URL=source_url；检索日=2026-08-28；命中引语=""公司代號 3168""；判定类别=L2机械母集/待人工裁决。原始出表日期=1150827；完整发行人母集不推定PCB主营、中国大陆厂址或物理产能。"
cand:l2-twse-3189,issuer,issuer:TW:3189,issuer:TW:3189,-,-,-,景碩,L2,TWSE OpenAPI 上市公司基本資料（完整母集）,https://openapi.twse.com.tw/v1/opendata/t187ap03_L,2026-08-28,待核,l2:TWSE:3189,无,不适用,L2机械母集；未挂格,"四件套：URL=source_url；检索日=2026-08-28；命中引语=""公司代號 3189""；判定类别=L2机械母集/待人工裁决。原始出表日期=1150827；完整发行人母集不推定PCB主营、中国大陆厂址或物理产能。"
cand:l2-twse-3209,issuer,issuer:TW:3209,issuer:TW:3209,-,-,-,全科,L2,TWSE OpenAPI 上市公司基本資料（完整母集）,https://openapi.twse.com.tw/v1/opendata/t187ap03_L,2026-08-28,待核,l2:TWSE:3209,无,不适用,L2机械母集；未挂格,"四件套：URL=source_url；检索日=2026-08-28；命中引语=""公司代號 3209""；判定类别=L2机械母集/待人工裁决。原始出表日期=1150827；完整发行人母集不推定PCB主营、中国大陆厂址或物理产能。"
cand:l2-twse-3229,issuer,issuer:TW:3229,issuer:TW:3229,-,-,-,晟鈦,L2,TWSE OpenAPI 上市公司基本資料（完整母集）,https://openapi.twse.com.tw/v1/opendata/t187ap03_L,2026-08-28,待核,l2:TWSE:3229,无,不适用,L2机械母集；未挂格,"四件套：URL=source_url；检索日=2026-08-28；命中引语=""公司代號 3229""；判定类别=L2机械母集/待人工裁决。原始出表日期=1150827；完整发行人母集不推定PCB主营、中国大陆厂址或物理产能。"
cand:l2-twse-3231,issuer,issuer:TW:3231,issuer:TW:3231,-,-,-,緯創,L2,TWSE OpenAPI 上市公司基本資料（完整母集）,https://openapi.twse.com.tw/v1/opendata/t187ap03_L,2026-08-28,待核,l2:TWSE:3231,无,不适用,L2机械母集；未挂格,"四件套：URL=source_url；检索日=2026-08-28；命中引语=""公司代號 3231""；判定类别=L2机械母集/待人工裁决。原始出表日期=1150827；完整发行人母集不推定PCB主营、中国大陆厂址或物理产能。"
cand:l2-twse-3257,issuer,issuer:TW:3257,issuer:TW:3257,-,-,-,虹冠電,L2,TWSE OpenAPI 上市公司基本資料（完整母集）,https://openapi.twse.com.tw/v1/opendata/t187ap03_L,2026-08-28,待核,l2:TWSE:3257,无,不适用,L2机械母集；未挂格,"四件套：URL=source_url；检索日=2026-08-28；命中引语=""公司代號 3257""；判定类别=L2机械母集/待人工裁决。原始出表日期=1150827；完整发行人母集不推定PCB主营、中国大陆厂址或物理产能。"
cand:l2-twse-3266,issuer,issuer:TW:3266,issuer:TW:3266,-,-,-,昇陽,L2,TWSE OpenAPI 上市公司基本資料（完整母集）,https://openapi.twse.com.tw/v1/opendata/t187ap03_L,2026-08-28,待核,l2:TWSE:3266,无,不适用,L2机械母集；未挂格,"四件套：URL=source_url；检索日=2026-08-28；命中引语=""公司代號 3266""；判定类别=L2机械母集/待人工裁决。原始出表日期=1150827；完整发行人母集不推定PCB主营、中国大陆厂址或物理产能。"
cand:l2-twse-3296,issuer,issuer:TW:3296,issuer:TW:3296,-,-,-,勝德,L2,TWSE OpenAPI 上市公司基本資料（完整母集）,https://openapi.twse.com.tw/v1/opendata/t187ap03_L,2026-08-28,待核,l2:TWSE:3296,无,不适用,L2机械母集；未挂格,"四件套：URL=source_url；检索日=2026-08-28；命中引语=""公司代號 3296""；判定类别=L2机械母集/待人工裁决。原始出表日期=1150827；完整发行人母集不推定PCB主营、中国大陆厂址或物理产能。"
cand:l2-twse-3305,issuer,issuer:TW:3305,issuer:TW:3305,-,-,-,昇貿,L2,TWSE OpenAPI 上市公司基本資料（完整母集）,https://openapi.twse.com.tw/v1/opendata/t187ap03_L,2026-08-28,待核,l2:TWSE:3305,无,不适用,L2机械母集；未挂格,"四件套：URL=source_url；检索日=2026-08-28；命中引语=""公司代號 3305""；判定类别=L2机械母集/待人工裁决。原始出表日期=1150827；完整发行人母集不推定PCB主营、中国大陆厂址或物理产能。"
cand:l2-twse-3308,issuer,issuer:TW:3308,issuer:TW:3308,-,-,-,聯德,L2,TWSE OpenAPI 上市公司基本資料（完整母集）,https://openapi.twse.com.tw/v1/opendata/t187ap03_L,2026-08-28,待核,l2:TWSE:3308,无,不适用,L2机械母集；未挂格,"四件套：URL=source_url；检索日=2026-08-28；命中引语=""公司代號 3308""；判定类别=L2机械母集/待人工裁决。原始出表日期=1150827；完整发行人母集不推定PCB主营、中国大陆厂址或物理产能。"
cand:l2-twse-3311,issuer,issuer:TW:3311,issuer:TW:3311,-,-,-,閎暉,L2,TWSE OpenAPI 上市公司基本資料（完整母集）,https://openapi.twse.com.tw/v1/opendata/t187ap03_L,2026-08-28,待核,l2:TWSE:3311,无,不适用,L2机械母集；未挂格,"四件套：URL=source_url；检索日=2026-08-28；命中引语=""公司代號 3311""；判定类别=L2机械母集/待人工裁决。原始出表日期=1150827；完整发行人母集不推定PCB主营、中国大陆厂址或物理产能。"
cand:l2-twse-3312,issuer,issuer:TW:3312,issuer:TW:3312,-,-,-,弘憶股,L2,TWSE OpenAPI 上市公司基本資料（完整母集）,https://openapi.twse.com.tw/v1/opendata/t187ap03_L,2026-08-28,待核,l2:TWSE:3312,无,不适用,L2机械母集；未挂格,"四件套：URL=source_url；检索日=2026-08-28；命中引语=""公司代號 3312""；判定类别=L2机械母集/待人工裁决。原始出表日期=1150827；完整发行人母集不推定PCB主营、中国大陆厂址或物理产能。"
cand:l2-twse-3321,issuer,issuer:TW:3321,issuer:TW:3321,-,-,-,同泰,L2,TWSE OpenAPI 上市公司基本資料（完整母集）,https://openapi.twse.com.tw/v1/opendata/t187ap03_L,2026-08-28,待核,l2:TWSE:3321,无,不适用,L2机械母集；未挂格,"四件套：URL=source_url；检索日=2026-08-28；命中引语=""公司代號 3321""；判定类别=L2机械母集/待人工裁决。原始出表日期=1150827；完整发行人母集不推定PCB主营、中国大陆厂址或物理产能。"
cand:l2-twse-3338,issuer,issuer:TW:3338,issuer:TW:3338,-,-,-,泰碩,L2,TWSE OpenAPI 上市公司基本資料（完整母集）,https://openapi.twse.com.tw/v1/opendata/t187ap03_L,2026-08-28,待核,l2:TWSE:3338,无,不适用,L2机械母集；未挂格,"四件套：URL=source_url；检索日=2026-08-28；命中引语=""公司代號 3338""；判定类别=L2机械母集/待人工裁决。原始出表日期=1150827；完整发行人母集不推定PCB主营、中国大陆厂址或物理产能。"
cand:l2-twse-3346,issuer,issuer:TW:3346,issuer:TW:3346,-,-,-,麗清,L2,TWSE OpenAPI 上市公司基本資料（完整母集）,https://openapi.twse.com.tw/v1/opendata/t187ap03_L,2026-08-28,待核,l2:TWSE:3346,无,不适用,L2机械母集；未挂格,"四件套：URL=source_url；检索日=2026-08-28；命中引语=""公司代號 3346""；判定类别=L2机械母集/待人工裁决。原始出表日期=1150827；完整发行人母集不推定PCB主营、中国大陆厂址或物理产能。"
cand:l2-twse-3356,issuer,issuer:TW:3356,issuer:TW:3356,-,-,-,奇偶,L2,TWSE OpenAPI 上市公司基本資料（完整母集）,https://openapi.twse.com.tw/v1/opendata/t187ap03_L,2026-08-28,待核,l2:TWSE:3356,无,不适用,L2机械母集；未挂格,"四件套：URL=source_url；检索日=2026-08-28；命中引语=""公司代號 3356""；判定类别=L2机械母集/待人工裁决。原始出表日期=1150827；完整发行人母集不推定PCB主营、中国大陆厂址或物理产能。"
cand:l2-twse-3376,issuer,issuer:TW:3376,issuer:TW:3376,-,-,-,新日興,L2,TWSE OpenAPI 上市公司基本資料（完整母集）,https://openapi.twse.com.tw/v1/opendata/t187ap03_L,2026-08-28,待核,l2:TWSE:3376,无,不适用,L2机械母集；未挂格,"四件套：URL=source_url；检索日=2026-08-28；命中引语=""公司代號 3376""；判定类别=L2机械母集/待人工裁决。原始出表日期=1150827；完整发行人母集不推定PCB主营、中国大陆厂址或物理产能。"
cand:l2-twse-3380,issuer,issuer:TW:3380,issuer:TW:3380,-,-,-,明泰,L2,TWSE OpenAPI 上市公司基本資料（完整母集）,https://openapi.twse.com.tw/v1/opendata/t187ap03_L,2026-08-28,待核,l2:TWSE:3380,无,不适用,L2机械母集；未挂格,"四件套：URL=source_url；检索日=2026-08-28；命中引语=""公司代號 3380""；判定类别=L2机械母集/待人工裁决。原始出表日期=1150827；完整发行人母集不推定PCB主营、中国大陆厂址或物理产能。"
cand:l2-twse-3406,issuer,issuer:TW:3406,issuer:TW:3406,-,-,-,玉晶光,L2,TWSE OpenAPI 上市公司基本資料（完整母集）,https://openapi.twse.com.tw/v1/opendata/t187ap03_L,2026-08-28,待核,l2:TWSE:3406,无,不适用,L2机械母集；未挂格,"四件套：URL=source_url；检索日=2026-08-28；命中引语=""公司代號 3406""；判定类别=L2机械母集/待人工裁决。原始出表日期=1150827；完整发行人母集不推定PCB主营、中国大陆厂址或物理产能。"
cand:l2-twse-3413,issuer,issuer:TW:3413,issuer:TW:3413,-,-,-,京鼎,L2,TWSE OpenAPI 上市公司基本資料（完整母集）,https://openapi.twse.com.tw/v1/opendata/t187ap03_L,2026-08-28,待核,l2:TWSE:3413,无,不适用,L2机械母集；未挂格,"四件套：URL=source_url；检索日=2026-08-28；命中引语=""公司代號 3413""；判定类别=L2机械母集/待人工裁决。原始出表日期=1150827；完整发行人母集不推定PCB主营、中国大陆厂址或物理产能。"
cand:l2-twse-3416,issuer,issuer:TW:3416,issuer:TW:3416,-,-,-,融程電,L2,TWSE OpenAPI 上市公司基本資料（完整母集）,https://openapi.twse.com.tw/v1/opendata/t187ap03_L,2026-08-28,待核,l2:TWSE:3416,无,不适用,L2机械母集；未挂格,"四件套：URL=source_url；检索日=2026-08-28；命中引语=""公司代號 3416""；判定类别=L2机械母集/待人工裁决。原始出表日期=1150827；完整发行人母集不推定PCB主营、中国大陆厂址或物理产能。"
cand:l2-twse-3419,issuer,issuer:TW:3419,issuer:TW:3419,-,-,-,譁裕,L2,TWSE OpenAPI 上市公司基本資料（完整母集）,https://openapi.twse.com.tw/v1/opendata/t187ap03_L,2026-08-28,待核,l2:TWSE:3419,无,不适用,L2机械母集；未挂格,"四件套：URL=source_url；检索日=2026-08-28；命中引语=""公司代號 3419""；判定类别=L2机械母集/待人工裁决。原始出表日期=1150827；完整发行人母集不推定PCB主营、中国大陆厂址或物理产能。"
cand:l2-twse-3432,issuer,issuer:TW:3432,issuer:TW:3432,-,-,-,台端,L2,TWSE OpenAPI 上市公司基本資料（完整母集）,https://openapi.twse.com.tw/v1/opendata/t187ap03_L,2026-08-28,待核,l2:TWSE:3432,无,不适用,L2机械母集；未挂格,"四件套：URL=source_url；检索日=2026-08-28；命中引语=""公司代號 3432""；判定类别=L2机械母集/待人工裁决。原始出表日期=1150827；完整发行人母集不推定PCB主营、中国大陆厂址或物理产能。"
cand:l2-twse-3437,issuer,issuer:TW:3437,issuer:TW:3437,-,-,-,榮創,L2,TWSE OpenAPI 上市公司基本資料（完整母集）,https://openapi.twse.com.tw/v1/opendata/t187ap03_L,2026-08-28,待核,l2:TWSE:3437,无,不适用,L2机械母集；未挂格,"四件套：URL=source_url；检索日=2026-08-28；命中引语=""公司代號 3437""；判定类别=L2机械母集/待人工裁决。原始出表日期=1150827；完整发行人母集不推定PCB主营、中国大陆厂址或物理产能。"
cand:l2-twse-3443,issuer,issuer:TW:3443,issuer:TW:3443,-,-,-,創意,L2,TWSE OpenAPI 上市公司基本資料（完整母集）,https://openapi.twse.com.tw/v1/opendata/t187ap03_L,2026-08-28,待核,l2:TWSE:3443,无,不适用,L2机械母集；未挂格,"四件套：URL=source_url；检索日=2026-08-28；命中引语=""公司代號 3443""；判定类别=L2机械母集/待人工裁决。原始出表日期=1150827；完整发行人母集不推定PCB主营、中国大陆厂址或物理产能。"
cand:l2-twse-3447,issuer,issuer:TW:3447,issuer:TW:3447,-,-,-,展達,L2,TWSE OpenAPI 上市公司基本資料（完整母集）,https://openapi.twse.com.tw/v1/opendata/t187ap03_L,2026-08-28,待核,l2:TWSE:3447,无,不适用,L2机械母集；未挂格,"四件套：URL=source_url；检索日=2026-08-28；命中引语=""公司代號 3447""；判定类别=L2机械母集/待人工裁决。原始出表日期=1150827；完整发行人母集不推定PCB主营、中国大陆厂址或物理产能。"
cand:l2-twse-3450,issuer,issuer:TW:3450,issuer:TW:3450,-,-,-,聯鈞,L2,TWSE OpenAPI 上市公司基本資料（完整母集）,https://openapi.twse.com.tw/v1/opendata/t187ap03_L,2026-08-28,待核,l2:TWSE:3450,无,不适用,L2机械母集；未挂格,"四件套：URL=source_url；检索日=2026-08-28；命中引语=""公司代號 3450""；判定类别=L2机械母集/待人工裁决。原始出表日期=1150827；完整发行人母集不推定PCB主营、中国大陆厂址或物理产能。"
cand:l2-twse-3481,issuer,issuer:TW:3481,issuer:TW:3481,-,-,-,群創,L2,TWSE OpenAPI 上市公司基本資料（完整母集）,https://openapi.twse.com.tw/v1/opendata/t187ap03_L,2026-08-28,待核,l2:TWSE:3481,无,不适用,L2机械母集；未挂格,"四件套：URL=source_url；检索日=2026-08-28；命中引语=""公司代號 3481""；判定类别=L2机械母集/待人工裁决。原始出表日期=1150827；完整发行人母集不推定PCB主营、中国大陆厂址或物理产能。"
cand:l2-twse-3494,issuer,issuer:TW:3494,issuer:TW:3494,-,-,-,誠研,L2,TWSE OpenAPI 上市公司基本資料（完整母集）,https://openapi.twse.com.tw/v1/opendata/t187ap03_L,2026-08-28,待核,l2:TWSE:3494,无,不适用,L2机械母集；未挂格,"四件套：URL=source_url；检索日=2026-08-28；命中引语=""公司代號 3494""；判定类别=L2机械母集/待人工裁决。原始出表日期=1150827；完整发行人母集不推定PCB主营、中国大陆厂址或物理产能。"
cand:l2-twse-3501,issuer,issuer:TW:3501,issuer:TW:3501,-,-,-,維熹,L2,TWSE OpenAPI 上市公司基本資料（完整母集）,https://openapi.twse.com.tw/v1/opendata/t187ap03_L,2026-08-28,待核,l2:TWSE:3501,无,不适用,L2机械母集；未挂格,"四件套：URL=source_url；检索日=2026-08-28；命中引语=""公司代號 3501""；判定类别=L2机械母集/待人工裁决。原始出表日期=1150827；完整发行人母集不推定PCB主营、中国大陆厂址或物理产能。"
cand:l2-twse-3504,issuer,issuer:TW:3504,issuer:TW:3504,-,-,-,揚明光,L2,TWSE OpenAPI 上市公司基本資料（完整母集）,https://openapi.twse.com.tw/v1/opendata/t187ap03_L,2026-08-28,待核,l2:TWSE:3504,无,不适用,L2机械母集；未挂格,"四件套：URL=source_url；检索日=2026-08-28；命中引语=""公司代號 3504""；判定类别=L2机械母集/待人工裁决。原始出表日期=1150827；完整发行人母集不推定PCB主营、中国大陆厂址或物理产能。"
cand:l2-twse-3515,issuer,issuer:TW:3515,issuer:TW:3515,-,-,-,華擎,L2,TWSE OpenAPI 上市公司基本資料（完整母集）,https://openapi.twse.com.tw/v1/opendata/t187ap03_L,2026-08-28,待核,l2:TWSE:3515,无,不适用,L2机械母集；未挂格,"四件套：URL=source_url；检索日=2026-08-28；命中引语=""公司代號 3515""；判定类别=L2机械母集/待人工裁决。原始出表日期=1150827；完整发行人母集不推定PCB主营、中国大陆厂址或物理产能。"
cand:l2-twse-3518,issuer,issuer:TW:3518,issuer:TW:3518,-,-,-,柏騰,L2,TWSE OpenAPI 上市公司基本資料（完整母集）,https://openapi.twse.com.tw/v1/opendata/t187ap03_L,2026-08-28,待核,l2:TWSE:3518,无,不适用,L2机械母集；未挂格,"四件套：URL=source_url；检索日=2026-08-28；命中引语=""公司代號 3518""；判定类别=L2机械母集/待人工裁决。原始出表日期=1150827；完整发行人母集不推定PCB主营、中国大陆厂址或物理产能。"
cand:l2-twse-3528,issuer,issuer:TW:3528,issuer:TW:3528,-,-,-,安馳,L2,TWSE OpenAPI 上市公司基本資料（完整母集）,https://openapi.twse.com.tw/v1/opendata/t187ap03_L,2026-08-28,待核,l2:TWSE:3528,无,不适用,L2机械母集；未挂格,"四件套：URL=source_url；检索日=2026-08-28；命中引语=""公司代號 3528""；判定类别=L2机械母集/待人工裁决。原始出表日期=1150827；完整发行人母集不推定PCB主营、中国大陆厂址或物理产能。"
cand:l2-twse-3530,issuer,issuer:TW:3530,issuer:TW:3530,-,-,-,晶相光,L2,TWSE OpenAPI 上市公司基本資料（完整母集）,https://openapi.twse.com.tw/v1/opendata/t187ap03_L,2026-08-28,待核,l2:TWSE:3530,无,不适用,L2机械母集；未挂格,"四件套：URL=source_url；检索日=2026-08-28；命中引语=""公司代號 3530""；判定类别=L2机械母集/待人工裁决。原始出表日期=1150827；完整发行人母集不推定PCB主营、中国大陆厂址或物理产能。"
cand:l2-twse-3532,issuer,issuer:TW:3532,issuer:TW:3532,-,-,-,台勝科,L2,TWSE OpenAPI 上市公司基本資料（完整母集）,https://openapi.twse.com.tw/v1/opendata/t187ap03_L,2026-08-28,待核,l2:TWSE:3532,无,不适用,L2机械母集；未挂格,"四件套：URL=source_url；检索日=2026-08-28；命中引语=""公司代號 3532""；判定类别=L2机械母集/待人工裁决。原始出表日期=1150827；完整发行人母集不推定PCB主营、中国大陆厂址或物理产能。"
cand:l2-twse-3533,issuer,issuer:TW:3533,issuer:TW:3533,-,-,-,嘉澤,L2,TWSE OpenAPI 上市公司基本資料（完整母集）,https://openapi.twse.com.tw/v1/opendata/t187ap03_L,2026-08-28,待核,l2:TWSE:3533,无,不适用,L2机械母集；未挂格,"四件套：URL=source_url；检索日=2026-08-28；命中引语=""公司代號 3533""；判定类别=L2机械母集/待人工裁决。原始出表日期=1150827；完整发行人母集不推定PCB主营、中国大陆厂址或物理产能。"
cand:l2-twse-3535,issuer,issuer:TW:3535,issuer:TW:3535,-,-,-,晶彩科,L2,TWSE OpenAPI 上市公司基本資料（完整母集）,https://openapi.twse.com.tw/v1/opendata/t187ap03_L,2026-08-28,待核,l2:TWSE:3535,无,不适用,L2机械母集；未挂格,"四件套：URL=source_url；检索日=2026-08-28；命中引语=""公司代號 3535""；判定类别=L2机械母集/待人工裁决。原始出表日期=1150827；完整发行人母集不推定PCB主营、中国大陆厂址或物理产能。"
cand:l2-twse-3543,issuer,issuer:TW:3543,issuer:TW:3543,-,-,-,州巧,L2,TWSE OpenAPI 上市公司基本資料（完整母集）,https://openapi.twse.com.tw/v1/opendata/t187ap03_L,2026-08-28,待核,l2:TWSE:3543,无,不适用,L2机械母集；未挂格,"四件套：URL=source_url；检索日=2026-08-28；命中引语=""公司代號 3543""；判定类别=L2机械母集/待人工裁决。原始出表日期=1150827；完整发行人母集不推定PCB主营、中国大陆厂址或物理产能。"
cand:l2-twse-3545,issuer,issuer:TW:3545,issuer:TW:3545,-,-,-,敦泰,L2,TWSE OpenAPI 上市公司基本資料（完整母集）,https://openapi.twse.com.tw/v1/opendata/t187ap03_L,2026-08-28,待核,l2:TWSE:3545,无,不适用,L2机械母集；未挂格,"四件套：URL=source_url；检索日=2026-08-28；命中引语=""公司代號 3545""；判定类别=L2机械母集/待人工裁决。原始出表日期=1150827；完整发行人母集不推定PCB主营、中国大陆厂址或物理产能。"
cand:l2-twse-3550,issuer,issuer:TW:3550,issuer:TW:3550,-,-,-,聯穎,L2,TWSE OpenAPI 上市公司基本資料（完整母集）,https://openapi.twse.com.tw/v1/opendata/t187ap03_L,2026-08-28,待核,l2:TWSE:3550,无,不适用,L2机械母集；未挂格,"四件套：URL=source_url；检索日=2026-08-28；命中引语=""公司代號 3550""；判定类别=L2机械母集/待人工裁决。原始出表日期=1150827；完整发行人母集不推定PCB主营、中国大陆厂址或物理产能。"
cand:l2-twse-3557,issuer,issuer:TW:3557,issuer:TW:3557,-,-,-,嘉威,L2,TWSE OpenAPI 上市公司基本資料（完整母集）,https://openapi.twse.com.tw/v1/opendata/t187ap03_L,2026-08-28,待核,l2:TWSE:3557,无,不适用,L2机械母集；未挂格,"四件套：URL=source_url；检索日=2026-08-28；命中引语=""公司代號 3557""；判定类别=L2机械母集/待人工裁决。原始出表日期=1150827；完整发行人母集不推定PCB主营、中国大陆厂址或物理产能。"
cand:l2-twse-3563,issuer,issuer:TW:3563,issuer:TW:3563,-,-,-,牧德,L2,TWSE OpenAPI 上市公司基本資料（完整母集）,https://openapi.twse.com.tw/v1/opendata/t187ap03_L,2026-08-28,待核,l2:TWSE:3563,无,不适用,L2机械母集；未挂格,"四件套：URL=source_url；检索日=2026-08-28；命中引语=""公司代號 3563""；判定类别=L2机械母集/待人工裁决。原始出表日期=1150827；完整发行人母集不推定PCB主营、中国大陆厂址或物理产能。"
cand:l2-twse-3576,issuer,issuer:TW:3576,issuer:TW:3576,-,-,-,聯合再生,L2,TWSE OpenAPI 上市公司基本資料（完整母集）,https://openapi.twse.com.tw/v1/opendata/t187ap03_L,2026-08-28,待核,l2:TWSE:3576,无,不适用,L2机械母集；未挂格,"四件套：URL=source_url；检索日=2026-08-28；命中引语=""公司代號 3576""；判定类别=L2机械母集/待人工裁决。原始出表日期=1150827；完整发行人母集不推定PCB主营、中国大陆厂址或物理产能。"
cand:l2-twse-3583,issuer,issuer:TW:3583,issuer:TW:3583,-,-,-,辛耘,L2,TWSE OpenAPI 上市公司基本資料（完整母集）,https://openapi.twse.com.tw/v1/opendata/t187ap03_L,2026-08-28,待核,l2:TWSE:3583,无,不适用,L2机械母集；未挂格,"四件套：URL=source_url；检索日=2026-08-28；命中引语=""公司代號 3583""；判定类别=L2机械母集/待人工裁决。原始出表日期=1150827；完整发行人母集不推定PCB主营、中国大陆厂址或物理产能。"
cand:l2-twse-3588,issuer,issuer:TW:3588,issuer:TW:3588,-,-,-,通嘉,L2,TWSE OpenAPI 上市公司基本資料（完整母集）,https://openapi.twse.com.tw/v1/opendata/t187ap03_L,2026-08-28,待核,l2:TWSE:3588,无,不适用,L2机械母集；未挂格,"四件套：URL=source_url；检索日=2026-08-28；命中引语=""公司代號 3588""；判定类别=L2机械母集/待人工裁决。原始出表日期=1150827；完整发行人母集不推定PCB主营、中国大陆厂址或物理产能。"
cand:l2-twse-3591,issuer,issuer:TW:3591,issuer:TW:3591,-,-,-,艾笛森,L2,TWSE OpenAPI 上市公司基本資料（完整母集）,https://openapi.twse.com.tw/v1/opendata/t187ap03_L,2026-08-28,待核,l2:TWSE:3591,无,不适用,L2机械母集；未挂格,"四件套：URL=source_url；检索日=2026-08-28；命中引语=""公司代號 3591""；判定类别=L2机械母集/待人工裁决。原始出表日期=1150827；完整发行人母集不推定PCB主营、中国大陆厂址或物理产能。"
cand:l2-twse-3592,issuer,issuer:TW:3592,issuer:TW:3592,-,-,-,瑞鼎,L2,TWSE OpenAPI 上市公司基本資料（完整母集）,https://openapi.twse.com.tw/v1/opendata/t187ap03_L,2026-08-28,待核,l2:TWSE:3592,无,不适用,L2机械母集；未挂格,"四件套：URL=source_url；检索日=2026-08-28；命中引语=""公司代號 3592""；判定类别=L2机械母集/待人工裁决。原始出表日期=1150827；完整发行人母集不推定PCB主营、中国大陆厂址或物理产能。"
cand:l2-twse-3593,issuer,issuer:TW:3593,issuer:TW:3593,-,-,-,力銘,L2,TWSE OpenAPI 上市公司基本資料（完整母集）,https://openapi.twse.com.tw/v1/opendata/t187ap03_L,2026-08-28,待核,l2:TWSE:3593,无,不适用,L2机械母集；未挂格,"四件套：URL=source_url；检索日=2026-08-28；命中引语=""公司代號 3593""；判定类别=L2机械母集/待人工裁决。原始出表日期=1150827；完整发行人母集不推定PCB主营、中国大陆厂址或物理产能。"
cand:l2-twse-3596,issuer,issuer:TW:3596,issuer:TW:3596,-,-,-,智易,L2,TWSE OpenAPI 上市公司基本資料（完整母集）,https://openapi.twse.com.tw/v1/opendata/t187ap03_L,2026-08-28,待核,l2:TWSE:3596,无,不适用,L2机械母集；未挂格,"四件套：URL=source_url；检索日=2026-08-28；命中引语=""公司代號 3596""；判定类别=L2机械母集/待人工裁决。原始出表日期=1150827；完整发行人母集不推定PCB主营、中国大陆厂址或物理产能。"
cand:l2-twse-3605,issuer,issuer:TW:3605,issuer:TW:3605,-,-,-,宏致,L2,TWSE OpenAPI 上市公司基本資料（完整母集）,https://openapi.twse.com.tw/v1/opendata/t187ap03_L,2026-08-28,待核,l2:TWSE:3605,无,不适用,L2机械母集；未挂格,"四件套：URL=source_url；检索日=2026-08-28；命中引语=""公司代號 3605""；判定类别=L2机械母集/待人工裁决。原始出表日期=1150827；完整发行人母集不推定PCB主营、中国大陆厂址或物理产能。"
cand:l2-twse-3607,issuer,issuer:TW:3607,issuer:TW:3607,-,-,-,谷崧,L2,TWSE OpenAPI 上市公司基本資料（完整母集）,https://openapi.twse.com.tw/v1/opendata/t187ap03_L,2026-08-28,待核,l2:TWSE:3607,无,不适用,L2机械母集；未挂格,"四件套：URL=source_url；检索日=2026-08-28；命中引语=""公司代號 3607""；判定类别=L2机械母集/待人工裁决。原始出表日期=1150827；完整发行人母集不推定PCB主营、中国大陆厂址或物理产能。"
cand:l2-twse-3617,issuer,issuer:TW:3617,issuer:TW:3617,-,-,-,碩天,L2,TWSE OpenAPI 上市公司基本資料（完整母集）,https://openapi.twse.com.tw/v1/opendata/t187ap03_L,2026-08-28,待核,l2:TWSE:3617,无,不适用,L2机械母集；未挂格,"四件套：URL=source_url；检索日=2026-08-28；命中引语=""公司代號 3617""；判定类别=L2机械母集/待人工裁决。原始出表日期=1150827；完整发行人母集不推定PCB主营、中国大陆厂址或物理产能。"
cand:l2-twse-3622,issuer,issuer:TW:3622,issuer:TW:3622,-,-,-,洋華,L2,TWSE OpenAPI 上市公司基本資料（完整母集）,https://openapi.twse.com.tw/v1/opendata/t187ap03_L,2026-08-28,待核,l2:TWSE:3622,无,不适用,L2机械母集；未挂格,"四件套：URL=source_url；检索日=2026-08-28；命中引语=""公司代號 3622""；判定类别=L2机械母集/待人工裁决。原始出表日期=1150827；完整发行人母集不推定PCB主营、中国大陆厂址或物理产能。"
cand:l2-twse-3645,issuer,issuer:TW:3645,issuer:TW:3645,-,-,-,達邁,L2,TWSE OpenAPI 上市公司基本資料（完整母集）,https://openapi.twse.com.tw/v1/opendata/t187ap03_L,2026-08-28,待核,l2:TWSE:3645,无,不适用,L2机械母集；未挂格,"四件套：URL=source_url；检索日=2026-08-28；命中引语=""公司代號 3645""；判定类别=L2机械母集/待人工裁决。原始出表日期=1150827；完整发行人母集不推定PCB主营、中国大陆厂址或物理产能。"
cand:l2-twse-3652,issuer,issuer:TW:3652,issuer:TW:3652,-,-,-,精聯,L2,TWSE OpenAPI 上市公司基本資料（完整母集）,https://openapi.twse.com.tw/v1/opendata/t187ap03_L,2026-08-28,待核,l2:TWSE:3652,无,不适用,L2机械母集；未挂格,"四件套：URL=source_url；检索日=2026-08-28；命中引语=""公司代號 3652""；判定类别=L2机械母集/待人工裁决。原始出表日期=1150827；完整发行人母集不推定PCB主营、中国大陆厂址或物理产能。"
cand:l2-twse-3653,issuer,issuer:TW:3653,issuer:TW:3653,-,-,-,健策,L2,TWSE OpenAPI 上市公司基本資料（完整母集）,https://openapi.twse.com.tw/v1/opendata/t187ap03_L,2026-08-28,待核,l2:TWSE:3653,无,不适用,L2机械母集；未挂格,"四件套：URL=source_url；检索日=2026-08-28；命中引语=""公司代號 3653""；判定类别=L2机械母集/待人工裁决。原始出表日期=1150827；完整发行人母集不推定PCB主营、中国大陆厂址或物理产能。"
cand:l2-twse-3661,issuer,issuer:TW:3661,issuer:TW:3661,-,-,-,世芯-KY,L2,TWSE OpenAPI 上市公司基本資料（完整母集）,https://openapi.twse.com.tw/v1/opendata/t187ap03_L,2026-08-28,待核,l2:TWSE:3661,无,不适用,L2机械母集；未挂格,"四件套：URL=source_url；检索日=2026-08-28；命中引语=""公司代號 3661""；判定类别=L2机械母集/待人工裁决。原始出表日期=1150827；完整发行人母集不推定PCB主营、中国大陆厂址或物理产能。"
cand:l2-twse-3665,issuer,issuer:TW:3665,issuer:TW:3665,-,-,-,貿聯-KY,L2,TWSE OpenAPI 上市公司基本資料（完整母集）,https://openapi.twse.com.tw/v1/opendata/t187ap03_L,2026-08-28,待核,l2:TWSE:3665,无,不适用,L2机械母集；未挂格,"四件套：URL=source_url；检索日=2026-08-28；命中引语=""公司代號 3665""；判定类别=L2机械母集/待人工裁决。原始出表日期=1150827；完整发行人母集不推定PCB主营、中国大陆厂址或物理产能。"
cand:l2-twse-3669,issuer,issuer:TW:3669,issuer:TW:3669,-,-,-,圓展,L2,TWSE OpenAPI 上市公司基本資料（完整母集）,https://openapi.twse.com.tw/v1/opendata/t187ap03_L,2026-08-28,待核,l2:TWSE:3669,无,不适用,L2机械母集；未挂格,"四件套：URL=source_url；检索日=2026-08-28；命中引语=""公司代號 3669""；判定类别=L2机械母集/待人工裁决。原始出表日期=1150827；完整发行人母集不推定PCB主营、中国大陆厂址或物理产能。"
cand:l2-twse-3673,issuer,issuer:TW:3673,issuer:TW:3673,-,-,-,TPK-KY,L2,TWSE OpenAPI 上市公司基本資料（完整母集）,https://openapi.twse.com.tw/v1/opendata/t187ap03_L,2026-08-28,待核,l2:TWSE:3673,无,不适用,L2机械母集；未挂格,"四件套：URL=source_url；检索日=2026-08-28；命中引语=""公司代號 3673""；判定类别=L2机械母集/待人工裁决。原始出表日期=1150827；完整发行人母集不推定PCB主营、中国大陆厂址或物理产能。"
cand:l2-twse-3679,issuer,issuer:TW:3679,issuer:TW:3679,-,-,-,新至陞,L2,TWSE OpenAPI 上市公司基本資料（完整母集）,https://openapi.twse.com.tw/v1/opendata/t187ap03_L,2026-08-28,待核,l2:TWSE:3679,无,不适用,L2机械母集；未挂格,"四件套：URL=source_url；检索日=2026-08-28；命中引语=""公司代號 3679""；判定类别=L2机械母集/待人工裁决。原始出表日期=1150827；完整发行人母集不推定PCB主营、中国大陆厂址或物理产能。"
cand:l2-twse-3686,issuer,issuer:TW:3686,issuer:TW:3686,-,-,-,達能,L2,TWSE OpenAPI 上市公司基本資料（完整母集）,https://openapi.twse.com.tw/v1/opendata/t187ap03_L,2026-08-28,待核,l2:TWSE:3686,无,不适用,L2机械母集；未挂格,"四件套：URL=source_url；检索日=2026-08-28；命中引语=""公司代號 3686""；判定类别=L2机械母集/待人工裁决。原始出表日期=1150827；完整发行人母集不推定PCB主营、中国大陆厂址或物理产能。"
cand:l2-twse-3694,issuer,issuer:TW:3694,issuer:TW:3694,-,-,-,海華,L2,TWSE OpenAPI 上市公司基本資料（完整母集）,https://openapi.twse.com.tw/v1/opendata/t187ap03_L,2026-08-28,待核,l2:TWSE:3694,无,不适用,L2机械母集；未挂格,"四件套：URL=source_url；检索日=2026-08-28；命中引语=""公司代號 3694""；判定类别=L2机械母集/待人工裁决。原始出表日期=1150827；完整发行人母集不推定PCB主营、中国大陆厂址或物理产能。"
cand:l2-twse-3701,issuer,issuer:TW:3701,issuer:TW:3701,-,-,-,大眾控,L2,TWSE OpenAPI 上市公司基本資料（完整母集）,https://openapi.twse.com.tw/v1/opendata/t187ap03_L,2026-08-28,待核,l2:TWSE:3701,无,不适用,L2机械母集；未挂格,"四件套：URL=source_url；检索日=2026-08-28；命中引语=""公司代號 3701""；判定类别=L2机械母集/待人工裁决。原始出表日期=1150827；完整发行人母集不推定PCB主营、中国大陆厂址或物理产能。"
cand:l2-twse-3702,issuer,issuer:TW:3702,issuer:TW:3702,-,-,-,大聯大,L2,TWSE OpenAPI 上市公司基本資料（完整母集）,https://openapi.twse.com.tw/v1/opendata/t187ap03_L,2026-08-28,待核,l2:TWSE:3702,无,不适用,L2机械母集；未挂格,"四件套：URL=source_url；检索日=2026-08-28；命中引语=""公司代號 3702""；判定类别=L2机械母集/待人工裁决。原始出表日期=1150827；完整发行人母集不推定PCB主营、中国大陆厂址或物理产能。"
cand:l2-twse-3703,issuer,issuer:TW:3703,issuer:TW:3703,-,-,-,欣陸,L2,TWSE OpenAPI 上市公司基本資料（完整母集）,https://openapi.twse.com.tw/v1/opendata/t187ap03_L,2026-08-28,待核,l2:TWSE:3703,无,不适用,L2机械母集；未挂格,"四件套：URL=source_url；检索日=2026-08-28；命中引语=""公司代號 3703""；判定类别=L2机械母集/待人工裁决。原始出表日期=1150827；完整发行人母集不推定PCB主营、中国大陆厂址或物理产能。"
cand:l2-twse-3704,issuer,issuer:TW:3704,issuer:TW:3704,-,-,-,合勤控,L2,TWSE OpenAPI 上市公司基本資料（完整母集）,https://openapi.twse.com.tw/v1/opendata/t187ap03_L,2026-08-28,待核,l2:TWSE:3704,无,不适用,L2机械母集；未挂格,"四件套：URL=source_url；检索日=2026-08-28；命中引语=""公司代號 3704""；判定类别=L2机械母集/待人工裁决。原始出表日期=1150827；完整发行人母集不推定PCB主营、中国大陆厂址或物理产能。"
cand:l2-twse-3705,issuer,issuer:TW:3705,issuer:TW:3705,-,-,-,永信,L2,TWSE OpenAPI 上市公司基本資料（完整母集）,https://openapi.twse.com.tw/v1/opendata/t187ap03_L,2026-08-28,待核,l2:TWSE:3705,无,不适用,L2机械母集；未挂格,"四件套：URL=source_url；检索日=2026-08-28；命中引语=""公司代號 3705""；判定类别=L2机械母集/待人工裁决。原始出表日期=1150827；完整发行人母集不推定PCB主营、中国大陆厂址或物理产能。"
cand:l2-twse-3706,issuer,issuer:TW:3706,issuer:TW:3706,-,-,-,神達,L2,TWSE OpenAPI 上市公司基本資料（完整母集）,https://openapi.twse.com.tw/v1/opendata/t187ap03_L,2026-08-28,待核,l2:TWSE:3706,无,不适用,L2机械母集；未挂格,"四件套：URL=source_url；检索日=2026-08-28；命中引语=""公司代號 3706""；判定类别=L2机械母集/待人工裁决。原始出表日期=1150827；完整发行人母集不推定PCB主营、中国大陆厂址或物理产能。"
cand:l2-twse-3708,issuer,issuer:TW:3708,issuer:TW:3708,-,-,-,上緯投控,L2,TWSE OpenAPI 上市公司基本資料（完整母集）,https://openapi.twse.com.tw/v1/opendata/t187ap03_L,2026-08-28,待核,l2:TWSE:3708,无,不适用,L2机械母集；未挂格,"四件套：URL=source_url；检索日=2026-08-28；命中引语=""公司代號 3708""；判定类别=L2机械母集/待人工裁决。原始出表日期=1150827；完整发行人母集不推定PCB主营、中国大陆厂址或物理产能。"
cand:l2-twse-3711,issuer,issuer:TW:3711,issuer:TW:3711,-,-,-,日月光投控,L2,TWSE OpenAPI 上市公司基本資料（完整母集）,https://openapi.twse.com.tw/v1/opendata/t187ap03_L,2026-08-28,待核,l2:TWSE:3711,无,不适用,L2机械母集；未挂格,"四件套：URL=source_url；检索日=2026-08-28；命中引语=""公司代號 3711""；判定类别=L2机械母集/待人工裁决。原始出表日期=1150827；完整发行人母集不推定PCB主营、中国大陆厂址或物理产能。"
cand:l2-twse-3712,issuer,issuer:TW:3712,issuer:TW:3712,-,-,-,永崴投控,L2,TWSE OpenAPI 上市公司基本資料（完整母集）,https://openapi.twse.com.tw/v1/opendata/t187ap03_L,2026-08-28,待核,l2:TWSE:3712,无,不适用,L2机械母集；未挂格,"四件套：URL=source_url；检索日=2026-08-28；命中引语=""公司代號 3712""；判定类别=L2机械母集/待人工裁决。原始出表日期=1150827；完整发行人母集不推定PCB主营、中国大陆厂址或物理产能。"
cand:l2-twse-3714,issuer,issuer:TW:3714,issuer:TW:3714,-,-,-,富采,L2,TWSE OpenAPI 上市公司基本資料（完整母集）,https://openapi.twse.com.tw/v1/opendata/t187ap03_L,2026-08-28,待核,l2:TWSE:3714,无,不适用,L2机械母集；未挂格,"四件套：URL=source_url；检索日=2026-08-28；命中引语=""公司代號 3714""；判定类别=L2机械母集/待人工裁决。原始出表日期=1150827；完整发行人母集不推定PCB主营、中国大陆厂址或物理产能。"
cand:l2-twse-3715,issuer,issuer:TW:3715,issuer:TW:3715,-,-,-,定穎投控,L2,TWSE OpenAPI 上市公司基本資料（完整母集）,https://openapi.twse.com.tw/v1/opendata/t187ap03_L,2026-08-28,待核,l2:TWSE:3715,无,不适用,L2机械母集；未挂格,"四件套：URL=source_url；检索日=2026-08-28；命中引语=""公司代號 3715""；判定类别=L2机械母集/待人工裁决。原始出表日期=1150827；完整发行人母集不推定PCB主营、中国大陆厂址或物理产能。"
cand:l2-twse-3716,issuer,issuer:TW:3716,issuer:TW:3716,-,-,-,中化控股,L2,TWSE OpenAPI 上市公司基本資料（完整母集）,https://openapi.twse.com.tw/v1/opendata/t187ap03_L,2026-08-28,待核,l2:TWSE:3716,无,不适用,L2机械母集；未挂格,"四件套：URL=source_url；检索日=2026-08-28；命中引语=""公司代號 3716""；判定类别=L2机械母集/待人工裁决。原始出表日期=1150827；完整发行人母集不推定PCB主营、中国大陆厂址或物理产能。"
cand:l2-twse-3717,issuer,issuer:TW:3717,issuer:TW:3717,-,-,-,聯嘉投控,L2,TWSE OpenAPI 上市公司基本資料（完整母集）,https://openapi.twse.com.tw/v1/opendata/t187ap03_L,2026-08-28,待核,l2:TWSE:3717,无,不适用,L2机械母集；未挂格,"四件套：URL=source_url；检索日=2026-08-28；命中引语=""公司代號 3717""；判定类别=L2机械母集/待人工裁决。原始出表日期=1150827；完整发行人母集不推定PCB主营、中国大陆厂址或物理产能。"
cand:l2-twse-4104,issuer,issuer:TW:4104,issuer:TW:4104,-,-,-,佳醫,L2,TWSE OpenAPI 上市公司基本資料（完整母集）,https://openapi.twse.com.tw/v1/opendata/t187ap03_L,2026-08-28,待核,l2:TWSE:4104,无,不适用,L2机械母集；未挂格,"四件套：URL=source_url；检索日=2026-08-28；命中引语=""公司代號 4104""；判定类别=L2机械母集/待人工裁决。原始出表日期=1150827；完整发行人母集不推定PCB主营、中国大陆厂址或物理产能。"
cand:l2-twse-4106,issuer,issuer:TW:4106,issuer:TW:4106,-,-,-,雃博,L2,TWSE OpenAPI 上市公司基本資料（完整母集）,https://openapi.twse.com.tw/v1/opendata/t187ap03_L,2026-08-28,待核,l2:TWSE:4106,无,不适用,L2机械母集；未挂格,"四件套：URL=source_url；检索日=2026-08-28；命中引语=""公司代號 4106""；判定类别=L2机械母集/待人工裁决。原始出表日期=1150827；完整发行人母集不推定PCB主营、中国大陆厂址或物理产能。"
cand:l2-twse-4108,issuer,issuer:TW:4108,issuer:TW:4108,-,-,-,懷特,L2,TWSE OpenAPI 上市公司基本資料（完整母集）,https://openapi.twse.com.tw/v1/opendata/t187ap03_L,2026-08-28,待核,l2:TWSE:4108,无,不适用,L2机械母集；未挂格,"四件套：URL=source_url；检索日=2026-08-28；命中引语=""公司代號 4108""；判定类别=L2机械母集/待人工裁决。原始出表日期=1150827；完整发行人母集不推定PCB主营、中国大陆厂址或物理产能。"
cand:l2-twse-4119,issuer,issuer:TW:4119,issuer:TW:4119,-,-,-,旭富,L2,TWSE OpenAPI 上市公司基本資料（完整母集）,https://openapi.twse.com.tw/v1/opendata/t187ap03_L,2026-08-28,待核,l2:TWSE:4119,无,不适用,L2机械母集；未挂格,"四件套：URL=source_url；检索日=2026-08-28；命中引语=""公司代號 4119""；判定类别=L2机械母集/待人工裁决。原始出表日期=1150827；完整发行人母集不推定PCB主营、中国大陆厂址或物理产能。"
cand:l2-twse-4133,issuer,issuer:TW:4133,issuer:TW:4133,-,-,-,亞諾法,L2,TWSE OpenAPI 上市公司基本資料（完整母集）,https://openapi.twse.com.tw/v1/opendata/t187ap03_L,2026-08-28,待核,l2:TWSE:4133,无,不适用,L2机械母集；未挂格,"四件套：URL=source_url；检索日=2026-08-28；命中引语=""公司代號 4133""；判定类别=L2机械母集/待人工裁决。原始出表日期=1150827；完整发行人母集不推定PCB主营、中国大陆厂址或物理产能。"
cand:l2-twse-4137,issuer,issuer:TW:4137,issuer:TW:4137,-,-,-,麗豐-KY,L2,TWSE OpenAPI 上市公司基本資料（完整母集）,https://openapi.twse.com.tw/v1/opendata/t187ap03_L,2026-08-28,待核,l2:TWSE:4137,无,不适用,L2机械母集；未挂格,"四件套：URL=source_url；检索日=2026-08-28；命中引语=""公司代號 4137""；判定类别=L2机械母集/待人工裁决。原始出表日期=1150827；完整发行人母集不推定PCB主营、中国大陆厂址或物理产能。"
cand:l2-twse-4142,issuer,issuer:TW:4142,issuer:TW:4142,-,-,-,國光生,L2,TWSE OpenAPI 上市公司基本資料（完整母集）,https://openapi.twse.com.tw/v1/opendata/t187ap03_L,2026-08-28,待核,l2:TWSE:4142,无,不适用,L2机械母集；未挂格,"四件套：URL=source_url；检索日=2026-08-28；命中引语=""公司代號 4142""；判定类别=L2机械母集/待人工裁决。原始出表日期=1150827；完整发行人母集不推定PCB主营、中国大陆厂址或物理产能。"
cand:l2-twse-4148,issuer,issuer:TW:4148,issuer:TW:4148,-,-,-,全宇生技-KY,L2,TWSE OpenAPI 上市公司基本資料（完整母集）,https://openapi.twse.com.tw/v1/opendata/t187ap03_L,2026-08-28,待核,l2:TWSE:4148,无,不适用,L2机械母集；未挂格,"四件套：URL=source_url；检索日=2026-08-28；命中引语=""公司代號 4148""；判定类别=L2机械母集/待人工裁决。原始出表日期=1150827；完整发行人母集不推定PCB主营、中国大陆厂址或物理产能。"
cand:l2-twse-4155,issuer,issuer:TW:4155,issuer:TW:4155,-,-,-,訊映,L2,TWSE OpenAPI 上市公司基本資料（完整母集）,https://openapi.twse.com.tw/v1/opendata/t187ap03_L,2026-08-28,待核,l2:TWSE:4155,无,不适用,L2机械母集；未挂格,"四件套：URL=source_url；检索日=2026-08-28；命中引语=""公司代號 4155""；判定类别=L2机械母集/待人工裁决。原始出表日期=1150827；完整发行人母集不推定PCB主营、中国大陆厂址或物理产能。"
cand:l2-twse-4164,issuer,issuer:TW:4164,issuer:TW:4164,-,-,-,承業醫,L2,TWSE OpenAPI 上市公司基本資料（完整母集）,https://openapi.twse.com.tw/v1/opendata/t187ap03_L,2026-08-28,待核,l2:TWSE:4164,无,不适用,L2机械母集；未挂格,"四件套：URL=source_url；检索日=2026-08-28；命中引语=""公司代號 4164""；判定类别=L2机械母集/待人工裁决。原始出表日期=1150827；完整发行人母集不推定PCB主营、中国大陆厂址或物理产能。"
cand:l2-twse-4169,issuer,issuer:TW:4169,issuer:TW:4169,-,-,-,泰宗,L2,TWSE OpenAPI 上市公司基本資料（完整母集）,https://openapi.twse.com.tw/v1/opendata/t187ap03_L,2026-08-28,待核,l2:TWSE:4169,无,不适用,L2机械母集；未挂格,"四件套：URL=source_url；检索日=2026-08-28；命中引语=""公司代號 4169""；判定类别=L2机械母集/待人工裁决。原始出表日期=1150827；完整发行人母集不推定PCB主营、中国大陆厂址或物理产能。"
cand:l2-twse-4178,issuer,issuer:TW:4178,issuer:TW:4178,-,-,-,永笙-KY,L2,TWSE OpenAPI 上市公司基本資料（完整母集）,https://openapi.twse.com.tw/v1/opendata/t187ap03_L,2026-08-28,待核,l2:TWSE:4178,无,不适用,L2机械母集；未挂格,"四件套：URL=source_url；检索日=2026-08-28；命中引语=""公司代號 4178""；判定类别=L2机械母集/待人工裁决。原始出表日期=1150827；完整发行人母集不推定PCB主营、中国大陆厂址或物理产能。"
cand:l2-twse-4190,issuer,issuer:TW:4190,issuer:TW:4190,-,-,-,佐登-KY,L2,TWSE OpenAPI 上市公司基本資料（完整母集）,https://openapi.twse.com.tw/v1/opendata/t187ap03_L,2026-08-28,待核,l2:TWSE:4190,无,不适用,L2机械母集；未挂格,"四件套：URL=source_url；检索日=2026-08-28；命中引语=""公司代號 4190""；判定类别=L2机械母集/待人工裁决。原始出表日期=1150827；完整发行人母集不推定PCB主营、中国大陆厂址或物理产能。"
cand:l2-twse-4195,issuer,issuer:TW:4195,issuer:TW:4195,-,-,-,基米-創,L2,TWSE OpenAPI 上市公司基本資料（完整母集）,https://openapi.twse.com.tw/v1/opendata/t187ap03_L,2026-08-28,待核,l2:TWSE:4195,无,不适用,L2机械母集；未挂格,"四件套：URL=source_url；检索日=2026-08-28；命中引语=""公司代號 4195""；判定类别=L2机械母集/待人工裁决。原始出表日期=1150827；完整发行人母集不推定PCB主营、中国大陆厂址或物理产能。"
cand:l2-twse-4306,issuer,issuer:TW:4306,issuer:TW:4306,-,-,-,炎洲,L2,TWSE OpenAPI 上市公司基本資料（完整母集）,https://openapi.twse.com.tw/v1/opendata/t187ap03_L,2026-08-28,待核,l2:TWSE:4306,无,不适用,L2机械母集；未挂格,"四件套：URL=source_url；检索日=2026-08-28；命中引语=""公司代號 4306""；判定类别=L2机械母集/待人工裁决。原始出表日期=1150827；完整发行人母集不推定PCB主营、中国大陆厂址或物理产能。"
cand:l2-twse-4414,issuer,issuer:TW:4414,issuer:TW:4414,-,-,-,如興,L2,TWSE OpenAPI 上市公司基本資料（完整母集）,https://openapi.twse.com.tw/v1/opendata/t187ap03_L,2026-08-28,待核,l2:TWSE:4414,无,不适用,L2机械母集；未挂格,"四件套：URL=source_url；检索日=2026-08-28；命中引语=""公司代號 4414""；判定类别=L2机械母集/待人工裁决。原始出表日期=1150827；完整发行人母集不推定PCB主营、中国大陆厂址或物理产能。"
cand:l2-twse-4426,issuer,issuer:TW:4426,issuer:TW:4426,-,-,-,利勤,L2,TWSE OpenAPI 上市公司基本資料（完整母集）,https://openapi.twse.com.tw/v1/opendata/t187ap03_L,2026-08-28,待核,l2:TWSE:4426,无,不适用,L2机械母集；未挂格,"四件套：URL=source_url；检索日=2026-08-28；命中引语=""公司代號 4426""；判定类别=L2机械母集/待人工裁决。原始出表日期=1150827；完整发行人母集不推定PCB主营、中国大陆厂址或物理产能。"
cand:l2-twse-4438,issuer,issuer:TW:4438,issuer:TW:4438,-,-,-,廣越,L2,TWSE OpenAPI 上市公司基本資料（完整母集）,https://openapi.twse.com.tw/v1/opendata/t187ap03_L,2026-08-28,待核,l2:TWSE:4438,无,不适用,L2机械母集；未挂格,"四件套：URL=source_url；检索日=2026-08-28；命中引语=""公司代號 4438""；判定类别=L2机械母集/待人工裁决。原始出表日期=1150827；完整发行人母集不推定PCB主营、中国大陆厂址或物理产能。"
cand:l2-twse-4439,issuer,issuer:TW:4439,issuer:TW:4439,-,-,-,冠星-KY,L2,TWSE OpenAPI 上市公司基本資料（完整母集）,https://openapi.twse.com.tw/v1/opendata/t187ap03_L,2026-08-28,待核,l2:TWSE:4439,无,不适用,L2机械母集；未挂格,"四件套：URL=source_url；检索日=2026-08-28；命中引语=""公司代號 4439""；判定类别=L2机械母集/待人工裁决。原始出表日期=1150827；完整发行人母集不推定PCB主营、中国大陆厂址或物理产能。"
cand:l2-twse-4440,issuer,issuer:TW:4440,issuer:TW:4440,-,-,-,宜新實業,L2,TWSE OpenAPI 上市公司基本資料（完整母集）,https://openapi.twse.com.tw/v1/opendata/t187ap03_L,2026-08-28,待核,l2:TWSE:4440,无,不适用,L2机械母集；未挂格,"四件套：URL=source_url；检索日=2026-08-28；命中引语=""公司代號 4440""；判定类别=L2机械母集/待人工裁决。原始出表日期=1150827；完整发行人母集不推定PCB主营、中国大陆厂址或物理产能。"
cand:l2-twse-4441,issuer,issuer:TW:4441,issuer:TW:4441,-,-,-,振大環球,L2,TWSE OpenAPI 上市公司基本資料（完整母集）,https://openapi.twse.com.tw/v1/opendata/t187ap03_L,2026-08-28,待核,l2:TWSE:4441,无,不适用,L2机械母集；未挂格,"四件套：URL=source_url；检索日=2026-08-28；命中引语=""公司代號 4441""；判定类别=L2机械母集/待人工裁决。原始出表日期=1150827；完整发行人母集不推定PCB主营、中国大陆厂址或物理产能。"
cand:l2-twse-4526,issuer,issuer:TW:4526,issuer:TW:4526,-,-,-,東台,L2,TWSE OpenAPI 上市公司基本資料（完整母集）,https://openapi.twse.com.tw/v1/opendata/t187ap03_L,2026-08-28,待核,l2:TWSE:4526,无,不适用,L2机械母集；未挂格,"四件套：URL=source_url；检索日=2026-08-28；命中引语=""公司代號 4526""；判定类别=L2机械母集/待人工裁决。原始出表日期=1150827；完整发行人母集不推定PCB主营、中国大陆厂址或物理产能。"
cand:l2-twse-4532,issuer,issuer:TW:4532,issuer:TW:4532,-,-,-,瑞智,L2,TWSE OpenAPI 上市公司基本資料（完整母集）,https://openapi.twse.com.tw/v1/opendata/t187ap03_L,2026-08-28,待核,l2:TWSE:4532,无,不适用,L2机械母集；未挂格,"四件套：URL=source_url；检索日=2026-08-28；命中引语=""公司代號 4532""；判定类别=L2机械母集/待人工裁决。原始出表日期=1150827；完整发行人母集不推定PCB主营、中国大陆厂址或物理产能。"
cand:l2-twse-4536,issuer,issuer:TW:4536,issuer:TW:4536,-,-,-,拓凱,L2,TWSE OpenAPI 上市公司基本資料（完整母集）,https://openapi.twse.com.tw/v1/opendata/t187ap03_L,2026-08-28,待核,l2:TWSE:4536,无,不适用,L2机械母集；未挂格,"四件套：URL=source_url；检索日=2026-08-28；命中引语=""公司代號 4536""；判定类别=L2机械母集/待人工裁决。原始出表日期=1150827；完整发行人母集不推定PCB主营、中国大陆厂址或物理产能。"
cand:l2-twse-4540,issuer,issuer:TW:4540,issuer:TW:4540,-,-,-,全球傳動,L2,TWSE OpenAPI 上市公司基本資料（完整母集）,https://openapi.twse.com.tw/v1/opendata/t187ap03_L,2026-08-28,待核,l2:TWSE:4540,无,不适用,L2机械母集；未挂格,"四件套：URL=source_url；检索日=2026-08-28；命中引语=""公司代號 4540""；判定类别=L2机械母集/待人工裁决。原始出表日期=1150827；完整发行人母集不推定PCB主营、中国大陆厂址或物理产能。"
cand:l2-twse-4545,issuer,issuer:TW:4545,issuer:TW:4545,-,-,-,銘鈺,L2,TWSE OpenAPI 上市公司基本資料（完整母集）,https://openapi.twse.com.tw/v1/opendata/t187ap03_L,2026-08-28,待核,l2:TWSE:4545,无,不适用,L2机械母集；未挂格,"四件套：URL=source_url；检索日=2026-08-28；命中引语=""公司代號 4545""；判定类别=L2机械母集/待人工裁决。原始出表日期=1150827；完整发行人母集不推定PCB主营、中国大陆厂址或物理产能。"
cand:l2-twse-4551,issuer,issuer:TW:4551,issuer:TW:4551,-,-,-,智伸科,L2,TWSE OpenAPI 上市公司基本資料（完整母集）,https://openapi.twse.com.tw/v1/opendata/t187ap03_L,2026-08-28,待核,l2:TWSE:4551,无,不适用,L2机械母集；未挂格,"四件套：URL=source_url；检索日=2026-08-28；命中引语=""公司代號 4551""；判定类别=L2机械母集/待人工裁决。原始出表日期=1150827；完整发行人母集不推定PCB主营、中国大陆厂址或物理产能。"
cand:l2-twse-4552,issuer,issuer:TW:4552,issuer:TW:4552,-,-,-,力達-KY,L2,TWSE OpenAPI 上市公司基本資料（完整母集）,https://openapi.twse.com.tw/v1/opendata/t187ap03_L,2026-08-28,待核,l2:TWSE:4552,无,不适用,L2机械母集；未挂格,"四件套：URL=source_url；检索日=2026-08-28；命中引语=""公司代號 4552""；判定类别=L2机械母集/待人工裁决。原始出表日期=1150827；完整发行人母集不推定PCB主营、中国大陆厂址或物理产能。"
cand:l2-twse-4555,issuer,issuer:TW:4555,issuer:TW:4555,-,-,-,氣立,L2,TWSE OpenAPI 上市公司基本資料（完整母集）,https://openapi.twse.com.tw/v1/opendata/t187ap03_L,2026-08-28,待核,l2:TWSE:4555,无,不适用,L2机械母集；未挂格,"四件套：URL=source_url；检索日=2026-08-28；命中引语=""公司代號 4555""；判定类别=L2机械母集/待人工裁决。原始出表日期=1150827；完整发行人母集不推定PCB主营、中国大陆厂址或物理产能。"
cand:l2-twse-4557,issuer,issuer:TW:4557,issuer:TW:4557,-,-,-,永新-KY,L2,TWSE OpenAPI 上市公司基本資料（完整母集）,https://openapi.twse.com.tw/v1/opendata/t187ap03_L,2026-08-28,待核,l2:TWSE:4557,无,不适用,L2机械母集；未挂格,"四件套：URL=source_url；检索日=2026-08-28；命中引语=""公司代號 4557""；判定类别=L2机械母集/待人工裁决。原始出表日期=1150827；完整发行人母集不推定PCB主营、中国大陆厂址或物理产能。"
cand:l2-twse-4560,issuer,issuer:TW:4560,issuer:TW:4560,-,-,-,強信-KY,L2,TWSE OpenAPI 上市公司基本資料（完整母集）,https://openapi.twse.com.tw/v1/opendata/t187ap03_L,2026-08-28,待核,l2:TWSE:4560,无,不适用,L2机械母集；未挂格,"四件套：URL=source_url；检索日=2026-08-28；命中引语=""公司代號 4560""；判定类别=L2机械母集/待人工裁决。原始出表日期=1150827；完整发行人母集不推定PCB主营、中国大陆厂址或物理产能。"
cand:l2-twse-4562,issuer,issuer:TW:4562,issuer:TW:4562,-,-,-,穎漢,L2,TWSE OpenAPI 上市公司基本資料（完整母集）,https://openapi.twse.com.tw/v1/opendata/t187ap03_L,2026-08-28,待核,l2:TWSE:4562,无,不适用,L2机械母集；未挂格,"四件套：URL=source_url；检索日=2026-08-28；命中引语=""公司代號 4562""；判定类别=L2机械母集/待人工裁决。原始出表日期=1150827；完整发行人母集不推定PCB主营、中国大陆厂址或物理产能。"
cand:l2-twse-4564,issuer,issuer:TW:4564,issuer:TW:4564,-,-,-,元翎,L2,TWSE OpenAPI 上市公司基本資料（完整母集）,https://openapi.twse.com.tw/v1/opendata/t187ap03_L,2026-08-28,待核,l2:TWSE:4564,无,不适用,L2机械母集；未挂格,"四件套：URL=source_url；检索日=2026-08-28；命中引语=""公司代號 4564""；判定类别=L2机械母集/待人工裁决。原始出表日期=1150827；完整发行人母集不推定PCB主营、中国大陆厂址或物理产能。"
cand:l2-twse-4566,issuer,issuer:TW:4566,issuer:TW:4566,-,-,-,時碩工業,L2,TWSE OpenAPI 上市公司基本資料（完整母集）,https://openapi.twse.com.tw/v1/opendata/t187ap03_L,2026-08-28,待核,l2:TWSE:4566,无,不适用,L2机械母集；未挂格,"四件套：URL=source_url；检索日=2026-08-28；命中引语=""公司代號 4566""；判定类别=L2机械母集/待人工裁决。原始出表日期=1150827；完整发行人母集不推定PCB主营、中国大陆厂址或物理产能。"
cand:l2-twse-4569,issuer,issuer:TW:4569,issuer:TW:4569,-,-,-,六方科-KY,L2,TWSE OpenAPI 上市公司基本資料（完整母集）,https://openapi.twse.com.tw/v1/opendata/t187ap03_L,2026-08-28,待核,l2:TWSE:4569,无,不适用,L2机械母集；未挂格,"四件套：URL=source_url；检索日=2026-08-28；命中引语=""公司代號 4569""；判定类别=L2机械母集/待人工裁决。原始出表日期=1150827；完整发行人母集不推定PCB主营、中国大陆厂址或物理产能。"
cand:l2-twse-4571,issuer,issuer:TW:4571,issuer:TW:4571,-,-,-,鈞興-KY,L2,TWSE OpenAPI 上市公司基本資料（完整母集）,https://openapi.twse.com.tw/v1/opendata/t187ap03_L,2026-08-28,待核,l2:TWSE:4571,无,不适用,L2机械母集；未挂格,"四件套：URL=source_url；检索日=2026-08-28；命中引语=""公司代號 4571""；判定类别=L2机械母集/待人工裁决。原始出表日期=1150827；完整发行人母集不推定PCB主营、中国大陆厂址或物理产能。"
cand:l2-twse-4572,issuer,issuer:TW:4572,issuer:TW:4572,-,-,-,駐龍,L2,TWSE OpenAPI 上市公司基本資料（完整母集）,https://openapi.twse.com.tw/v1/opendata/t187ap03_L,2026-08-28,待核,l2:TWSE:4572,无,不适用,L2机械母集；未挂格,"四件套：URL=source_url；检索日=2026-08-28；命中引语=""公司代號 4572""；判定类别=L2机械母集/待人工裁决。原始出表日期=1150827；完整发行人母集不推定PCB主营、中国大陆厂址或物理产能。"
cand:l2-twse-4576,issuer,issuer:TW:4576,issuer:TW:4576,-,-,-,大銀微系統,L2,TWSE OpenAPI 上市公司基本資料（完整母集）,https://openapi.twse.com.tw/v1/opendata/t187ap03_L,2026-08-28,待核,l2:TWSE:4576,无,不适用,L2机械母集；未挂格,"四件套：URL=source_url；检索日=2026-08-28；命中引语=""公司代號 4576""；判定类别=L2机械母集/待人工裁决。原始出表日期=1150827；完整发行人母集不推定PCB主营、中国大陆厂址或物理产能。"
cand:l2-twse-4581,issuer,issuer:TW:4581,issuer:TW:4581,-,-,-,光隆精密-KY,L2,TWSE OpenAPI 上市公司基本資料（完整母集）,https://openapi.twse.com.tw/v1/opendata/t187ap03_L,2026-08-28,待核,l2:TWSE:4581,无,不适用,L2机械母集；未挂格,"四件套：URL=source_url；检索日=2026-08-28；命中引语=""公司代號 4581""；判定类别=L2机械母集/待人工裁决。原始出表日期=1150827；完整发行人母集不推定PCB主营、中国大陆厂址或物理产能。"
cand:l2-twse-4582,issuer,issuer:TW:4582,issuer:TW:4582,-,-,-,聚恆-創,L2,TWSE OpenAPI 上市公司基本資料（完整母集）,https://openapi.twse.com.tw/v1/opendata/t187ap03_L,2026-08-28,待核,l2:TWSE:4582,无,不适用,L2机械母集；未挂格,"四件套：URL=source_url；检索日=2026-08-28；命中引语=""公司代號 4582""；判定类别=L2机械母集/待人工裁决。原始出表日期=1150827；完整发行人母集不推定PCB主营、中国大陆厂址或物理产能。"
cand:l2-twse-4583,issuer,issuer:TW:4583,issuer:TW:4583,-,-,-,台灣精銳,L2,TWSE OpenAPI 上市公司基本資料（完整母集）,https://openapi.twse.com.tw/v1/opendata/t187ap03_L,2026-08-28,待核,l2:TWSE:4583,无,不适用,L2机械母集；未挂格,"四件套：URL=source_url；检索日=2026-08-28；命中引语=""公司代號 4583""；判定类别=L2机械母集/待人工裁决。原始出表日期=1150827；完整发行人母集不推定PCB主营、中国大陆厂址或物理产能。"
cand:l2-twse-4585,issuer,issuer:TW:4585,issuer:TW:4585,-,-,-,達明,L2,TWSE OpenAPI 上市公司基本資料（完整母集）,https://openapi.twse.com.tw/v1/opendata/t187ap03_L,2026-08-28,待核,l2:TWSE:4585,无,不适用,L2机械母集；未挂格,"四件套：URL=source_url；检索日=2026-08-28；命中引语=""公司代號 4585""；判定类别=L2机械母集/待人工裁决。原始出表日期=1150827；完整发行人母集不推定PCB主营、中国大陆厂址或物理产能。"
cand:l2-twse-4588,issuer,issuer:TW:4588,issuer:TW:4588,-,-,-,玖鼎電力,L2,TWSE OpenAPI 上市公司基本資料（完整母集）,https://openapi.twse.com.tw/v1/opendata/t187ap03_L,2026-08-28,待核,l2:TWSE:4588,无,不适用,L2机械母集；未挂格,"四件套：URL=source_url；检索日=2026-08-28；命中引语=""公司代號 4588""；判定类别=L2机械母集/待人工裁决。原始出表日期=1150827；完整发行人母集不推定PCB主营、中国大陆厂址或物理产能。"
cand:l2-twse-4590,issuer,issuer:TW:4590,issuer:TW:4590,-,-,-,富田-創,L2,TWSE OpenAPI 上市公司基本資料（完整母集）,https://openapi.twse.com.tw/v1/opendata/t187ap03_L,2026-08-28,待核,l2:TWSE:4590,无,不适用,L2机械母集；未挂格,"四件套：URL=source_url；检索日=2026-08-28；命中引语=""公司代號 4590""；判定类别=L2机械母集/待人工裁决。原始出表日期=1150827；完整发行人母集不推定PCB主营、中国大陆厂址或物理产能。"
cand:l2-twse-4720,issuer,issuer:TW:4720,issuer:TW:4720,-,-,-,德淵,L2,TWSE OpenAPI 上市公司基本資料（完整母集）,https://openapi.twse.com.tw/v1/opendata/t187ap03_L,2026-08-28,待核,l2:TWSE:4720,无,不适用,L2机械母集；未挂格,"四件套：URL=source_url；检索日=2026-08-28；命中引语=""公司代號 4720""；判定类别=L2机械母集/待人工裁决。原始出表日期=1150827；完整发行人母集不推定PCB主营、中国大陆厂址或物理产能。"
cand:l2-twse-4722,issuer,issuer:TW:4722,issuer:TW:4722,-,-,-,國精化,L2,TWSE OpenAPI 上市公司基本資料（完整母集）,https://openapi.twse.com.tw/v1/opendata/t187ap03_L,2026-08-28,待核,l2:TWSE:4722,无,不适用,L2机械母集；未挂格,"四件套：URL=source_url；检索日=2026-08-28；命中引语=""公司代號 4722""；判定类别=L2机械母集/待人工裁决。原始出表日期=1150827；完整发行人母集不推定PCB主营、中国大陆厂址或物理产能。"
cand:l2-twse-4736,issuer,issuer:TW:4736,issuer:TW:4736,-,-,-,泰博,L2,TWSE OpenAPI 上市公司基本資料（完整母集）,https://openapi.twse.com.tw/v1/opendata/t187ap03_L,2026-08-28,待核,l2:TWSE:4736,无,不适用,L2机械母集；未挂格,"四件套：URL=source_url；检索日=2026-08-28；命中引语=""公司代號 4736""；判定类别=L2机械母集/待人工裁决。原始出表日期=1150827；完整发行人母集不推定PCB主营、中国大陆厂址或物理产能。"
cand:l2-twse-4737,issuer,issuer:TW:4737,issuer:TW:4737,-,-,-,華廣,L2,TWSE OpenAPI 上市公司基本資料（完整母集）,https://openapi.twse.com.tw/v1/opendata/t187ap03_L,2026-08-28,待核,l2:TWSE:4737,无,不适用,L2机械母集；未挂格,"四件套：URL=source_url；检索日=2026-08-28；命中引语=""公司代號 4737""；判定类别=L2机械母集/待人工裁决。原始出表日期=1150827；完整发行人母集不推定PCB主营、中国大陆厂址或物理产能。"
cand:l2-twse-4739,issuer,issuer:TW:4739,issuer:TW:4739,-,-,-,康普,L2,TWSE OpenAPI 上市公司基本資料（完整母集）,https://openapi.twse.com.tw/v1/opendata/t187ap03_L,2026-08-28,待核,l2:TWSE:4739,无,不适用,L2机械母集；未挂格,"四件套：URL=source_url；检索日=2026-08-28；命中引语=""公司代號 4739""；判定类别=L2机械母集/待人工裁决。原始出表日期=1150827；完整发行人母集不推定PCB主营、中国大陆厂址或物理产能。"
cand:l2-twse-4746,issuer,issuer:TW:4746,issuer:TW:4746,-,-,-,台耀,L2,TWSE OpenAPI 上市公司基本資料（完整母集）,https://openapi.twse.com.tw/v1/opendata/t187ap03_L,2026-08-28,待核,l2:TWSE:4746,无,不适用,L2机械母集；未挂格,"四件套：URL=source_url；检索日=2026-08-28；命中引语=""公司代號 4746""；判定类别=L2机械母集/待人工裁决。原始出表日期=1150827；完整发行人母集不推定PCB主营、中国大陆厂址或物理产能。"
cand:l2-twse-4755,issuer,issuer:TW:4755,issuer:TW:4755,-,-,-,三福化,L2,TWSE OpenAPI 上市公司基本資料（完整母集）,https://openapi.twse.com.tw/v1/opendata/t187ap03_L,2026-08-28,待核,l2:TWSE:4755,无,不适用,L2机械母集；未挂格,"四件套：URL=source_url；检索日=2026-08-28；命中引语=""公司代號 4755""；判定类别=L2机械母集/待人工裁决。原始出表日期=1150827；完整发行人母集不推定PCB主营、中国大陆厂址或物理产能。"
cand:l2-twse-4763,issuer,issuer:TW:4763,issuer:TW:4763,-,-,-,材料*-KY,L2,TWSE OpenAPI 上市公司基本資料（完整母集）,https://openapi.twse.com.tw/v1/opendata/t187ap03_L,2026-08-28,待核,l2:TWSE:4763,无,不适用,L2机械母集；未挂格,"四件套：URL=source_url；检索日=2026-08-28；命中引语=""公司代號 4763""；判定类别=L2机械母集/待人工裁决。原始出表日期=1150827；完整发行人母集不推定PCB主营、中国大陆厂址或物理产能。"
cand:l2-twse-4764,issuer,issuer:TW:4764,issuer:TW:4764,-,-,-,雙鍵,L2,TWSE OpenAPI 上市公司基本資料（完整母集）,https://openapi.twse.com.tw/v1/opendata/t187ap03_L,2026-08-28,待核,l2:TWSE:4764,无,不适用,L2机械母集；未挂格,"四件套：URL=source_url；检索日=2026-08-28；命中引语=""公司代號 4764""；判定类别=L2机械母集/待人工裁决。原始出表日期=1150827；完整发行人母集不推定PCB主营、中国大陆厂址或物理产能。"
cand:l2-twse-4766,issuer,issuer:TW:4766,issuer:TW:4766,-,-,-,南寶,L2,TWSE OpenAPI 上市公司基本資料（完整母集）,https://openapi.twse.com.tw/v1/opendata/t187ap03_L,2026-08-28,待核,l2:TWSE:4766,无,不适用,L2机械母集；未挂格,"四件套：URL=source_url；检索日=2026-08-28；命中引语=""公司代號 4766""；判定类别=L2机械母集/待人工裁决。原始出表日期=1150827；完整发行人母集不推定PCB主营、中国大陆厂址或物理产能。"
cand:l2-twse-4770,issuer,issuer:TW:4770,issuer:TW:4770,-,-,-,上品,L2,TWSE OpenAPI 上市公司基本資料（完整母集）,https://openapi.twse.com.tw/v1/opendata/t187ap03_L,2026-08-28,待核,l2:TWSE:4770,无,不适用,L2机械母集；未挂格,"四件套：URL=source_url；检索日=2026-08-28；命中引语=""公司代號 4770""；判定类别=L2机械母集/待人工裁决。原始出表日期=1150827；完整发行人母集不推定PCB主营、中国大陆厂址或物理产能。"
cand:l2-twse-4771,issuer,issuer:TW:4771,issuer:TW:4771,-,-,-,望隼,L2,TWSE OpenAPI 上市公司基本資料（完整母集）,https://openapi.twse.com.tw/v1/opendata/t187ap03_L,2026-08-28,待核,l2:TWSE:4771,无,不适用,L2机械母集；未挂格,"四件套：URL=source_url；检索日=2026-08-28；命中引语=""公司代號 4771""；判定类别=L2机械母集/待人工裁决。原始出表日期=1150827；完整发行人母集不推定PCB主营、中国大陆厂址或物理产能。"
cand:l2-twse-4807,issuer,issuer:TW:4807,issuer:TW:4807,-,-,-,日成-KY,L2,TWSE OpenAPI 上市公司基本資料（完整母集）,https://openapi.twse.com.tw/v1/opendata/t187ap03_L,2026-08-28,待核,l2:TWSE:4807,无,不适用,L2机械母集；未挂格,"四件套：URL=source_url；检索日=2026-08-28；命中引语=""公司代號 4807""；判定类别=L2机械母集/待人工裁决。原始出表日期=1150827；完整发行人母集不推定PCB主营、中国大陆厂址或物理产能。"
cand:l2-twse-4904,issuer,issuer:TW:4904,issuer:TW:4904,-,-,-,遠傳,L2,TWSE OpenAPI 上市公司基本資料（完整母集）,https://openapi.twse.com.tw/v1/opendata/t187ap03_L,2026-08-28,待核,l2:TWSE:4904,无,不适用,L2机械母集；未挂格,"四件套：URL=source_url；检索日=2026-08-28；命中引语=""公司代號 4904""；判定类别=L2机械母集/待人工裁决。原始出表日期=1150827；完整发行人母集不推定PCB主营、中国大陆厂址或物理产能。"
cand:l2-twse-4906,issuer,issuer:TW:4906,issuer:TW:4906,-,-,-,正文,L2,TWSE OpenAPI 上市公司基本資料（完整母集）,https://openapi.twse.com.tw/v1/opendata/t187ap03_L,2026-08-28,待核,l2:TWSE:4906,无,不适用,L2机械母集；未挂格,"四件套：URL=source_url；检索日=2026-08-28；命中引语=""公司代號 4906""；判定类别=L2机械母集/待人工裁决。原始出表日期=1150827；完整发行人母集不推定PCB主营、中国大陆厂址或物理产能。"
cand:l2-twse-4912,issuer,issuer:TW:4912,issuer:TW:4912,-,-,-,聯德控股-KY,L2,TWSE OpenAPI 上市公司基本資料（完整母集）,https://openapi.twse.com.tw/v1/opendata/t187ap03_L,2026-08-28,待核,l2:TWSE:4912,无,不适用,L2机械母集；未挂格,"四件套：URL=source_url；检索日=2026-08-28；命中引语=""公司代號 4912""；判定类别=L2机械母集/待人工裁决。原始出表日期=1150827；完整发行人母集不推定PCB主营、中国大陆厂址或物理产能。"
cand:l2-twse-4915,issuer,issuer:TW:4915,issuer:TW:4915,-,-,-,致伸,L2,TWSE OpenAPI 上市公司基本資料（完整母集）,https://openapi.twse.com.tw/v1/opendata/t187ap03_L,2026-08-28,待核,l2:TWSE:4915,无,不适用,L2机械母集；未挂格,"四件套：URL=source_url；检索日=2026-08-28；命中引语=""公司代號 4915""；判定类别=L2机械母集/待人工裁决。原始出表日期=1150827；完整发行人母集不推定PCB主营、中国大陆厂址或物理产能。"
cand:l2-twse-4916,issuer,issuer:TW:4916,issuer:TW:4916,-,-,-,事欣科,L2,TWSE OpenAPI 上市公司基本資料（完整母集）,https://openapi.twse.com.tw/v1/opendata/t187ap03_L,2026-08-28,待核,l2:TWSE:4916,无,不适用,L2机械母集；未挂格,"四件套：URL=source_url；检索日=2026-08-28；命中引语=""公司代號 4916""；判定类别=L2机械母集/待人工裁决。原始出表日期=1150827；完整发行人母集不推定PCB主营、中国大陆厂址或物理产能。"
cand:l2-twse-4919,issuer,issuer:TW:4919,issuer:TW:4919,-,-,-,新唐,L2,TWSE OpenAPI 上市公司基本資料（完整母集）,https://openapi.twse.com.tw/v1/opendata/t187ap03_L,2026-08-28,待核,l2:TWSE:4919,无,不适用,L2机械母集；未挂格,"四件套：URL=source_url；检索日=2026-08-28；命中引语=""公司代號 4919""；判定类别=L2机械母集/待人工裁决。原始出表日期=1150827；完整发行人母集不推定PCB主营、中国大陆厂址或物理产能。"
cand:l2-twse-4927,issuer,issuer:TW:4927,issuer:TW:4927,-,-,-,泰鼎-KY,L2,TWSE OpenAPI 上市公司基本資料（完整母集）,https://openapi.twse.com.tw/v1/opendata/t187ap03_L,2026-08-28,待核,l2:TWSE:4927,无,不适用,L2机械母集；未挂格,"四件套：URL=source_url；检索日=2026-08-28；命中引语=""公司代號 4927""；判定类别=L2机械母集/待人工裁决。原始出表日期=1150827；完整发行人母集不推定PCB主营、中国大陆厂址或物理产能。"
cand:l2-twse-4930,issuer,issuer:TW:4930,issuer:TW:4930,-,-,-,燦星網,L2,TWSE OpenAPI 上市公司基本資料（完整母集）,https://openapi.twse.com.tw/v1/opendata/t187ap03_L,2026-08-28,待核,l2:TWSE:4930,无,不适用,L2机械母集；未挂格,"四件套：URL=source_url；检索日=2026-08-28；命中引语=""公司代號 4930""；判定类别=L2机械母集/待人工裁决。原始出表日期=1150827；完整发行人母集不推定PCB主营、中国大陆厂址或物理产能。"
cand:l2-twse-4934,issuer,issuer:TW:4934,issuer:TW:4934,-,-,-,太極,L2,TWSE OpenAPI 上市公司基本資料（完整母集）,https://openapi.twse.com.tw/v1/opendata/t187ap03_L,2026-08-28,待核,l2:TWSE:4934,无,不适用,L2机械母集；未挂格,"四件套：URL=source_url；检索日=2026-08-28；命中引语=""公司代號 4934""；判定类别=L2机械母集/待人工裁决。原始出表日期=1150827；完整发行人母集不推定PCB主营、中国大陆厂址或物理产能。"
cand:l2-twse-4935,issuer,issuer:TW:4935,issuer:TW:4935,-,-,-,茂林-KY,L2,TWSE OpenAPI 上市公司基本資料（完整母集）,https://openapi.twse.com.tw/v1/opendata/t187ap03_L,2026-08-28,待核,l2:TWSE:4935,无,不适用,L2机械母集；未挂格,"四件套：URL=source_url；检索日=2026-08-28；命中引语=""公司代號 4935""；判定类别=L2机械母集/待人工裁决。原始出表日期=1150827；完整发行人母集不推定PCB主营、中国大陆厂址或物理产能。"
cand:l2-twse-4938,issuer,issuer:TW:4938,issuer:TW:4938,-,-,-,和碩,L2,TWSE OpenAPI 上市公司基本資料（完整母集）,https://openapi.twse.com.tw/v1/opendata/t187ap03_L,2026-08-28,待核,l2:TWSE:4938,无,不适用,L2机械母集；未挂格,"四件套：URL=source_url；检索日=2026-08-28；命中引语=""公司代號 4938""；判定类别=L2机械母集/待人工裁决。原始出表日期=1150827；完整发行人母集不推定PCB主营、中国大陆厂址或物理产能。"
cand:l2-twse-4942,issuer,issuer:TW:4942,issuer:TW:4942,-,-,-,嘉彰,L2,TWSE OpenAPI 上市公司基本資料（完整母集）,https://openapi.twse.com.tw/v1/opendata/t187ap03_L,2026-08-28,待核,l2:TWSE:4942,无,不适用,L2机械母集；未挂格,"四件套：URL=source_url；检索日=2026-08-28；命中引语=""公司代號 4942""；判定类别=L2机械母集/待人工裁决。原始出表日期=1150827；完整发行人母集不推定PCB主营、中国大陆厂址或物理产能。"
cand:l2-twse-4943,issuer,issuer:TW:4943,issuer:TW:4943,-,-,-,康控-KY,L2,TWSE OpenAPI 上市公司基本資料（完整母集）,https://openapi.twse.com.tw/v1/opendata/t187ap03_L,2026-08-28,待核,l2:TWSE:4943,无,不适用,L2机械母集；未挂格,"四件套：URL=source_url；检索日=2026-08-28；命中引语=""公司代號 4943""；判定类别=L2机械母集/待人工裁决。原始出表日期=1150827；完整发行人母集不推定PCB主营、中国大陆厂址或物理产能。"
cand:l2-twse-4949,issuer,issuer:TW:4949,issuer:TW:4949,-,-,-,有成精密,L2,TWSE OpenAPI 上市公司基本資料（完整母集）,https://openapi.twse.com.tw/v1/opendata/t187ap03_L,2026-08-28,待核,l2:TWSE:4949,无,不适用,L2机械母集；未挂格,"四件套：URL=source_url；检索日=2026-08-28；命中引语=""公司代號 4949""；判定类别=L2机械母集/待人工裁决。原始出表日期=1150827；完整发行人母集不推定PCB主营、中国大陆厂址或物理产能。"
cand:l2-twse-4952,issuer,issuer:TW:4952,issuer:TW:4952,-,-,-,凌通,L2,TWSE OpenAPI 上市公司基本資料（完整母集）,https://openapi.twse.com.tw/v1/opendata/t187ap03_L,2026-08-28,待核,l2:TWSE:4952,无,不适用,L2机械母集；未挂格,"四件套：URL=source_url；检索日=2026-08-28；命中引语=""公司代號 4952""；判定类别=L2机械母集/待人工裁决。原始出表日期=1150827；完整发行人母集不推定PCB主营、中国大陆厂址或物理产能。"
cand:l2-twse-4956,issuer,issuer:TW:4956,issuer:TW:4956,-,-,-,光鋐,L2,TWSE OpenAPI 上市公司基本資料（完整母集）,https://openapi.twse.com.tw/v1/opendata/t187ap03_L,2026-08-28,待核,l2:TWSE:4956,无,不适用,L2机械母集；未挂格,"四件套：URL=source_url；检索日=2026-08-28；命中引语=""公司代號 4956""；判定类别=L2机械母集/待人工裁决。原始出表日期=1150827；完整发行人母集不推定PCB主营、中国大陆厂址或物理产能。"
cand:l2-twse-4958,issuer,issuer:TW:4958,issuer:TW:4958,-,-,-,臻鼎-KY,L2,TWSE OpenAPI 上市公司基本資料（完整母集）,https://openapi.twse.com.tw/v1/opendata/t187ap03_L,2026-08-28,待核,l2:TWSE:4958,无,不适用,L2机械母集；未挂格,"四件套：URL=source_url；检索日=2026-08-28；命中引语=""公司代號 4958""；判定类别=L2机械母集/待人工裁决。原始出表日期=1150827；完整发行人母集不推定PCB主营、中国大陆厂址或物理产能。"
cand:l2-twse-4960,issuer,issuer:TW:4960,issuer:TW:4960,-,-,-,誠美材,L2,TWSE OpenAPI 上市公司基本資料（完整母集）,https://openapi.twse.com.tw/v1/opendata/t187ap03_L,2026-08-28,待核,l2:TWSE:4960,无,不适用,L2机械母集；未挂格,"四件套：URL=source_url；检索日=2026-08-28；命中引语=""公司代號 4960""；判定类别=L2机械母集/待人工裁决。原始出表日期=1150827；完整发行人母集不推定PCB主营、中国大陆厂址或物理产能。"
cand:l2-twse-4961,issuer,issuer:TW:4961,issuer:TW:4961,-,-,-,天鈺,L2,TWSE OpenAPI 上市公司基本資料（完整母集）,https://openapi.twse.com.tw/v1/opendata/t187ap03_L,2026-08-28,待核,l2:TWSE:4961,无,不适用,L2机械母集；未挂格,"四件套：URL=source_url；检索日=2026-08-28；命中引语=""公司代號 4961""；判定类别=L2机械母集/待人工裁决。原始出表日期=1150827；完整发行人母集不推定PCB主营、中国大陆厂址或物理产能。"
cand:l2-twse-4967,issuer,issuer:TW:4967,issuer:TW:4967,-,-,-,十銓,L2,TWSE OpenAPI 上市公司基本資料（完整母集）,https://openapi.twse.com.tw/v1/opendata/t187ap03_L,2026-08-28,待核,l2:TWSE:4967,无,不适用,L2机械母集；未挂格,"四件套：URL=source_url；检索日=2026-08-28；命中引语=""公司代號 4967""；判定类别=L2机械母集/待人工裁决。原始出表日期=1150827；完整发行人母集不推定PCB主营、中国大陆厂址或物理产能。"
cand:l2-twse-4968,issuer,issuer:TW:4968,issuer:TW:4968,-,-,-,立積,L2,TWSE OpenAPI 上市公司基本資料（完整母集）,https://openapi.twse.com.tw/v1/opendata/t187ap03_L,2026-08-28,待核,l2:TWSE:4968,无,不适用,L2机械母集；未挂格,"四件套：URL=source_url；检索日=2026-08-28；命中引语=""公司代號 4968""；判定类别=L2机械母集/待人工裁决。原始出表日期=1150827；完整发行人母集不推定PCB主营、中国大陆厂址或物理产能。"
cand:l2-twse-4976,issuer,issuer:TW:4976,issuer:TW:4976,-,-,-,佳凌,L2,TWSE OpenAPI 上市公司基本資料（完整母集）,https://openapi.twse.com.tw/v1/opendata/t187ap03_L,2026-08-28,待核,l2:TWSE:4976,无,不适用,L2机械母集；未挂格,"四件套：URL=source_url；检索日=2026-08-28；命中引语=""公司代號 4976""；判定类别=L2机械母集/待人工裁决。原始出表日期=1150827；完整发行人母集不推定PCB主营、中国大陆厂址或物理产能。"
cand:l2-twse-4977,issuer,issuer:TW:4977,issuer:TW:4977,-,-,-,眾達-KY,L2,TWSE OpenAPI 上市公司基本資料（完整母集）,https://openapi.twse.com.tw/v1/opendata/t187ap03_L,2026-08-28,待核,l2:TWSE:4977,无,不适用,L2机械母集；未挂格,"四件套：URL=source_url；检索日=2026-08-28；命中引语=""公司代號 4977""；判定类别=L2机械母集/待人工裁决。原始出表日期=1150827；完整发行人母集不推定PCB主营、中国大陆厂址或物理产能。"
cand:l2-twse-4989,issuer,issuer:TW:4989,issuer:TW:4989,-,-,-,榮科,L2,TWSE OpenAPI 上市公司基本資料（完整母集）,https://openapi.twse.com.tw/v1/opendata/t187ap03_L,2026-08-28,待核,l2:TWSE:4989,无,不适用,L2机械母集；未挂格,"四件套：URL=source_url；检索日=2026-08-28；命中引语=""公司代號 4989""；判定类别=L2机械母集/待人工裁决。原始出表日期=1150827；完整发行人母集不推定PCB主营、中国大陆厂址或物理产能。"
cand:l2-twse-4994,issuer,issuer:TW:4994,issuer:TW:4994,-,-,-,傳奇,L2,TWSE OpenAPI 上市公司基本資料（完整母集）,https://openapi.twse.com.tw/v1/opendata/t187ap03_L,2026-08-28,待核,l2:TWSE:4994,无,不适用,L2机械母集；未挂格,"四件套：URL=source_url；检索日=2026-08-28；命中引语=""公司代號 4994""；判定类别=L2机械母集/待人工裁决。原始出表日期=1150827；完整发行人母集不推定PCB主营、中国大陆厂址或物理产能。"
cand:l2-twse-4999,issuer,issuer:TW:4999,issuer:TW:4999,-,-,-,鑫禾,L2,TWSE OpenAPI 上市公司基本資料（完整母集）,https://openapi.twse.com.tw/v1/opendata/t187ap03_L,2026-08-28,待核,l2:TWSE:4999,无,不适用,L2机械母集；未挂格,"四件套：URL=source_url；检索日=2026-08-28；命中引语=""公司代號 4999""；判定类别=L2机械母集/待人工裁决。原始出表日期=1150827；完整发行人母集不推定PCB主营、中国大陆厂址或物理产能。"
cand:l2-twse-5007,issuer,issuer:TW:5007,issuer:TW:5007,-,-,-,三星,L2,TWSE OpenAPI 上市公司基本資料（完整母集）,https://openapi.twse.com.tw/v1/opendata/t187ap03_L,2026-08-28,待核,l2:TWSE:5007,无,不适用,L2机械母集；未挂格,"四件套：URL=source_url；检索日=2026-08-28；命中引语=""公司代號 5007""；判定类别=L2机械母集/待人工裁决。原始出表日期=1150827；完整发行人母集不推定PCB主营、中国大陆厂址或物理产能。"
cand:l2-twse-5203,issuer,issuer:TW:5203,issuer:TW:5203,-,-,-,訊連,L2,TWSE OpenAPI 上市公司基本資料（完整母集）,https://openapi.twse.com.tw/v1/opendata/t187ap03_L,2026-08-28,待核,l2:TWSE:5203,无,不适用,L2机械母集；未挂格,"四件套：URL=source_url；检索日=2026-08-28；命中引语=""公司代號 5203""；判定类别=L2机械母集/待人工裁决。原始出表日期=1150827；完整发行人母集不推定PCB主营、中国大陆厂址或物理产能。"
cand:l2-twse-5215,issuer,issuer:TW:5215,issuer:TW:5215,-,-,-,科嘉-KY,L2,TWSE OpenAPI 上市公司基本資料（完整母集）,https://openapi.twse.com.tw/v1/opendata/t187ap03_L,2026-08-28,待核,l2:TWSE:5215,无,不适用,L2机械母集；未挂格,"四件套：URL=source_url；检索日=2026-08-28；命中引语=""公司代號 5215""；判定类别=L2机械母集/待人工裁决。原始出表日期=1150827；完整发行人母集不推定PCB主营、中国大陆厂址或物理产能。"
cand:l2-twse-5222,issuer,issuer:TW:5222,issuer:TW:5222,-,-,-,全訊,L2,TWSE OpenAPI 上市公司基本資料（完整母集）,https://openapi.twse.com.tw/v1/opendata/t187ap03_L,2026-08-28,待核,l2:TWSE:5222,无,不适用,L2机械母集；未挂格,"四件套：URL=source_url；检索日=2026-08-28；命中引语=""公司代號 5222""；判定类别=L2机械母集/待人工裁决。原始出表日期=1150827；完整发行人母集不推定PCB主营、中国大陆厂址或物理产能。"
cand:l2-twse-5225,issuer,issuer:TW:5225,issuer:TW:5225,-,-,-,東科-KY,L2,TWSE OpenAPI 上市公司基本資料（完整母集）,https://openapi.twse.com.tw/v1/opendata/t187ap03_L,2026-08-28,待核,l2:TWSE:5225,无,不适用,L2机械母集；未挂格,"四件套：URL=source_url；检索日=2026-08-28；命中引语=""公司代號 5225""；判定类别=L2机械母集/待人工裁决。原始出表日期=1150827；完整发行人母集不推定PCB主营、中国大陆厂址或物理产能。"
cand:l2-twse-5234,issuer,issuer:TW:5234,issuer:TW:5234,-,-,-,達興材料,L2,TWSE OpenAPI 上市公司基本資料（完整母集）,https://openapi.twse.com.tw/v1/opendata/t187ap03_L,2026-08-28,待核,l2:TWSE:5234,无,不适用,L2机械母集；未挂格,"四件套：URL=source_url；检索日=2026-08-28；命中引语=""公司代號 5234""；判定类别=L2机械母集/待人工裁决。原始出表日期=1150827；完整发行人母集不推定PCB主营、中国大陆厂址或物理产能。"
cand:l2-twse-5236,issuer,issuer:TW:5236,issuer:TW:5236,-,-,-,凌陽創新,L2,TWSE OpenAPI 上市公司基本資料（完整母集）,https://openapi.twse.com.tw/v1/opendata/t187ap03_L,2026-08-28,待核,l2:TWSE:5236,无,不适用,L2机械母集；未挂格,"四件套：URL=source_url；检索日=2026-08-28；命中引语=""公司代號 5236""；判定类别=L2机械母集/待人工裁决。原始出表日期=1150827；完整发行人母集不推定PCB主营、中国大陆厂址或物理产能。"
cand:l2-twse-5243,issuer,issuer:TW:5243,issuer:TW:5243,-,-,-,乙盛-KY,L2,TWSE OpenAPI 上市公司基本資料（完整母集）,https://openapi.twse.com.tw/v1/opendata/t187ap03_L,2026-08-28,待核,l2:TWSE:5243,无,不适用,L2机械母集；未挂格,"四件套：URL=source_url；检索日=2026-08-28；命中引语=""公司代號 5243""；判定类别=L2机械母集/待人工裁决。原始出表日期=1150827；完整发行人母集不推定PCB主营、中国大陆厂址或物理产能。"
cand:l2-twse-5244,issuer,issuer:TW:5244,issuer:TW:5244,-,-,-,弘凱,L2,TWSE OpenAPI 上市公司基本資料（完整母集）,https://openapi.twse.com.tw/v1/opendata/t187ap03_L,2026-08-28,待核,l2:TWSE:5244,无,不适用,L2机械母集；未挂格,"四件套：URL=source_url；检索日=2026-08-28；命中引语=""公司代號 5244""；判定类别=L2机械母集/待人工裁决。原始出表日期=1150827；完整发行人母集不推定PCB主营、中国大陆厂址或物理产能。"
cand:l2-twse-5258,issuer,issuer:TW:5258,issuer:TW:5258,-,-,-,虹堡,L2,TWSE OpenAPI 上市公司基本資料（完整母集）,https://openapi.twse.com.tw/v1/opendata/t187ap03_L,2026-08-28,待核,l2:TWSE:5258,无,不适用,L2机械母集；未挂格,"四件套：URL=source_url；检索日=2026-08-28；命中引语=""公司代號 5258""；判定类别=L2机械母集/待人工裁决。原始出表日期=1150827；完整发行人母集不推定PCB主营、中国大陆厂址或物理产能。"
cand:l2-twse-5269,issuer,issuer:TW:5269,issuer:TW:5269,-,-,-,祥碩,L2,TWSE OpenAPI 上市公司基本資料（完整母集）,https://openapi.twse.com.tw/v1/opendata/t187ap03_L,2026-08-28,待核,l2:TWSE:5269,无,不适用,L2机械母集；未挂格,"四件套：URL=source_url；检索日=2026-08-28；命中引语=""公司代號 5269""；判定类别=L2机械母集/待人工裁决。原始出表日期=1150827；完整发行人母集不推定PCB主营、中国大陆厂址或物理产能。"
cand:l2-twse-5283,issuer,issuer:TW:5283,issuer:TW:5283,-,-,-,禾聯碩,L2,TWSE OpenAPI 上市公司基本資料（完整母集）,https://openapi.twse.com.tw/v1/opendata/t187ap03_L,2026-08-28,待核,l2:TWSE:5283,无,不适用,L2机械母集；未挂格,"四件套：URL=source_url；检索日=2026-08-28；命中引语=""公司代號 5283""；判定类别=L2机械母集/待人工裁决。原始出表日期=1150827；完整发行人母集不推定PCB主营、中国大陆厂址或物理产能。"
cand:l2-twse-5284,issuer,issuer:TW:5284,issuer:TW:5284,-,-,-,jpp-KY,L2,TWSE OpenAPI 上市公司基本資料（完整母集）,https://openapi.twse.com.tw/v1/opendata/t187ap03_L,2026-08-28,待核,l2:TWSE:5284,无,不适用,L2机械母集；未挂格,"四件套：URL=source_url；检索日=2026-08-28；命中引语=""公司代號 5284""；判定类别=L2机械母集/待人工裁决。原始出表日期=1150827；完整发行人母集不推定PCB主营、中国大陆厂址或物理产能。"
cand:l2-twse-5285,issuer,issuer:TW:5285,issuer:TW:5285,-,-,-,界霖,L2,TWSE OpenAPI 上市公司基本資料（完整母集）,https://openapi.twse.com.tw/v1/opendata/t187ap03_L,2026-08-28,待核,l2:TWSE:5285,无,不适用,L2机械母集；未挂格,"四件套：URL=source_url；检索日=2026-08-28；命中引语=""公司代號 5285""；判定类别=L2机械母集/待人工裁决。原始出表日期=1150827；完整发行人母集不推定PCB主营、中国大陆厂址或物理产能。"
cand:l2-twse-5288,issuer,issuer:TW:5288,issuer:TW:5288,-,-,-,豐祥-KY,L2,TWSE OpenAPI 上市公司基本資料（完整母集）,https://openapi.twse.com.tw/v1/opendata/t187ap03_L,2026-08-28,待核,l2:TWSE:5288,无,不适用,L2机械母集；未挂格,"四件套：URL=source_url；检索日=2026-08-28；命中引语=""公司代號 5288""；判定类别=L2机械母集/待人工裁决。原始出表日期=1150827；完整发行人母集不推定PCB主营、中国大陆厂址或物理产能。"
cand:l2-twse-5292,issuer,issuer:TW:5292,issuer:TW:5292,-,-,-,華懋,L2,TWSE OpenAPI 上市公司基本資料（完整母集）,https://openapi.twse.com.tw/v1/opendata/t187ap03_L,2026-08-28,待核,l2:TWSE:5292,无,不适用,L2机械母集；未挂格,"四件套：URL=source_url；检索日=2026-08-28；命中引语=""公司代號 5292""；判定类别=L2机械母集/待人工裁决。原始出表日期=1150827；完整发行人母集不推定PCB主营、中国大陆厂址或物理产能。"
cand:l2-twse-5306,issuer,issuer:TW:5306,issuer:TW:5306,-,-,-,桂盟,L2,TWSE OpenAPI 上市公司基本資料（完整母集）,https://openapi.twse.com.tw/v1/opendata/t187ap03_L,2026-08-28,待核,l2:TWSE:5306,无,不适用,L2机械母集；未挂格,"四件套：URL=source_url；检索日=2026-08-28；命中引语=""公司代號 5306""；判定类别=L2机械母集/待人工裁决。原始出表日期=1150827；完整发行人母集不推定PCB主营、中国大陆厂址或物理产能。"
cand:l2-twse-5388,issuer,issuer:TW:5388,issuer:TW:5388,-,-,-,中磊,L2,TWSE OpenAPI 上市公司基本資料（完整母集）,https://openapi.twse.com.tw/v1/opendata/t187ap03_L,2026-08-28,待核,l2:TWSE:5388,无,不适用,L2机械母集；未挂格,"四件套：URL=source_url；检索日=2026-08-28；命中引语=""公司代號 5388""；判定类别=L2机械母集/待人工裁决。原始出表日期=1150827；完整发行人母集不推定PCB主营、中国大陆厂址或物理产能。"
cand:l2-twse-5434,issuer,issuer:TW:5434,issuer:TW:5434,-,-,-,崇越,L2,TWSE OpenAPI 上市公司基本資料（完整母集）,https://openapi.twse.com.tw/v1/opendata/t187ap03_L,2026-08-28,待核,l2:TWSE:5434,无,不适用,L2机械母集；未挂格,"四件套：URL=source_url；检索日=2026-08-28；命中引语=""公司代號 5434""；判定类别=L2机械母集/待人工裁决。原始出表日期=1150827；完整发行人母集不推定PCB主营、中国大陆厂址或物理产能。"
cand:l2-twse-5469,issuer,issuer:TW:5469,issuer:TW:5469,-,-,-,瀚宇博,L2,TWSE OpenAPI 上市公司基本資料（完整母集）,https://openapi.twse.com.tw/v1/opendata/t187ap03_L,2026-08-28,待核,l2:TWSE:5469,无,不适用,L2机械母集；未挂格,"四件套：URL=source_url；检索日=2026-08-28；命中引语=""公司代號 5469""；判定类别=L2机械母集/待人工裁决。原始出表日期=1150827；完整发行人母集不推定PCB主营、中国大陆厂址或物理产能。"
cand:l2-twse-5471,issuer,issuer:TW:5471,issuer:TW:5471,-,-,-,松翰,L2,TWSE OpenAPI 上市公司基本資料（完整母集）,https://openapi.twse.com.tw/v1/opendata/t187ap03_L,2026-08-28,待核,l2:TWSE:5471,无,不适用,L2机械母集；未挂格,"四件套：URL=source_url；检索日=2026-08-28；命中引语=""公司代號 5471""；判定类别=L2机械母集/待人工裁决。原始出表日期=1150827；完整发行人母集不推定PCB主营、中国大陆厂址或物理产能。"
cand:l2-twse-5484,issuer,issuer:TW:5484,issuer:TW:5484,-,-,-,慧友,L2,TWSE OpenAPI 上市公司基本資料（完整母集）,https://openapi.twse.com.tw/v1/opendata/t187ap03_L,2026-08-28,待核,l2:TWSE:5484,无,不适用,L2机械母集；未挂格,"四件套：URL=source_url；检索日=2026-08-28；命中引语=""公司代號 5484""；判定类别=L2机械母集/待人工裁决。原始出表日期=1150827；完整发行人母集不推定PCB主营、中国大陆厂址或物理产能。"
cand:l2-twse-5515,issuer,issuer:TW:5515,issuer:TW:5515,-,-,-,建國,L2,TWSE OpenAPI 上市公司基本資料（完整母集）,https://openapi.twse.com.tw/v1/opendata/t187ap03_L,2026-08-28,待核,l2:TWSE:5515,无,不适用,L2机械母集；未挂格,"四件套：URL=source_url；检索日=2026-08-28；命中引语=""公司代號 5515""；判定类别=L2机械母集/待人工裁决。原始出表日期=1150827；完整发行人母集不推定PCB主营、中国大陆厂址或物理产能。"
cand:l2-twse-5519,issuer,issuer:TW:5519,issuer:TW:5519,-,-,-,隆大,L2,TWSE OpenAPI 上市公司基本資料（完整母集）,https://openapi.twse.com.tw/v1/opendata/t187ap03_L,2026-08-28,待核,l2:TWSE:5519,无,不适用,L2机械母集；未挂格,"四件套：URL=source_url；检索日=2026-08-28；命中引语=""公司代號 5519""；判定类别=L2机械母集/待人工裁决。原始出表日期=1150827；完整发行人母集不推定PCB主营、中国大陆厂址或物理产能。"
cand:l2-twse-5521,issuer,issuer:TW:5521,issuer:TW:5521,-,-,-,工信,L2,TWSE OpenAPI 上市公司基本資料（完整母集）,https://openapi.twse.com.tw/v1/opendata/t187ap03_L,2026-08-28,待核,l2:TWSE:5521,无,不适用,L2机械母集；未挂格,"四件套：URL=source_url；检索日=2026-08-28；命中引语=""公司代號 5521""；判定类别=L2机械母集/待人工裁决。原始出表日期=1150827；完整发行人母集不推定PCB主营、中国大陆厂址或物理产能。"
cand:l2-twse-5522,issuer,issuer:TW:5522,issuer:TW:5522,-,-,-,遠雄,L2,TWSE OpenAPI 上市公司基本資料（完整母集）,https://openapi.twse.com.tw/v1/opendata/t187ap03_L,2026-08-28,待核,l2:TWSE:5522,无,不适用,L2机械母集；未挂格,"四件套：URL=source_url；检索日=2026-08-28；命中引语=""公司代號 5522""；判定类别=L2机械母集/待人工裁决。原始出表日期=1150827；完整发行人母集不推定PCB主营、中国大陆厂址或物理产能。"
cand:l2-twse-5525,issuer,issuer:TW:5525,issuer:TW:5525,-,-,-,順天,L2,TWSE OpenAPI 上市公司基本資料（完整母集）,https://openapi.twse.com.tw/v1/opendata/t187ap03_L,2026-08-28,待核,l2:TWSE:5525,无,不适用,L2机械母集；未挂格,"四件套：URL=source_url；检索日=2026-08-28；命中引语=""公司代號 5525""；判定类别=L2机械母集/待人工裁决。原始出表日期=1150827；完整发行人母集不推定PCB主营、中国大陆厂址或物理产能。"
cand:l2-twse-5531,issuer,issuer:TW:5531,issuer:TW:5531,-,-,-,鄉林,L2,TWSE OpenAPI 上市公司基本資料（完整母集）,https://openapi.twse.com.tw/v1/opendata/t187ap03_L,2026-08-28,待核,l2:TWSE:5531,无,不适用,L2机械母集；未挂格,"四件套：URL=source_url；检索日=2026-08-28；命中引语=""公司代號 5531""；判定类别=L2机械母集/待人工裁决。原始出表日期=1150827；完整发行人母集不推定PCB主营、中国大陆厂址或物理产能。"
cand:l2-twse-5533,issuer,issuer:TW:5533,issuer:TW:5533,-,-,-,皇鼎,L2,TWSE OpenAPI 上市公司基本資料（完整母集）,https://openapi.twse.com.tw/v1/opendata/t187ap03_L,2026-08-28,待核,l2:TWSE:5533,无,不适用,L2机械母集；未挂格,"四件套：URL=source_url；检索日=2026-08-28；命中引语=""公司代號 5533""；判定类别=L2机械母集/待人工裁决。原始出表日期=1150827；完整发行人母集不推定PCB主营、中国大陆厂址或物理产能。"
cand:l2-twse-5534,issuer,issuer:TW:5534,issuer:TW:5534,-,-,-,長虹,L2,TWSE OpenAPI 上市公司基本資料（完整母集）,https://openapi.twse.com.tw/v1/opendata/t187ap03_L,2026-08-28,待核,l2:TWSE:5534,无,不适用,L2机械母集；未挂格,"四件套：URL=source_url；检索日=2026-08-28；命中引语=""公司代號 5534""；判定类别=L2机械母集/待人工裁决。原始出表日期=1150827；完整发行人母集不推定PCB主营、中国大陆厂址或物理产能。"
cand:l2-twse-5538,issuer,issuer:TW:5538,issuer:TW:5538,-,-,-,東明-KY,L2,TWSE OpenAPI 上市公司基本資料（完整母集）,https://openapi.twse.com.tw/v1/opendata/t187ap03_L,2026-08-28,待核,l2:TWSE:5538,无,不适用,L2机械母集；未挂格,"四件套：URL=source_url；检索日=2026-08-28；命中引语=""公司代號 5538""；判定类别=L2机械母集/待人工裁决。原始出表日期=1150827；完整发行人母集不推定PCB主营、中国大陆厂址或物理产能。"
cand:l2-twse-5546,issuer,issuer:TW:5546,issuer:TW:5546,-,-,-,永固-KY,L2,TWSE OpenAPI 上市公司基本資料（完整母集）,https://openapi.twse.com.tw/v1/opendata/t187ap03_L,2026-08-28,待核,l2:TWSE:5546,无,不适用,L2机械母集；未挂格,"四件套：URL=source_url；检索日=2026-08-28；命中引语=""公司代號 5546""；判定类别=L2机械母集/待人工裁决。原始出表日期=1150827；完整发行人母集不推定PCB主营、中国大陆厂址或物理产能。"
cand:l2-twse-5607,issuer,issuer:TW:5607,issuer:TW:5607,-,-,-,遠雄港,L2,TWSE OpenAPI 上市公司基本資料（完整母集）,https://openapi.twse.com.tw/v1/opendata/t187ap03_L,2026-08-28,待核,l2:TWSE:5607,无,不适用,L2机械母集；未挂格,"四件套：URL=source_url；检索日=2026-08-28；命中引语=""公司代號 5607""；判定类别=L2机械母集/待人工裁决。原始出表日期=1150827；完整发行人母集不推定PCB主营、中国大陆厂址或物理产能。"
cand:l2-twse-5608,issuer,issuer:TW:5608,issuer:TW:5608,-,-,-,四維航,L2,TWSE OpenAPI 上市公司基本資料（完整母集）,https://openapi.twse.com.tw/v1/opendata/t187ap03_L,2026-08-28,待核,l2:TWSE:5608,无,不适用,L2机械母集；未挂格,"四件套：URL=source_url；检索日=2026-08-28；命中引语=""公司代號 5608""；判定类别=L2机械母集/待人工裁决。原始出表日期=1150827；完整发行人母集不推定PCB主营、中国大陆厂址或物理产能。"
cand:l2-twse-5706,issuer,issuer:TW:5706,issuer:TW:5706,-,-,-,鳳凰,L2,TWSE OpenAPI 上市公司基本資料（完整母集）,https://openapi.twse.com.tw/v1/opendata/t187ap03_L,2026-08-28,待核,l2:TWSE:5706,无,不适用,L2机械母集；未挂格,"四件套：URL=source_url；检索日=2026-08-28；命中引语=""公司代號 5706""；判定类别=L2机械母集/待人工裁决。原始出表日期=1150827；完整发行人母集不推定PCB主营、中国大陆厂址或物理产能。"
cand:l2-twse-5871,issuer,issuer:TW:5871,issuer:TW:5871,-,-,-,中租-KY,L2,TWSE OpenAPI 上市公司基本資料（完整母集）,https://openapi.twse.com.tw/v1/opendata/t187ap03_L,2026-08-28,待核,l2:TWSE:5871,无,不适用,L2机械母集；未挂格,"四件套：URL=source_url；检索日=2026-08-28；命中引语=""公司代號 5871""；判定类别=L2机械母集/待人工裁决。原始出表日期=1150827；完整发行人母集不推定PCB主营、中国大陆厂址或物理产能。"
cand:l2-twse-5876,issuer,issuer:TW:5876,issuer:TW:5876,-,-,-,上海商銀,L2,TWSE OpenAPI 上市公司基本資料（完整母集）,https://openapi.twse.com.tw/v1/opendata/t187ap03_L,2026-08-28,待核,l2:TWSE:5876,无,不适用,L2机械母集；未挂格,"四件套：URL=source_url；检索日=2026-08-28；命中引语=""公司代號 5876""；判定类别=L2机械母集/待人工裁决。原始出表日期=1150827；完整发行人母集不推定PCB主营、中国大陆厂址或物理产能。"
cand:l2-twse-5880,issuer,issuer:TW:5880,issuer:TW:5880,-,-,-,合庫金,L2,TWSE OpenAPI 上市公司基本資料（完整母集）,https://openapi.twse.com.tw/v1/opendata/t187ap03_L,2026-08-28,待核,l2:TWSE:5880,无,不适用,L2机械母集；未挂格,"四件套：URL=source_url；检索日=2026-08-28；命中引语=""公司代號 5880""；判定类别=L2机械母集/待人工裁决。原始出表日期=1150827；完整发行人母集不推定PCB主营、中国大陆厂址或物理产能。"
cand:l2-twse-5906,issuer,issuer:TW:5906,issuer:TW:5906,-,-,-,台南-KY,L2,TWSE OpenAPI 上市公司基本資料（完整母集）,https://openapi.twse.com.tw/v1/opendata/t187ap03_L,2026-08-28,待核,l2:TWSE:5906,无,不适用,L2机械母集；未挂格,"四件套：URL=source_url；检索日=2026-08-28；命中引语=""公司代號 5906""；判定类别=L2机械母集/待人工裁决。原始出表日期=1150827；完整发行人母集不推定PCB主营、中国大陆厂址或物理产能。"
cand:l2-twse-5907,issuer,issuer:TW:5907,issuer:TW:5907,-,-,-,大洋-KY,L2,TWSE OpenAPI 上市公司基本資料（完整母集）,https://openapi.twse.com.tw/v1/opendata/t187ap03_L,2026-08-28,待核,l2:TWSE:5907,无,不适用,L2机械母集；未挂格,"四件套：URL=source_url；检索日=2026-08-28；命中引语=""公司代號 5907""；判定类别=L2机械母集/待人工裁决。原始出表日期=1150827；完整发行人母集不推定PCB主营、中国大陆厂址或物理产能。"
cand:l2-twse-6005,issuer,issuer:TW:6005,issuer:TW:6005,-,-,-,群益證,L2,TWSE OpenAPI 上市公司基本資料（完整母集）,https://openapi.twse.com.tw/v1/opendata/t187ap03_L,2026-08-28,待核,l2:TWSE:6005,无,不适用,L2机械母集；未挂格,"四件套：URL=source_url；检索日=2026-08-28；命中引语=""公司代號 6005""；判定类别=L2机械母集/待人工裁决。原始出表日期=1150827；完整发行人母集不推定PCB主营、中国大陆厂址或物理产能。"
cand:l2-twse-6024,issuer,issuer:TW:6024,issuer:TW:6024,-,-,-,群益期,L2,TWSE OpenAPI 上市公司基本資料（完整母集）,https://openapi.twse.com.tw/v1/opendata/t187ap03_L,2026-08-28,待核,l2:TWSE:6024,无,不适用,L2机械母集；未挂格,"四件套：URL=source_url；检索日=2026-08-28；命中引语=""公司代號 6024""；判定类别=L2机械母集/待人工裁决。原始出表日期=1150827；完整发行人母集不推定PCB主营、中国大陆厂址或物理产能。"
cand:l2-twse-6108,issuer,issuer:TW:6108,issuer:TW:6108,-,-,-,競國,L2,TWSE OpenAPI 上市公司基本資料（完整母集）,https://openapi.twse.com.tw/v1/opendata/t187ap03_L,2026-08-28,待核,l2:TWSE:6108,无,不适用,L2机械母集；未挂格,"四件套：URL=source_url；检索日=2026-08-28；命中引语=""公司代號 6108""；判定类别=L2机械母集/待人工裁决。原始出表日期=1150827；完整发行人母集不推定PCB主营、中国大陆厂址或物理产能。"
cand:l2-twse-6112,issuer,issuer:TW:6112,issuer:TW:6112,-,-,-,邁達特,L2,TWSE OpenAPI 上市公司基本資料（完整母集）,https://openapi.twse.com.tw/v1/opendata/t187ap03_L,2026-08-28,待核,l2:TWSE:6112,无,不适用,L2机械母集；未挂格,"四件套：URL=source_url；检索日=2026-08-28；命中引语=""公司代號 6112""；判定类别=L2机械母集/待人工裁决。原始出表日期=1150827；完整发行人母集不推定PCB主营、中国大陆厂址或物理产能。"
cand:l2-twse-6115,issuer,issuer:TW:6115,issuer:TW:6115,-,-,-,鎰勝,L2,TWSE OpenAPI 上市公司基本資料（完整母集）,https://openapi.twse.com.tw/v1/opendata/t187ap03_L,2026-08-28,待核,l2:TWSE:6115,无,不适用,L2机械母集；未挂格,"四件套：URL=source_url；检索日=2026-08-28；命中引语=""公司代號 6115""；判定类别=L2机械母集/待人工裁决。原始出表日期=1150827；完整发行人母集不推定PCB主营、中国大陆厂址或物理产能。"
cand:l2-twse-6116,issuer,issuer:TW:6116,issuer:TW:6116,-,-,-,彩晶,L2,TWSE OpenAPI 上市公司基本資料（完整母集）,https://openapi.twse.com.tw/v1/opendata/t187ap03_L,2026-08-28,待核,l2:TWSE:6116,无,不适用,L2机械母集；未挂格,"四件套：URL=source_url；检索日=2026-08-28；命中引语=""公司代號 6116""；判定类别=L2机械母集/待人工裁决。原始出表日期=1150827；完整发行人母集不推定PCB主营、中国大陆厂址或物理产能。"
cand:l2-twse-6117,issuer,issuer:TW:6117,issuer:TW:6117,-,-,-,迎廣,L2,TWSE OpenAPI 上市公司基本資料（完整母集）,https://openapi.twse.com.tw/v1/opendata/t187ap03_L,2026-08-28,待核,l2:TWSE:6117,无,不适用,L2机械母集；未挂格,"四件套：URL=source_url；检索日=2026-08-28；命中引语=""公司代號 6117""；判定类别=L2机械母集/待人工裁决。原始出表日期=1150827；完整发行人母集不推定PCB主营、中国大陆厂址或物理产能。"
cand:l2-twse-6120,issuer,issuer:TW:6120,issuer:TW:6120,-,-,-,達運,L2,TWSE OpenAPI 上市公司基本資料（完整母集）,https://openapi.twse.com.tw/v1/opendata/t187ap03_L,2026-08-28,待核,l2:TWSE:6120,无,不适用,L2机械母集；未挂格,"四件套：URL=source_url；检索日=2026-08-28；命中引语=""公司代號 6120""；判定类别=L2机械母集/待人工裁决。原始出表日期=1150827；完整发行人母集不推定PCB主营、中国大陆厂址或物理产能。"
cand:l2-twse-6128,issuer,issuer:TW:6128,issuer:TW:6128,-,-,-,上福,L2,TWSE OpenAPI 上市公司基本資料（完整母集）,https://openapi.twse.com.tw/v1/opendata/t187ap03_L,2026-08-28,待核,l2:TWSE:6128,无,不适用,L2机械母集；未挂格,"四件套：URL=source_url；检索日=2026-08-28；命中引语=""公司代號 6128""；判定类别=L2机械母集/待人工裁决。原始出表日期=1150827；完整发行人母集不推定PCB主营、中国大陆厂址或物理产能。"
cand:l2-twse-6133,issuer,issuer:TW:6133,issuer:TW:6133,-,-,-,金橋,L2,TWSE OpenAPI 上市公司基本資料（完整母集）,https://openapi.twse.com.tw/v1/opendata/t187ap03_L,2026-08-28,待核,l2:TWSE:6133,无,不适用,L2机械母集；未挂格,"四件套：URL=source_url；检索日=2026-08-28；命中引语=""公司代號 6133""；判定类别=L2机械母集/待人工裁决。原始出表日期=1150827；完整发行人母集不推定PCB主营、中国大陆厂址或物理产能。"
cand:l2-twse-6136,issuer,issuer:TW:6136,issuer:TW:6136,-,-,-,富爾特,L2,TWSE OpenAPI 上市公司基本資料（完整母集）,https://openapi.twse.com.tw/v1/opendata/t187ap03_L,2026-08-28,待核,l2:TWSE:6136,无,不适用,L2机械母集；未挂格,"四件套：URL=source_url；检索日=2026-08-28；命中引语=""公司代號 6136""；判定类别=L2机械母集/待人工裁决。原始出表日期=1150827；完整发行人母集不推定PCB主营、中国大陆厂址或物理产能。"
cand:l2-twse-6139,issuer,issuer:TW:6139,issuer:TW:6139,-,-,-,亞翔,L2,TWSE OpenAPI 上市公司基本資料（完整母集）,https://openapi.twse.com.tw/v1/opendata/t187ap03_L,2026-08-28,待核,l2:TWSE:6139,无,不适用,L2机械母集；未挂格,"四件套：URL=source_url；检索日=2026-08-28；命中引语=""公司代號 6139""；判定类别=L2机械母集/待人工裁决。原始出表日期=1150827；完整发行人母集不推定PCB主营、中国大陆厂址或物理产能。"
cand:l2-twse-6141,issuer,issuer:TW:6141,issuer:TW:6141,-,-,-,柏承,L2,TWSE OpenAPI 上市公司基本資料（完整母集）,https://openapi.twse.com.tw/v1/opendata/t187ap03_L,2026-08-28,待核,l2:TWSE:6141,无,不适用,L2机械母集；未挂格,"四件套：URL=source_url；检索日=2026-08-28；命中引语=""公司代號 6141""；判定类别=L2机械母集/待人工裁决。原始出表日期=1150827；完整发行人母集不推定PCB主营、中国大陆厂址或物理产能。"
cand:l2-twse-6142,issuer,issuer:TW:6142,issuer:TW:6142,-,-,-,友勁,L2,TWSE OpenAPI 上市公司基本資料（完整母集）,https://openapi.twse.com.tw/v1/opendata/t187ap03_L,2026-08-28,待核,l2:TWSE:6142,无,不适用,L2机械母集；未挂格,"四件套：URL=source_url；检索日=2026-08-28；命中引语=""公司代號 6142""；判定类别=L2机械母集/待人工裁决。原始出表日期=1150827；完整发行人母集不推定PCB主营、中国大陆厂址或物理产能。"
cand:l2-twse-6152,issuer,issuer:TW:6152,issuer:TW:6152,-,-,-,百一,L2,TWSE OpenAPI 上市公司基本資料（完整母集）,https://openapi.twse.com.tw/v1/opendata/t187ap03_L,2026-08-28,待核,l2:TWSE:6152,无,不适用,L2机械母集；未挂格,"四件套：URL=source_url；检索日=2026-08-28；命中引语=""公司代號 6152""；判定类别=L2机械母集/待人工裁决。原始出表日期=1150827；完整发行人母集不推定PCB主营、中国大陆厂址或物理产能。"
cand:l2-twse-6153,issuer,issuer:TW:6153,issuer:TW:6153,-,-,-,嘉聯益,L2,TWSE OpenAPI 上市公司基本資料（完整母集）,https://openapi.twse.com.tw/v1/opendata/t187ap03_L,2026-08-28,待核,l2:TWSE:6153,无,不适用,L2机械母集；未挂格,"四件套：URL=source_url；检索日=2026-08-28；命中引语=""公司代號 6153""；判定类别=L2机械母集/待人工裁决。原始出表日期=1150827；完整发行人母集不推定PCB主营、中国大陆厂址或物理产能。"
cand:l2-twse-6155,issuer,issuer:TW:6155,issuer:TW:6155,-,-,-,鈞寶,L2,TWSE OpenAPI 上市公司基本資料（完整母集）,https://openapi.twse.com.tw/v1/opendata/t187ap03_L,2026-08-28,待核,l2:TWSE:6155,无,不适用,L2机械母集；未挂格,"四件套：URL=source_url；检索日=2026-08-28；命中引语=""公司代號 6155""；判定类别=L2机械母集/待人工裁决。原始出表日期=1150827；完整发行人母集不推定PCB主营、中国大陆厂址或物理产能。"
cand:l2-twse-6164,issuer,issuer:TW:6164,issuer:TW:6164,-,-,-,華興,L2,TWSE OpenAPI 上市公司基本資料（完整母集）,https://openapi.twse.com.tw/v1/opendata/t187ap03_L,2026-08-28,待核,l2:TWSE:6164,无,不适用,L2机械母集；未挂格,"四件套：URL=source_url；检索日=2026-08-28；命中引语=""公司代號 6164""；判定类别=L2机械母集/待人工裁决。原始出表日期=1150827；完整发行人母集不推定PCB主营、中国大陆厂址或物理产能。"
cand:l2-twse-6165,issuer,issuer:TW:6165,issuer:TW:6165,-,-,-,浪凡,L2,TWSE OpenAPI 上市公司基本資料（完整母集）,https://openapi.twse.com.tw/v1/opendata/t187ap03_L,2026-08-28,待核,l2:TWSE:6165,无,不适用,L2机械母集；未挂格,"四件套：URL=source_url；检索日=2026-08-28；命中引语=""公司代號 6165""；判定类别=L2机械母集/待人工裁决。原始出表日期=1150827；完整发行人母集不推定PCB主营、中国大陆厂址或物理产能。"
cand:l2-twse-6166,issuer,issuer:TW:6166,issuer:TW:6166,-,-,-,凌華,L2,TWSE OpenAPI 上市公司基本資料（完整母集）,https://openapi.twse.com.tw/v1/opendata/t187ap03_L,2026-08-28,待核,l2:TWSE:6166,无,不适用,L2机械母集；未挂格,"四件套：URL=source_url；检索日=2026-08-28；命中引语=""公司代號 6166""；判定类别=L2机械母集/待人工裁决。原始出表日期=1150827；完整发行人母集不推定PCB主营、中国大陆厂址或物理产能。"
cand:l2-twse-6168,issuer,issuer:TW:6168,issuer:TW:6168,-,-,-,宏齊,L2,TWSE OpenAPI 上市公司基本資料（完整母集）,https://openapi.twse.com.tw/v1/opendata/t187ap03_L,2026-08-28,待核,l2:TWSE:6168,无,不适用,L2机械母集；未挂格,"四件套：URL=source_url；检索日=2026-08-28；命中引语=""公司代號 6168""；判定类别=L2机械母集/待人工裁决。原始出表日期=1150827；完整发行人母集不推定PCB主营、中国大陆厂址或物理产能。"
cand:l2-twse-6176,issuer,issuer:TW:6176,issuer:TW:6176,-,-,-,瑞儀,L2,TWSE OpenAPI 上市公司基本資料（完整母集）,https://openapi.twse.com.tw/v1/opendata/t187ap03_L,2026-08-28,待核,l2:TWSE:6176,无,不适用,L2机械母集；未挂格,"四件套：URL=source_url；检索日=2026-08-28；命中引语=""公司代號 6176""；判定类别=L2机械母集/待人工裁决。原始出表日期=1150827；完整发行人母集不推定PCB主营、中国大陆厂址或物理产能。"
cand:l2-twse-6177,issuer,issuer:TW:6177,issuer:TW:6177,-,-,-,達麗,L2,TWSE OpenAPI 上市公司基本資料（完整母集）,https://openapi.twse.com.tw/v1/opendata/t187ap03_L,2026-08-28,待核,l2:TWSE:6177,无,不适用,L2机械母集；未挂格,"四件套：URL=source_url；检索日=2026-08-28；命中引语=""公司代號 6177""；判定类别=L2机械母集/待人工裁决。原始出表日期=1150827；完整发行人母集不推定PCB主营、中国大陆厂址或物理产能。"
cand:l2-twse-6183,issuer,issuer:TW:6183,issuer:TW:6183,-,-,-,關貿,L2,TWSE OpenAPI 上市公司基本資料（完整母集）,https://openapi.twse.com.tw/v1/opendata/t187ap03_L,2026-08-28,待核,l2:TWSE:6183,无,不适用,L2机械母集；未挂格,"四件套：URL=source_url；检索日=2026-08-28；命中引语=""公司代號 6183""；判定类别=L2机械母集/待人工裁决。原始出表日期=1150827；完整发行人母集不推定PCB主营、中国大陆厂址或物理产能。"
cand:l2-twse-6184,issuer,issuer:TW:6184,issuer:TW:6184,-,-,-,大豐電,L2,TWSE OpenAPI 上市公司基本資料（完整母集）,https://openapi.twse.com.tw/v1/opendata/t187ap03_L,2026-08-28,待核,l2:TWSE:6184,无,不适用,L2机械母集；未挂格,"四件套：URL=source_url；检索日=2026-08-28；命中引语=""公司代號 6184""；判定类别=L2机械母集/待人工裁决。原始出表日期=1150827；完整发行人母集不推定PCB主营、中国大陆厂址或物理产能。"
cand:l2-twse-6189,issuer,issuer:TW:6189,issuer:TW:6189,-,-,-,豐藝,L2,TWSE OpenAPI 上市公司基本資料（完整母集）,https://openapi.twse.com.tw/v1/opendata/t187ap03_L,2026-08-28,待核,l2:TWSE:6189,无,不适用,L2机械母集；未挂格,"四件套：URL=source_url；检索日=2026-08-28；命中引语=""公司代號 6189""；判定类别=L2机械母集/待人工裁决。原始出表日期=1150827；完整发行人母集不推定PCB主营、中国大陆厂址或物理产能。"
cand:l2-twse-6191,issuer,issuer:TW:6191,issuer:TW:6191,-,-,-,精成科,L2,TWSE OpenAPI 上市公司基本資料（完整母集）,https://openapi.twse.com.tw/v1/opendata/t187ap03_L,2026-08-28,待核,l2:TWSE:6191,无,不适用,L2机械母集；未挂格,"四件套：URL=source_url；检索日=2026-08-28；命中引语=""公司代號 6191""；判定类别=L2机械母集/待人工裁决。原始出表日期=1150827；完整发行人母集不推定PCB主营、中国大陆厂址或物理产能。"
cand:l2-twse-6192,issuer,issuer:TW:6192,issuer:TW:6192,-,-,-,巨路,L2,TWSE OpenAPI 上市公司基本資料（完整母集）,https://openapi.twse.com.tw/v1/opendata/t187ap03_L,2026-08-28,待核,l2:TWSE:6192,无,不适用,L2机械母集；未挂格,"四件套：URL=source_url；检索日=2026-08-28；命中引语=""公司代號 6192""；判定类别=L2机械母集/待人工裁决。原始出表日期=1150827；完整发行人母集不推定PCB主营、中国大陆厂址或物理产能。"
cand:l2-twse-6196,issuer,issuer:TW:6196,issuer:TW:6196,-,-,-,帆宣,L2,TWSE OpenAPI 上市公司基本資料（完整母集）,https://openapi.twse.com.tw/v1/opendata/t187ap03_L,2026-08-28,待核,l2:TWSE:6196,无,不适用,L2机械母集；未挂格,"四件套：URL=source_url；检索日=2026-08-28；命中引语=""公司代號 6196""；判定类别=L2机械母集/待人工裁决。原始出表日期=1150827；完整发行人母集不推定PCB主营、中国大陆厂址或物理产能。"
cand:l2-twse-6197,issuer,issuer:TW:6197,issuer:TW:6197,-,-,-,佳必琪,L2,TWSE OpenAPI 上市公司基本資料（完整母集）,https://openapi.twse.com.tw/v1/opendata/t187ap03_L,2026-08-28,待核,l2:TWSE:6197,无,不适用,L2机械母集；未挂格,"四件套：URL=source_url；检索日=2026-08-28；命中引语=""公司代號 6197""；判定类别=L2机械母集/待人工裁决。原始出表日期=1150827；完整发行人母集不推定PCB主营、中国大陆厂址或物理产能。"
cand:l2-twse-6201,issuer,issuer:TW:6201,issuer:TW:6201,-,-,-,亞弘電,L2,TWSE OpenAPI 上市公司基本資料（完整母集）,https://openapi.twse.com.tw/v1/opendata/t187ap03_L,2026-08-28,待核,l2:TWSE:6201,无,不适用,L2机械母集；未挂格,"四件套：URL=source_url；检索日=2026-08-28；命中引语=""公司代號 6201""；判定类别=L2机械母集/待人工裁决。原始出表日期=1150827；完整发行人母集不推定PCB主营、中国大陆厂址或物理产能。"
cand:l2-twse-6202,issuer,issuer:TW:6202,issuer:TW:6202,-,-,-,盛群,L2,TWSE OpenAPI 上市公司基本資料（完整母集）,https://openapi.twse.com.tw/v1/opendata/t187ap03_L,2026-08-28,待核,l2:TWSE:6202,无,不适用,L2机械母集；未挂格,"四件套：URL=source_url；检索日=2026-08-28；命中引语=""公司代號 6202""；判定类别=L2机械母集/待人工裁决。原始出表日期=1150827；完整发行人母集不推定PCB主营、中国大陆厂址或物理产能。"
cand:l2-twse-6205,issuer,issuer:TW:6205,issuer:TW:6205,-,-,-,詮欣,L2,TWSE OpenAPI 上市公司基本資料（完整母集）,https://openapi.twse.com.tw/v1/opendata/t187ap03_L,2026-08-28,待核,l2:TWSE:6205,无,不适用,L2机械母集；未挂格,"四件套：URL=source_url；检索日=2026-08-28；命中引语=""公司代號 6205""；判定类别=L2机械母集/待人工裁决。原始出表日期=1150827；完整发行人母集不推定PCB主营、中国大陆厂址或物理产能。"
cand:l2-twse-6206,issuer,issuer:TW:6206,issuer:TW:6206,-,-,-,飛捷,L2,TWSE OpenAPI 上市公司基本資料（完整母集）,https://openapi.twse.com.tw/v1/opendata/t187ap03_L,2026-08-28,待核,l2:TWSE:6206,无,不适用,L2机械母集；未挂格,"四件套：URL=source_url；检索日=2026-08-28；命中引语=""公司代號 6206""；判定类别=L2机械母集/待人工裁决。原始出表日期=1150827；完整发行人母集不推定PCB主营、中国大陆厂址或物理产能。"
cand:l2-twse-6209,issuer,issuer:TW:6209,issuer:TW:6209,-,-,-,今國光,L2,TWSE OpenAPI 上市公司基本資料（完整母集）,https://openapi.twse.com.tw/v1/opendata/t187ap03_L,2026-08-28,待核,l2:TWSE:6209,无,不适用,L2机械母集；未挂格,"四件套：URL=source_url；检索日=2026-08-28；命中引语=""公司代號 6209""；判定类别=L2机械母集/待人工裁决。原始出表日期=1150827；完整发行人母集不推定PCB主营、中国大陆厂址或物理产能。"
cand:l2-twse-6213,issuer,issuer:TW:6213,issuer:TW:6213,-,-,-,聯茂,L2,TWSE OpenAPI 上市公司基本資料（完整母集）,https://openapi.twse.com.tw/v1/opendata/t187ap03_L,2026-08-28,待核,l2:TWSE:6213,无,不适用,L2机械母集；未挂格,"四件套：URL=source_url；检索日=2026-08-28；命中引语=""公司代號 6213""；判定类别=L2机械母集/待人工裁决。原始出表日期=1150827；完整发行人母集不推定PCB主营、中国大陆厂址或物理产能。"
cand:l2-twse-6214,issuer,issuer:TW:6214,issuer:TW:6214,-,-,-,精誠,L2,TWSE OpenAPI 上市公司基本資料（完整母集）,https://openapi.twse.com.tw/v1/opendata/t187ap03_L,2026-08-28,待核,l2:TWSE:6214,无,不适用,L2机械母集；未挂格,"四件套：URL=source_url；检索日=2026-08-28；命中引语=""公司代號 6214""；判定类别=L2机械母集/待人工裁决。原始出表日期=1150827；完整发行人母集不推定PCB主营、中国大陆厂址或物理产能。"
cand:l2-twse-6215,issuer,issuer:TW:6215,issuer:TW:6215,-,-,-,和椿,L2,TWSE OpenAPI 上市公司基本資料（完整母集）,https://openapi.twse.com.tw/v1/opendata/t187ap03_L,2026-08-28,待核,l2:TWSE:6215,无,不适用,L2机械母集；未挂格,"四件套：URL=source_url；检索日=2026-08-28；命中引语=""公司代號 6215""；判定类别=L2机械母集/待人工裁决。原始出表日期=1150827；完整发行人母集不推定PCB主营、中国大陆厂址或物理产能。"
cand:l2-twse-6216,issuer,issuer:TW:6216,issuer:TW:6216,-,-,-,居易,L2,TWSE OpenAPI 上市公司基本資料（完整母集）,https://openapi.twse.com.tw/v1/opendata/t187ap03_L,2026-08-28,待核,l2:TWSE:6216,无,不适用,L2机械母集；未挂格,"四件套：URL=source_url；检索日=2026-08-28；命中引语=""公司代號 6216""；判定类别=L2机械母集/待人工裁决。原始出表日期=1150827；完整发行人母集不推定PCB主营、中国大陆厂址或物理产能。"
cand:l2-twse-6224,issuer,issuer:TW:6224,issuer:TW:6224,-,-,-,聚鼎,L2,TWSE OpenAPI 上市公司基本資料（完整母集）,https://openapi.twse.com.tw/v1/opendata/t187ap03_L,2026-08-28,待核,l2:TWSE:6224,无,不适用,L2机械母集；未挂格,"四件套：URL=source_url；检索日=2026-08-28；命中引语=""公司代號 6224""；判定类别=L2机械母集/待人工裁决。原始出表日期=1150827；完整发行人母集不推定PCB主营、中国大陆厂址或物理产能。"
cand:l2-twse-6225,issuer,issuer:TW:6225,issuer:TW:6225,-,-,-,天瀚,L2,TWSE OpenAPI 上市公司基本資料（完整母集）,https://openapi.twse.com.tw/v1/opendata/t187ap03_L,2026-08-28,待核,l2:TWSE:6225,无,不适用,L2机械母集；未挂格,"四件套：URL=source_url；检索日=2026-08-28；命中引语=""公司代號 6225""；判定类别=L2机械母集/待人工裁决。原始出表日期=1150827；完整发行人母集不推定PCB主营、中国大陆厂址或物理产能。"
cand:l2-twse-6226,issuer,issuer:TW:6226,issuer:TW:6226,-,-,-,光鼎,L2,TWSE OpenAPI 上市公司基本資料（完整母集）,https://openapi.twse.com.tw/v1/opendata/t187ap03_L,2026-08-28,待核,l2:TWSE:6226,无,不适用,L2机械母集；未挂格,"四件套：URL=source_url；检索日=2026-08-28；命中引语=""公司代號 6226""；判定类别=L2机械母集/待人工裁决。原始出表日期=1150827；完整发行人母集不推定PCB主营、中国大陆厂址或物理产能。"
cand:l2-twse-6230,issuer,issuer:TW:6230,issuer:TW:6230,-,-,-,尼得科超眾,L2,TWSE OpenAPI 上市公司基本資料（完整母集）,https://openapi.twse.com.tw/v1/opendata/t187ap03_L,2026-08-28,待核,l2:TWSE:6230,无,不适用,L2机械母集；未挂格,"四件套：URL=source_url；检索日=2026-08-28；命中引语=""公司代號 6230""；判定类别=L2机械母集/待人工裁决。原始出表日期=1150827；完整发行人母集不推定PCB主营、中国大陆厂址或物理产能。"
cand:l2-twse-6235,issuer,issuer:TW:6235,issuer:TW:6235,-,-,-,華孚,L2,TWSE OpenAPI 上市公司基本資料（完整母集）,https://openapi.twse.com.tw/v1/opendata/t187ap03_L,2026-08-28,待核,l2:TWSE:6235,无,不适用,L2机械母集；未挂格,"四件套：URL=source_url；检索日=2026-08-28；命中引语=""公司代號 6235""；判定类别=L2机械母集/待人工裁决。原始出表日期=1150827；完整发行人母集不推定PCB主营、中国大陆厂址或物理产能。"
cand:l2-twse-6239,issuer,issuer:TW:6239,issuer:TW:6239,-,-,-,力成,L2,TWSE OpenAPI 上市公司基本資料（完整母集）,https://openapi.twse.com.tw/v1/opendata/t187ap03_L,2026-08-28,待核,l2:TWSE:6239,无,不适用,L2机械母集；未挂格,"四件套：URL=source_url；检索日=2026-08-28；命中引语=""公司代號 6239""；判定类别=L2机械母集/待人工裁决。原始出表日期=1150827；完整发行人母集不推定PCB主营、中国大陆厂址或物理产能。"
cand:l2-twse-6243,issuer,issuer:TW:6243,issuer:TW:6243,-,-,-,迅杰,L2,TWSE OpenAPI 上市公司基本資料（完整母集）,https://openapi.twse.com.tw/v1/opendata/t187ap03_L,2026-08-28,待核,l2:TWSE:6243,无,不适用,L2机械母集；未挂格,"四件套：URL=source_url；检索日=2026-08-28；命中引语=""公司代號 6243""；判定类别=L2机械母集/待人工裁决。原始出表日期=1150827；完整发行人母集不推定PCB主营、中国大陆厂址或物理产能。"
cand:l2-twse-6257,issuer,issuer:TW:6257,issuer:TW:6257,-,-,-,矽格,L2,TWSE OpenAPI 上市公司基本資料（完整母集）,https://openapi.twse.com.tw/v1/opendata/t187ap03_L,2026-08-28,待核,l2:TWSE:6257,无,不适用,L2机械母集；未挂格,"四件套：URL=source_url；检索日=2026-08-28；命中引语=""公司代號 6257""；判定类别=L2机械母集/待人工裁决。原始出表日期=1150827；完整发行人母集不推定PCB主营、中国大陆厂址或物理产能。"
cand:l2-twse-6269,issuer,issuer:TW:6269,issuer:TW:6269,-,-,-,台郡,L2,TWSE OpenAPI 上市公司基本資料（完整母集）,https://openapi.twse.com.tw/v1/opendata/t187ap03_L,2026-08-28,待核,l2:TWSE:6269,无,不适用,L2机械母集；未挂格,"四件套：URL=source_url；检索日=2026-08-28；命中引语=""公司代號 6269""；判定类别=L2机械母集/待人工裁决。原始出表日期=1150827；完整发行人母集不推定PCB主营、中国大陆厂址或物理产能。"
cand:l2-twse-6271,issuer,issuer:TW:6271,issuer:TW:6271,-,-,-,同欣電,L2,TWSE OpenAPI 上市公司基本資料（完整母集）,https://openapi.twse.com.tw/v1/opendata/t187ap03_L,2026-08-28,待核,l2:TWSE:6271,无,不适用,L2机械母集；未挂格,"四件套：URL=source_url；检索日=2026-08-28；命中引语=""公司代號 6271""；判定类别=L2机械母集/待人工裁决。原始出表日期=1150827；完整发行人母集不推定PCB主营、中国大陆厂址或物理产能。"
cand:l2-twse-6272,issuer,issuer:TW:6272,issuer:TW:6272,-,-,-,驊陞,L2,TWSE OpenAPI 上市公司基本資料（完整母集）,https://openapi.twse.com.tw/v1/opendata/t187ap03_L,2026-08-28,待核,l2:TWSE:6272,无,不适用,L2机械母集；未挂格,"四件套：URL=source_url；检索日=2026-08-28；命中引语=""公司代號 6272""；判定类别=L2机械母集/待人工裁决。原始出表日期=1150827；完整发行人母集不推定PCB主营、中国大陆厂址或物理产能。"
cand:l2-twse-6277,issuer,issuer:TW:6277,issuer:TW:6277,-,-,-,宏正,L2,TWSE OpenAPI 上市公司基本資料（完整母集）,https://openapi.twse.com.tw/v1/opendata/t187ap03_L,2026-08-28,待核,l2:TWSE:6277,无,不适用,L2机械母集；未挂格,"四件套：URL=source_url；检索日=2026-08-28；命中引语=""公司代號 6277""；判定类别=L2机械母集/待人工裁决。原始出表日期=1150827；完整发行人母集不推定PCB主营、中国大陆厂址或物理产能。"
cand:l2-twse-6278,issuer,issuer:TW:6278,issuer:TW:6278,-,-,-,台表科,L2,TWSE OpenAPI 上市公司基本資料（完整母集）,https://openapi.twse.com.tw/v1/opendata/t187ap03_L,2026-08-28,待核,l2:TWSE:6278,无,不适用,L2机械母集；未挂格,"四件套：URL=source_url；检索日=2026-08-28；命中引语=""公司代號 6278""；判定类别=L2机械母集/待人工裁决。原始出表日期=1150827；完整发行人母集不推定PCB主营、中国大陆厂址或物理产能。"
cand:l2-twse-6281,issuer,issuer:TW:6281,issuer:TW:6281,-,-,-,全國電,L2,TWSE OpenAPI 上市公司基本資料（完整母集）,https://openapi.twse.com.tw/v1/opendata/t187ap03_L,2026-08-28,待核,l2:TWSE:6281,无,不适用,L2机械母集；未挂格,"四件套：URL=source_url；检索日=2026-08-28；命中引语=""公司代號 6281""；判定类别=L2机械母集/待人工裁决。原始出表日期=1150827；完整发行人母集不推定PCB主营、中国大陆厂址或物理产能。"
cand:l2-twse-6282,issuer,issuer:TW:6282,issuer:TW:6282,-,-,-,康舒,L2,TWSE OpenAPI 上市公司基本資料（完整母集）,https://openapi.twse.com.tw/v1/opendata/t187ap03_L,2026-08-28,待核,l2:TWSE:6282,无,不适用,L2机械母集；未挂格,"四件套：URL=source_url；检索日=2026-08-28；命中引语=""公司代號 6282""；判定类别=L2机械母集/待人工裁决。原始出表日期=1150827；完整发行人母集不推定PCB主营、中国大陆厂址或物理产能。"
cand:l2-twse-6283,issuer,issuer:TW:6283,issuer:TW:6283,-,-,-,淳安,L2,TWSE OpenAPI 上市公司基本資料（完整母集）,https://openapi.twse.com.tw/v1/opendata/t187ap03_L,2026-08-28,待核,l2:TWSE:6283,无,不适用,L2机械母集；未挂格,"四件套：URL=source_url；检索日=2026-08-28；命中引语=""公司代號 6283""；判定类别=L2机械母集/待人工裁决。原始出表日期=1150827；完整发行人母集不推定PCB主营、中国大陆厂址或物理产能。"
cand:l2-twse-6285,issuer,issuer:TW:6285,issuer:TW:6285,-,-,-,啟碁,L2,TWSE OpenAPI 上市公司基本資料（完整母集）,https://openapi.twse.com.tw/v1/opendata/t187ap03_L,2026-08-28,待核,l2:TWSE:6285,无,不适用,L2机械母集；未挂格,"四件套：URL=source_url；检索日=2026-08-28；命中引语=""公司代號 6285""；判定类别=L2机械母集/待人工裁决。原始出表日期=1150827；完整发行人母集不推定PCB主营、中国大陆厂址或物理产能。"
cand:l2-twse-6405,issuer,issuer:TW:6405,issuer:TW:6405,-,-,-,悅城,L2,TWSE OpenAPI 上市公司基本資料（完整母集）,https://openapi.twse.com.tw/v1/opendata/t187ap03_L,2026-08-28,待核,l2:TWSE:6405,无,不适用,L2机械母集；未挂格,"四件套：URL=source_url；检索日=2026-08-28；命中引语=""公司代號 6405""；判定类别=L2机械母集/待人工裁决。原始出表日期=1150827；完整发行人母集不推定PCB主营、中国大陆厂址或物理产能。"
cand:l2-twse-6409,issuer,issuer:TW:6409,issuer:TW:6409,-,-,-,旭隼,L2,TWSE OpenAPI 上市公司基本資料（完整母集）,https://openapi.twse.com.tw/v1/opendata/t187ap03_L,2026-08-28,待核,l2:TWSE:6409,无,不适用,L2机械母集；未挂格,"四件套：URL=source_url；检索日=2026-08-28；命中引语=""公司代號 6409""；判定类别=L2机械母集/待人工裁决。原始出表日期=1150827；完整发行人母集不推定PCB主营、中国大陆厂址或物理产能。"
cand:l2-twse-6412,issuer,issuer:TW:6412,issuer:TW:6412,-,-,-,群電,L2,TWSE OpenAPI 上市公司基本資料（完整母集）,https://openapi.twse.com.tw/v1/opendata/t187ap03_L,2026-08-28,待核,l2:TWSE:6412,无,不适用,L2机械母集；未挂格,"四件套：URL=source_url；检索日=2026-08-28；命中引语=""公司代號 6412""；判定类别=L2机械母集/待人工裁决。原始出表日期=1150827；完整发行人母集不推定PCB主营、中国大陆厂址或物理产能。"
cand:l2-twse-6414,issuer,issuer:TW:6414,issuer:TW:6414,-,-,-,樺漢,L2,TWSE OpenAPI 上市公司基本資料（完整母集）,https://openapi.twse.com.tw/v1/opendata/t187ap03_L,2026-08-28,待核,l2:TWSE:6414,无,不适用,L2机械母集；未挂格,"四件套：URL=source_url；检索日=2026-08-28；命中引语=""公司代號 6414""；判定类别=L2机械母集/待人工裁决。原始出表日期=1150827；完整发行人母集不推定PCB主营、中国大陆厂址或物理产能。"
cand:l2-twse-6415,issuer,issuer:TW:6415,issuer:TW:6415,-,-,-,矽力*-KY,L2,TWSE OpenAPI 上市公司基本資料（完整母集）,https://openapi.twse.com.tw/v1/opendata/t187ap03_L,2026-08-28,待核,l2:TWSE:6415,无,不适用,L2机械母集；未挂格,"四件套：URL=source_url；检索日=2026-08-28；命中引语=""公司代號 6415""；判定类别=L2机械母集/待人工裁决。原始出表日期=1150827；完整发行人母集不推定PCB主营、中国大陆厂址或物理产能。"
cand:l2-twse-6416,issuer,issuer:TW:6416,issuer:TW:6416,-,-,-,瑞祺電通,L2,TWSE OpenAPI 上市公司基本資料（完整母集）,https://openapi.twse.com.tw/v1/opendata/t187ap03_L,2026-08-28,待核,l2:TWSE:6416,无,不适用,L2机械母集；未挂格,"四件套：URL=source_url；检索日=2026-08-28；命中引语=""公司代號 6416""；判定类别=L2机械母集/待人工裁决。原始出表日期=1150827；完整发行人母集不推定PCB主营、中国大陆厂址或物理产能。"
cand:l2-twse-6426,issuer,issuer:TW:6426,issuer:TW:6426,-,-,-,統新,L2,TWSE OpenAPI 上市公司基本資料（完整母集）,https://openapi.twse.com.tw/v1/opendata/t187ap03_L,2026-08-28,待核,l2:TWSE:6426,无,不适用,L2机械母集；未挂格,"四件套：URL=source_url；检索日=2026-08-28；命中引语=""公司代號 6426""；判定类别=L2机械母集/待人工裁决。原始出表日期=1150827；完整发行人母集不推定PCB主营、中国大陆厂址或物理产能。"
cand:l2-twse-6431,issuer,issuer:TW:6431,issuer:TW:6431,-,-,-,光麗-KY,L2,TWSE OpenAPI 上市公司基本資料（完整母集）,https://openapi.twse.com.tw/v1/opendata/t187ap03_L,2026-08-28,待核,l2:TWSE:6431,无,不适用,L2机械母集；未挂格,"四件套：URL=source_url；检索日=2026-08-28；命中引语=""公司代號 6431""；判定类别=L2机械母集/待人工裁决。原始出表日期=1150827；完整发行人母集不推定PCB主营、中国大陆厂址或物理产能。"
cand:l2-twse-6438,issuer,issuer:TW:6438,issuer:TW:6438,-,-,-,迅得,L2,TWSE OpenAPI 上市公司基本資料（完整母集）,https://openapi.twse.com.tw/v1/opendata/t187ap03_L,2026-08-28,待核,l2:TWSE:6438,无,不适用,L2机械母集；未挂格,"四件套：URL=source_url；检索日=2026-08-28；命中引语=""公司代號 6438""；判定类别=L2机械母集/待人工裁决。原始出表日期=1150827；完整发行人母集不推定PCB主营、中国大陆厂址或物理产能。"
cand:l2-twse-6442,issuer,issuer:TW:6442,issuer:TW:6442,-,-,-,光聖,L2,TWSE OpenAPI 上市公司基本資料（完整母集）,https://openapi.twse.com.tw/v1/opendata/t187ap03_L,2026-08-28,待核,l2:TWSE:6442,无,不适用,L2机械母集；未挂格,"四件套：URL=source_url；检索日=2026-08-28；命中引语=""公司代號 6442""；判定类别=L2机械母集/待人工裁决。原始出表日期=1150827；完整发行人母集不推定PCB主营、中国大陆厂址或物理产能。"
cand:l2-twse-6443,issuer,issuer:TW:6443,issuer:TW:6443,-,-,-,元晶,L2,TWSE OpenAPI 上市公司基本資料（完整母集）,https://openapi.twse.com.tw/v1/opendata/t187ap03_L,2026-08-28,待核,l2:TWSE:6443,无,不适用,L2机械母集；未挂格,"四件套：URL=source_url；检索日=2026-08-28；命中引语=""公司代號 6443""；判定类别=L2机械母集/待人工裁决。原始出表日期=1150827；完整发行人母集不推定PCB主营、中国大陆厂址或物理产能。"
cand:l2-twse-6446,issuer,issuer:TW:6446,issuer:TW:6446,-,-,-,藥華藥,L2,TWSE OpenAPI 上市公司基本資料（完整母集）,https://openapi.twse.com.tw/v1/opendata/t187ap03_L,2026-08-28,待核,l2:TWSE:6446,无,不适用,L2机械母集；未挂格,"四件套：URL=source_url；检索日=2026-08-28；命中引语=""公司代號 6446""；判定类别=L2机械母集/待人工裁决。原始出表日期=1150827；完整发行人母集不推定PCB主营、中国大陆厂址或物理产能。"
cand:l2-twse-6449,issuer,issuer:TW:6449,issuer:TW:6449,-,-,-,鈺邦,L2,TWSE OpenAPI 上市公司基本資料（完整母集）,https://openapi.twse.com.tw/v1/opendata/t187ap03_L,2026-08-28,待核,l2:TWSE:6449,无,不适用,L2机械母集；未挂格,"四件套：URL=source_url；检索日=2026-08-28；命中引语=""公司代號 6449""；判定类别=L2机械母集/待人工裁决。原始出表日期=1150827；完整发行人母集不推定PCB主营、中国大陆厂址或物理产能。"
cand:l2-twse-6451,issuer,issuer:TW:6451,issuer:TW:6451,-,-,-,訊芯-KY,L2,TWSE OpenAPI 上市公司基本資料（完整母集）,https://openapi.twse.com.tw/v1/opendata/t187ap03_L,2026-08-28,待核,l2:TWSE:6451,无,不适用,L2机械母集；未挂格,"四件套：URL=source_url；检索日=2026-08-28；命中引语=""公司代號 6451""；判定类别=L2机械母集/待人工裁决。原始出表日期=1150827；完整发行人母集不推定PCB主营、中国大陆厂址或物理产能。"
cand:l2-twse-6456,issuer,issuer:TW:6456,issuer:TW:6456,-,-,-,GIS-KY,L2,TWSE OpenAPI 上市公司基本資料（完整母集）,https://openapi.twse.com.tw/v1/opendata/t187ap03_L,2026-08-28,待核,l2:TWSE:6456,无,不适用,L2机械母集；未挂格,"四件套：URL=source_url；检索日=2026-08-28；命中引语=""公司代號 6456""；判定类别=L2机械母集/待人工裁决。原始出表日期=1150827；完整发行人母集不推定PCB主营、中国大陆厂址或物理产能。"
cand:l2-twse-6464,issuer,issuer:TW:6464,issuer:TW:6464,-,-,-,台數科,L2,TWSE OpenAPI 上市公司基本資料（完整母集）,https://openapi.twse.com.tw/v1/opendata/t187ap03_L,2026-08-28,待核,l2:TWSE:6464,无,不适用,L2机械母集；未挂格,"四件套：URL=source_url；检索日=2026-08-28；命中引语=""公司代號 6464""；判定类别=L2机械母集/待人工裁决。原始出表日期=1150827；完整发行人母集不推定PCB主营、中国大陆厂址或物理产能。"
cand:l2-twse-6472,issuer,issuer:TW:6472,issuer:TW:6472,-,-,-,保瑞,L2,TWSE OpenAPI 上市公司基本資料（完整母集）,https://openapi.twse.com.tw/v1/opendata/t187ap03_L,2026-08-28,待核,l2:TWSE:6472,无,不适用,L2机械母集；未挂格,"四件套：URL=source_url；检索日=2026-08-28；命中引语=""公司代號 6472""；判定类别=L2机械母集/待人工裁决。原始出表日期=1150827；完整发行人母集不推定PCB主营、中国大陆厂址或物理产能。"
cand:l2-twse-6477,issuer,issuer:TW:6477,issuer:TW:6477,-,-,-,安集,L2,TWSE OpenAPI 上市公司基本資料（完整母集）,https://openapi.twse.com.tw/v1/opendata/t187ap03_L,2026-08-28,待核,l2:TWSE:6477,无,不适用,L2机械母集；未挂格,"四件套：URL=source_url；检索日=2026-08-28；命中引语=""公司代號 6477""；判定类别=L2机械母集/待人工裁决。原始出表日期=1150827；完整发行人母集不推定PCB主营、中国大陆厂址或物理产能。"
cand:l2-twse-6491,issuer,issuer:TW:6491,issuer:TW:6491,-,-,-,晶碩,L2,TWSE OpenAPI 上市公司基本資料（完整母集）,https://openapi.twse.com.tw/v1/opendata/t187ap03_L,2026-08-28,待核,l2:TWSE:6491,无,不适用,L2机械母集；未挂格,"四件套：URL=source_url；检索日=2026-08-28；命中引语=""公司代號 6491""；判定类别=L2机械母集/待人工裁决。原始出表日期=1150827；完整发行人母集不推定PCB主营、中国大陆厂址或物理产能。"
cand:l2-twse-6504,issuer,issuer:TW:6504,issuer:TW:6504,-,-,-,南六,L2,TWSE OpenAPI 上市公司基本資料（完整母集）,https://openapi.twse.com.tw/v1/opendata/t187ap03_L,2026-08-28,待核,l2:TWSE:6504,无,不适用,L2机械母集；未挂格,"四件套：URL=source_url；检索日=2026-08-28；命中引语=""公司代號 6504""；判定类别=L2机械母集/待人工裁决。原始出表日期=1150827；完整发行人母集不推定PCB主营、中国大陆厂址或物理产能。"
cand:l2-twse-6505,issuer,issuer:TW:6505,issuer:TW:6505,-,-,-,台塑化,L2,TWSE OpenAPI 上市公司基本資料（完整母集）,https://openapi.twse.com.tw/v1/opendata/t187ap03_L,2026-08-28,待核,l2:TWSE:6505,无,不适用,L2机械母集；未挂格,"四件套：URL=source_url；检索日=2026-08-28；命中引语=""公司代號 6505""；判定类别=L2机械母集/待人工裁决。原始出表日期=1150827；完整发行人母集不推定PCB主营、中国大陆厂址或物理产能。"
cand:l2-twse-6515,issuer,issuer:TW:6515,issuer:TW:6515,-,-,-,穎崴,L2,TWSE OpenAPI 上市公司基本資料（完整母集）,https://openapi.twse.com.tw/v1/opendata/t187ap03_L,2026-08-28,待核,l2:TWSE:6515,无,不适用,L2机械母集；未挂格,"四件套：URL=source_url；检索日=2026-08-28；命中引语=""公司代號 6515""；判定类别=L2机械母集/待人工裁决。原始出表日期=1150827；完整发行人母集不推定PCB主营、中国大陆厂址或物理产能。"
cand:l2-twse-6525,issuer,issuer:TW:6525,issuer:TW:6525,-,-,-,捷敏-KY,L2,TWSE OpenAPI 上市公司基本資料（完整母集）,https://openapi.twse.com.tw/v1/opendata/t187ap03_L,2026-08-28,待核,l2:TWSE:6525,无,不适用,L2机械母集；未挂格,"四件套：URL=source_url；检索日=2026-08-28；命中引语=""公司代號 6525""；判定类别=L2机械母集/待人工裁决。原始出表日期=1150827；完整发行人母集不推定PCB主营、中国大陆厂址或物理产能。"
cand:l2-twse-6526,issuer,issuer:TW:6526,issuer:TW:6526,-,-,-,達發,L2,TWSE OpenAPI 上市公司基本資料（完整母集）,https://openapi.twse.com.tw/v1/opendata/t187ap03_L,2026-08-28,待核,l2:TWSE:6526,无,不适用,L2机械母集；未挂格,"四件套：URL=source_url；检索日=2026-08-28；命中引语=""公司代號 6526""；判定类别=L2机械母集/待人工裁决。原始出表日期=1150827；完整发行人母集不推定PCB主营、中国大陆厂址或物理产能。"
cand:l2-twse-6531,issuer,issuer:TW:6531,issuer:TW:6531,-,-,-,愛普*,L2,TWSE OpenAPI 上市公司基本資料（完整母集）,https://openapi.twse.com.tw/v1/opendata/t187ap03_L,2026-08-28,待核,l2:TWSE:6531,无,不适用,L2机械母集；未挂格,"四件套：URL=source_url；检索日=2026-08-28；命中引语=""公司代號 6531""；判定类别=L2机械母集/待人工裁决。原始出表日期=1150827；完整发行人母集不推定PCB主营、中国大陆厂址或物理产能。"
cand:l2-twse-6533,issuer,issuer:TW:6533,issuer:TW:6533,-,-,-,晶心科,L2,TWSE OpenAPI 上市公司基本資料（完整母集）,https://openapi.twse.com.tw/v1/opendata/t187ap03_L,2026-08-28,待核,l2:TWSE:6533,无,不适用,L2机械母集；未挂格,"四件套：URL=source_url；检索日=2026-08-28；命中引语=""公司代號 6533""；判定类别=L2机械母集/待人工裁决。原始出表日期=1150827；完整发行人母集不推定PCB主营、中国大陆厂址或物理产能。"
cand:l2-twse-6534,issuer,issuer:TW:6534,issuer:TW:6534,-,-,-,正瀚-創,L2,TWSE OpenAPI 上市公司基本資料（完整母集）,https://openapi.twse.com.tw/v1/opendata/t187ap03_L,2026-08-28,待核,l2:TWSE:6534,无,不适用,L2机械母集；未挂格,"四件套：URL=source_url；检索日=2026-08-28；命中引语=""公司代號 6534""；判定类别=L2机械母集/待人工裁决。原始出表日期=1150827；完整发行人母集不推定PCB主营、中国大陆厂址或物理产能。"
cand:l2-twse-6541,issuer,issuer:TW:6541,issuer:TW:6541,-,-,-,泰福-KY,L2,TWSE OpenAPI 上市公司基本資料（完整母集）,https://openapi.twse.com.tw/v1/opendata/t187ap03_L,2026-08-28,待核,l2:TWSE:6541,无,不适用,L2机械母集；未挂格,"四件套：URL=source_url；检索日=2026-08-28；命中引语=""公司代號 6541""；判定类别=L2机械母集/待人工裁决。原始出表日期=1150827；完整发行人母集不推定PCB主营、中国大陆厂址或物理产能。"
cand:l2-twse-6550,issuer,issuer:TW:6550,issuer:TW:6550,-,-,-,北極星藥業-KY,L2,TWSE OpenAPI 上市公司基本資料（完整母集）,https://openapi.twse.com.tw/v1/opendata/t187ap03_L,2026-08-28,待核,l2:TWSE:6550,无,不适用,L2机械母集；未挂格,"四件套：URL=source_url；检索日=2026-08-28；命中引语=""公司代號 6550""；判定类别=L2机械母集/待人工裁决。原始出表日期=1150827；完整发行人母集不推定PCB主营、中国大陆厂址或物理产能。"
cand:l2-twse-6552,issuer,issuer:TW:6552,issuer:TW:6552,-,-,-,易華電,L2,TWSE OpenAPI 上市公司基本資料（完整母集）,https://openapi.twse.com.tw/v1/opendata/t187ap03_L,2026-08-28,待核,l2:TWSE:6552,无,不适用,L2机械母集；未挂格,"四件套：URL=source_url；检索日=2026-08-28；命中引语=""公司代號 6552""；判定类别=L2机械母集/待人工裁决。原始出表日期=1150827；完整发行人母集不推定PCB主营、中国大陆厂址或物理产能。"
cand:l2-twse-6558,issuer,issuer:TW:6558,issuer:TW:6558,-,-,-,興能高,L2,TWSE OpenAPI 上市公司基本資料（完整母集）,https://openapi.twse.com.tw/v1/opendata/t187ap03_L,2026-08-28,待核,l2:TWSE:6558,无,不适用,L2机械母集；未挂格,"四件套：URL=source_url；检索日=2026-08-28；命中引语=""公司代號 6558""；判定类别=L2机械母集/待人工裁决。原始出表日期=1150827；完整发行人母集不推定PCB主营、中国大陆厂址或物理产能。"
cand:l2-twse-6573,issuer,issuer:TW:6573,issuer:TW:6573,-,-,-,虹揚-KY,L2,TWSE OpenAPI 上市公司基本資料（完整母集）,https://openapi.twse.com.tw/v1/opendata/t187ap03_L,2026-08-28,待核,l2:TWSE:6573,无,不适用,L2机械母集；未挂格,"四件套：URL=source_url；检索日=2026-08-28；命中引语=""公司代號 6573""；判定类别=L2机械母集/待人工裁决。原始出表日期=1150827；完整发行人母集不推定PCB主营、中国大陆厂址或物理产能。"
cand:l2-twse-6579,issuer,issuer:TW:6579,issuer:TW:6579,-,-,-,研揚,L2,TWSE OpenAPI 上市公司基本資料（完整母集）,https://openapi.twse.com.tw/v1/opendata/t187ap03_L,2026-08-28,待核,l2:TWSE:6579,无,不适用,L2机械母集；未挂格,"四件套：URL=source_url；检索日=2026-08-28；命中引语=""公司代號 6579""；判定类别=L2机械母集/待人工裁决。原始出表日期=1150827；完整发行人母集不推定PCB主营、中国大陆厂址或物理产能。"
cand:l2-twse-6581,issuer,issuer:TW:6581,issuer:TW:6581,-,-,-,鋼聯,L2,TWSE OpenAPI 上市公司基本資料（完整母集）,https://openapi.twse.com.tw/v1/opendata/t187ap03_L,2026-08-28,待核,l2:TWSE:6581,无,不适用,L2机械母集；未挂格,"四件套：URL=source_url；检索日=2026-08-28；命中引语=""公司代號 6581""；判定类别=L2机械母集/待人工裁决。原始出表日期=1150827；完整发行人母集不推定PCB主营、中国大陆厂址或物理产能。"
cand:l2-twse-6582,issuer,issuer:TW:6582,issuer:TW:6582,-,-,-,申豐,L2,TWSE OpenAPI 上市公司基本資料（完整母集）,https://openapi.twse.com.tw/v1/opendata/t187ap03_L,2026-08-28,待核,l2:TWSE:6582,无,不适用,L2机械母集；未挂格,"四件套：URL=source_url；检索日=2026-08-28；命中引语=""公司代號 6582""；判定类别=L2机械母集/待人工裁决。原始出表日期=1150827；完整发行人母集不推定PCB主营、中国大陆厂址或物理产能。"
cand:l2-twse-6585,issuer,issuer:TW:6585,issuer:TW:6585,-,-,-,鼎基,L2,TWSE OpenAPI 上市公司基本資料（完整母集）,https://openapi.twse.com.tw/v1/opendata/t187ap03_L,2026-08-28,待核,l2:TWSE:6585,无,不适用,L2机械母集；未挂格,"四件套：URL=source_url；检索日=2026-08-28；命中引语=""公司代號 6585""；判定类别=L2机械母集/待人工裁决。原始出表日期=1150827；完整发行人母集不推定PCB主营、中国大陆厂址或物理产能。"
cand:l2-twse-6589,issuer,issuer:TW:6589,issuer:TW:6589,-,-,-,台康生技,L2,TWSE OpenAPI 上市公司基本資料（完整母集）,https://openapi.twse.com.tw/v1/opendata/t187ap03_L,2026-08-28,待核,l2:TWSE:6589,无,不适用,L2机械母集；未挂格,"四件套：URL=source_url；检索日=2026-08-28；命中引语=""公司代號 6589""；判定类别=L2机械母集/待人工裁决。原始出表日期=1150827；完整发行人母集不推定PCB主营、中国大陆厂址或物理产能。"
cand:l2-twse-6591,issuer,issuer:TW:6591,issuer:TW:6591,-,-,-,動力-KY,L2,TWSE OpenAPI 上市公司基本資料（完整母集）,https://openapi.twse.com.tw/v1/opendata/t187ap03_L,2026-08-28,待核,l2:TWSE:6591,无,不适用,L2机械母集；未挂格,"四件套：URL=source_url；检索日=2026-08-28；命中引语=""公司代號 6591""；判定类别=L2机械母集/待人工裁决。原始出表日期=1150827；完整发行人母集不推定PCB主营、中国大陆厂址或物理产能。"
cand:l2-twse-6592,issuer,issuer:TW:6592,issuer:TW:6592,-,-,-,和潤企業,L2,TWSE OpenAPI 上市公司基本資料（完整母集）,https://openapi.twse.com.tw/v1/opendata/t187ap03_L,2026-08-28,待核,l2:TWSE:6592,无,不适用,L2机械母集；未挂格,"四件套：URL=source_url；检索日=2026-08-28；命中引语=""公司代號 6592""；判定类别=L2机械母集/待人工裁决。原始出表日期=1150827；完整发行人母集不推定PCB主营、中国大陆厂址或物理产能。"
cand:l2-twse-6598,issuer,issuer:TW:6598,issuer:TW:6598,-,-,-,ABC-KY,L2,TWSE OpenAPI 上市公司基本資料（完整母集）,https://openapi.twse.com.tw/v1/opendata/t187ap03_L,2026-08-28,待核,l2:TWSE:6598,无,不适用,L2机械母集；未挂格,"四件套：URL=source_url；检索日=2026-08-28；命中引语=""公司代號 6598""；判定类别=L2机械母集/待人工裁决。原始出表日期=1150827；完整发行人母集不推定PCB主营、中国大陆厂址或物理产能。"
cand:l2-twse-6605,issuer,issuer:TW:6605,issuer:TW:6605,-,-,-,帝寶,L2,TWSE OpenAPI 上市公司基本資料（完整母集）,https://openapi.twse.com.tw/v1/opendata/t187ap03_L,2026-08-28,待核,l2:TWSE:6605,无,不适用,L2机械母集；未挂格,"四件套：URL=source_url；检索日=2026-08-28；命中引语=""公司代號 6605""；判定类别=L2机械母集/待人工裁决。原始出表日期=1150827；完整发行人母集不推定PCB主营、中国大陆厂址或物理产能。"
cand:l2-twse-6606,issuer,issuer:TW:6606,issuer:TW:6606,-,-,-,建德工業,L2,TWSE OpenAPI 上市公司基本資料（完整母集）,https://openapi.twse.com.tw/v1/opendata/t187ap03_L,2026-08-28,待核,l2:TWSE:6606,无,不适用,L2机械母集；未挂格,"四件套：URL=source_url；检索日=2026-08-28；命中引语=""公司代號 6606""；判定类别=L2机械母集/待人工裁决。原始出表日期=1150827；完整发行人母集不推定PCB主营、中国大陆厂址或物理产能。"
cand:l2-twse-6614,issuer,issuer:TW:6614,issuer:TW:6614,-,-,-,資拓宏宇,L2,TWSE OpenAPI 上市公司基本資料（完整母集）,https://openapi.twse.com.tw/v1/opendata/t187ap03_L,2026-08-28,待核,l2:TWSE:6614,无,不适用,L2机械母集；未挂格,"四件套：URL=source_url；检索日=2026-08-28；命中引语=""公司代號 6614""；判定类别=L2机械母集/待人工裁决。原始出表日期=1150827；完整发行人母集不推定PCB主营、中国大陆厂址或物理产能。"
cand:l2-twse-6625,issuer,issuer:TW:6625,issuer:TW:6625,-,-,-,必應,L2,TWSE OpenAPI 上市公司基本資料（完整母集）,https://openapi.twse.com.tw/v1/opendata/t187ap03_L,2026-08-28,待核,l2:TWSE:6625,无,不适用,L2机械母集；未挂格,"四件套：URL=source_url；检索日=2026-08-28；命中引语=""公司代號 6625""；判定类别=L2机械母集/待人工裁决。原始出表日期=1150827；完整发行人母集不推定PCB主营、中国大陆厂址或物理产能。"
cand:l2-twse-6641,issuer,issuer:TW:6641,issuer:TW:6641,-,-,-,基士德-KY,L2,TWSE OpenAPI 上市公司基本資料（完整母集）,https://openapi.twse.com.tw/v1/opendata/t187ap03_L,2026-08-28,待核,l2:TWSE:6641,无,不适用,L2机械母集；未挂格,"四件套：URL=source_url；检索日=2026-08-28；命中引语=""公司代號 6641""；判定类别=L2机械母集/待人工裁决。原始出表日期=1150827；完整发行人母集不推定PCB主营、中国大陆厂址或物理产能。"
cand:l2-twse-6645,issuer,issuer:TW:6645,issuer:TW:6645,-,-,-,金萬林-創,L2,TWSE OpenAPI 上市公司基本資料（完整母集）,https://openapi.twse.com.tw/v1/opendata/t187ap03_L,2026-08-28,待核,l2:TWSE:6645,无,不适用,L2机械母集；未挂格,"四件套：URL=source_url；检索日=2026-08-28；命中引语=""公司代號 6645""；判定类别=L2机械母集/待人工裁决。原始出表日期=1150827；完整发行人母集不推定PCB主营、中国大陆厂址或物理产能。"
cand:l2-twse-6655,issuer,issuer:TW:6655,issuer:TW:6655,-,-,-,科定,L2,TWSE OpenAPI 上市公司基本資料（完整母集）,https://openapi.twse.com.tw/v1/opendata/t187ap03_L,2026-08-28,待核,l2:TWSE:6655,无,不适用,L2机械母集；未挂格,"四件套：URL=source_url；检索日=2026-08-28；命中引语=""公司代號 6655""；判定类别=L2机械母集/待人工裁决。原始出表日期=1150827；完整发行人母集不推定PCB主营、中国大陆厂址或物理产能。"
cand:l2-twse-6657,issuer,issuer:TW:6657,issuer:TW:6657,-,-,-,華安,L2,TWSE OpenAPI 上市公司基本資料（完整母集）,https://openapi.twse.com.tw/v1/opendata/t187ap03_L,2026-08-28,待核,l2:TWSE:6657,无,不适用,L2机械母集；未挂格,"四件套：URL=source_url；检索日=2026-08-28；命中引语=""公司代號 6657""；判定类别=L2机械母集/待人工裁决。原始出表日期=1150827；完整发行人母集不推定PCB主营、中国大陆厂址或物理产能。"
cand:l2-twse-6658,issuer,issuer:TW:6658,issuer:TW:6658,-,-,-,聯策,L2,TWSE OpenAPI 上市公司基本資料（完整母集）,https://openapi.twse.com.tw/v1/opendata/t187ap03_L,2026-08-28,待核,l2:TWSE:6658,无,不适用,L2机械母集；未挂格,"四件套：URL=source_url；检索日=2026-08-28；命中引语=""公司代號 6658""；判定类别=L2机械母集/待人工裁决。原始出表日期=1150827；完整发行人母集不推定PCB主营、中国大陆厂址或物理产能。"
cand:l2-twse-6666,issuer,issuer:TW:6666,issuer:TW:6666,-,-,-,羅麗芬-KY,L2,TWSE OpenAPI 上市公司基本資料（完整母集）,https://openapi.twse.com.tw/v1/opendata/t187ap03_L,2026-08-28,待核,l2:TWSE:6666,无,不适用,L2机械母集；未挂格,"四件套：URL=source_url；检索日=2026-08-28；命中引语=""公司代號 6666""；判定类别=L2机械母集/待人工裁决。原始出表日期=1150827；完整发行人母集不推定PCB主营、中国大陆厂址或物理产能。"
cand:l2-twse-6668,issuer,issuer:TW:6668,issuer:TW:6668,-,-,-,中揚光,L2,TWSE OpenAPI 上市公司基本資料（完整母集）,https://openapi.twse.com.tw/v1/opendata/t187ap03_L,2026-08-28,待核,l2:TWSE:6668,无,不适用,L2机械母集；未挂格,"四件套：URL=source_url；检索日=2026-08-28；命中引语=""公司代號 6668""；判定类别=L2机械母集/待人工裁决。原始出表日期=1150827；完整发行人母集不推定PCB主营、中国大陆厂址或物理产能。"
cand:l2-twse-6669,issuer,issuer:TW:6669,issuer:TW:6669,-,-,-,緯穎,L2,TWSE OpenAPI 上市公司基本資料（完整母集）,https://openapi.twse.com.tw/v1/opendata/t187ap03_L,2026-08-28,待核,l2:TWSE:6669,无,不适用,L2机械母集；未挂格,"四件套：URL=source_url；检索日=2026-08-28；命中引语=""公司代號 6669""；判定类别=L2机械母集/待人工裁决。原始出表日期=1150827；完整发行人母集不推定PCB主营、中国大陆厂址或物理产能。"
cand:l2-twse-6670,issuer,issuer:TW:6670,issuer:TW:6670,-,-,-,復盛應用,L2,TWSE OpenAPI 上市公司基本資料（完整母集）,https://openapi.twse.com.tw/v1/opendata/t187ap03_L,2026-08-28,待核,l2:TWSE:6670,无,不适用,L2机械母集；未挂格,"四件套：URL=source_url；检索日=2026-08-28；命中引语=""公司代號 6670""；判定类别=L2机械母集/待人工裁决。原始出表日期=1150827；完整发行人母集不推定PCB主营、中国大陆厂址或物理产能。"
cand:l2-twse-6671,issuer,issuer:TW:6671,issuer:TW:6671,-,-,-,三能-KY,L2,TWSE OpenAPI 上市公司基本資料（完整母集）,https://openapi.twse.com.tw/v1/opendata/t187ap03_L,2026-08-28,待核,l2:TWSE:6671,无,不适用,L2机械母集；未挂格,"四件套：URL=source_url；检索日=2026-08-28；命中引语=""公司代號 6671""；判定类别=L2机械母集/待人工裁决。原始出表日期=1150827；完整发行人母集不推定PCB主营、中国大陆厂址或物理产能。"
cand:l2-twse-6672,issuer,issuer:TW:6672,issuer:TW:6672,-,-,-,騰輝電子-KY,L2,TWSE OpenAPI 上市公司基本資料（完整母集）,https://openapi.twse.com.tw/v1/opendata/t187ap03_L,2026-08-28,待核,l2:TWSE:6672,无,不适用,L2机械母集；未挂格,"四件套：URL=source_url；检索日=2026-08-28；命中引语=""公司代號 6672""；判定类别=L2机械母集/待人工裁决。原始出表日期=1150827；完整发行人母集不推定PCB主营、中国大陆厂址或物理产能。"
cand:l2-twse-6674,issuer,issuer:TW:6674,issuer:TW:6674,-,-,-,鋐寶科技,L2,TWSE OpenAPI 上市公司基本資料（完整母集）,https://openapi.twse.com.tw/v1/opendata/t187ap03_L,2026-08-28,待核,l2:TWSE:6674,无,不适用,L2机械母集；未挂格,"四件套：URL=source_url；检索日=2026-08-28；命中引语=""公司代號 6674""；判定类别=L2机械母集/待人工裁决。原始出表日期=1150827；完整发行人母集不推定PCB主营、中国大陆厂址或物理产能。"
cand:l2-twse-6689,issuer,issuer:TW:6689,issuer:TW:6689,-,-,-,伊雲谷,L2,TWSE OpenAPI 上市公司基本資料（完整母集）,https://openapi.twse.com.tw/v1/opendata/t187ap03_L,2026-08-28,待核,l2:TWSE:6689,无,不适用,L2机械母集；未挂格,"四件套：URL=source_url；检索日=2026-08-28；命中引语=""公司代號 6689""；判定类别=L2机械母集/待人工裁决。原始出表日期=1150827；完整发行人母集不推定PCB主营、中国大陆厂址或物理产能。"
cand:l2-twse-6691,issuer,issuer:TW:6691,issuer:TW:6691,-,-,-,洋基工程,L2,TWSE OpenAPI 上市公司基本資料（完整母集）,https://openapi.twse.com.tw/v1/opendata/t187ap03_L,2026-08-28,待核,l2:TWSE:6691,无,不适用,L2机械母集；未挂格,"四件套：URL=source_url；检索日=2026-08-28；命中引语=""公司代號 6691""；判定类别=L2机械母集/待人工裁决。原始出表日期=1150827；完整发行人母集不推定PCB主营、中国大陆厂址或物理产能。"
cand:l2-twse-6695,issuer,issuer:TW:6695,issuer:TW:6695,-,-,-,芯鼎,L2,TWSE OpenAPI 上市公司基本資料（完整母集）,https://openapi.twse.com.tw/v1/opendata/t187ap03_L,2026-08-28,待核,l2:TWSE:6695,无,不适用,L2机械母集；未挂格,"四件套：URL=source_url；检索日=2026-08-28；命中引语=""公司代號 6695""；判定类别=L2机械母集/待人工裁决。原始出表日期=1150827；完整发行人母集不推定PCB主营、中国大陆厂址或物理产能。"
cand:l2-twse-6698,issuer,issuer:TW:6698,issuer:TW:6698,-,-,-,旭暉應材,L2,TWSE OpenAPI 上市公司基本資料（完整母集）,https://openapi.twse.com.tw/v1/opendata/t187ap03_L,2026-08-28,待核,l2:TWSE:6698,无,不适用,L2机械母集；未挂格,"四件套：URL=source_url；检索日=2026-08-28；命中引语=""公司代號 6698""；判定类别=L2机械母集/待人工裁决。原始出表日期=1150827；完整发行人母集不推定PCB主营、中国大陆厂址或物理产能。"
cand:l2-twse-6706,issuer,issuer:TW:6706,issuer:TW:6706,-,-,-,惠特,L2,TWSE OpenAPI 上市公司基本資料（完整母集）,https://openapi.twse.com.tw/v1/opendata/t187ap03_L,2026-08-28,待核,l2:TWSE:6706,无,不适用,L2机械母集；未挂格,"四件套：URL=source_url；检索日=2026-08-28；命中引语=""公司代號 6706""；判定类别=L2机械母集/待人工裁决。原始出表日期=1150827；完整发行人母集不推定PCB主营、中国大陆厂址或物理产能。"
cand:l2-twse-6715,issuer,issuer:TW:6715,issuer:TW:6715,-,-,-,嘉基,L2,TWSE OpenAPI 上市公司基本資料（完整母集）,https://openapi.twse.com.tw/v1/opendata/t187ap03_L,2026-08-28,待核,l2:TWSE:6715,无,不适用,L2机械母集；未挂格,"四件套：URL=source_url；检索日=2026-08-28；命中引语=""公司代號 6715""；判定类别=L2机械母集/待人工裁决。原始出表日期=1150827；完整发行人母集不推定PCB主营、中国大陆厂址或物理产能。"
cand:l2-twse-6719,issuer,issuer:TW:6719,issuer:TW:6719,-,-,-,力智,L2,TWSE OpenAPI 上市公司基本資料（完整母集）,https://openapi.twse.com.tw/v1/opendata/t187ap03_L,2026-08-28,待核,l2:TWSE:6719,无,不适用,L2机械母集；未挂格,"四件套：URL=source_url；检索日=2026-08-28；命中引语=""公司代號 6719""；判定类别=L2机械母集/待人工裁决。原始出表日期=1150827；完整发行人母集不推定PCB主营、中国大陆厂址或物理产能。"
cand:l2-twse-6722,issuer,issuer:TW:6722,issuer:TW:6722,-,-,-,輝創,L2,TWSE OpenAPI 上市公司基本資料（完整母集）,https://openapi.twse.com.tw/v1/opendata/t187ap03_L,2026-08-28,待核,l2:TWSE:6722,无,不适用,L2机械母集；未挂格,"四件套：URL=source_url；检索日=2026-08-28；命中引语=""公司代號 6722""；判定类别=L2机械母集/待人工裁决。原始出表日期=1150827；完整发行人母集不推定PCB主营、中国大陆厂址或物理产能。"
cand:l2-twse-6742,issuer,issuer:TW:6742,issuer:TW:6742,-,-,-,澤米,L2,TWSE OpenAPI 上市公司基本資料（完整母集）,https://openapi.twse.com.tw/v1/opendata/t187ap03_L,2026-08-28,待核,l2:TWSE:6742,无,不适用,L2机械母集；未挂格,"四件套：URL=source_url；检索日=2026-08-28；命中引语=""公司代號 6742""；判定类别=L2机械母集/待人工裁决。原始出表日期=1150827；完整发行人母集不推定PCB主营、中国大陆厂址或物理产能。"
cand:l2-twse-6743,issuer,issuer:TW:6743,issuer:TW:6743,-,-,-,安普新,L2,TWSE OpenAPI 上市公司基本資料（完整母集）,https://openapi.twse.com.tw/v1/opendata/t187ap03_L,2026-08-28,待核,l2:TWSE:6743,无,不适用,L2机械母集；未挂格,"四件套：URL=source_url；检索日=2026-08-28；命中引语=""公司代號 6743""；判定类别=L2机械母集/待人工裁决。原始出表日期=1150827；完整发行人母集不推定PCB主营、中国大陆厂址或物理产能。"
cand:l2-twse-6753,issuer,issuer:TW:6753,issuer:TW:6753,-,-,-,龍德造船,L2,TWSE OpenAPI 上市公司基本資料（完整母集）,https://openapi.twse.com.tw/v1/opendata/t187ap03_L,2026-08-28,待核,l2:TWSE:6753,无,不适用,L2机械母集；未挂格,"四件套：URL=source_url；检索日=2026-08-28；命中引语=""公司代號 6753""；判定类别=L2机械母集/待人工裁决。原始出表日期=1150827；完整发行人母集不推定PCB主营、中国大陆厂址或物理产能。"
cand:l2-twse-6754,issuer,issuer:TW:6754,issuer:TW:6754,-,-,-,匯僑設計,L2,TWSE OpenAPI 上市公司基本資料（完整母集）,https://openapi.twse.com.tw/v1/opendata/t187ap03_L,2026-08-28,待核,l2:TWSE:6754,无,不适用,L2机械母集；未挂格,"四件套：URL=source_url；检索日=2026-08-28；命中引语=""公司代號 6754""；判定类别=L2机械母集/待人工裁决。原始出表日期=1150827；完整发行人母集不推定PCB主营、中国大陆厂址或物理产能。"
cand:l2-twse-6756,issuer,issuer:TW:6756,issuer:TW:6756,-,-,-,威鋒電子,L2,TWSE OpenAPI 上市公司基本資料（完整母集）,https://openapi.twse.com.tw/v1/opendata/t187ap03_L,2026-08-28,待核,l2:TWSE:6756,无,不适用,L2机械母集；未挂格,"四件套：URL=source_url；检索日=2026-08-28；命中引语=""公司代號 6756""；判定类别=L2机械母集/待人工裁决。原始出表日期=1150827；完整发行人母集不推定PCB主营、中国大陆厂址或物理产能。"
cand:l2-twse-6757,issuer,issuer:TW:6757,issuer:TW:6757,-,-,-,台灣虎航,L2,TWSE OpenAPI 上市公司基本資料（完整母集）,https://openapi.twse.com.tw/v1/opendata/t187ap03_L,2026-08-28,待核,l2:TWSE:6757,无,不适用,L2机械母集；未挂格,"四件套：URL=source_url；检索日=2026-08-28；命中引语=""公司代號 6757""；判定类别=L2机械母集/待人工裁决。原始出表日期=1150827；完整发行人母集不推定PCB主营、中国大陆厂址或物理产能。"
cand:l2-twse-6768,issuer,issuer:TW:6768,issuer:TW:6768,-,-,-,志強-KY,L2,TWSE OpenAPI 上市公司基本資料（完整母集）,https://openapi.twse.com.tw/v1/opendata/t187ap03_L,2026-08-28,待核,l2:TWSE:6768,无,不适用,L2机械母集；未挂格,"四件套：URL=source_url；检索日=2026-08-28；命中引语=""公司代號 6768""；判定类别=L2机械母集/待人工裁决。原始出表日期=1150827；完整发行人母集不推定PCB主营、中国大陆厂址或物理产能。"
cand:l2-twse-6770,issuer,issuer:TW:6770,issuer:TW:6770,-,-,-,力積電,L2,TWSE OpenAPI 上市公司基本資料（完整母集）,https://openapi.twse.com.tw/v1/opendata/t187ap03_L,2026-08-28,待核,l2:TWSE:6770,无,不适用,L2机械母集；未挂格,"四件套：URL=source_url；检索日=2026-08-28；命中引语=""公司代號 6770""；判定类别=L2机械母集/待人工裁决。原始出表日期=1150827；完整发行人母集不推定PCB主营、中国大陆厂址或物理产能。"
cand:l2-twse-6771,issuer,issuer:TW:6771,issuer:TW:6771,-,-,-,平和環保-創,L2,TWSE OpenAPI 上市公司基本資料（完整母集）,https://openapi.twse.com.tw/v1/opendata/t187ap03_L,2026-08-28,待核,l2:TWSE:6771,无,不适用,L2机械母集；未挂格,"四件套：URL=source_url；检索日=2026-08-28；命中引语=""公司代號 6771""；判定类别=L2机械母集/待人工裁决。原始出表日期=1150827；完整发行人母集不推定PCB主营、中国大陆厂址或物理产能。"
cand:l2-twse-6776,issuer,issuer:TW:6776,issuer:TW:6776,-,-,-,展碁國際,L2,TWSE OpenAPI 上市公司基本資料（完整母集）,https://openapi.twse.com.tw/v1/opendata/t187ap03_L,2026-08-28,待核,l2:TWSE:6776,无,不适用,L2机械母集；未挂格,"四件套：URL=source_url；检索日=2026-08-28；命中引语=""公司代號 6776""；判定类别=L2机械母集/待人工裁决。原始出表日期=1150827；完整发行人母集不推定PCB主营、中国大陆厂址或物理产能。"
cand:l2-twse-6781,issuer,issuer:TW:6781,issuer:TW:6781,-,-,-,AES-KY,L2,TWSE OpenAPI 上市公司基本資料（完整母集）,https://openapi.twse.com.tw/v1/opendata/t187ap03_L,2026-08-28,待核,l2:TWSE:6781,无,不适用,L2机械母集；未挂格,"四件套：URL=source_url；检索日=2026-08-28；命中引语=""公司代號 6781""；判定类别=L2机械母集/待人工裁决。原始出表日期=1150827；完整发行人母集不推定PCB主营、中国大陆厂址或物理产能。"
cand:l2-twse-6782,issuer,issuer:TW:6782,issuer:TW:6782,-,-,-,視陽,L2,TWSE OpenAPI 上市公司基本資料（完整母集）,https://openapi.twse.com.tw/v1/opendata/t187ap03_L,2026-08-28,待核,l2:TWSE:6782,无,不适用,L2机械母集；未挂格,"四件套：URL=source_url；检索日=2026-08-28；命中引语=""公司代號 6782""；判定类别=L2机械母集/待人工裁决。原始出表日期=1150827；完整发行人母集不推定PCB主营、中国大陆厂址或物理产能。"
cand:l2-twse-6789,issuer,issuer:TW:6789,issuer:TW:6789,-,-,-,采鈺,L2,TWSE OpenAPI 上市公司基本資料（完整母集）,https://openapi.twse.com.tw/v1/opendata/t187ap03_L,2026-08-28,待核,l2:TWSE:6789,无,不适用,L2机械母集；未挂格,"四件套：URL=source_url；检索日=2026-08-28；命中引语=""公司代號 6789""；判定类别=L2机械母集/待人工裁决。原始出表日期=1150827；完整发行人母集不推定PCB主营、中国大陆厂址或物理产能。"
cand:l2-twse-6790,issuer,issuer:TW:6790,issuer:TW:6790,-,-,-,永豐實,L2,TWSE OpenAPI 上市公司基本資料（完整母集）,https://openapi.twse.com.tw/v1/opendata/t187ap03_L,2026-08-28,待核,l2:TWSE:6790,无,不适用,L2机械母集；未挂格,"四件套：URL=source_url；检索日=2026-08-28；命中引语=""公司代號 6790""；判定类别=L2机械母集/待人工裁决。原始出表日期=1150827；完整发行人母集不推定PCB主营、中国大陆厂址或物理产能。"
cand:l2-twse-6792,issuer,issuer:TW:6792,issuer:TW:6792,-,-,-,詠業,L2,TWSE OpenAPI 上市公司基本資料（完整母集）,https://openapi.twse.com.tw/v1/opendata/t187ap03_L,2026-08-28,待核,l2:TWSE:6792,无,不适用,L2机械母集；未挂格,"四件套：URL=source_url；检索日=2026-08-28；命中引语=""公司代號 6792""；判定类别=L2机械母集/待人工裁决。原始出表日期=1150827；完整发行人母集不推定PCB主营、中国大陆厂址或物理产能。"
cand:l2-twse-6794,issuer,issuer:TW:6794,issuer:TW:6794,-,-,-,向榮生技,L2,TWSE OpenAPI 上市公司基本資料（完整母集）,https://openapi.twse.com.tw/v1/opendata/t187ap03_L,2026-08-28,待核,l2:TWSE:6794,无,不适用,L2机械母集；未挂格,"四件套：URL=source_url；检索日=2026-08-28；命中引语=""公司代號 6794""；判定类别=L2机械母集/待人工裁决。原始出表日期=1150827；完整发行人母集不推定PCB主营、中国大陆厂址或物理产能。"
cand:l2-twse-6796,issuer,issuer:TW:6796,issuer:TW:6796,-,-,-,晉弘,L2,TWSE OpenAPI 上市公司基本資料（完整母集）,https://openapi.twse.com.tw/v1/opendata/t187ap03_L,2026-08-28,待核,l2:TWSE:6796,无,不适用,L2机械母集；未挂格,"四件套：URL=source_url；检索日=2026-08-28；命中引语=""公司代號 6796""；判定类别=L2机械母集/待人工裁决。原始出表日期=1150827；完整发行人母集不推定PCB主营、中国大陆厂址或物理产能。"
cand:l2-twse-6799,issuer,issuer:TW:6799,issuer:TW:6799,-,-,-,來頡,L2,TWSE OpenAPI 上市公司基本資料（完整母集）,https://openapi.twse.com.tw/v1/opendata/t187ap03_L,2026-08-28,待核,l2:TWSE:6799,无,不适用,L2机械母集；未挂格,"四件套：URL=source_url；检索日=2026-08-28；命中引语=""公司代號 6799""；判定类别=L2机械母集/待人工裁决。原始出表日期=1150827；完整发行人母集不推定PCB主营、中国大陆厂址或物理产能。"
cand:l2-twse-6805,issuer,issuer:TW:6805,issuer:TW:6805,-,-,-,富世達,L2,TWSE OpenAPI 上市公司基本資料（完整母集）,https://openapi.twse.com.tw/v1/opendata/t187ap03_L,2026-08-28,待核,l2:TWSE:6805,无,不适用,L2机械母集；未挂格,"四件套：URL=source_url；检索日=2026-08-28；命中引语=""公司代號 6805""；判定类别=L2机械母集/待人工裁决。原始出表日期=1150827；完整发行人母集不推定PCB主营、中国大陆厂址或物理产能。"
cand:l2-twse-6807,issuer,issuer:TW:6807,issuer:TW:6807,-,-,-,峰源-KY,L2,TWSE OpenAPI 上市公司基本資料（完整母集）,https://openapi.twse.com.tw/v1/opendata/t187ap03_L,2026-08-28,待核,l2:TWSE:6807,无,不适用,L2机械母集；未挂格,"四件套：URL=source_url；检索日=2026-08-28；命中引语=""公司代號 6807""；判定类别=L2机械母集/待人工裁决。原始出表日期=1150827；完整发行人母集不推定PCB主营、中国大陆厂址或物理产能。"
cand:l2-twse-6830,issuer,issuer:TW:6830,issuer:TW:6830,-,-,-,汎銓,L2,TWSE OpenAPI 上市公司基本資料（完整母集）,https://openapi.twse.com.tw/v1/opendata/t187ap03_L,2026-08-28,待核,l2:TWSE:6830,无,不适用,L2机械母集；未挂格,"四件套：URL=source_url；检索日=2026-08-28；命中引语=""公司代號 6830""；判定类别=L2机械母集/待人工裁决。原始出表日期=1150827；完整发行人母集不推定PCB主营、中国大陆厂址或物理产能。"
cand:l2-twse-6831,issuer,issuer:TW:6831,issuer:TW:6831,-,-,-,邁科,L2,TWSE OpenAPI 上市公司基本資料（完整母集）,https://openapi.twse.com.tw/v1/opendata/t187ap03_L,2026-08-28,待核,l2:TWSE:6831,无,不适用,L2机械母集；未挂格,"四件套：URL=source_url；检索日=2026-08-28；命中引语=""公司代號 6831""；判定类别=L2机械母集/待人工裁决。原始出表日期=1150827；完整发行人母集不推定PCB主营、中国大陆厂址或物理产能。"
cand:l2-twse-6834,issuer,issuer:TW:6834,issuer:TW:6834,-,-,-,天二科技,L2,TWSE OpenAPI 上市公司基本資料（完整母集）,https://openapi.twse.com.tw/v1/opendata/t187ap03_L,2026-08-28,待核,l2:TWSE:6834,无,不适用,L2机械母集；未挂格,"四件套：URL=source_url；检索日=2026-08-28；命中引语=""公司代號 6834""；判定类别=L2机械母集/待人工裁决。原始出表日期=1150827；完整发行人母集不推定PCB主营、中国大陆厂址或物理产能。"
cand:l2-twse-6835,issuer,issuer:TW:6835,issuer:TW:6835,-,-,-,圓裕,L2,TWSE OpenAPI 上市公司基本資料（完整母集）,https://openapi.twse.com.tw/v1/opendata/t187ap03_L,2026-08-28,待核,l2:TWSE:6835,无,不适用,L2机械母集；未挂格,"四件套：URL=source_url；检索日=2026-08-28；命中引语=""公司代號 6835""；判定类别=L2机械母集/待人工裁决。原始出表日期=1150827；完整发行人母集不推定PCB主营、中国大陆厂址或物理产能。"
cand:l2-twse-6838,issuer,issuer:TW:6838,issuer:TW:6838,-,-,-,台新藥,L2,TWSE OpenAPI 上市公司基本資料（完整母集）,https://openapi.twse.com.tw/v1/opendata/t187ap03_L,2026-08-28,待核,l2:TWSE:6838,无,不适用,L2机械母集；未挂格,"四件套：URL=source_url；检索日=2026-08-28；命中引语=""公司代號 6838""；判定类别=L2机械母集/待人工裁决。原始出表日期=1150827；完整发行人母集不推定PCB主营、中国大陆厂址或物理产能。"
cand:l2-twse-6854,issuer,issuer:TW:6854,issuer:TW:6854,-,-,-,錼創科技-KY創,L2,TWSE OpenAPI 上市公司基本資料（完整母集）,https://openapi.twse.com.tw/v1/opendata/t187ap03_L,2026-08-28,待核,l2:TWSE:6854,无,不适用,L2机械母集；未挂格,"四件套：URL=source_url；检索日=2026-08-28；命中引语=""公司代號 6854""；判定类别=L2机械母集/待人工裁决。原始出表日期=1150827；完整发行人母集不推定PCB主营、中国大陆厂址或物理产能。"
cand:l2-twse-6861,issuer,issuer:TW:6861,issuer:TW:6861,-,-,-,睿生光電,L2,TWSE OpenAPI 上市公司基本資料（完整母集）,https://openapi.twse.com.tw/v1/opendata/t187ap03_L,2026-08-28,待核,l2:TWSE:6861,无,不适用,L2机械母集；未挂格,"四件套：URL=source_url；检索日=2026-08-28；命中引语=""公司代號 6861""；判定类别=L2机械母集/待人工裁决。原始出表日期=1150827；完整发行人母集不推定PCB主营、中国大陆厂址或物理产能。"
cand:l2-twse-6862,issuer,issuer:TW:6862,issuer:TW:6862,-,-,-,三集瑞-KY,L2,TWSE OpenAPI 上市公司基本資料（完整母集）,https://openapi.twse.com.tw/v1/opendata/t187ap03_L,2026-08-28,待核,l2:TWSE:6862,无,不适用,L2机械母集；未挂格,"四件套：URL=source_url；检索日=2026-08-28；命中引语=""公司代號 6862""；判定类别=L2机械母集/待人工裁决。原始出表日期=1150827；完整发行人母集不推定PCB主营、中国大陆厂址或物理产能。"
cand:l2-twse-6863,issuer,issuer:TW:6863,issuer:TW:6863,-,-,-,永道-KY,L2,TWSE OpenAPI 上市公司基本資料（完整母集）,https://openapi.twse.com.tw/v1/opendata/t187ap03_L,2026-08-28,待核,l2:TWSE:6863,无,不适用,L2机械母集；未挂格,"四件套：URL=source_url；检索日=2026-08-28；命中引语=""公司代號 6863""；判定类别=L2机械母集/待人工裁决。原始出表日期=1150827；完整发行人母集不推定PCB主营、中国大陆厂址或物理产能。"
cand:l2-twse-6869,issuer,issuer:TW:6869,issuer:TW:6869,-,-,-,雲豹能源,L2,TWSE OpenAPI 上市公司基本資料（完整母集）,https://openapi.twse.com.tw/v1/opendata/t187ap03_L,2026-08-28,待核,l2:TWSE:6869,无,不适用,L2机械母集；未挂格,"四件套：URL=source_url；检索日=2026-08-28；命中引语=""公司代號 6869""；判定类别=L2机械母集/待人工裁决。原始出表日期=1150827；完整发行人母集不推定PCB主营、中国大陆厂址或物理产能。"
cand:l2-twse-6873,issuer,issuer:TW:6873,issuer:TW:6873,-,-,-,泓德能源,L2,TWSE OpenAPI 上市公司基本資料（完整母集）,https://openapi.twse.com.tw/v1/opendata/t187ap03_L,2026-08-28,待核,l2:TWSE:6873,无,不适用,L2机械母集；未挂格,"四件套：URL=source_url；检索日=2026-08-28；命中引语=""公司代號 6873""；判定类别=L2机械母集/待人工裁决。原始出表日期=1150827；完整发行人母集不推定PCB主营、中国大陆厂址或物理产能。"
cand:l2-twse-6885,issuer,issuer:TW:6885,issuer:TW:6885,-,-,-,全福生技,L2,TWSE OpenAPI 上市公司基本資料（完整母集）,https://openapi.twse.com.tw/v1/opendata/t187ap03_L,2026-08-28,待核,l2:TWSE:6885,无,不适用,L2机械母集；未挂格,"四件套：URL=source_url；检索日=2026-08-28；命中引语=""公司代號 6885""；判定类别=L2机械母集/待人工裁决。原始出表日期=1150827；完整发行人母集不推定PCB主营、中国大陆厂址或物理产能。"
cand:l2-twse-6887,issuer,issuer:TW:6887,issuer:TW:6887,-,-,-,寶綠特-KY,L2,TWSE OpenAPI 上市公司基本資料（完整母集）,https://openapi.twse.com.tw/v1/opendata/t187ap03_L,2026-08-28,待核,l2:TWSE:6887,无,不适用,L2机械母集；未挂格,"四件套：URL=source_url；检索日=2026-08-28；命中引语=""公司代號 6887""；判定类别=L2机械母集/待人工裁决。原始出表日期=1150827；完整发行人母集不推定PCB主营、中国大陆厂址或物理产能。"
cand:l2-twse-6890,issuer,issuer:TW:6890,issuer:TW:6890,-,-,-,來億-KY,L2,TWSE OpenAPI 上市公司基本資料（完整母集）,https://openapi.twse.com.tw/v1/opendata/t187ap03_L,2026-08-28,待核,l2:TWSE:6890,无,不适用,L2机械母集；未挂格,"四件套：URL=source_url；检索日=2026-08-28；命中引语=""公司代號 6890""；判定类别=L2机械母集/待人工裁决。原始出表日期=1150827；完整发行人母集不推定PCB主营、中国大陆厂址或物理产能。"
cand:l2-twse-6901,issuer,issuer:TW:6901,issuer:TW:6901,-,-,-,鑽石投資,L2,TWSE OpenAPI 上市公司基本資料（完整母集）,https://openapi.twse.com.tw/v1/opendata/t187ap03_L,2026-08-28,待核,l2:TWSE:6901,无,不适用,L2机械母集；未挂格,"四件套：URL=source_url；检索日=2026-08-28；命中引语=""公司代號 6901""；判定类别=L2机械母集/待人工裁决。原始出表日期=1150827；完整发行人母集不推定PCB主营、中国大陆厂址或物理产能。"
cand:l2-twse-6902,issuer,issuer:TW:6902,issuer:TW:6902,-,-,-,GOGOLOOK,L2,TWSE OpenAPI 上市公司基本資料（完整母集）,https://openapi.twse.com.tw/v1/opendata/t187ap03_L,2026-08-28,待核,l2:TWSE:6902,无,不适用,L2机械母集；未挂格,"四件套：URL=source_url；检索日=2026-08-28；命中引语=""公司代號 6902""；判定类别=L2机械母集/待人工裁决。原始出表日期=1150827；完整发行人母集不推定PCB主营、中国大陆厂址或物理产能。"
cand:l2-twse-6906,issuer,issuer:TW:6906,issuer:TW:6906,-,-,-,現觀科,L2,TWSE OpenAPI 上市公司基本資料（完整母集）,https://openapi.twse.com.tw/v1/opendata/t187ap03_L,2026-08-28,待核,l2:TWSE:6906,无,不适用,L2机械母集；未挂格,"四件套：URL=source_url；检索日=2026-08-28；命中引语=""公司代號 6906""；判定类别=L2机械母集/待人工裁决。原始出表日期=1150827；完整发行人母集不推定PCB主营、中国大陆厂址或物理产能。"
cand:l2-twse-6908,issuer,issuer:TW:6908,issuer:TW:6908,-,-,-,宏碁遊戲-創,L2,TWSE OpenAPI 上市公司基本資料（完整母集）,https://openapi.twse.com.tw/v1/opendata/t187ap03_L,2026-08-28,待核,l2:TWSE:6908,无,不适用,L2机械母集；未挂格,"四件套：URL=source_url；检索日=2026-08-28；命中引语=""公司代號 6908""；判定类别=L2机械母集/待人工裁决。原始出表日期=1150827；完整发行人母集不推定PCB主营、中国大陆厂址或物理产能。"
cand:l2-twse-6909,issuer,issuer:TW:6909,issuer:TW:6909,-,-,-,創控,L2,TWSE OpenAPI 上市公司基本資料（完整母集）,https://openapi.twse.com.tw/v1/opendata/t187ap03_L,2026-08-28,待核,l2:TWSE:6909,无,不适用,L2机械母集；未挂格,"四件套：URL=source_url；检索日=2026-08-28；命中引语=""公司代號 6909""；判定类别=L2机械母集/待人工裁决。原始出表日期=1150827；完整发行人母集不推定PCB主营、中国大陆厂址或物理产能。"
cand:l2-twse-6914,issuer,issuer:TW:6914,issuer:TW:6914,-,-,-,阜爾運通,L2,TWSE OpenAPI 上市公司基本資料（完整母集）,https://openapi.twse.com.tw/v1/opendata/t187ap03_L,2026-08-28,待核,l2:TWSE:6914,无,不适用,L2机械母集；未挂格,"四件套：URL=source_url；检索日=2026-08-28；命中引语=""公司代號 6914""；判定类别=L2机械母集/待人工裁决。原始出表日期=1150827；完整发行人母集不推定PCB主营、中国大陆厂址或物理产能。"
cand:l2-twse-6916,issuer,issuer:TW:6916,issuer:TW:6916,-,-,-,華凌,L2,TWSE OpenAPI 上市公司基本資料（完整母集）,https://openapi.twse.com.tw/v1/opendata/t187ap03_L,2026-08-28,待核,l2:TWSE:6916,无,不适用,L2机械母集；未挂格,"四件套：URL=source_url；检索日=2026-08-28；命中引语=""公司代號 6916""；判定类别=L2机械母集/待人工裁决。原始出表日期=1150827；完整发行人母集不推定PCB主营、中国大陆厂址或物理产能。"
cand:l2-twse-6918,issuer,issuer:TW:6918,issuer:TW:6918,-,-,-,愛派司,L2,TWSE OpenAPI 上市公司基本資料（完整母集）,https://openapi.twse.com.tw/v1/opendata/t187ap03_L,2026-08-28,待核,l2:TWSE:6918,无,不适用,L2机械母集；未挂格,"四件套：URL=source_url；检索日=2026-08-28；命中引语=""公司代號 6918""；判定类别=L2机械母集/待人工裁决。原始出表日期=1150827；完整发行人母集不推定PCB主营、中国大陆厂址或物理产能。"
cand:l2-twse-6919,issuer,issuer:TW:6919,issuer:TW:6919,-,-,-,康霈*,L2,TWSE OpenAPI 上市公司基本資料（完整母集）,https://openapi.twse.com.tw/v1/opendata/t187ap03_L,2026-08-28,待核,l2:TWSE:6919,无,不适用,L2机械母集；未挂格,"四件套：URL=source_url；检索日=2026-08-28；命中引语=""公司代號 6919""；判定类别=L2机械母集/待人工裁决。原始出表日期=1150827；完整发行人母集不推定PCB主营、中国大陆厂址或物理产能。"
cand:l2-twse-6921,issuer,issuer:TW:6921,issuer:TW:6921,-,-,-,嘉雨思-創,L2,TWSE OpenAPI 上市公司基本資料（完整母集）,https://openapi.twse.com.tw/v1/opendata/t187ap03_L,2026-08-28,待核,l2:TWSE:6921,无,不适用,L2机械母集；未挂格,"四件套：URL=source_url；检索日=2026-08-28；命中引语=""公司代號 6921""；判定类别=L2机械母集/待人工裁决。原始出表日期=1150827；完整发行人母集不推定PCB主营、中国大陆厂址或物理产能。"
cand:l2-twse-6923,issuer,issuer:TW:6923,issuer:TW:6923,-,-,-,中台,L2,TWSE OpenAPI 上市公司基本資料（完整母集）,https://openapi.twse.com.tw/v1/opendata/t187ap03_L,2026-08-28,待核,l2:TWSE:6923,无,不适用,L2机械母集；未挂格,"四件套：URL=source_url；检索日=2026-08-28；命中引语=""公司代號 6923""；判定类别=L2机械母集/待人工裁决。原始出表日期=1150827；完整发行人母集不推定PCB主营、中国大陆厂址或物理产能。"
cand:l2-twse-6924,issuer,issuer:TW:6924,issuer:TW:6924,-,-,-,榮惠-KY創,L2,TWSE OpenAPI 上市公司基本資料（完整母集）,https://openapi.twse.com.tw/v1/opendata/t187ap03_L,2026-08-28,待核,l2:TWSE:6924,无,不适用,L2机械母集；未挂格,"四件套：URL=source_url；检索日=2026-08-28；命中引语=""公司代號 6924""；判定类别=L2机械母集/待人工裁决。原始出表日期=1150827；完整发行人母集不推定PCB主营、中国大陆厂址或物理产能。"
cand:l2-twse-6928,issuer,issuer:TW:6928,issuer:TW:6928,-,-,-,攸泰科技,L2,TWSE OpenAPI 上市公司基本資料（完整母集）,https://openapi.twse.com.tw/v1/opendata/t187ap03_L,2026-08-28,待核,l2:TWSE:6928,无,不适用,L2机械母集；未挂格,"四件套：URL=source_url；检索日=2026-08-28；命中引语=""公司代號 6928""；判定类别=L2机械母集/待人工裁决。原始出表日期=1150827；完整发行人母集不推定PCB主营、中国大陆厂址或物理产能。"
cand:l2-twse-6931,issuer,issuer:TW:6931,issuer:TW:6931,-,-,-,青松健康,L2,TWSE OpenAPI 上市公司基本資料（完整母集）,https://openapi.twse.com.tw/v1/opendata/t187ap03_L,2026-08-28,待核,l2:TWSE:6931,无,不适用,L2机械母集；未挂格,"四件套：URL=source_url；检索日=2026-08-28；命中引语=""公司代號 6931""；判定类别=L2机械母集/待人工裁决。原始出表日期=1150827；完整发行人母集不推定PCB主营、中国大陆厂址或物理产能。"
cand:l2-twse-6933,issuer,issuer:TW:6933,issuer:TW:6933,-,-,-,AMAX-KY,L2,TWSE OpenAPI 上市公司基本資料（完整母集）,https://openapi.twse.com.tw/v1/opendata/t187ap03_L,2026-08-28,待核,l2:TWSE:6933,无,不适用,L2机械母集；未挂格,"四件套：URL=source_url；检索日=2026-08-28；命中引语=""公司代號 6933""；判定类别=L2机械母集/待人工裁决。原始出表日期=1150827；完整发行人母集不推定PCB主营、中国大陆厂址或物理产能。"
cand:l2-twse-6934,issuer,issuer:TW:6934,issuer:TW:6934,-,-,-,心誠鎂,L2,TWSE OpenAPI 上市公司基本資料（完整母集）,https://openapi.twse.com.tw/v1/opendata/t187ap03_L,2026-08-28,待核,l2:TWSE:6934,无,不适用,L2机械母集；未挂格,"四件套：URL=source_url；检索日=2026-08-28；命中引语=""公司代號 6934""；判定类别=L2机械母集/待人工裁决。原始出表日期=1150827；完整发行人母集不推定PCB主营、中国大陆厂址或物理产能。"
cand:l2-twse-6936,issuer,issuer:TW:6936,issuer:TW:6936,-,-,-,永鴻生技,L2,TWSE OpenAPI 上市公司基本資料（完整母集）,https://openapi.twse.com.tw/v1/opendata/t187ap03_L,2026-08-28,待核,l2:TWSE:6936,无,不适用,L2机械母集；未挂格,"四件套：URL=source_url；检索日=2026-08-28；命中引语=""公司代號 6936""；判定类别=L2机械母集/待人工裁决。原始出表日期=1150827；完整发行人母集不推定PCB主营、中国大陆厂址或物理产能。"
cand:l2-twse-6937,issuer,issuer:TW:6937,issuer:TW:6937,-,-,-,天虹,L2,TWSE OpenAPI 上市公司基本資料（完整母集）,https://openapi.twse.com.tw/v1/opendata/t187ap03_L,2026-08-28,待核,l2:TWSE:6937,无,不适用,L2机械母集；未挂格,"四件套：URL=source_url；检索日=2026-08-28；命中引语=""公司代號 6937""；判定类别=L2机械母集/待人工裁决。原始出表日期=1150827；完整发行人母集不推定PCB主营、中国大陆厂址或物理产能。"
cand:l2-twse-6944,issuer,issuer:TW:6944,issuer:TW:6944,-,-,-,兆聯實業,L2,TWSE OpenAPI 上市公司基本資料（完整母集）,https://openapi.twse.com.tw/v1/opendata/t187ap03_L,2026-08-28,待核,l2:TWSE:6944,无,不适用,L2机械母集；未挂格,"四件套：URL=source_url；检索日=2026-08-28；命中引语=""公司代號 6944""；判定类别=L2机械母集/待人工裁决。原始出表日期=1150827；完整发行人母集不推定PCB主营、中国大陆厂址或物理产能。"
cand:l2-twse-6947,issuer,issuer:TW:6947,issuer:TW:6947,-,-,-,台鎔科技,L2,TWSE OpenAPI 上市公司基本資料（完整母集）,https://openapi.twse.com.tw/v1/opendata/t187ap03_L,2026-08-28,待核,l2:TWSE:6947,无,不适用,L2机械母集；未挂格,"四件套：URL=source_url；检索日=2026-08-28；命中引语=""公司代號 6947""；判定类别=L2机械母集/待人工裁决。原始出表日期=1150827；完整发行人母集不推定PCB主营、中国大陆厂址或物理产能。"
cand:l2-twse-6949,issuer,issuer:TW:6949,issuer:TW:6949,-,-,-,沛爾生醫-創,L2,TWSE OpenAPI 上市公司基本資料（完整母集）,https://openapi.twse.com.tw/v1/opendata/t187ap03_L,2026-08-28,待核,l2:TWSE:6949,无,不适用,L2机械母集；未挂格,"四件套：URL=source_url；检索日=2026-08-28；命中引语=""公司代號 6949""；判定类别=L2机械母集/待人工裁决。原始出表日期=1150827；完整发行人母集不推定PCB主营、中国大陆厂址或物理产能。"
cand:l2-twse-6951,issuer,issuer:TW:6951,issuer:TW:6951,-,-,-,青新-創,L2,TWSE OpenAPI 上市公司基本資料（完整母集）,https://openapi.twse.com.tw/v1/opendata/t187ap03_L,2026-08-28,待核,l2:TWSE:6951,无,不适用,L2机械母集；未挂格,"四件套：URL=source_url；检索日=2026-08-28；命中引语=""公司代號 6951""；判定类别=L2机械母集/待人工裁决。原始出表日期=1150827；完整发行人母集不推定PCB主营、中国大陆厂址或物理产能。"
cand:l2-twse-6952,issuer,issuer:TW:6952,issuer:TW:6952,-,-,-,大武山,L2,TWSE OpenAPI 上市公司基本資料（完整母集）,https://openapi.twse.com.tw/v1/opendata/t187ap03_L,2026-08-28,待核,l2:TWSE:6952,无,不适用,L2机械母集；未挂格,"四件套：URL=source_url；检索日=2026-08-28；命中引语=""公司代號 6952""；判定类别=L2机械母集/待人工裁决。原始出表日期=1150827；完整发行人母集不推定PCB主营、中国大陆厂址或物理产能。"
cand:l2-twse-6955,issuer,issuer:TW:6955,issuer:TW:6955,-,-,-,邦睿生技-創,L2,TWSE OpenAPI 上市公司基本資料（完整母集）,https://openapi.twse.com.tw/v1/opendata/t187ap03_L,2026-08-28,待核,l2:TWSE:6955,无,不适用,L2机械母集；未挂格,"四件套：URL=source_url；检索日=2026-08-28；命中引语=""公司代號 6955""；判定类别=L2机械母集/待人工裁决。原始出表日期=1150827；完整发行人母集不推定PCB主营、中国大陆厂址或物理产能。"
cand:l2-twse-6957,issuer,issuer:TW:6957,issuer:TW:6957,-,-,-,裕慶-KY,L2,TWSE OpenAPI 上市公司基本資料（完整母集）,https://openapi.twse.com.tw/v1/opendata/t187ap03_L,2026-08-28,待核,l2:TWSE:6957,无,不适用,L2机械母集；未挂格,"四件套：URL=source_url；检索日=2026-08-28；命中引语=""公司代號 6957""；判定类别=L2机械母集/待人工裁决。原始出表日期=1150827；完整发行人母集不推定PCB主营、中国大陆厂址或物理产能。"
cand:l2-twse-6958,issuer,issuer:TW:6958,issuer:TW:6958,-,-,-,日盛台駿,L2,TWSE OpenAPI 上市公司基本資料（完整母集）,https://openapi.twse.com.tw/v1/opendata/t187ap03_L,2026-08-28,待核,l2:TWSE:6958,无,不适用,L2机械母集；未挂格,"四件套：URL=source_url；检索日=2026-08-28；命中引语=""公司代號 6958""；判定类别=L2机械母集/待人工裁决。原始出表日期=1150827；完整发行人母集不推定PCB主营、中国大陆厂址或物理产能。"
cand:l2-twse-6962,issuer,issuer:TW:6962,issuer:TW:6962,-,-,-,奕力-KY,L2,TWSE OpenAPI 上市公司基本資料（完整母集）,https://openapi.twse.com.tw/v1/opendata/t187ap03_L,2026-08-28,待核,l2:TWSE:6962,无,不适用,L2机械母集；未挂格,"四件套：URL=source_url；检索日=2026-08-28；命中引语=""公司代號 6962""；判定类别=L2机械母集/待人工裁决。原始出表日期=1150827；完整发行人母集不推定PCB主营、中国大陆厂址或物理产能。"
cand:l2-twse-6965,issuer,issuer:TW:6965,issuer:TW:6965,-,-,-,中傑-KY,L2,TWSE OpenAPI 上市公司基本資料（完整母集）,https://openapi.twse.com.tw/v1/opendata/t187ap03_L,2026-08-28,待核,l2:TWSE:6965,无,不适用,L2机械母集；未挂格,"四件套：URL=source_url；检索日=2026-08-28；命中引语=""公司代號 6965""；判定类别=L2机械母集/待人工裁决。原始出表日期=1150827；完整发行人母集不推定PCB主营、中国大陆厂址或物理产能。"
cand:l2-twse-6969,issuer,issuer:TW:6969,issuer:TW:6969,-,-,-,成信實業*-創,L2,TWSE OpenAPI 上市公司基本資料（完整母集）,https://openapi.twse.com.tw/v1/opendata/t187ap03_L,2026-08-28,待核,l2:TWSE:6969,无,不适用,L2机械母集；未挂格,"四件套：URL=source_url；检索日=2026-08-28；命中引语=""公司代號 6969""；判定类别=L2机械母集/待人工裁决。原始出表日期=1150827；完整发行人母集不推定PCB主营、中国大陆厂址或物理产能。"
cand:l2-twse-6988,issuer,issuer:TW:6988,issuer:TW:6988,-,-,-,威力暘-創,L2,TWSE OpenAPI 上市公司基本資料（完整母集）,https://openapi.twse.com.tw/v1/opendata/t187ap03_L,2026-08-28,待核,l2:TWSE:6988,无,不适用,L2机械母集；未挂格,"四件套：URL=source_url；检索日=2026-08-28；命中引语=""公司代號 6988""；判定类别=L2机械母集/待人工裁决。原始出表日期=1150827；完整发行人母集不推定PCB主营、中国大陆厂址或物理产能。"
cand:l2-twse-6994,issuer,issuer:TW:6994,issuer:TW:6994,-,-,-,富威電力,L2,TWSE OpenAPI 上市公司基本資料（完整母集）,https://openapi.twse.com.tw/v1/opendata/t187ap03_L,2026-08-28,待核,l2:TWSE:6994,无,不适用,L2机械母集；未挂格,"四件套：URL=source_url；检索日=2026-08-28；命中引语=""公司代號 6994""；判定类别=L2机械母集/待人工裁决。原始出表日期=1150827；完整发行人母集不推定PCB主营、中国大陆厂址或物理产能。"
cand:l2-twse-7610,issuer,issuer:TW:7610,issuer:TW:7610,-,-,-,聯友金屬-創,L2,TWSE OpenAPI 上市公司基本資料（完整母集）,https://openapi.twse.com.tw/v1/opendata/t187ap03_L,2026-08-28,待核,l2:TWSE:7610,无,不适用,L2机械母集；未挂格,"四件套：URL=source_url；检索日=2026-08-28；命中引语=""公司代號 7610""；判定类别=L2机械母集/待人工裁决。原始出表日期=1150827；完整发行人母集不推定PCB主营、中国大陆厂址或物理产能。"
cand:l2-twse-7631,issuer,issuer:TW:7631,issuer:TW:7631,-,-,-,聚賢研發-創,L2,TWSE OpenAPI 上市公司基本資料（完整母集）,https://openapi.twse.com.tw/v1/opendata/t187ap03_L,2026-08-28,待核,l2:TWSE:7631,无,不适用,L2机械母集；未挂格,"四件套：URL=source_url；检索日=2026-08-28；命中引语=""公司代號 7631""；判定类别=L2机械母集/待人工裁决。原始出表日期=1150827；完整发行人母集不推定PCB主营、中国大陆厂址或物理产能。"
cand:l2-twse-7689,issuer,issuer:TW:7689,issuer:TW:7689,-,-,-,大鵬科CLMX,L2,TWSE OpenAPI 上市公司基本資料（完整母集）,https://openapi.twse.com.tw/v1/opendata/t187ap03_L,2026-08-28,待核,l2:TWSE:7689,无,不适用,L2机械母集；未挂格,"四件套：URL=source_url；检索日=2026-08-28；命中引语=""公司代號 7689""；判定类别=L2机械母集/待人工裁决。原始出表日期=1150827；完整发行人母集不推定PCB主营、中国大陆厂址或物理产能。"
cand:l2-twse-7705,issuer,issuer:TW:7705,issuer:TW:7705,-,-,-,三商餐飲,L2,TWSE OpenAPI 上市公司基本資料（完整母集）,https://openapi.twse.com.tw/v1/opendata/t187ap03_L,2026-08-28,待核,l2:TWSE:7705,无,不适用,L2机械母集；未挂格,"四件套：URL=source_url；检索日=2026-08-28；命中引语=""公司代號 7705""；判定类别=L2机械母集/待人工裁决。原始出表日期=1150827；完整发行人母集不推定PCB主营、中国大陆厂址或物理产能。"
cand:l2-twse-7711,issuer,issuer:TW:7711,issuer:TW:7711,-,-,-,永擎,L2,TWSE OpenAPI 上市公司基本資料（完整母集）,https://openapi.twse.com.tw/v1/opendata/t187ap03_L,2026-08-28,待核,l2:TWSE:7711,无,不适用,L2机械母集；未挂格,"四件套：URL=source_url；检索日=2026-08-28；命中引语=""公司代號 7711""；判定类别=L2机械母集/待人工裁决。原始出表日期=1150827；完整发行人母集不推定PCB主营、中国大陆厂址或物理产能。"
cand:l2-twse-7721,issuer,issuer:TW:7721,issuer:TW:7721,-,-,-,微程式,L2,TWSE OpenAPI 上市公司基本資料（完整母集）,https://openapi.twse.com.tw/v1/opendata/t187ap03_L,2026-08-28,待核,l2:TWSE:7721,无,不适用,L2机械母集；未挂格,"四件套：URL=source_url；检索日=2026-08-28；命中引语=""公司代號 7721""；判定类别=L2机械母集/待人工裁决。原始出表日期=1150827；完整发行人母集不推定PCB主营、中国大陆厂址或物理产能。"
cand:l2-twse-7722,issuer,issuer:TW:7722,issuer:TW:7722,-,-,-,LINEPAY,L2,TWSE OpenAPI 上市公司基本資料（完整母集）,https://openapi.twse.com.tw/v1/opendata/t187ap03_L,2026-08-28,待核,l2:TWSE:7722,无,不适用,L2机械母集；未挂格,"四件套：URL=source_url；检索日=2026-08-28；命中引语=""公司代號 7722""；判定类别=L2机械母集/待人工裁决。原始出表日期=1150827；完整发行人母集不推定PCB主营、中国大陆厂址或物理产能。"
cand:l2-twse-7730,issuer,issuer:TW:7730,issuer:TW:7730,-,-,-,暉盛-創,L2,TWSE OpenAPI 上市公司基本資料（完整母集）,https://openapi.twse.com.tw/v1/opendata/t187ap03_L,2026-08-28,待核,l2:TWSE:7730,无,不适用,L2机械母集；未挂格,"四件套：URL=source_url；检索日=2026-08-28；命中引语=""公司代號 7730""；判定类别=L2机械母集/待人工裁决。原始出表日期=1150827；完整发行人母集不推定PCB主营、中国大陆厂址或物理产能。"
cand:l2-twse-7732,issuer,issuer:TW:7732,issuer:TW:7732,-,-,-,金興精密,L2,TWSE OpenAPI 上市公司基本資料（完整母集）,https://openapi.twse.com.tw/v1/opendata/t187ap03_L,2026-08-28,待核,l2:TWSE:7732,无,不适用,L2机械母集；未挂格,"四件套：URL=source_url；检索日=2026-08-28；命中引语=""公司代號 7732""；判定类别=L2机械母集/待人工裁决。原始出表日期=1150827；完整发行人母集不推定PCB主营、中国大陆厂址或物理产能。"
cand:l2-twse-7736,issuer,issuer:TW:7736,issuer:TW:7736,-,-,-,虎山,L2,TWSE OpenAPI 上市公司基本資料（完整母集）,https://openapi.twse.com.tw/v1/opendata/t187ap03_L,2026-08-28,待核,l2:TWSE:7736,无,不适用,L2机械母集；未挂格,"四件套：URL=source_url；检索日=2026-08-28；命中引语=""公司代號 7736""；判定类别=L2机械母集/待人工裁决。原始出表日期=1150827；完整发行人母集不推定PCB主营、中国大陆厂址或物理产能。"
cand:l2-twse-7740,issuer,issuer:TW:7740,issuer:TW:7740,-,-,-,熙特爾-創,L2,TWSE OpenAPI 上市公司基本資料（完整母集）,https://openapi.twse.com.tw/v1/opendata/t187ap03_L,2026-08-28,待核,l2:TWSE:7740,无,不适用,L2机械母集；未挂格,"四件套：URL=source_url；检索日=2026-08-28；命中引语=""公司代號 7740""；判定类别=L2机械母集/待人工裁决。原始出表日期=1150827；完整发行人母集不推定PCB主营、中国大陆厂址或物理产能。"
cand:l2-twse-7749,issuer,issuer:TW:7749,issuer:TW:7749,-,-,-,意騰-KY,L2,TWSE OpenAPI 上市公司基本資料（完整母集）,https://openapi.twse.com.tw/v1/opendata/t187ap03_L,2026-08-28,待核,l2:TWSE:7749,无,不适用,L2机械母集；未挂格,"四件套：URL=source_url；检索日=2026-08-28；命中引语=""公司代號 7749""；判定类别=L2机械母集/待人工裁决。原始出表日期=1150827；完整发行人母集不推定PCB主营、中国大陆厂址或物理产能。"
cand:l2-twse-7750,issuer,issuer:TW:7750,issuer:TW:7750,-,-,-,新代,L2,TWSE OpenAPI 上市公司基本資料（完整母集）,https://openapi.twse.com.tw/v1/opendata/t187ap03_L,2026-08-28,待核,l2:TWSE:7750,无,不适用,L2机械母集；未挂格,"四件套：URL=source_url；检索日=2026-08-28；命中引语=""公司代號 7750""；判定类别=L2机械母集/待人工裁决。原始出表日期=1150827；完整发行人母集不推定PCB主营、中国大陆厂址或物理产能。"
cand:l2-twse-7760,issuer,issuer:TW:7760,issuer:TW:7760,-,-,-,享溫馨,L2,TWSE OpenAPI 上市公司基本資料（完整母集）,https://openapi.twse.com.tw/v1/opendata/t187ap03_L,2026-08-28,待核,l2:TWSE:7760,无,不适用,L2机械母集；未挂格,"四件套：URL=source_url；检索日=2026-08-28；命中引语=""公司代號 7760""；判定类别=L2机械母集/待人工裁决。原始出表日期=1150827；完整发行人母集不推定PCB主营、中国大陆厂址或物理产能。"
cand:l2-twse-7765,issuer,issuer:TW:7765,issuer:TW:7765,-,-,-,中華資安,L2,TWSE OpenAPI 上市公司基本資料（完整母集）,https://openapi.twse.com.tw/v1/opendata/t187ap03_L,2026-08-28,待核,l2:TWSE:7765,无,不适用,L2机械母集；未挂格,"四件套：URL=source_url；检索日=2026-08-28；命中引语=""公司代號 7765""；判定类别=L2机械母集/待人工裁决。原始出表日期=1150827；完整发行人母集不推定PCB主营、中国大陆厂址或物理产能。"
cand:l2-twse-7768,issuer,issuer:TW:7768,issuer:TW:7768,-,-,-,頌勝科技,L2,TWSE OpenAPI 上市公司基本資料（完整母集）,https://openapi.twse.com.tw/v1/opendata/t187ap03_L,2026-08-28,待核,l2:TWSE:7768,无,不适用,L2机械母集；未挂格,"四件套：URL=source_url；检索日=2026-08-28；命中引语=""公司代號 7768""；判定类别=L2机械母集/待人工裁决。原始出表日期=1150827；完整发行人母集不推定PCB主营、中国大陆厂址或物理产能。"
cand:l2-twse-7769,issuer,issuer:TW:7769,issuer:TW:7769,-,-,-,鴻勁,L2,TWSE OpenAPI 上市公司基本資料（完整母集）,https://openapi.twse.com.tw/v1/opendata/t187ap03_L,2026-08-28,待核,l2:TWSE:7769,无,不适用,L2机械母集；未挂格,"四件套：URL=source_url；检索日=2026-08-28；命中引语=""公司代號 7769""；判定类别=L2机械母集/待人工裁决。原始出表日期=1150827；完整发行人母集不推定PCB主营、中国大陆厂址或物理产能。"
cand:l2-twse-7780,issuer,issuer:TW:7780,issuer:TW:7780,-,-,-,大研生醫*,L2,TWSE OpenAPI 上市公司基本資料（完整母集）,https://openapi.twse.com.tw/v1/opendata/t187ap03_L,2026-08-28,待核,l2:TWSE:7780,无,不适用,L2机械母集；未挂格,"四件套：URL=source_url；检索日=2026-08-28；命中引语=""公司代號 7780""；判定类别=L2机械母集/待人工裁决。原始出表日期=1150827；完整发行人母集不推定PCB主营、中国大陆厂址或物理产能。"
cand:l2-twse-7786,issuer,issuer:TW:7786,issuer:TW:7786,-,-,-,東方風能,L2,TWSE OpenAPI 上市公司基本資料（完整母集）,https://openapi.twse.com.tw/v1/opendata/t187ap03_L,2026-08-28,待核,l2:TWSE:7786,无,不适用,L2机械母集；未挂格,"四件套：URL=source_url；检索日=2026-08-28；命中引语=""公司代號 7786""；判定类别=L2机械母集/待人工裁决。原始出表日期=1150827；完整发行人母集不推定PCB主营、中国大陆厂址或物理产能。"
cand:l2-twse-7788,issuer,issuer:TW:7788,issuer:TW:7788,-,-,-,松川精密,L2,TWSE OpenAPI 上市公司基本資料（完整母集）,https://openapi.twse.com.tw/v1/opendata/t187ap03_L,2026-08-28,待核,l2:TWSE:7788,无,不适用,L2机械母集；未挂格,"四件套：URL=source_url；检索日=2026-08-28；命中引语=""公司代號 7788""；判定类别=L2机械母集/待人工裁决。原始出表日期=1150827；完整发行人母集不推定PCB主营、中国大陆厂址或物理产能。"
cand:l2-twse-7791,issuer,issuer:TW:7791,issuer:TW:7791,-,-,-,皇家可口,L2,TWSE OpenAPI 上市公司基本資料（完整母集）,https://openapi.twse.com.tw/v1/opendata/t187ap03_L,2026-08-28,待核,l2:TWSE:7791,无,不适用,L2机械母集；未挂格,"四件套：URL=source_url；检索日=2026-08-28；命中引语=""公司代號 7791""；判定类别=L2机械母集/待人工裁决。原始出表日期=1150827；完整发行人母集不推定PCB主营、中国大陆厂址或物理产能。"
cand:l2-twse-7795,issuer,issuer:TW:7795,issuer:TW:7795,-,-,-,長廣,L2,TWSE OpenAPI 上市公司基本資料（完整母集）,https://openapi.twse.com.tw/v1/opendata/t187ap03_L,2026-08-28,待核,l2:TWSE:7795,无,不适用,L2机械母集；未挂格,"四件套：URL=source_url；检索日=2026-08-28；命中引语=""公司代號 7795""；判定类别=L2机械母集/待人工裁决。原始出表日期=1150827；完整发行人母集不推定PCB主营、中国大陆厂址或物理产能。"
cand:l2-twse-7799,issuer,issuer:TW:7799,issuer:TW:7799,-,-,-,禾榮科,L2,TWSE OpenAPI 上市公司基本資料（完整母集）,https://openapi.twse.com.tw/v1/opendata/t187ap03_L,2026-08-28,待核,l2:TWSE:7799,无,不适用,L2机械母集；未挂格,"四件套：URL=source_url；检索日=2026-08-28；命中引语=""公司代號 7799""；判定类别=L2机械母集/待人工裁决。原始出表日期=1150827；完整发行人母集不推定PCB主营、中国大陆厂址或物理产能。"
cand:l2-twse-7803,issuer,issuer:TW:7803,issuer:TW:7803,-,-,-,雲象科技-創,L2,TWSE OpenAPI 上市公司基本資料（完整母集）,https://openapi.twse.com.tw/v1/opendata/t187ap03_L,2026-08-28,待核,l2:TWSE:7803,无,不适用,L2机械母集；未挂格,"四件套：URL=source_url；检索日=2026-08-28；命中引语=""公司代號 7803""；判定类别=L2机械母集/待人工裁决。原始出表日期=1150827；完整发行人母集不推定PCB主营、中国大陆厂址或物理产能。"
cand:l2-twse-7818,issuer,issuer:TW:7818,issuer:TW:7818,-,-,-,溢泰實業,L2,TWSE OpenAPI 上市公司基本資料（完整母集）,https://openapi.twse.com.tw/v1/opendata/t187ap03_L,2026-08-28,待核,l2:TWSE:7818,无,不适用,L2机械母集；未挂格,"四件套：URL=source_url；检索日=2026-08-28；命中引语=""公司代號 7818""；判定类别=L2机械母集/待人工裁决。原始出表日期=1150827；完整发行人母集不推定PCB主营、中国大陆厂址或物理产能。"
cand:l2-twse-7821,issuer,issuer:TW:7821,issuer:TW:7821,-,-,-,神數,L2,TWSE OpenAPI 上市公司基本資料（完整母集）,https://openapi.twse.com.tw/v1/opendata/t187ap03_L,2026-08-28,待核,l2:TWSE:7821,无,不适用,L2机械母集；未挂格,"四件套：URL=source_url；检索日=2026-08-28；命中引语=""公司代號 7821""；判定类别=L2机械母集/待人工裁决。原始出表日期=1150827；完整发行人母集不推定PCB主营、中国大陆厂址或物理产能。"
cand:l2-twse-7822,issuer,issuer:TW:7822,issuer:TW:7822,-,-,-,倍利科,L2,TWSE OpenAPI 上市公司基本資料（完整母集）,https://openapi.twse.com.tw/v1/opendata/t187ap03_L,2026-08-28,待核,l2:TWSE:7822,无,不适用,L2机械母集；未挂格,"四件套：URL=source_url；检索日=2026-08-28；命中引语=""公司代號 7822""；判定类别=L2机械母集/待人工裁决。原始出表日期=1150827；完整发行人母集不推定PCB主营、中国大陆厂址或物理产能。"
cand:l2-twse-7823,issuer,issuer:TW:7823,issuer:TW:7823,-,-,-,奧義賽博-KY創,L2,TWSE OpenAPI 上市公司基本資料（完整母集）,https://openapi.twse.com.tw/v1/opendata/t187ap03_L,2026-08-28,待核,l2:TWSE:7823,无,不适用,L2机械母集；未挂格,"四件套：URL=source_url；检索日=2026-08-28；命中引语=""公司代號 7823""；判定类别=L2机械母集/待人工裁决。原始出表日期=1150827；完整发行人母集不推定PCB主营、中国大陆厂址或物理产能。"
cand:l2-twse-7827,issuer,issuer:TW:7827,issuer:TW:7827,-,-,-,漢康-KY創,L2,TWSE OpenAPI 上市公司基本資料（完整母集）,https://openapi.twse.com.tw/v1/opendata/t187ap03_L,2026-08-28,待核,l2:TWSE:7827,无,不适用,L2机械母集；未挂格,"四件套：URL=source_url；检索日=2026-08-28；命中引语=""公司代號 7827""；判定类别=L2机械母集/待人工裁决。原始出表日期=1150827；完整发行人母集不推定PCB主营、中国大陆厂址或物理产能。"
cand:l2-twse-7835,issuer,issuer:TW:7835,issuer:TW:7835,-,-,-,永悅健康-創,L2,TWSE OpenAPI 上市公司基本資料（完整母集）,https://openapi.twse.com.tw/v1/opendata/t187ap03_L,2026-08-28,待核,l2:TWSE:7835,无,不适用,L2机械母集；未挂格,"四件套：URL=source_url；检索日=2026-08-28；命中引语=""公司代號 7835""；判定类别=L2机械母集/待人工裁决。原始出表日期=1150827；完整发行人母集不推定PCB主营、中国大陆厂址或物理产能。"
cand:l2-twse-7855,issuer,issuer:TW:7855,issuer:TW:7855,-,-,-,和運租車,L2,TWSE OpenAPI 上市公司基本資料（完整母集）,https://openapi.twse.com.tw/v1/opendata/t187ap03_L,2026-08-28,待核,l2:TWSE:7855,无,不适用,L2机械母集；未挂格,"四件套：URL=source_url；检索日=2026-08-28；命中引语=""公司代號 7855""；判定类别=L2机械母集/待人工裁决。原始出表日期=1150827；完整发行人母集不推定PCB主营、中国大陆厂址或物理产能。"
cand:l2-twse-8011,issuer,issuer:TW:8011,issuer:TW:8011,-,-,-,台通,L2,TWSE OpenAPI 上市公司基本資料（完整母集）,https://openapi.twse.com.tw/v1/opendata/t187ap03_L,2026-08-28,待核,l2:TWSE:8011,无,不适用,L2机械母集；未挂格,"四件套：URL=source_url；检索日=2026-08-28；命中引语=""公司代號 8011""；判定类别=L2机械母集/待人工裁决。原始出表日期=1150827；完整发行人母集不推定PCB主营、中国大陆厂址或物理产能。"
cand:l2-twse-8016,issuer,issuer:TW:8016,issuer:TW:8016,-,-,-,矽創,L2,TWSE OpenAPI 上市公司基本資料（完整母集）,https://openapi.twse.com.tw/v1/opendata/t187ap03_L,2026-08-28,待核,l2:TWSE:8016,无,不适用,L2机械母集；未挂格,"四件套：URL=source_url；检索日=2026-08-28；命中引语=""公司代號 8016""；判定类别=L2机械母集/待人工裁决。原始出表日期=1150827；完整发行人母集不推定PCB主营、中国大陆厂址或物理产能。"
cand:l2-twse-8021,issuer,issuer:TW:8021,issuer:TW:8021,-,-,-,尖點,L2,TWSE OpenAPI 上市公司基本資料（完整母集）,https://openapi.twse.com.tw/v1/opendata/t187ap03_L,2026-08-28,待核,l2:TWSE:8021,无,不适用,L2机械母集；未挂格,"四件套：URL=source_url；检索日=2026-08-28；命中引语=""公司代號 8021""；判定类别=L2机械母集/待人工裁决。原始出表日期=1150827；完整发行人母集不推定PCB主营、中国大陆厂址或物理产能。"
cand:l2-twse-8028,issuer,issuer:TW:8028,issuer:TW:8028,-,-,-,昇陽半導體,L2,TWSE OpenAPI 上市公司基本資料（完整母集）,https://openapi.twse.com.tw/v1/opendata/t187ap03_L,2026-08-28,待核,l2:TWSE:8028,无,不适用,L2机械母集；未挂格,"四件套：URL=source_url；检索日=2026-08-28；命中引语=""公司代號 8028""；判定类别=L2机械母集/待人工裁决。原始出表日期=1150827；完整发行人母集不推定PCB主营、中国大陆厂址或物理产能。"
cand:l2-twse-8033,issuer,issuer:TW:8033,issuer:TW:8033,-,-,-,雷虎,L2,TWSE OpenAPI 上市公司基本資料（完整母集）,https://openapi.twse.com.tw/v1/opendata/t187ap03_L,2026-08-28,待核,l2:TWSE:8033,无,不适用,L2机械母集；未挂格,"四件套：URL=source_url；检索日=2026-08-28；命中引语=""公司代號 8033""；判定类别=L2机械母集/待人工裁决。原始出表日期=1150827；完整发行人母集不推定PCB主营、中国大陆厂址或物理产能。"
cand:l2-twse-8039,issuer,issuer:TW:8039,issuer:TW:8039,-,-,-,台虹,L2,TWSE OpenAPI 上市公司基本資料（完整母集）,https://openapi.twse.com.tw/v1/opendata/t187ap03_L,2026-08-28,待核,l2:TWSE:8039,无,不适用,L2机械母集；未挂格,"四件套：URL=source_url；检索日=2026-08-28；命中引语=""公司代號 8039""；判定类别=L2机械母集/待人工裁决。原始出表日期=1150827；完整发行人母集不推定PCB主营、中国大陆厂址或物理产能。"
cand:l2-twse-8045,issuer,issuer:TW:8045,issuer:TW:8045,-,-,-,達運光電,L2,TWSE OpenAPI 上市公司基本資料（完整母集）,https://openapi.twse.com.tw/v1/opendata/t187ap03_L,2026-08-28,待核,l2:TWSE:8045,无,不适用,L2机械母集；未挂格,"四件套：URL=source_url；检索日=2026-08-28；命中引语=""公司代號 8045""；判定类别=L2机械母集/待人工裁决。原始出表日期=1150827；完整发行人母集不推定PCB主营、中国大陆厂址或物理产能。"
cand:l2-twse-8046,issuer,issuer:TW:8046,issuer:TW:8046,-,-,-,南電,L2,TWSE OpenAPI 上市公司基本資料（完整母集）,https://openapi.twse.com.tw/v1/opendata/t187ap03_L,2026-08-28,待核,l2:TWSE:8046,无,不适用,L2机械母集；未挂格,"四件套：URL=source_url；检索日=2026-08-28；命中引语=""公司代號 8046""；判定类别=L2机械母集/待人工裁决。原始出表日期=1150827；完整发行人母集不推定PCB主营、中国大陆厂址或物理产能。"
cand:l2-twse-8070,issuer,issuer:TW:8070,issuer:TW:8070,-,-,-,長華*,L2,TWSE OpenAPI 上市公司基本資料（完整母集）,https://openapi.twse.com.tw/v1/opendata/t187ap03_L,2026-08-28,待核,l2:TWSE:8070,无,不适用,L2机械母集；未挂格,"四件套：URL=source_url；检索日=2026-08-28；命中引语=""公司代號 8070""；判定类别=L2机械母集/待人工裁决。原始出表日期=1150827；完整发行人母集不推定PCB主营、中国大陆厂址或物理产能。"
cand:l2-twse-8072,issuer,issuer:TW:8072,issuer:TW:8072,-,-,-,陞泰,L2,TWSE OpenAPI 上市公司基本資料（完整母集）,https://openapi.twse.com.tw/v1/opendata/t187ap03_L,2026-08-28,待核,l2:TWSE:8072,无,不适用,L2机械母集；未挂格,"四件套：URL=source_url；检索日=2026-08-28；命中引语=""公司代號 8072""；判定类别=L2机械母集/待人工裁决。原始出表日期=1150827；完整发行人母集不推定PCB主营、中国大陆厂址或物理产能。"
cand:l2-twse-8081,issuer,issuer:TW:8081,issuer:TW:8081,-,-,-,致新,L2,TWSE OpenAPI 上市公司基本資料（完整母集）,https://openapi.twse.com.tw/v1/opendata/t187ap03_L,2026-08-28,待核,l2:TWSE:8081,无,不适用,L2机械母集；未挂格,"四件套：URL=source_url；检索日=2026-08-28；命中引语=""公司代號 8081""；判定类别=L2机械母集/待人工裁决。原始出表日期=1150827；完整发行人母集不推定PCB主营、中国大陆厂址或物理产能。"
cand:l2-twse-8101,issuer,issuer:TW:8101,issuer:TW:8101,-,-,-,華冠,L2,TWSE OpenAPI 上市公司基本資料（完整母集）,https://openapi.twse.com.tw/v1/opendata/t187ap03_L,2026-08-28,待核,l2:TWSE:8101,无,不适用,L2机械母集；未挂格,"四件套：URL=source_url；检索日=2026-08-28；命中引语=""公司代號 8101""；判定类别=L2机械母集/待人工裁决。原始出表日期=1150827；完整发行人母集不推定PCB主营、中国大陆厂址或物理产能。"
cand:l2-twse-8103,issuer,issuer:TW:8103,issuer:TW:8103,-,-,-,瀚荃,L2,TWSE OpenAPI 上市公司基本資料（完整母集）,https://openapi.twse.com.tw/v1/opendata/t187ap03_L,2026-08-28,待核,l2:TWSE:8103,无,不适用,L2机械母集；未挂格,"四件套：URL=source_url；检索日=2026-08-28；命中引语=""公司代號 8103""；判定类别=L2机械母集/待人工裁决。原始出表日期=1150827；完整发行人母集不推定PCB主营、中国大陆厂址或物理产能。"
cand:l2-twse-8104,issuer,issuer:TW:8104,issuer:TW:8104,-,-,-,錸寶,L2,TWSE OpenAPI 上市公司基本資料（完整母集）,https://openapi.twse.com.tw/v1/opendata/t187ap03_L,2026-08-28,待核,l2:TWSE:8104,无,不适用,L2机械母集；未挂格,"四件套：URL=source_url；检索日=2026-08-28；命中引语=""公司代號 8104""；判定类别=L2机械母集/待人工裁决。原始出表日期=1150827；完整发行人母集不推定PCB主营、中国大陆厂址或物理产能。"
cand:l2-twse-8105,issuer,issuer:TW:8105,issuer:TW:8105,-,-,-,凌巨,L2,TWSE OpenAPI 上市公司基本資料（完整母集）,https://openapi.twse.com.tw/v1/opendata/t187ap03_L,2026-08-28,待核,l2:TWSE:8105,无,不适用,L2机械母集；未挂格,"四件套：URL=source_url；检索日=2026-08-28；命中引语=""公司代號 8105""；判定类别=L2机械母集/待人工裁决。原始出表日期=1150827；完整发行人母集不推定PCB主营、中国大陆厂址或物理产能。"
cand:l2-twse-8110,issuer,issuer:TW:8110,issuer:TW:8110,-,-,-,華東,L2,TWSE OpenAPI 上市公司基本資料（完整母集）,https://openapi.twse.com.tw/v1/opendata/t187ap03_L,2026-08-28,待核,l2:TWSE:8110,无,不适用,L2机械母集；未挂格,"四件套：URL=source_url；检索日=2026-08-28；命中引语=""公司代號 8110""；判定类别=L2机械母集/待人工裁决。原始出表日期=1150827；完整发行人母集不推定PCB主营、中国大陆厂址或物理产能。"
cand:l2-twse-8112,issuer,issuer:TW:8112,issuer:TW:8112,-,-,-,至上,L2,TWSE OpenAPI 上市公司基本資料（完整母集）,https://openapi.twse.com.tw/v1/opendata/t187ap03_L,2026-08-28,待核,l2:TWSE:8112,无,不适用,L2机械母集；未挂格,"四件套：URL=source_url；检索日=2026-08-28；命中引语=""公司代號 8112""；判定类别=L2机械母集/待人工裁决。原始出表日期=1150827；完整发行人母集不推定PCB主营、中国大陆厂址或物理产能。"
cand:l2-twse-8114,issuer,issuer:TW:8114,issuer:TW:8114,-,-,-,振樺電,L2,TWSE OpenAPI 上市公司基本資料（完整母集）,https://openapi.twse.com.tw/v1/opendata/t187ap03_L,2026-08-28,待核,l2:TWSE:8114,无,不适用,L2机械母集；未挂格,"四件套：URL=source_url；检索日=2026-08-28；命中引语=""公司代號 8114""；判定类别=L2机械母集/待人工裁决。原始出表日期=1150827；完整发行人母集不推定PCB主营、中国大陆厂址或物理产能。"
cand:l2-twse-8131,issuer,issuer:TW:8131,issuer:TW:8131,-,-,-,福懋科,L2,TWSE OpenAPI 上市公司基本資料（完整母集）,https://openapi.twse.com.tw/v1/opendata/t187ap03_L,2026-08-28,待核,l2:TWSE:8131,无,不适用,L2机械母集；未挂格,"四件套：URL=source_url；检索日=2026-08-28；命中引语=""公司代號 8131""；判定类别=L2机械母集/待人工裁决。原始出表日期=1150827；完整发行人母集不推定PCB主营、中国大陆厂址或物理产能。"
cand:l2-twse-8150,issuer,issuer:TW:8150,issuer:TW:8150,-,-,-,南茂,L2,TWSE OpenAPI 上市公司基本資料（完整母集）,https://openapi.twse.com.tw/v1/opendata/t187ap03_L,2026-08-28,待核,l2:TWSE:8150,无,不适用,L2机械母集；未挂格,"四件套：URL=source_url；检索日=2026-08-28；命中引语=""公司代號 8150""；判定类别=L2机械母集/待人工裁决。原始出表日期=1150827；完整发行人母集不推定PCB主营、中国大陆厂址或物理产能。"
cand:l2-twse-8162,issuer,issuer:TW:8162,issuer:TW:8162,-,-,-,微矽電子-創,L2,TWSE OpenAPI 上市公司基本資料（完整母集）,https://openapi.twse.com.tw/v1/opendata/t187ap03_L,2026-08-28,待核,l2:TWSE:8162,无,不适用,L2机械母集；未挂格,"四件套：URL=source_url；检索日=2026-08-28；命中引语=""公司代號 8162""；判定类别=L2机械母集/待人工裁决。原始出表日期=1150827；完整发行人母集不推定PCB主营、中国大陆厂址或物理产能。"
cand:l2-twse-8163,issuer,issuer:TW:8163,issuer:TW:8163,-,-,-,達方,L2,TWSE OpenAPI 上市公司基本資料（完整母集）,https://openapi.twse.com.tw/v1/opendata/t187ap03_L,2026-08-28,待核,l2:TWSE:8163,无,不适用,L2机械母集；未挂格,"四件套：URL=source_url；检索日=2026-08-28；命中引语=""公司代號 8163""；判定类别=L2机械母集/待人工裁决。原始出表日期=1150827；完整发行人母集不推定PCB主营、中国大陆厂址或物理产能。"
cand:l2-twse-8201,issuer,issuer:TW:8201,issuer:TW:8201,-,-,-,無敵,L2,TWSE OpenAPI 上市公司基本資料（完整母集）,https://openapi.twse.com.tw/v1/opendata/t187ap03_L,2026-08-28,待核,l2:TWSE:8201,无,不适用,L2机械母集；未挂格,"四件套：URL=source_url；检索日=2026-08-28；命中引语=""公司代號 8201""；判定类别=L2机械母集/待人工裁决。原始出表日期=1150827；完整发行人母集不推定PCB主营、中国大陆厂址或物理产能。"
cand:l2-twse-8210,issuer,issuer:TW:8210,issuer:TW:8210,-,-,-,勤誠,L2,TWSE OpenAPI 上市公司基本資料（完整母集）,https://openapi.twse.com.tw/v1/opendata/t187ap03_L,2026-08-28,待核,l2:TWSE:8210,无,不适用,L2机械母集；未挂格,"四件套：URL=source_url；检索日=2026-08-28；命中引语=""公司代號 8210""；判定类别=L2机械母集/待人工裁决。原始出表日期=1150827；完整发行人母集不推定PCB主营、中国大陆厂址或物理产能。"
cand:l2-twse-8213,issuer,issuer:TW:8213,issuer:TW:8213,-,-,-,志超,L2,TWSE OpenAPI 上市公司基本資料（完整母集）,https://openapi.twse.com.tw/v1/opendata/t187ap03_L,2026-08-28,待核,l2:TWSE:8213,无,不适用,L2机械母集；未挂格,"四件套：URL=source_url；检索日=2026-08-28；命中引语=""公司代號 8213""；判定类别=L2机械母集/待人工裁决。原始出表日期=1150827；完整发行人母集不推定PCB主营、中国大陆厂址或物理产能。"
cand:l2-twse-8215,issuer,issuer:TW:8215,issuer:TW:8215,-,-,-,明基材,L2,TWSE OpenAPI 上市公司基本資料（完整母集）,https://openapi.twse.com.tw/v1/opendata/t187ap03_L,2026-08-28,待核,l2:TWSE:8215,无,不适用,L2机械母集；未挂格,"四件套：URL=source_url；检索日=2026-08-28；命中引语=""公司代號 8215""；判定类别=L2机械母集/待人工裁决。原始出表日期=1150827；完整发行人母集不推定PCB主营、中国大陆厂址或物理产能。"
cand:l2-twse-8222,issuer,issuer:TW:8222,issuer:TW:8222,-,-,-,寶一,L2,TWSE OpenAPI 上市公司基本資料（完整母集）,https://openapi.twse.com.tw/v1/opendata/t187ap03_L,2026-08-28,待核,l2:TWSE:8222,无,不适用,L2机械母集；未挂格,"四件套：URL=source_url；检索日=2026-08-28；命中引语=""公司代號 8222""；判定类别=L2机械母集/待人工裁决。原始出表日期=1150827；完整发行人母集不推定PCB主营、中国大陆厂址或物理产能。"
cand:l2-twse-8249,issuer,issuer:TW:8249,issuer:TW:8249,-,-,-,菱光,L2,TWSE OpenAPI 上市公司基本資料（完整母集）,https://openapi.twse.com.tw/v1/opendata/t187ap03_L,2026-08-28,待核,l2:TWSE:8249,无,不适用,L2机械母集；未挂格,"四件套：URL=source_url；检索日=2026-08-28；命中引语=""公司代號 8249""；判定类别=L2机械母集/待人工裁决。原始出表日期=1150827；完整发行人母集不推定PCB主营、中国大陆厂址或物理产能。"
cand:l2-twse-8261,issuer,issuer:TW:8261,issuer:TW:8261,-,-,-,富鼎,L2,TWSE OpenAPI 上市公司基本資料（完整母集）,https://openapi.twse.com.tw/v1/opendata/t187ap03_L,2026-08-28,待核,l2:TWSE:8261,无,不适用,L2机械母集；未挂格,"四件套：URL=source_url；检索日=2026-08-28；命中引语=""公司代號 8261""；判定类别=L2机械母集/待人工裁决。原始出表日期=1150827；完整发行人母集不推定PCB主营、中国大陆厂址或物理产能。"
cand:l2-twse-8271,issuer,issuer:TW:8271,issuer:TW:8271,-,-,-,宇瞻,L2,TWSE OpenAPI 上市公司基本資料（完整母集）,https://openapi.twse.com.tw/v1/opendata/t187ap03_L,2026-08-28,待核,l2:TWSE:8271,无,不适用,L2机械母集；未挂格,"四件套：URL=source_url；检索日=2026-08-28；命中引语=""公司代號 8271""；判定类别=L2机械母集/待人工裁决。原始出表日期=1150827；完整发行人母集不推定PCB主营、中国大陆厂址或物理产能。"
cand:l2-twse-8341,issuer,issuer:TW:8341,issuer:TW:8341,-,-,-,日友,L2,TWSE OpenAPI 上市公司基本資料（完整母集）,https://openapi.twse.com.tw/v1/opendata/t187ap03_L,2026-08-28,待核,l2:TWSE:8341,无,不适用,L2机械母集；未挂格,"四件套：URL=source_url；检索日=2026-08-28；命中引语=""公司代號 8341""；判定类别=L2机械母集/待人工裁决。原始出表日期=1150827；完整发行人母集不推定PCB主营、中国大陆厂址或物理产能。"
cand:l2-twse-8367,issuer,issuer:TW:8367,issuer:TW:8367,-,-,-,建新國際,L2,TWSE OpenAPI 上市公司基本資料（完整母集）,https://openapi.twse.com.tw/v1/opendata/t187ap03_L,2026-08-28,待核,l2:TWSE:8367,无,不适用,L2机械母集；未挂格,"四件套：URL=source_url；检索日=2026-08-28；命中引语=""公司代號 8367""；判定类别=L2机械母集/待人工裁决。原始出表日期=1150827；完整发行人母集不推定PCB主营、中国大陆厂址或物理产能。"
cand:l2-twse-8374,issuer,issuer:TW:8374,issuer:TW:8374,-,-,-,羅昇,L2,TWSE OpenAPI 上市公司基本資料（完整母集）,https://openapi.twse.com.tw/v1/opendata/t187ap03_L,2026-08-28,待核,l2:TWSE:8374,无,不适用,L2机械母集；未挂格,"四件套：URL=source_url；检索日=2026-08-28；命中引语=""公司代號 8374""；判定类别=L2机械母集/待人工裁决。原始出表日期=1150827；完整发行人母集不推定PCB主营、中国大陆厂址或物理产能。"
cand:l2-twse-8404,issuer,issuer:TW:8404,issuer:TW:8404,-,-,-,百和興業-KY,L2,TWSE OpenAPI 上市公司基本資料（完整母集）,https://openapi.twse.com.tw/v1/opendata/t187ap03_L,2026-08-28,待核,l2:TWSE:8404,无,不适用,L2机械母集；未挂格,"四件套：URL=source_url；检索日=2026-08-28；命中引语=""公司代號 8404""；判定类别=L2机械母集/待人工裁决。原始出表日期=1150827；完整发行人母集不推定PCB主营、中国大陆厂址或物理产能。"
cand:l2-twse-8411,issuer,issuer:TW:8411,issuer:TW:8411,-,-,-,福貞-KY,L2,TWSE OpenAPI 上市公司基本資料（完整母集）,https://openapi.twse.com.tw/v1/opendata/t187ap03_L,2026-08-28,待核,l2:TWSE:8411,无,不适用,L2机械母集；未挂格,"四件套：URL=source_url；检索日=2026-08-28；命中引语=""公司代號 8411""；判定类别=L2机械母集/待人工裁决。原始出表日期=1150827；完整发行人母集不推定PCB主营、中国大陆厂址或物理产能。"
cand:l2-twse-8422,issuer,issuer:TW:8422,issuer:TW:8422,-,-,-,可寧衛*,L2,TWSE OpenAPI 上市公司基本資料（完整母集）,https://openapi.twse.com.tw/v1/opendata/t187ap03_L,2026-08-28,待核,l2:TWSE:8422,无,不适用,L2机械母集；未挂格,"四件套：URL=source_url；检索日=2026-08-28；命中引语=""公司代號 8422""；判定类别=L2机械母集/待人工裁决。原始出表日期=1150827；完整发行人母集不推定PCB主营、中国大陆厂址或物理产能。"
cand:l2-twse-8429,issuer,issuer:TW:8429,issuer:TW:8429,-,-,-,金麗-KY,L2,TWSE OpenAPI 上市公司基本資料（完整母集）,https://openapi.twse.com.tw/v1/opendata/t187ap03_L,2026-08-28,待核,l2:TWSE:8429,无,不适用,L2机械母集；未挂格,"四件套：URL=source_url；检索日=2026-08-28；命中引语=""公司代號 8429""；判定类别=L2机械母集/待人工裁决。原始出表日期=1150827；完整发行人母集不推定PCB主营、中国大陆厂址或物理产能。"
cand:l2-twse-8438,issuer,issuer:TW:8438,issuer:TW:8438,-,-,-,昶昕,L2,TWSE OpenAPI 上市公司基本資料（完整母集）,https://openapi.twse.com.tw/v1/opendata/t187ap03_L,2026-08-28,待核,l2:TWSE:8438,无,不适用,L2机械母集；未挂格,"四件套：URL=source_url；检索日=2026-08-28；命中引语=""公司代號 8438""；判定类别=L2机械母集/待人工裁决。原始出表日期=1150827；完整发行人母集不推定PCB主营、中国大陆厂址或物理产能。"
cand:l2-twse-8442,issuer,issuer:TW:8442,issuer:TW:8442,-,-,-,威宏-KY,L2,TWSE OpenAPI 上市公司基本資料（完整母集）,https://openapi.twse.com.tw/v1/opendata/t187ap03_L,2026-08-28,待核,l2:TWSE:8442,无,不适用,L2机械母集；未挂格,"四件套：URL=source_url；检索日=2026-08-28；命中引语=""公司代號 8442""；判定类别=L2机械母集/待人工裁决。原始出表日期=1150827；完整发行人母集不推定PCB主营、中国大陆厂址或物理产能。"
cand:l2-twse-8443,issuer,issuer:TW:8443,issuer:TW:8443,-,-,-,阿瘦,L2,TWSE OpenAPI 上市公司基本資料（完整母集）,https://openapi.twse.com.tw/v1/opendata/t187ap03_L,2026-08-28,待核,l2:TWSE:8443,无,不适用,L2机械母集；未挂格,"四件套：URL=source_url；检索日=2026-08-28；命中引语=""公司代號 8443""；判定类别=L2机械母集/待人工裁决。原始出表日期=1150827；完整发行人母集不推定PCB主营、中国大陆厂址或物理产能。"
cand:l2-twse-8454,issuer,issuer:TW:8454,issuer:TW:8454,-,-,-,富邦媒,L2,TWSE OpenAPI 上市公司基本資料（完整母集）,https://openapi.twse.com.tw/v1/opendata/t187ap03_L,2026-08-28,待核,l2:TWSE:8454,无,不适用,L2机械母集；未挂格,"四件套：URL=source_url；检索日=2026-08-28；命中引语=""公司代號 8454""；判定类别=L2机械母集/待人工裁决。原始出表日期=1150827；完整发行人母集不推定PCB主营、中国大陆厂址或物理产能。"
cand:l2-twse-8462,issuer,issuer:TW:8462,issuer:TW:8462,-,-,-,柏文,L2,TWSE OpenAPI 上市公司基本資料（完整母集）,https://openapi.twse.com.tw/v1/opendata/t187ap03_L,2026-08-28,待核,l2:TWSE:8462,无,不适用,L2机械母集；未挂格,"四件套：URL=source_url；检索日=2026-08-28；命中引语=""公司代號 8462""；判定类别=L2机械母集/待人工裁决。原始出表日期=1150827；完整发行人母集不推定PCB主营、中国大陆厂址或物理产能。"
cand:l2-twse-8463,issuer,issuer:TW:8463,issuer:TW:8463,-,-,-,潤泰材,L2,TWSE OpenAPI 上市公司基本資料（完整母集）,https://openapi.twse.com.tw/v1/opendata/t187ap03_L,2026-08-28,待核,l2:TWSE:8463,无,不适用,L2机械母集；未挂格,"四件套：URL=source_url；检索日=2026-08-28；命中引语=""公司代號 8463""；判定类别=L2机械母集/待人工裁决。原始出表日期=1150827；完整发行人母集不推定PCB主营、中国大陆厂址或物理产能。"
cand:l2-twse-8464,issuer,issuer:TW:8464,issuer:TW:8464,-,-,-,億豐,L2,TWSE OpenAPI 上市公司基本資料（完整母集）,https://openapi.twse.com.tw/v1/opendata/t187ap03_L,2026-08-28,待核,l2:TWSE:8464,无,不适用,L2机械母集；未挂格,"四件套：URL=source_url；检索日=2026-08-28；命中引语=""公司代號 8464""；判定类别=L2机械母集/待人工裁决。原始出表日期=1150827；完整发行人母集不推定PCB主营、中国大陆厂址或物理产能。"
cand:l2-twse-8466,issuer,issuer:TW:8466,issuer:TW:8466,-,-,-,美吉吉-KY,L2,TWSE OpenAPI 上市公司基本資料（完整母集）,https://openapi.twse.com.tw/v1/opendata/t187ap03_L,2026-08-28,待核,l2:TWSE:8466,无,不适用,L2机械母集；未挂格,"四件套：URL=source_url；检索日=2026-08-28；命中引语=""公司代號 8466""；判定类别=L2机械母集/待人工裁决。原始出表日期=1150827；完整发行人母集不推定PCB主营、中国大陆厂址或物理产能。"
cand:l2-twse-8467,issuer,issuer:TW:8467,issuer:TW:8467,-,-,-,波力-KY,L2,TWSE OpenAPI 上市公司基本資料（完整母集）,https://openapi.twse.com.tw/v1/opendata/t187ap03_L,2026-08-28,待核,l2:TWSE:8467,无,不适用,L2机械母集；未挂格,"四件套：URL=source_url；检索日=2026-08-28；命中引语=""公司代號 8467""；判定类别=L2机械母集/待人工裁决。原始出表日期=1150827；完整发行人母集不推定PCB主营、中国大陆厂址或物理产能。"
cand:l2-twse-8473,issuer,issuer:TW:8473,issuer:TW:8473,-,-,-,山林水,L2,TWSE OpenAPI 上市公司基本資料（完整母集）,https://openapi.twse.com.tw/v1/opendata/t187ap03_L,2026-08-28,待核,l2:TWSE:8473,无,不适用,L2机械母集；未挂格,"四件套：URL=source_url；检索日=2026-08-28；命中引语=""公司代號 8473""；判定类别=L2机械母集/待人工裁决。原始出表日期=1150827；完整发行人母集不推定PCB主营、中国大陆厂址或物理产能。"
cand:l2-twse-8476,issuer,issuer:TW:8476,issuer:TW:8476,-,-,-,台境*,L2,TWSE OpenAPI 上市公司基本資料（完整母集）,https://openapi.twse.com.tw/v1/opendata/t187ap03_L,2026-08-28,待核,l2:TWSE:8476,无,不适用,L2机械母集；未挂格,"四件套：URL=source_url；检索日=2026-08-28；命中引语=""公司代號 8476""；判定类别=L2机械母集/待人工裁决。原始出表日期=1150827；完整发行人母集不推定PCB主营、中国大陆厂址或物理产能。"
cand:l2-twse-8478,issuer,issuer:TW:8478,issuer:TW:8478,-,-,-,東哥遊艇,L2,TWSE OpenAPI 上市公司基本資料（完整母集）,https://openapi.twse.com.tw/v1/opendata/t187ap03_L,2026-08-28,待核,l2:TWSE:8478,无,不适用,L2机械母集；未挂格,"四件套：URL=source_url；检索日=2026-08-28；命中引语=""公司代號 8478""；判定类别=L2机械母集/待人工裁决。原始出表日期=1150827；完整发行人母集不推定PCB主营、中国大陆厂址或物理产能。"
cand:l2-twse-8481,issuer,issuer:TW:8481,issuer:TW:8481,-,-,-,政伸,L2,TWSE OpenAPI 上市公司基本資料（完整母集）,https://openapi.twse.com.tw/v1/opendata/t187ap03_L,2026-08-28,待核,l2:TWSE:8481,无,不适用,L2机械母集；未挂格,"四件套：URL=source_url；检索日=2026-08-28；命中引语=""公司代號 8481""；判定类别=L2机械母集/待人工裁决。原始出表日期=1150827；完整发行人母集不推定PCB主营、中国大陆厂址或物理产能。"
cand:l2-twse-8482,issuer,issuer:TW:8482,issuer:TW:8482,-,-,-,商億-KY,L2,TWSE OpenAPI 上市公司基本資料（完整母集）,https://openapi.twse.com.tw/v1/opendata/t187ap03_L,2026-08-28,待核,l2:TWSE:8482,无,不适用,L2机械母集；未挂格,"四件套：URL=source_url；检索日=2026-08-28；命中引语=""公司代號 8482""；判定类别=L2机械母集/待人工裁决。原始出表日期=1150827；完整发行人母集不推定PCB主营、中国大陆厂址或物理产能。"
cand:l2-twse-8487,issuer,issuer:TW:8487,issuer:TW:8487,-,-,-,愛爾達-創,L2,TWSE OpenAPI 上市公司基本資料（完整母集）,https://openapi.twse.com.tw/v1/opendata/t187ap03_L,2026-08-28,待核,l2:TWSE:8487,无,不适用,L2机械母集；未挂格,"四件套：URL=source_url；检索日=2026-08-28；命中引语=""公司代號 8487""；判定类别=L2机械母集/待人工裁决。原始出表日期=1150827；完整发行人母集不推定PCB主营、中国大陆厂址或物理产能。"
cand:l2-twse-8488,issuer,issuer:TW:8488,issuer:TW:8488,-,-,-,吉源-KY,L2,TWSE OpenAPI 上市公司基本資料（完整母集）,https://openapi.twse.com.tw/v1/opendata/t187ap03_L,2026-08-28,待核,l2:TWSE:8488,无,不适用,L2机械母集；未挂格,"四件套：URL=source_url；检索日=2026-08-28；命中引语=""公司代號 8488""；判定类别=L2机械母集/待人工裁决。原始出表日期=1150827；完整发行人母集不推定PCB主营、中国大陆厂址或物理产能。"
cand:l2-twse-8499,issuer,issuer:TW:8499,issuer:TW:8499,-,-,-,鼎炫-KY,L2,TWSE OpenAPI 上市公司基本資料（完整母集）,https://openapi.twse.com.tw/v1/opendata/t187ap03_L,2026-08-28,待核,l2:TWSE:8499,无,不适用,L2机械母集；未挂格,"四件套：URL=source_url；检索日=2026-08-28；命中引语=""公司代號 8499""；判定类别=L2机械母集/待人工裁决。原始出表日期=1150827；完整发行人母集不推定PCB主营、中国大陆厂址或物理产能。"
cand:l2-twse-8926,issuer,issuer:TW:8926,issuer:TW:8926,-,-,-,台汽電,L2,TWSE OpenAPI 上市公司基本資料（完整母集）,https://openapi.twse.com.tw/v1/opendata/t187ap03_L,2026-08-28,待核,l2:TWSE:8926,无,不适用,L2机械母集；未挂格,"四件套：URL=source_url；检索日=2026-08-28；命中引语=""公司代號 8926""；判定类别=L2机械母集/待人工裁决。原始出表日期=1150827；完整发行人母集不推定PCB主营、中国大陆厂址或物理产能。"
cand:l2-twse-8940,issuer,issuer:TW:8940,issuer:TW:8940,-,-,-,新天地,L2,TWSE OpenAPI 上市公司基本資料（完整母集）,https://openapi.twse.com.tw/v1/opendata/t187ap03_L,2026-08-28,待核,l2:TWSE:8940,无,不适用,L2机械母集；未挂格,"四件套：URL=source_url；检索日=2026-08-28；命中引语=""公司代號 8940""；判定类别=L2机械母集/待人工裁决。原始出表日期=1150827；完整发行人母集不推定PCB主营、中国大陆厂址或物理产能。"
cand:l2-twse-8996,issuer,issuer:TW:8996,issuer:TW:8996,-,-,-,高力,L2,TWSE OpenAPI 上市公司基本資料（完整母集）,https://openapi.twse.com.tw/v1/opendata/t187ap03_L,2026-08-28,待核,l2:TWSE:8996,无,不适用,L2机械母集；未挂格,"四件套：URL=source_url；检索日=2026-08-28；命中引语=""公司代號 8996""；判定类别=L2机械母集/待人工裁决。原始出表日期=1150827；完整发行人母集不推定PCB主营、中国大陆厂址或物理产能。"
cand:l2-twse-9103,issuer,issuer:TW:9103,issuer:TW:9103,-,-,-,美德醫療-DR,L2,TWSE OpenAPI 上市公司基本資料（完整母集）,https://openapi.twse.com.tw/v1/opendata/t187ap03_L,2026-08-28,待核,l2:TWSE:9103,无,不适用,L2机械母集；未挂格,"四件套：URL=source_url；检索日=2026-08-28；命中引语=""公司代號 9103""；判定类别=L2机械母集/待人工裁决。原始出表日期=1150827；完整发行人母集不推定PCB主营、中国大陆厂址或物理产能。"
cand:l2-twse-910322,issuer,issuer:TW:910322,issuer:TW:910322,-,-,-,康師傅-DR,L2,TWSE OpenAPI 上市公司基本資料（完整母集）,https://openapi.twse.com.tw/v1/opendata/t187ap03_L,2026-08-28,待核,l2:TWSE:910322,无,不适用,L2机械母集；未挂格,"四件套：URL=source_url；检索日=2026-08-28；命中引语=""公司代號 910322""；判定类别=L2机械母集/待人工裁决。原始出表日期=1150827；完整发行人母集不推定PCB主营、中国大陆厂址或物理产能。"
cand:l2-twse-9105,issuer,issuer:TW:9105,issuer:TW:9105,-,-,-,泰金寶-DR,L2,TWSE OpenAPI 上市公司基本資料（完整母集）,https://openapi.twse.com.tw/v1/opendata/t187ap03_L,2026-08-28,待核,l2:TWSE:9105,无,不适用,L2机械母集；未挂格,"四件套：URL=source_url；检索日=2026-08-28；命中引语=""公司代號 9105""；判定类别=L2机械母集/待人工裁决。原始出表日期=1150827；完整发行人母集不推定PCB主营、中国大陆厂址或物理产能。"
cand:l2-twse-910861,issuer,issuer:TW:910861,issuer:TW:910861,-,-,-,神州-DR,L2,TWSE OpenAPI 上市公司基本資料（完整母集）,https://openapi.twse.com.tw/v1/opendata/t187ap03_L,2026-08-28,待核,l2:TWSE:910861,无,不适用,L2机械母集；未挂格,"四件套：URL=source_url；检索日=2026-08-28；命中引语=""公司代號 910861""；判定类别=L2机械母集/待人工裁决。原始出表日期=1150827；完整发行人母集不推定PCB主营、中国大陆厂址或物理产能。"
cand:l2-twse-9110,issuer,issuer:TW:9110,issuer:TW:9110,-,-,-,越南控-DR,L2,TWSE OpenAPI 上市公司基本資料（完整母集）,https://openapi.twse.com.tw/v1/opendata/t187ap03_L,2026-08-28,待核,l2:TWSE:9110,无,不适用,L2机械母集；未挂格,"四件套：URL=source_url；检索日=2026-08-28；命中引语=""公司代號 9110""；判定类别=L2机械母集/待人工裁决。原始出表日期=1150827；完整发行人母集不推定PCB主营、中国大陆厂址或物理产能。"
cand:l2-twse-911608,issuer,issuer:TW:911608,issuer:TW:911608,-,-,-,明輝-DR,L2,TWSE OpenAPI 上市公司基本資料（完整母集）,https://openapi.twse.com.tw/v1/opendata/t187ap03_L,2026-08-28,待核,l2:TWSE:911608,无,不适用,L2机械母集；未挂格,"四件套：URL=source_url；检索日=2026-08-28；命中引语=""公司代號 911608""；判定类别=L2机械母集/待人工裁决。原始出表日期=1150827；完整发行人母集不推定PCB主营、中国大陆厂址或物理产能。"
cand:l2-twse-911622,issuer,issuer:TW:911622,issuer:TW:911622,-,-,-,泰聚亨-DR,L2,TWSE OpenAPI 上市公司基本資料（完整母集）,https://openapi.twse.com.tw/v1/opendata/t187ap03_L,2026-08-28,待核,l2:TWSE:911622,无,不适用,L2机械母集；未挂格,"四件套：URL=source_url；检索日=2026-08-28；命中引语=""公司代號 911622""；判定类别=L2机械母集/待人工裁决。原始出表日期=1150827；完整发行人母集不推定PCB主营、中国大陆厂址或物理产能。"
cand:l2-twse-911868,issuer,issuer:TW:911868,issuer:TW:911868,-,-,-,同方友友-DR,L2,TWSE OpenAPI 上市公司基本資料（完整母集）,https://openapi.twse.com.tw/v1/opendata/t187ap03_L,2026-08-28,待核,l2:TWSE:911868,无,不适用,L2机械母集；未挂格,"四件套：URL=source_url；检索日=2026-08-28；命中引语=""公司代號 911868""；判定类别=L2机械母集/待人工裁决。原始出表日期=1150827；完整发行人母集不推定PCB主营、中国大陆厂址或物理产能。"
cand:l2-twse-912000,issuer,issuer:TW:912000,issuer:TW:912000,-,-,-,晨訊科-DR,L2,TWSE OpenAPI 上市公司基本資料（完整母集）,https://openapi.twse.com.tw/v1/opendata/t187ap03_L,2026-08-28,待核,l2:TWSE:912000,无,不适用,L2机械母集；未挂格,"四件套：URL=source_url；检索日=2026-08-28；命中引语=""公司代號 912000""；判定类别=L2机械母集/待人工裁决。原始出表日期=1150827；完整发行人母集不推定PCB主营、中国大陆厂址或物理产能。"
cand:l2-twse-9136,issuer,issuer:TW:9136,issuer:TW:9136,-,-,-,巨騰-DR,L2,TWSE OpenAPI 上市公司基本資料（完整母集）,https://openapi.twse.com.tw/v1/opendata/t187ap03_L,2026-08-28,待核,l2:TWSE:9136,无,不适用,L2机械母集；未挂格,"四件套：URL=source_url；检索日=2026-08-28；命中引语=""公司代號 9136""；判定类别=L2机械母集/待人工裁决。原始出表日期=1150827；完整发行人母集不推定PCB主营、中国大陆厂址或物理产能。"
cand:l2-twse-9802,issuer,issuer:TW:9802,issuer:TW:9802,-,-,-,鈺齊-KY,L2,TWSE OpenAPI 上市公司基本資料（完整母集）,https://openapi.twse.com.tw/v1/opendata/t187ap03_L,2026-08-28,待核,l2:TWSE:9802,无,不适用,L2机械母集；未挂格,"四件套：URL=source_url；检索日=2026-08-28；命中引语=""公司代號 9802""；判定类别=L2机械母集/待人工裁决。原始出表日期=1150827；完整发行人母集不推定PCB主营、中国大陆厂址或物理产能。"
cand:l2-twse-9902,issuer,issuer:TW:9902,issuer:TW:9902,-,-,-,台火,L2,TWSE OpenAPI 上市公司基本資料（完整母集）,https://openapi.twse.com.tw/v1/opendata/t187ap03_L,2026-08-28,待核,l2:TWSE:9902,无,不适用,L2机械母集；未挂格,"四件套：URL=source_url；检索日=2026-08-28；命中引语=""公司代號 9902""；判定类别=L2机械母集/待人工裁决。原始出表日期=1150827；完整发行人母集不推定PCB主营、中国大陆厂址或物理产能。"
cand:l2-twse-9904,issuer,issuer:TW:9904,issuer:TW:9904,-,-,-,寶成,L2,TWSE OpenAPI 上市公司基本資料（完整母集）,https://openapi.twse.com.tw/v1/opendata/t187ap03_L,2026-08-28,待核,l2:TWSE:9904,无,不适用,L2机械母集；未挂格,"四件套：URL=source_url；检索日=2026-08-28；命中引语=""公司代號 9904""；判定类别=L2机械母集/待人工裁决。原始出表日期=1150827；完整发行人母集不推定PCB主营、中国大陆厂址或物理产能。"
cand:l2-twse-9905,issuer,issuer:TW:9905,issuer:TW:9905,-,-,-,大華,L2,TWSE OpenAPI 上市公司基本資料（完整母集）,https://openapi.twse.com.tw/v1/opendata/t187ap03_L,2026-08-28,待核,l2:TWSE:9905,无,不适用,L2机械母集；未挂格,"四件套：URL=source_url；检索日=2026-08-28；命中引语=""公司代號 9905""；判定类别=L2机械母集/待人工裁决。原始出表日期=1150827；完整发行人母集不推定PCB主营、中国大陆厂址或物理产能。"
cand:l2-twse-9906,issuer,issuer:TW:9906,issuer:TW:9906,-,-,-,欣巴巴,L2,TWSE OpenAPI 上市公司基本資料（完整母集）,https://openapi.twse.com.tw/v1/opendata/t187ap03_L,2026-08-28,待核,l2:TWSE:9906,无,不适用,L2机械母集；未挂格,"四件套：URL=source_url；检索日=2026-08-28；命中引语=""公司代號 9906""；判定类别=L2机械母集/待人工裁决。原始出表日期=1150827；完整发行人母集不推定PCB主营、中国大陆厂址或物理产能。"
cand:l2-twse-9907,issuer,issuer:TW:9907,issuer:TW:9907,-,-,-,統一實,L2,TWSE OpenAPI 上市公司基本資料（完整母集）,https://openapi.twse.com.tw/v1/opendata/t187ap03_L,2026-08-28,待核,l2:TWSE:9907,无,不适用,L2机械母集；未挂格,"四件套：URL=source_url；检索日=2026-08-28；命中引语=""公司代號 9907""；判定类别=L2机械母集/待人工裁决。原始出表日期=1150827；完整发行人母集不推定PCB主营、中国大陆厂址或物理产能。"
cand:l2-twse-9908,issuer,issuer:TW:9908,issuer:TW:9908,-,-,-,大台北,L2,TWSE OpenAPI 上市公司基本資料（完整母集）,https://openapi.twse.com.tw/v1/opendata/t187ap03_L,2026-08-28,待核,l2:TWSE:9908,无,不适用,L2机械母集；未挂格,"四件套：URL=source_url；检索日=2026-08-28；命中引语=""公司代號 9908""；判定类别=L2机械母集/待人工裁决。原始出表日期=1150827；完整发行人母集不推定PCB主营、中国大陆厂址或物理产能。"
cand:l2-twse-9910,issuer,issuer:TW:9910,issuer:TW:9910,-,-,-,豐泰,L2,TWSE OpenAPI 上市公司基本資料（完整母集）,https://openapi.twse.com.tw/v1/opendata/t187ap03_L,2026-08-28,待核,l2:TWSE:9910,无,不适用,L2机械母集；未挂格,"四件套：URL=source_url；检索日=2026-08-28；命中引语=""公司代號 9910""；判定类别=L2机械母集/待人工裁决。原始出表日期=1150827；完整发行人母集不推定PCB主营、中国大陆厂址或物理产能。"
cand:l2-twse-9911,issuer,issuer:TW:9911,issuer:TW:9911,-,-,-,櫻花,L2,TWSE OpenAPI 上市公司基本資料（完整母集）,https://openapi.twse.com.tw/v1/opendata/t187ap03_L,2026-08-28,待核,l2:TWSE:9911,无,不适用,L2机械母集；未挂格,"四件套：URL=source_url；检索日=2026-08-28；命中引语=""公司代號 9911""；判定类别=L2机械母集/待人工裁决。原始出表日期=1150827；完整发行人母集不推定PCB主营、中国大陆厂址或物理产能。"
cand:l2-twse-9912,issuer,issuer:TW:9912,issuer:TW:9912,-,-,-,偉聯,L2,TWSE OpenAPI 上市公司基本資料（完整母集）,https://openapi.twse.com.tw/v1/opendata/t187ap03_L,2026-08-28,待核,l2:TWSE:9912,无,不适用,L2机械母集；未挂格,"四件套：URL=source_url；检索日=2026-08-28；命中引语=""公司代號 9912""；判定类别=L2机械母集/待人工裁决。原始出表日期=1150827；完整发行人母集不推定PCB主营、中国大陆厂址或物理产能。"
cand:l2-twse-9914,issuer,issuer:TW:9914,issuer:TW:9914,-,-,-,美利達,L2,TWSE OpenAPI 上市公司基本資料（完整母集）,https://openapi.twse.com.tw/v1/opendata/t187ap03_L,2026-08-28,待核,l2:TWSE:9914,无,不适用,L2机械母集；未挂格,"四件套：URL=source_url；检索日=2026-08-28；命中引语=""公司代號 9914""；判定类别=L2机械母集/待人工裁决。原始出表日期=1150827；完整发行人母集不推定PCB主营、中国大陆厂址或物理产能。"
cand:l2-twse-9917,issuer,issuer:TW:9917,issuer:TW:9917,-,-,-,中保科,L2,TWSE OpenAPI 上市公司基本資料（完整母集）,https://openapi.twse.com.tw/v1/opendata/t187ap03_L,2026-08-28,待核,l2:TWSE:9917,无,不适用,L2机械母集；未挂格,"四件套：URL=source_url；检索日=2026-08-28；命中引语=""公司代號 9917""；判定类别=L2机械母集/待人工裁决。原始出表日期=1150827；完整发行人母集不推定PCB主营、中国大陆厂址或物理产能。"
cand:l2-twse-9918,issuer,issuer:TW:9918,issuer:TW:9918,-,-,-,欣天然,L2,TWSE OpenAPI 上市公司基本資料（完整母集）,https://openapi.twse.com.tw/v1/opendata/t187ap03_L,2026-08-28,待核,l2:TWSE:9918,无,不适用,L2机械母集；未挂格,"四件套：URL=source_url；检索日=2026-08-28；命中引语=""公司代號 9918""；判定类别=L2机械母集/待人工裁决。原始出表日期=1150827；完整发行人母集不推定PCB主营、中国大陆厂址或物理产能。"
cand:l2-twse-9919,issuer,issuer:TW:9919,issuer:TW:9919,-,-,-,康那香,L2,TWSE OpenAPI 上市公司基本資料（完整母集）,https://openapi.twse.com.tw/v1/opendata/t187ap03_L,2026-08-28,待核,l2:TWSE:9919,无,不适用,L2机械母集；未挂格,"四件套：URL=source_url；检索日=2026-08-28；命中引语=""公司代號 9919""；判定类别=L2机械母集/待人工裁决。原始出表日期=1150827；完整发行人母集不推定PCB主营、中国大陆厂址或物理产能。"
cand:l2-twse-9921,issuer,issuer:TW:9921,issuer:TW:9921,-,-,-,巨大,L2,TWSE OpenAPI 上市公司基本資料（完整母集）,https://openapi.twse.com.tw/v1/opendata/t187ap03_L,2026-08-28,待核,l2:TWSE:9921,无,不适用,L2机械母集；未挂格,"四件套：URL=source_url；检索日=2026-08-28；命中引语=""公司代號 9921""；判定类别=L2机械母集/待人工裁决。原始出表日期=1150827；完整发行人母集不推定PCB主营、中国大陆厂址或物理产能。"
cand:l2-twse-9924,issuer,issuer:TW:9924,issuer:TW:9924,-,-,-,福興,L2,TWSE OpenAPI 上市公司基本資料（完整母集）,https://openapi.twse.com.tw/v1/opendata/t187ap03_L,2026-08-28,待核,l2:TWSE:9924,无,不适用,L2机械母集；未挂格,"四件套：URL=source_url；检索日=2026-08-28；命中引语=""公司代號 9924""；判定类别=L2机械母集/待人工裁决。原始出表日期=1150827；完整发行人母集不推定PCB主营、中国大陆厂址或物理产能。"
cand:l2-twse-9925,issuer,issuer:TW:9925,issuer:TW:9925,-,-,-,新保,L2,TWSE OpenAPI 上市公司基本資料（完整母集）,https://openapi.twse.com.tw/v1/opendata/t187ap03_L,2026-08-28,待核,l2:TWSE:9925,无,不适用,L2机械母集；未挂格,"四件套：URL=source_url；检索日=2026-08-28；命中引语=""公司代號 9925""；判定类别=L2机械母集/待人工裁决。原始出表日期=1150827；完整发行人母集不推定PCB主营、中国大陆厂址或物理产能。"
cand:l2-twse-9926,issuer,issuer:TW:9926,issuer:TW:9926,-,-,-,新海,L2,TWSE OpenAPI 上市公司基本資料（完整母集）,https://openapi.twse.com.tw/v1/opendata/t187ap03_L,2026-08-28,待核,l2:TWSE:9926,无,不适用,L2机械母集；未挂格,"四件套：URL=source_url；检索日=2026-08-28；命中引语=""公司代號 9926""；判定类别=L2机械母集/待人工裁决。原始出表日期=1150827；完整发行人母集不推定PCB主营、中国大陆厂址或物理产能。"
cand:l2-twse-9927,issuer,issuer:TW:9927,issuer:TW:9927,-,-,-,泰銘,L2,TWSE OpenAPI 上市公司基本資料（完整母集）,https://openapi.twse.com.tw/v1/opendata/t187ap03_L,2026-08-28,待核,l2:TWSE:9927,无,不适用,L2机械母集；未挂格,"四件套：URL=source_url；检索日=2026-08-28；命中引语=""公司代號 9927""；判定类别=L2机械母集/待人工裁决。原始出表日期=1150827；完整发行人母集不推定PCB主营、中国大陆厂址或物理产能。"
cand:l2-twse-9928,issuer,issuer:TW:9928,issuer:TW:9928,-,-,-,中視,L2,TWSE OpenAPI 上市公司基本資料（完整母集）,https://openapi.twse.com.tw/v1/opendata/t187ap03_L,2026-08-28,待核,l2:TWSE:9928,无,不适用,L2机械母集；未挂格,"四件套：URL=source_url；检索日=2026-08-28；命中引语=""公司代號 9928""；判定类别=L2机械母集/待人工裁决。原始出表日期=1150827；完整发行人母集不推定PCB主营、中国大陆厂址或物理产能。"
cand:l2-twse-9929,issuer,issuer:TW:9929,issuer:TW:9929,-,-,-,秋雨,L2,TWSE OpenAPI 上市公司基本資料（完整母集）,https://openapi.twse.com.tw/v1/opendata/t187ap03_L,2026-08-28,待核,l2:TWSE:9929,无,不适用,L2机械母集；未挂格,"四件套：URL=source_url；检索日=2026-08-28；命中引语=""公司代號 9929""；判定类别=L2机械母集/待人工裁决。原始出表日期=1150827；完整发行人母集不推定PCB主营、中国大陆厂址或物理产能。"
cand:l2-twse-9930,issuer,issuer:TW:9930,issuer:TW:9930,-,-,-,中聯資源,L2,TWSE OpenAPI 上市公司基本資料（完整母集）,https://openapi.twse.com.tw/v1/opendata/t187ap03_L,2026-08-28,待核,l2:TWSE:9930,无,不适用,L2机械母集；未挂格,"四件套：URL=source_url；检索日=2026-08-28；命中引语=""公司代號 9930""；判定类别=L2机械母集/待人工裁决。原始出表日期=1150827；完整发行人母集不推定PCB主营、中国大陆厂址或物理产能。"
cand:l2-twse-9931,issuer,issuer:TW:9931,issuer:TW:9931,-,-,-,欣高,L2,TWSE OpenAPI 上市公司基本資料（完整母集）,https://openapi.twse.com.tw/v1/opendata/t187ap03_L,2026-08-28,待核,l2:TWSE:9931,无,不适用,L2机械母集；未挂格,"四件套：URL=source_url；检索日=2026-08-28；命中引语=""公司代號 9931""；判定类别=L2机械母集/待人工裁决。原始出表日期=1150827；完整发行人母集不推定PCB主营、中国大陆厂址或物理产能。"
cand:l2-twse-9933,issuer,issuer:TW:9933,issuer:TW:9933,-,-,-,中鼎,L2,TWSE OpenAPI 上市公司基本資料（完整母集）,https://openapi.twse.com.tw/v1/opendata/t187ap03_L,2026-08-28,待核,l2:TWSE:9933,无,不适用,L2机械母集；未挂格,"四件套：URL=source_url；检索日=2026-08-28；命中引语=""公司代號 9933""；判定类别=L2机械母集/待人工裁决。原始出表日期=1150827；完整发行人母集不推定PCB主营、中国大陆厂址或物理产能。"
cand:l2-twse-9934,issuer,issuer:TW:9934,issuer:TW:9934,-,-,-,成霖,L2,TWSE OpenAPI 上市公司基本資料（完整母集）,https://openapi.twse.com.tw/v1/opendata/t187ap03_L,2026-08-28,待核,l2:TWSE:9934,无,不适用,L2机械母集；未挂格,"四件套：URL=source_url；检索日=2026-08-28；命中引语=""公司代號 9934""；判定类别=L2机械母集/待人工裁决。原始出表日期=1150827；完整发行人母集不推定PCB主营、中国大陆厂址或物理产能。"
cand:l2-twse-9935,issuer,issuer:TW:9935,issuer:TW:9935,-,-,-,慶豐富,L2,TWSE OpenAPI 上市公司基本資料（完整母集）,https://openapi.twse.com.tw/v1/opendata/t187ap03_L,2026-08-28,待核,l2:TWSE:9935,无,不适用,L2机械母集；未挂格,"四件套：URL=source_url；检索日=2026-08-28；命中引语=""公司代號 9935""；判定类别=L2机械母集/待人工裁决。原始出表日期=1150827；完整发行人母集不推定PCB主营、中国大陆厂址或物理产能。"
cand:l2-twse-9937,issuer,issuer:TW:9937,issuer:TW:9937,-,-,-,全國,L2,TWSE OpenAPI 上市公司基本資料（完整母集）,https://openapi.twse.com.tw/v1/opendata/t187ap03_L,2026-08-28,待核,l2:TWSE:9937,无,不适用,L2机械母集；未挂格,"四件套：URL=source_url；检索日=2026-08-28；命中引语=""公司代號 9937""；判定类别=L2机械母集/待人工裁决。原始出表日期=1150827；完整发行人母集不推定PCB主营、中国大陆厂址或物理产能。"
cand:l2-twse-9938,issuer,issuer:TW:9938,issuer:TW:9938,-,-,-,百和,L2,TWSE OpenAPI 上市公司基本資料（完整母集）,https://openapi.twse.com.tw/v1/opendata/t187ap03_L,2026-08-28,待核,l2:TWSE:9938,无,不适用,L2机械母集；未挂格,"四件套：URL=source_url；检索日=2026-08-28；命中引语=""公司代號 9938""；判定类别=L2机械母集/待人工裁决。原始出表日期=1150827；完整发行人母集不推定PCB主营、中国大陆厂址或物理产能。"
cand:l2-twse-9939,issuer,issuer:TW:9939,issuer:TW:9939,-,-,-,宏全,L2,TWSE OpenAPI 上市公司基本資料（完整母集）,https://openapi.twse.com.tw/v1/opendata/t187ap03_L,2026-08-28,待核,l2:TWSE:9939,无,不适用,L2机械母集；未挂格,"四件套：URL=source_url；检索日=2026-08-28；命中引语=""公司代號 9939""；判定类别=L2机械母集/待人工裁决。原始出表日期=1150827；完整发行人母集不推定PCB主营、中国大陆厂址或物理产能。"
cand:l2-twse-9940,issuer,issuer:TW:9940,issuer:TW:9940,-,-,-,信義,L2,TWSE OpenAPI 上市公司基本資料（完整母集）,https://openapi.twse.com.tw/v1/opendata/t187ap03_L,2026-08-28,待核,l2:TWSE:9940,无,不适用,L2机械母集；未挂格,"四件套：URL=source_url；检索日=2026-08-28；命中引语=""公司代號 9940""；判定类别=L2机械母集/待人工裁决。原始出表日期=1150827；完整发行人母集不推定PCB主营、中国大陆厂址或物理产能。"
cand:l2-twse-9941,issuer,issuer:TW:9941,issuer:TW:9941,-,-,-,裕融,L2,TWSE OpenAPI 上市公司基本資料（完整母集）,https://openapi.twse.com.tw/v1/opendata/t187ap03_L,2026-08-28,待核,l2:TWSE:9941,无,不适用,L2机械母集；未挂格,"四件套：URL=source_url；检索日=2026-08-28；命中引语=""公司代號 9941""；判定类别=L2机械母集/待人工裁决。原始出表日期=1150827；完整发行人母集不推定PCB主营、中国大陆厂址或物理产能。"
cand:l2-twse-9942,issuer,issuer:TW:9942,issuer:TW:9942,-,-,-,茂順,L2,TWSE OpenAPI 上市公司基本資料（完整母集）,https://openapi.twse.com.tw/v1/opendata/t187ap03_L,2026-08-28,待核,l2:TWSE:9942,无,不适用,L2机械母集；未挂格,"四件套：URL=source_url；检索日=2026-08-28；命中引语=""公司代號 9942""；判定类别=L2机械母集/待人工裁决。原始出表日期=1150827；完整发行人母集不推定PCB主营、中国大陆厂址或物理产能。"
cand:l2-twse-9943,issuer,issuer:TW:9943,issuer:TW:9943,-,-,-,好樂迪,L2,TWSE OpenAPI 上市公司基本資料（完整母集）,https://openapi.twse.com.tw/v1/opendata/t187ap03_L,2026-08-28,待核,l2:TWSE:9943,无,不适用,L2机械母集；未挂格,"四件套：URL=source_url；检索日=2026-08-28；命中引语=""公司代號 9943""；判定类别=L2机械母集/待人工裁决。原始出表日期=1150827；完整发行人母集不推定PCB主营、中国大陆厂址或物理产能。"
cand:l2-twse-9944,issuer,issuer:TW:9944,issuer:TW:9944,-,-,-,新麗,L2,TWSE OpenAPI 上市公司基本資料（完整母集）,https://openapi.twse.com.tw/v1/opendata/t187ap03_L,2026-08-28,待核,l2:TWSE:9944,无,不适用,L2机械母集；未挂格,"四件套：URL=source_url；检索日=2026-08-28；命中引语=""公司代號 9944""；判定类别=L2机械母集/待人工裁决。原始出表日期=1150827；完整发行人母集不推定PCB主营、中国大陆厂址或物理产能。"
cand:l2-twse-9945,issuer,issuer:TW:9945,issuer:TW:9945,-,-,-,潤泰新,L2,TWSE OpenAPI 上市公司基本資料（完整母集）,https://openapi.twse.com.tw/v1/opendata/t187ap03_L,2026-08-28,待核,l2:TWSE:9945,无,不适用,L2机械母集；未挂格,"四件套：URL=source_url；检索日=2026-08-28；命中引语=""公司代號 9945""；判定类别=L2机械母集/待人工裁决。原始出表日期=1150827；完整发行人母集不推定PCB主营、中国大陆厂址或物理产能。"
cand:l2-twse-9946,issuer,issuer:TW:9946,issuer:TW:9946,-,-,-,三發地產,L2,TWSE OpenAPI 上市公司基本資料（完整母集）,https://openapi.twse.com.tw/v1/opendata/t187ap03_L,2026-08-28,待核,l2:TWSE:9946,无,不适用,L2机械母集；未挂格,"四件套：URL=source_url；检索日=2026-08-28；命中引语=""公司代號 9946""；判定类别=L2机械母集/待人工裁决。原始出表日期=1150827；完整发行人母集不推定PCB主营、中国大陆厂址或物理产能。"
cand:l2-twse-9955,issuer,issuer:TW:9955,issuer:TW:9955,-,-,-,佳龍,L2,TWSE OpenAPI 上市公司基本資料（完整母集）,https://openapi.twse.com.tw/v1/opendata/t187ap03_L,2026-08-28,待核,l2:TWSE:9955,无,不适用,L2机械母集；未挂格,"四件套：URL=source_url；检索日=2026-08-28；命中引语=""公司代號 9955""；判定类别=L2机械母集/待人工裁决。原始出表日期=1150827；完整发行人母集不推定PCB主营、中国大陆厂址或物理产能。"
cand:l2-twse-9958,issuer,issuer:TW:9958,issuer:TW:9958,-,-,-,世紀鋼,L2,TWSE OpenAPI 上市公司基本資料（完整母集）,https://openapi.twse.com.tw/v1/opendata/t187ap03_L,2026-08-28,待核,l2:TWSE:9958,无,不适用,L2机械母集；未挂格,"四件套：URL=source_url；检索日=2026-08-28；命中引语=""公司代號 9958""；判定类别=L2机械母集/待人工裁决。原始出表日期=1150827；完整发行人母集不推定PCB主营、中国大陆厂址或物理产能。"
cand:l2-tpex-1240,issuer,issuer:TW:1240,issuer:TW:1240,-,-,-,茂生農經,L2,TPEx OpenAPI 上櫃股票基本資料（完整母集）,https://www.tpex.org.tw/openapi/v1/mopsfin_t187ap03_O,2026-08-28,待核,l2:TPEX:1240,无,不适用,L2机械母集；未挂格,"四件套：URL=source_url；检索日=2026-08-28；命中引语=""公司代號 1240""；判定类别=L2机械母集/待人工裁决。原始出表日期=1150828；完整发行人母集不推定PCB主营、中国大陆厂址或物理产能。"
cand:l2-tpex-1259,issuer,issuer:TW:1259,issuer:TW:1259,-,-,-,安心,L2,TPEx OpenAPI 上櫃股票基本資料（完整母集）,https://www.tpex.org.tw/openapi/v1/mopsfin_t187ap03_O,2026-08-28,待核,l2:TPEX:1259,无,不适用,L2机械母集；未挂格,"四件套：URL=source_url；检索日=2026-08-28；命中引语=""公司代號 1259""；判定类别=L2机械母集/待人工裁决。原始出表日期=1150828；完整发行人母集不推定PCB主营、中国大陆厂址或物理产能。"
cand:l2-tpex-1264,issuer,issuer:TW:1264,issuer:TW:1264,-,-,-,德麥,L2,TPEx OpenAPI 上櫃股票基本資料（完整母集）,https://www.tpex.org.tw/openapi/v1/mopsfin_t187ap03_O,2026-08-28,待核,l2:TPEX:1264,无,不适用,L2机械母集；未挂格,"四件套：URL=source_url；检索日=2026-08-28；命中引语=""公司代號 1264""；判定类别=L2机械母集/待人工裁决。原始出表日期=1150828；完整发行人母集不推定PCB主营、中国大陆厂址或物理产能。"
cand:l2-tpex-1268,issuer,issuer:TW:1268,issuer:TW:1268,-,-,-,漢來美食,L2,TPEx OpenAPI 上櫃股票基本資料（完整母集）,https://www.tpex.org.tw/openapi/v1/mopsfin_t187ap03_O,2026-08-28,待核,l2:TPEX:1268,无,不适用,L2机械母集；未挂格,"四件套：URL=source_url；检索日=2026-08-28；命中引语=""公司代號 1268""；判定类别=L2机械母集/待人工裁决。原始出表日期=1150828；完整发行人母集不推定PCB主营、中国大陆厂址或物理产能。"
cand:l2-tpex-1294,issuer,issuer:TW:1294,issuer:TW:1294,-,-,-,漢田生技,L2,TPEx OpenAPI 上櫃股票基本資料（完整母集）,https://www.tpex.org.tw/openapi/v1/mopsfin_t187ap03_O,2026-08-28,待核,l2:TPEX:1294,无,不适用,L2机械母集；未挂格,"四件套：URL=source_url；检索日=2026-08-28；命中引语=""公司代號 1294""；判定类别=L2机械母集/待人工裁决。原始出表日期=1150828；完整发行人母集不推定PCB主营、中国大陆厂址或物理产能。"
cand:l2-tpex-1295,issuer,issuer:TW:1295,issuer:TW:1295,-,-,-,生合,L2,TPEx OpenAPI 上櫃股票基本資料（完整母集）,https://www.tpex.org.tw/openapi/v1/mopsfin_t187ap03_O,2026-08-28,待核,l2:TPEX:1295,无,不适用,L2机械母集；未挂格,"四件套：URL=source_url；检索日=2026-08-28；命中引语=""公司代號 1295""；判定类别=L2机械母集/待人工裁决。原始出表日期=1150828；完整发行人母集不推定PCB主营、中国大陆厂址或物理产能。"
cand:l2-tpex-1336,issuer,issuer:TW:1336,issuer:TW:1336,-,-,-,台翰,L2,TPEx OpenAPI 上櫃股票基本資料（完整母集）,https://www.tpex.org.tw/openapi/v1/mopsfin_t187ap03_O,2026-08-28,待核,l2:TPEX:1336,无,不适用,L2机械母集；未挂格,"四件套：URL=source_url；检索日=2026-08-28；命中引语=""公司代號 1336""；判定类别=L2机械母集/待人工裁决。原始出表日期=1150828；完整发行人母集不推定PCB主营、中国大陆厂址或物理产能。"
cand:l2-tpex-1565,issuer,issuer:TW:1565,issuer:TW:1565,-,-,-,精華,L2,TPEx OpenAPI 上櫃股票基本資料（完整母集）,https://www.tpex.org.tw/openapi/v1/mopsfin_t187ap03_O,2026-08-28,待核,l2:TPEX:1565,无,不适用,L2机械母集；未挂格,"四件套：URL=source_url；检索日=2026-08-28；命中引语=""公司代號 1565""；判定类别=L2机械母集/待人工裁决。原始出表日期=1150828；完整发行人母集不推定PCB主营、中国大陆厂址或物理产能。"
cand:l2-tpex-1569,issuer,issuer:TW:1569,issuer:TW:1569,-,-,-,濱川,L2,TPEx OpenAPI 上櫃股票基本資料（完整母集）,https://www.tpex.org.tw/openapi/v1/mopsfin_t187ap03_O,2026-08-28,待核,l2:TPEX:1569,无,不适用,L2机械母集；未挂格,"四件套：URL=source_url；检索日=2026-08-28；命中引语=""公司代號 1569""；判定类别=L2机械母集/待人工裁决。原始出表日期=1150828；完整发行人母集不推定PCB主营、中国大陆厂址或物理产能。"
cand:l2-tpex-1570,issuer,issuer:TW:1570,issuer:TW:1570,-,-,-,力肯,L2,TPEx OpenAPI 上櫃股票基本資料（完整母集）,https://www.tpex.org.tw/openapi/v1/mopsfin_t187ap03_O,2026-08-28,待核,l2:TPEX:1570,无,不适用,L2机械母集；未挂格,"四件套：URL=source_url；检索日=2026-08-28；命中引语=""公司代號 1570""；判定类别=L2机械母集/待人工裁决。原始出表日期=1150828；完整发行人母集不推定PCB主营、中国大陆厂址或物理产能。"
cand:l2-tpex-1580,issuer,issuer:TW:1580,issuer:TW:1580,-,-,-,新麥,L2,TPEx OpenAPI 上櫃股票基本資料（完整母集）,https://www.tpex.org.tw/openapi/v1/mopsfin_t187ap03_O,2026-08-28,待核,l2:TPEX:1580,无,不适用,L2机械母集；未挂格,"四件套：URL=source_url；检索日=2026-08-28；命中引语=""公司代號 1580""；判定类别=L2机械母集/待人工裁决。原始出表日期=1150828；完整发行人母集不推定PCB主营、中国大陆厂址或物理产能。"
cand:l2-tpex-1584,issuer,issuer:TW:1584,issuer:TW:1584,-,-,-,精剛,L2,TPEx OpenAPI 上櫃股票基本資料（完整母集）,https://www.tpex.org.tw/openapi/v1/mopsfin_t187ap03_O,2026-08-28,待核,l2:TPEX:1584,无,不适用,L2机械母集；未挂格,"四件套：URL=source_url；检索日=2026-08-28；命中引语=""公司代號 1584""；判定类别=L2机械母集/待人工裁决。原始出表日期=1150828；完整发行人母集不推定PCB主营、中国大陆厂址或物理产能。"
cand:l2-tpex-1586,issuer,issuer:TW:1586,issuer:TW:1586,-,-,-,和勤,L2,TPEx OpenAPI 上櫃股票基本資料（完整母集）,https://www.tpex.org.tw/openapi/v1/mopsfin_t187ap03_O,2026-08-28,待核,l2:TPEX:1586,无,不适用,L2机械母集；未挂格,"四件套：URL=source_url；检索日=2026-08-28；命中引语=""公司代號 1586""；判定类别=L2机械母集/待人工裁决。原始出表日期=1150828；完整发行人母集不推定PCB主营、中国大陆厂址或物理产能。"
cand:l2-tpex-1591,issuer,issuer:TW:1591,issuer:TW:1591,-,-,-,駿吉-KY,L2,TPEx OpenAPI 上櫃股票基本資料（完整母集）,https://www.tpex.org.tw/openapi/v1/mopsfin_t187ap03_O,2026-08-28,待核,l2:TPEX:1591,无,不适用,L2机械母集；未挂格,"四件套：URL=source_url；检索日=2026-08-28；命中引语=""公司代號 1591""；判定类别=L2机械母集/待人工裁决。原始出表日期=1150828；完整发行人母集不推定PCB主营、中国大陆厂址或物理产能。"
cand:l2-tpex-1593,issuer,issuer:TW:1593,issuer:TW:1593,-,-,-,祺驊,L2,TPEx OpenAPI 上櫃股票基本資料（完整母集）,https://www.tpex.org.tw/openapi/v1/mopsfin_t187ap03_O,2026-08-28,待核,l2:TPEX:1593,无,不适用,L2机械母集；未挂格,"四件套：URL=source_url；检索日=2026-08-28；命中引语=""公司代號 1593""；判定类别=L2机械母集/待人工裁决。原始出表日期=1150828；完整发行人母集不推定PCB主营、中国大陆厂址或物理产能。"
cand:l2-tpex-1595,issuer,issuer:TW:1595,issuer:TW:1595,-,-,-,川寶,L2,TPEx OpenAPI 上櫃股票基本資料（完整母集）,https://www.tpex.org.tw/openapi/v1/mopsfin_t187ap03_O,2026-08-28,待核,l2:TPEX:1595,无,不适用,L2机械母集；未挂格,"四件套：URL=source_url；检索日=2026-08-28；命中引语=""公司代號 1595""；判定类别=L2机械母集/待人工裁决。原始出表日期=1150828；完整发行人母集不推定PCB主营、中国大陆厂址或物理产能。"
cand:l2-tpex-1599,issuer,issuer:TW:1599,issuer:TW:1599,-,-,-,宏佳騰,L2,TPEx OpenAPI 上櫃股票基本資料（完整母集）,https://www.tpex.org.tw/openapi/v1/mopsfin_t187ap03_O,2026-08-28,待核,l2:TPEX:1599,无,不适用,L2机械母集；未挂格,"四件套：URL=source_url；检索日=2026-08-28；命中引语=""公司代號 1599""；判定类别=L2机械母集/待人工裁决。原始出表日期=1150828；完整发行人母集不推定PCB主营、中国大陆厂址或物理产能。"
cand:l2-tpex-1742,issuer,issuer:TW:1742,issuer:TW:1742,-,-,-,台蠟,L2,TPEx OpenAPI 上櫃股票基本資料（完整母集）,https://www.tpex.org.tw/openapi/v1/mopsfin_t187ap03_O,2026-08-28,待核,l2:TPEX:1742,无,不适用,L2机械母集；未挂格,"四件套：URL=source_url；检索日=2026-08-28；命中引语=""公司代號 1742""；判定类别=L2机械母集/待人工裁决。原始出表日期=1150828；完整发行人母集不推定PCB主营、中国大陆厂址或物理产能。"
cand:l2-tpex-1777,issuer,issuer:TW:1777,issuer:TW:1777,-,-,-,生泰,L2,TPEx OpenAPI 上櫃股票基本資料（完整母集）,https://www.tpex.org.tw/openapi/v1/mopsfin_t187ap03_O,2026-08-28,待核,l2:TPEX:1777,无,不适用,L2机械母集；未挂格,"四件套：URL=source_url；检索日=2026-08-28；命中引语=""公司代號 1777""；判定类别=L2机械母集/待人工裁决。原始出表日期=1150828；完整发行人母集不推定PCB主营、中国大陆厂址或物理产能。"
cand:l2-tpex-1780,issuer,issuer:TW:1780,issuer:TW:1780,-,-,-,立弘,L2,TPEx OpenAPI 上櫃股票基本資料（完整母集）,https://www.tpex.org.tw/openapi/v1/mopsfin_t187ap03_O,2026-08-28,待核,l2:TPEX:1780,无,不适用,L2机械母集；未挂格,"四件套：URL=source_url；检索日=2026-08-28；命中引语=""公司代號 1780""；判定类别=L2机械母集/待人工裁决。原始出表日期=1150828；完整发行人母集不推定PCB主营、中国大陆厂址或物理产能。"
cand:l2-tpex-1781,issuer,issuer:TW:1781,issuer:TW:1781,-,-,-,合世,L2,TPEx OpenAPI 上櫃股票基本資料（完整母集）,https://www.tpex.org.tw/openapi/v1/mopsfin_t187ap03_O,2026-08-28,待核,l2:TPEX:1781,无,不适用,L2机械母集；未挂格,"四件套：URL=source_url；检索日=2026-08-28；命中引语=""公司代號 1781""；判定类别=L2机械母集/待人工裁决。原始出表日期=1150828；完整发行人母集不推定PCB主营、中国大陆厂址或物理产能。"
cand:l2-tpex-1784,issuer,issuer:TW:1784,issuer:TW:1784,-,-,-,訊聯,L2,TPEx OpenAPI 上櫃股票基本資料（完整母集）,https://www.tpex.org.tw/openapi/v1/mopsfin_t187ap03_O,2026-08-28,待核,l2:TPEX:1784,无,不适用,L2机械母集；未挂格,"四件套：URL=source_url；检索日=2026-08-28；命中引语=""公司代號 1784""；判定类别=L2机械母集/待人工裁决。原始出表日期=1150828；完整发行人母集不推定PCB主营、中国大陆厂址或物理产能。"
cand:l2-tpex-1785,issuer,issuer:TW:1785,issuer:TW:1785,-,-,-,光洋科,L2,TPEx OpenAPI 上櫃股票基本資料（完整母集）,https://www.tpex.org.tw/openapi/v1/mopsfin_t187ap03_O,2026-08-28,待核,l2:TPEX:1785,无,不适用,L2机械母集；未挂格,"四件套：URL=source_url；检索日=2026-08-28；命中引语=""公司代號 1785""；判定类别=L2机械母集/待人工裁决。原始出表日期=1150828；完整发行人母集不推定PCB主营、中国大陆厂址或物理产能。"
cand:l2-tpex-1788,issuer,issuer:TW:1788,issuer:TW:1788,-,-,-,杏昌,L2,TPEx OpenAPI 上櫃股票基本資料（完整母集）,https://www.tpex.org.tw/openapi/v1/mopsfin_t187ap03_O,2026-08-28,待核,l2:TPEX:1788,无,不适用,L2机械母集；未挂格,"四件套：URL=source_url；检索日=2026-08-28；命中引语=""公司代號 1788""；判定类别=L2机械母集/待人工裁决。原始出表日期=1150828；完整发行人母集不推定PCB主营、中国大陆厂址或物理产能。"
cand:l2-tpex-1796,issuer,issuer:TW:1796,issuer:TW:1796,-,-,-,金穎生技,L2,TPEx OpenAPI 上櫃股票基本資料（完整母集）,https://www.tpex.org.tw/openapi/v1/mopsfin_t187ap03_O,2026-08-28,待核,l2:TPEX:1796,无,不适用,L2机械母集；未挂格,"四件套：URL=source_url；检索日=2026-08-28；命中引语=""公司代號 1796""；判定类别=L2机械母集/待人工裁决。原始出表日期=1150828；完整发行人母集不推定PCB主营、中国大陆厂址或物理产能。"
cand:l2-tpex-1799,issuer,issuer:TW:1799,issuer:TW:1799,-,-,-,易威,L2,TPEx OpenAPI 上櫃股票基本資料（完整母集）,https://www.tpex.org.tw/openapi/v1/mopsfin_t187ap03_O,2026-08-28,待核,l2:TPEX:1799,无,不适用,L2机械母集；未挂格,"四件套：URL=source_url；检索日=2026-08-28；命中引语=""公司代號 1799""；判定类别=L2机械母集/待人工裁决。原始出表日期=1150828；完整发行人母集不推定PCB主营、中国大陆厂址或物理产能。"
cand:l2-tpex-1813,issuer,issuer:TW:1813,issuer:TW:1813,-,-,-,寶利徠,L2,TPEx OpenAPI 上櫃股票基本資料（完整母集）,https://www.tpex.org.tw/openapi/v1/mopsfin_t187ap03_O,2026-08-28,待核,l2:TPEX:1813,无,不适用,L2机械母集；未挂格,"四件套：URL=source_url；检索日=2026-08-28；命中引语=""公司代號 1813""；判定类别=L2机械母集/待人工裁决。原始出表日期=1150828；完整发行人母集不推定PCB主营、中国大陆厂址或物理产能。"
cand:l2-tpex-1815,issuer,issuer:TW:1815,issuer:TW:1815,-,-,-,富喬,L2,TPEx OpenAPI 上櫃股票基本資料（完整母集）,https://www.tpex.org.tw/openapi/v1/mopsfin_t187ap03_O,2026-08-28,待核,l2:TPEX:1815,无,不适用,L2机械母集；未挂格,"四件套：URL=source_url；检索日=2026-08-28；命中引语=""公司代號 1815""；判定类别=L2机械母集/待人工裁决。原始出表日期=1150828；完整发行人母集不推定PCB主营、中国大陆厂址或物理产能。"
cand:l2-tpex-2035,issuer,issuer:TW:2035,issuer:TW:2035,-,-,-,唐榮公司,L2,TPEx OpenAPI 上櫃股票基本資料（完整母集）,https://www.tpex.org.tw/openapi/v1/mopsfin_t187ap03_O,2026-08-28,待核,l2:TPEX:2035,无,不适用,L2机械母集；未挂格,"四件套：URL=source_url；检索日=2026-08-28；命中引语=""公司代號 2035""；判定类别=L2机械母集/待人工裁决。原始出表日期=1150828；完整发行人母集不推定PCB主营、中国大陆厂址或物理产能。"
cand:l2-tpex-2061,issuer,issuer:TW:2061,issuer:TW:2061,-,-,-,風青,L2,TPEx OpenAPI 上櫃股票基本資料（完整母集）,https://www.tpex.org.tw/openapi/v1/mopsfin_t187ap03_O,2026-08-28,待核,l2:TPEX:2061,无,不适用,L2机械母集；未挂格,"四件套：URL=source_url；检索日=2026-08-28；命中引语=""公司代號 2061""；判定类别=L2机械母集/待人工裁决。原始出表日期=1150828；完整发行人母集不推定PCB主营、中国大陆厂址或物理产能。"
cand:l2-tpex-2063,issuer,issuer:TW:2063,issuer:TW:2063,-,-,-,世鎧精密,L2,TPEx OpenAPI 上櫃股票基本資料（完整母集）,https://www.tpex.org.tw/openapi/v1/mopsfin_t187ap03_O,2026-08-28,待核,l2:TPEX:2063,无,不适用,L2机械母集；未挂格,"四件套：URL=source_url；检索日=2026-08-28；命中引语=""公司代號 2063""；判定类别=L2机械母集/待人工裁决。原始出表日期=1150828；完整发行人母集不推定PCB主营、中国大陆厂址或物理产能。"
cand:l2-tpex-2064,issuer,issuer:TW:2064,issuer:TW:2064,-,-,-,晉椿,L2,TPEx OpenAPI 上櫃股票基本資料（完整母集）,https://www.tpex.org.tw/openapi/v1/mopsfin_t187ap03_O,2026-08-28,待核,l2:TPEX:2064,无,不适用,L2机械母集；未挂格,"四件套：URL=source_url；检索日=2026-08-28；命中引语=""公司代號 2064""；判定类别=L2机械母集/待人工裁决。原始出表日期=1150828；完整发行人母集不推定PCB主营、中国大陆厂址或物理产能。"
cand:l2-tpex-2065,issuer,issuer:TW:2065,issuer:TW:2065,-,-,-,世豐,L2,TPEx OpenAPI 上櫃股票基本資料（完整母集）,https://www.tpex.org.tw/openapi/v1/mopsfin_t187ap03_O,2026-08-28,待核,l2:TPEX:2065,无,不适用,L2机械母集；未挂格,"四件套：URL=source_url；检索日=2026-08-28；命中引语=""公司代號 2065""；判定类别=L2机械母集/待人工裁决。原始出表日期=1150828；完整发行人母集不推定PCB主营、中国大陆厂址或物理产能。"
cand:l2-tpex-2066,issuer,issuer:TW:2066,issuer:TW:2066,-,-,-,世德,L2,TPEx OpenAPI 上櫃股票基本資料（完整母集）,https://www.tpex.org.tw/openapi/v1/mopsfin_t187ap03_O,2026-08-28,待核,l2:TPEX:2066,无,不适用,L2机械母集；未挂格,"四件套：URL=source_url；检索日=2026-08-28；命中引语=""公司代號 2066""；判定类别=L2机械母集/待人工裁决。原始出表日期=1150828；完整发行人母集不推定PCB主营、中国大陆厂址或物理产能。"
cand:l2-tpex-2067,issuer,issuer:TW:2067,issuer:TW:2067,-,-,-,嘉鋼,L2,TPEx OpenAPI 上櫃股票基本資料（完整母集）,https://www.tpex.org.tw/openapi/v1/mopsfin_t187ap03_O,2026-08-28,待核,l2:TPEX:2067,无,不适用,L2机械母集；未挂格,"四件套：URL=source_url；检索日=2026-08-28；命中引语=""公司代號 2067""；判定类别=L2机械母集/待人工裁决。原始出表日期=1150828；完整发行人母集不推定PCB主营、中国大陆厂址或物理产能。"
cand:l2-tpex-2070,issuer,issuer:TW:2070,issuer:TW:2070,-,-,-,精湛,L2,TPEx OpenAPI 上櫃股票基本資料（完整母集）,https://www.tpex.org.tw/openapi/v1/mopsfin_t187ap03_O,2026-08-28,待核,l2:TPEX:2070,无,不适用,L2机械母集；未挂格,"四件套：URL=source_url；检索日=2026-08-28；命中引语=""公司代號 2070""；判定类别=L2机械母集/待人工裁决。原始出表日期=1150828；完整发行人母集不推定PCB主营、中国大陆厂址或物理产能。"
cand:l2-tpex-2073,issuer,issuer:TW:2073,issuer:TW:2073,-,-,-,雄順,L2,TPEx OpenAPI 上櫃股票基本資料（完整母集）,https://www.tpex.org.tw/openapi/v1/mopsfin_t187ap03_O,2026-08-28,待核,l2:TPEX:2073,无,不适用,L2机械母集；未挂格,"四件套：URL=source_url；检索日=2026-08-28；命中引语=""公司代號 2073""；判定类别=L2机械母集/待人工裁决。原始出表日期=1150828；完整发行人母集不推定PCB主营、中国大陆厂址或物理产能。"
cand:l2-tpex-2221,issuer,issuer:TW:2221,issuer:TW:2221,-,-,-,大甲,L2,TPEx OpenAPI 上櫃股票基本資料（完整母集）,https://www.tpex.org.tw/openapi/v1/mopsfin_t187ap03_O,2026-08-28,待核,l2:TPEX:2221,无,不适用,L2机械母集；未挂格,"四件套：URL=source_url；检索日=2026-08-28；命中引语=""公司代號 2221""；判定类别=L2机械母集/待人工裁决。原始出表日期=1150828；完整发行人母集不推定PCB主营、中国大陆厂址或物理产能。"
cand:l2-tpex-2230,issuer,issuer:TW:2230,issuer:TW:2230,-,-,-,泰茂,L2,TPEx OpenAPI 上櫃股票基本資料（完整母集）,https://www.tpex.org.tw/openapi/v1/mopsfin_t187ap03_O,2026-08-28,待核,l2:TPEX:2230,无,不适用,L2机械母集；未挂格,"四件套：URL=source_url；检索日=2026-08-28；命中引语=""公司代號 2230""；判定类别=L2机械母集/待人工裁决。原始出表日期=1150828；完整发行人母集不推定PCB主营、中国大陆厂址或物理产能。"
cand:l2-tpex-2235,issuer,issuer:TW:2235,issuer:TW:2235,-,-,-,謚源,L2,TPEx OpenAPI 上櫃股票基本資料（完整母集）,https://www.tpex.org.tw/openapi/v1/mopsfin_t187ap03_O,2026-08-28,待核,l2:TPEX:2235,无,不适用,L2机械母集；未挂格,"四件套：URL=source_url；检索日=2026-08-28；命中引语=""公司代號 2235""；判定类别=L2机械母集/待人工裁决。原始出表日期=1150828；完整发行人母集不推定PCB主营、中国大陆厂址或物理产能。"
cand:l2-tpex-2596,issuer,issuer:TW:2596,issuer:TW:2596,-,-,-,綠意,L2,TPEx OpenAPI 上櫃股票基本資料（完整母集）,https://www.tpex.org.tw/openapi/v1/mopsfin_t187ap03_O,2026-08-28,待核,l2:TPEX:2596,无,不适用,L2机械母集；未挂格,"四件套：URL=source_url；检索日=2026-08-28；命中引语=""公司代號 2596""；判定类别=L2机械母集/待人工裁决。原始出表日期=1150828；完整发行人母集不推定PCB主营、中国大陆厂址或物理产能。"
cand:l2-tpex-2640,issuer,issuer:TW:2640,issuer:TW:2640,-,-,-,大車隊,L2,TPEx OpenAPI 上櫃股票基本資料（完整母集）,https://www.tpex.org.tw/openapi/v1/mopsfin_t187ap03_O,2026-08-28,待核,l2:TPEX:2640,无,不适用,L2机械母集；未挂格,"四件套：URL=source_url；检索日=2026-08-28；命中引语=""公司代號 2640""；判定类别=L2机械母集/待人工裁决。原始出表日期=1150828；完整发行人母集不推定PCB主营、中国大陆厂址或物理产能。"
cand:l2-tpex-2641,issuer,issuer:TW:2641,issuer:TW:2641,-,-,-,正德,L2,TPEx OpenAPI 上櫃股票基本資料（完整母集）,https://www.tpex.org.tw/openapi/v1/mopsfin_t187ap03_O,2026-08-28,待核,l2:TPEX:2641,无,不适用,L2机械母集；未挂格,"四件套：URL=source_url；检索日=2026-08-28；命中引语=""公司代號 2641""；判定类别=L2机械母集/待人工裁决。原始出表日期=1150828；完整发行人母集不推定PCB主营、中国大陆厂址或物理产能。"
cand:l2-tpex-2643,issuer,issuer:TW:2643,issuer:TW:2643,-,-,-,捷迅,L2,TPEx OpenAPI 上櫃股票基本資料（完整母集）,https://www.tpex.org.tw/openapi/v1/mopsfin_t187ap03_O,2026-08-28,待核,l2:TPEX:2643,无,不适用,L2机械母集；未挂格,"四件套：URL=source_url；检索日=2026-08-28；命中引语=""公司代號 2643""；判定类别=L2机械母集/待人工裁决。原始出表日期=1150828；完整发行人母集不推定PCB主营、中国大陆厂址或物理产能。"
cand:l2-tpex-2718,issuer,issuer:TW:2718,issuer:TW:2718,-,-,-,全心投控,L2,TPEx OpenAPI 上櫃股票基本資料（完整母集）,https://www.tpex.org.tw/openapi/v1/mopsfin_t187ap03_O,2026-08-28,待核,l2:TPEX:2718,无,不适用,L2机械母集；未挂格,"四件套：URL=source_url；检索日=2026-08-28；命中引语=""公司代號 2718""；判定类别=L2机械母集/待人工裁决。原始出表日期=1150828；完整发行人母集不推定PCB主营、中国大陆厂址或物理产能。"
cand:l2-tpex-2719,issuer,issuer:TW:2719,issuer:TW:2719,-,-,-,燦星旅,L2,TPEx OpenAPI 上櫃股票基本資料（完整母集）,https://www.tpex.org.tw/openapi/v1/mopsfin_t187ap03_O,2026-08-28,待核,l2:TPEX:2719,无,不适用,L2机械母集；未挂格,"四件套：URL=source_url；检索日=2026-08-28；命中引语=""公司代號 2719""；判定类别=L2机械母集/待人工裁决。原始出表日期=1150828；完整发行人母集不推定PCB主营、中国大陆厂址或物理产能。"
cand:l2-tpex-2724,issuer,issuer:TW:2724,issuer:TW:2724,-,-,-,藝舍-KY,L2,TPEx OpenAPI 上櫃股票基本資料（完整母集）,https://www.tpex.org.tw/openapi/v1/mopsfin_t187ap03_O,2026-08-28,待核,l2:TPEX:2724,无,不适用,L2机械母集；未挂格,"四件套：URL=source_url；检索日=2026-08-28；命中引语=""公司代號 2724""；判定类别=L2机械母集/待人工裁决。原始出表日期=1150828；完整发行人母集不推定PCB主营、中国大陆厂址或物理产能。"
cand:l2-tpex-2726,issuer,issuer:TW:2726,issuer:TW:2726,-,-,-,雅茗-KY,L2,TPEx OpenAPI 上櫃股票基本資料（完整母集）,https://www.tpex.org.tw/openapi/v1/mopsfin_t187ap03_O,2026-08-28,待核,l2:TPEX:2726,无,不适用,L2机械母集；未挂格,"四件套：URL=source_url；检索日=2026-08-28；命中引语=""公司代號 2726""；判定类别=L2机械母集/待人工裁决。原始出表日期=1150828；完整发行人母集不推定PCB主营、中国大陆厂址或物理产能。"
cand:l2-tpex-2729,issuer,issuer:TW:2729,issuer:TW:2729,-,-,-,瓦城,L2,TPEx OpenAPI 上櫃股票基本資料（完整母集）,https://www.tpex.org.tw/openapi/v1/mopsfin_t187ap03_O,2026-08-28,待核,l2:TPEX:2729,无,不适用,L2机械母集；未挂格,"四件套：URL=source_url；检索日=2026-08-28；命中引语=""公司代號 2729""；判定类别=L2机械母集/待人工裁决。原始出表日期=1150828；完整发行人母集不推定PCB主营、中国大陆厂址或物理产能。"
cand:l2-tpex-2732,issuer,issuer:TW:2732,issuer:TW:2732,-,-,-,六角,L2,TPEx OpenAPI 上櫃股票基本資料（完整母集）,https://www.tpex.org.tw/openapi/v1/mopsfin_t187ap03_O,2026-08-28,待核,l2:TPEX:2732,无,不适用,L2机械母集；未挂格,"四件套：URL=source_url；检索日=2026-08-28；命中引语=""公司代號 2732""；判定类别=L2机械母集/待人工裁决。原始出表日期=1150828；完整发行人母集不推定PCB主营、中国大陆厂址或物理产能。"
cand:l2-tpex-2734,issuer,issuer:TW:2734,issuer:TW:2734,-,-,-,易飛網,L2,TPEx OpenAPI 上櫃股票基本資料（完整母集）,https://www.tpex.org.tw/openapi/v1/mopsfin_t187ap03_O,2026-08-28,待核,l2:TPEX:2734,无,不适用,L2机械母集；未挂格,"四件套：URL=source_url；检索日=2026-08-28；命中引语=""公司代號 2734""；判定类别=L2机械母集/待人工裁决。原始出表日期=1150828；完整发行人母集不推定PCB主营、中国大陆厂址或物理产能。"
cand:l2-tpex-2736,issuer,issuer:TW:2736,issuer:TW:2736,-,-,-,富野,L2,TPEx OpenAPI 上櫃股票基本資料（完整母集）,https://www.tpex.org.tw/openapi/v1/mopsfin_t187ap03_O,2026-08-28,待核,l2:TPEX:2736,无,不适用,L2机械母集；未挂格,"四件套：URL=source_url；检索日=2026-08-28；命中引语=""公司代號 2736""；判定类别=L2机械母集/待人工裁决。原始出表日期=1150828；完整发行人母集不推定PCB主营、中国大陆厂址或物理产能。"
cand:l2-tpex-2740,issuer,issuer:TW:2740,issuer:TW:2740,-,-,-,華軒,L2,TPEx OpenAPI 上櫃股票基本資料（完整母集）,https://www.tpex.org.tw/openapi/v1/mopsfin_t187ap03_O,2026-08-28,待核,l2:TPEX:2740,无,不适用,L2机械母集；未挂格,"四件套：URL=source_url；检索日=2026-08-28；命中引语=""公司代號 2740""；判定类别=L2机械母集/待人工裁决。原始出表日期=1150828；完整发行人母集不推定PCB主营、中国大陆厂址或物理产能。"
cand:l2-tpex-2743,issuer,issuer:TW:2743,issuer:TW:2743,-,-,-,山富,L2,TPEx OpenAPI 上櫃股票基本資料（完整母集）,https://www.tpex.org.tw/openapi/v1/mopsfin_t187ap03_O,2026-08-28,待核,l2:TPEX:2743,无,不适用,L2机械母集；未挂格,"四件套：URL=source_url；检索日=2026-08-28；命中引语=""公司代號 2743""；判定类别=L2机械母集/待人工裁决。原始出表日期=1150828；完整发行人母集不推定PCB主营、中国大陆厂址或物理产能。"
cand:l2-tpex-2745,issuer,issuer:TW:2745,issuer:TW:2745,-,-,-,五福,L2,TPEx OpenAPI 上櫃股票基本資料（完整母集）,https://www.tpex.org.tw/openapi/v1/mopsfin_t187ap03_O,2026-08-28,待核,l2:TPEX:2745,无,不适用,L2机械母集；未挂格,"四件套：URL=source_url；检索日=2026-08-28；命中引语=""公司代號 2745""；判定类别=L2机械母集/待人工裁决。原始出表日期=1150828；完整发行人母集不推定PCB主营、中国大陆厂址或物理产能。"
cand:l2-tpex-2751,issuer,issuer:TW:2751,issuer:TW:2751,-,-,-,王座,L2,TPEx OpenAPI 上櫃股票基本資料（完整母集）,https://www.tpex.org.tw/openapi/v1/mopsfin_t187ap03_O,2026-08-28,待核,l2:TPEX:2751,无,不适用,L2机械母集；未挂格,"四件套：URL=source_url；检索日=2026-08-28；命中引语=""公司代號 2751""；判定类别=L2机械母集/待人工裁决。原始出表日期=1150828；完整发行人母集不推定PCB主营、中国大陆厂址或物理产能。"
cand:l2-tpex-2752,issuer,issuer:TW:2752,issuer:TW:2752,-,-,-,豆府,L2,TPEx OpenAPI 上櫃股票基本資料（完整母集）,https://www.tpex.org.tw/openapi/v1/mopsfin_t187ap03_O,2026-08-28,待核,l2:TPEX:2752,无,不适用,L2机械母集；未挂格,"四件套：URL=source_url；检索日=2026-08-28；命中引语=""公司代號 2752""；判定类别=L2机械母集/待人工裁决。原始出表日期=1150828；完整发行人母集不推定PCB主营、中国大陆厂址或物理产能。"
cand:l2-tpex-2754,issuer,issuer:TW:2754,issuer:TW:2754,-,-,-,亞洲藏壽司,L2,TPEx OpenAPI 上櫃股票基本資料（完整母集）,https://www.tpex.org.tw/openapi/v1/mopsfin_t187ap03_O,2026-08-28,待核,l2:TPEX:2754,无,不适用,L2机械母集；未挂格,"四件套：URL=source_url；检索日=2026-08-28；命中引语=""公司代號 2754""；判定类别=L2机械母集/待人工裁决。原始出表日期=1150828；完整发行人母集不推定PCB主营、中国大陆厂址或物理产能。"
cand:l2-tpex-2755,issuer,issuer:TW:2755,issuer:TW:2755,-,-,-,揚秦,L2,TPEx OpenAPI 上櫃股票基本資料（完整母集）,https://www.tpex.org.tw/openapi/v1/mopsfin_t187ap03_O,2026-08-28,待核,l2:TPEX:2755,无,不适用,L2机械母集；未挂格,"四件套：URL=source_url；检索日=2026-08-28；命中引语=""公司代號 2755""；判定类别=L2机械母集/待人工裁决。原始出表日期=1150828；完整发行人母集不推定PCB主营、中国大陆厂址或物理产能。"
cand:l2-tpex-2756,issuer,issuer:TW:2756,issuer:TW:2756,-,-,-,聯發國際,L2,TPEx OpenAPI 上櫃股票基本資料（完整母集）,https://www.tpex.org.tw/openapi/v1/mopsfin_t187ap03_O,2026-08-28,待核,l2:TPEX:2756,无,不适用,L2机械母集；未挂格,"四件套：URL=source_url；检索日=2026-08-28；命中引语=""公司代號 2756""；判定类别=L2机械母集/待人工裁决。原始出表日期=1150828；完整发行人母集不推定PCB主营、中国大陆厂址或物理产能。"
cand:l2-tpex-2916,issuer,issuer:TW:2916,issuer:TW:2916,-,-,-,滿心,L2,TPEx OpenAPI 上櫃股票基本資料（完整母集）,https://www.tpex.org.tw/openapi/v1/mopsfin_t187ap03_O,2026-08-28,待核,l2:TPEX:2916,无,不适用,L2机械母集；未挂格,"四件套：URL=source_url；检索日=2026-08-28；命中引语=""公司代號 2916""；判定类别=L2机械母集/待人工裁决。原始出表日期=1150828；完整发行人母集不推定PCB主营、中国大陆厂址或物理产能。"
cand:l2-tpex-2924,issuer,issuer:TW:2924,issuer:TW:2924,-,-,-,宏太-KY,L2,TPEx OpenAPI 上櫃股票基本資料（完整母集）,https://www.tpex.org.tw/openapi/v1/mopsfin_t187ap03_O,2026-08-28,待核,l2:TPEX:2924,无,不适用,L2机械母集；未挂格,"四件套：URL=source_url；检索日=2026-08-28；命中引语=""公司代號 2924""；判定类别=L2机械母集/待人工裁决。原始出表日期=1150828；完整发行人母集不推定PCB主营、中国大陆厂址或物理产能。"
cand:l2-tpex-2926,issuer,issuer:TW:2926,issuer:TW:2926,-,-,-,誠品生活,L2,TPEx OpenAPI 上櫃股票基本資料（完整母集）,https://www.tpex.org.tw/openapi/v1/mopsfin_t187ap03_O,2026-08-28,待核,l2:TPEX:2926,无,不适用,L2机械母集；未挂格,"四件套：URL=source_url；检索日=2026-08-28；命中引语=""公司代號 2926""；判定类别=L2机械母集/待人工裁决。原始出表日期=1150828；完整发行人母集不推定PCB主营、中国大陆厂址或物理产能。"
cand:l2-tpex-2937,issuer,issuer:TW:2937,issuer:TW:2937,-,-,-,集雅社,L2,TPEx OpenAPI 上櫃股票基本資料（完整母集）,https://www.tpex.org.tw/openapi/v1/mopsfin_t187ap03_O,2026-08-28,待核,l2:TPEX:2937,无,不适用,L2机械母集；未挂格,"四件套：URL=source_url；检索日=2026-08-28；命中引语=""公司代號 2937""；判定类别=L2机械母集/待人工裁决。原始出表日期=1150828；完整发行人母集不推定PCB主营、中国大陆厂址或物理产能。"
cand:l2-tpex-2941,issuer,issuer:TW:2941,issuer:TW:2941,-,-,-,米斯特,L2,TPEx OpenAPI 上櫃股票基本資料（完整母集）,https://www.tpex.org.tw/openapi/v1/mopsfin_t187ap03_O,2026-08-28,待核,l2:TPEX:2941,无,不适用,L2机械母集；未挂格,"四件套：URL=source_url；检索日=2026-08-28；命中引语=""公司代號 2941""；判定类别=L2机械母集/待人工裁决。原始出表日期=1150828；完整发行人母集不推定PCB主营、中国大陆厂址或物理产能。"
cand:l2-tpex-2947,issuer,issuer:TW:2947,issuer:TW:2947,-,-,-,振宇五金,L2,TPEx OpenAPI 上櫃股票基本資料（完整母集）,https://www.tpex.org.tw/openapi/v1/mopsfin_t187ap03_O,2026-08-28,待核,l2:TPEX:2947,无,不适用,L2机械母集；未挂格,"四件套：URL=source_url；检索日=2026-08-28；命中引语=""公司代號 2947""；判定类别=L2机械母集/待人工裁决。原始出表日期=1150828；完整发行人母集不推定PCB主营、中国大陆厂址或物理产能。"
cand:l2-tpex-2948,issuer,issuer:TW:2948,issuer:TW:2948,-,-,-,寶陞,L2,TPEx OpenAPI 上櫃股票基本資料（完整母集）,https://www.tpex.org.tw/openapi/v1/mopsfin_t187ap03_O,2026-08-28,待核,l2:TPEX:2948,无,不适用,L2机械母集；未挂格,"四件套：URL=source_url；检索日=2026-08-28；命中引语=""公司代號 2948""；判定类别=L2机械母集/待人工裁决。原始出表日期=1150828；完整发行人母集不推定PCB主营、中国大陆厂址或物理产能。"
cand:l2-tpex-2949,issuer,issuer:TW:2949,issuer:TW:2949,-,-,-,欣新網,L2,TPEx OpenAPI 上櫃股票基本資料（完整母集）,https://www.tpex.org.tw/openapi/v1/mopsfin_t187ap03_O,2026-08-28,待核,l2:TPEX:2949,无,不适用,L2机械母集；未挂格,"四件套：URL=source_url；检索日=2026-08-28；命中引语=""公司代號 2949""；判定类别=L2机械母集/待人工裁决。原始出表日期=1150828；完整发行人母集不推定PCB主营、中国大陆厂址或物理产能。"
cand:l2-tpex-3064,issuer,issuer:TW:3064,issuer:TW:3064,-,-,-,泰偉,L2,TPEx OpenAPI 上櫃股票基本資料（完整母集）,https://www.tpex.org.tw/openapi/v1/mopsfin_t187ap03_O,2026-08-28,待核,l2:TPEX:3064,无,不适用,L2机械母集；未挂格,"四件套：URL=source_url；检索日=2026-08-28；命中引语=""公司代號 3064""；判定类别=L2机械母集/待人工裁决。原始出表日期=1150828；完整发行人母集不推定PCB主营、中国大陆厂址或物理产能。"
cand:l2-tpex-3066,issuer,issuer:TW:3066,issuer:TW:3066,-,-,-,李洲,L2,TPEx OpenAPI 上櫃股票基本資料（完整母集）,https://www.tpex.org.tw/openapi/v1/mopsfin_t187ap03_O,2026-08-28,待核,l2:TPEX:3066,无,不适用,L2机械母集；未挂格,"四件套：URL=source_url；检索日=2026-08-28；命中引语=""公司代號 3066""；判定类别=L2机械母集/待人工裁决。原始出表日期=1150828；完整发行人母集不推定PCB主营、中国大陆厂址或物理产能。"
cand:l2-tpex-3067,issuer,issuer:TW:3067,issuer:TW:3067,-,-,-,全域,L2,TPEx OpenAPI 上櫃股票基本資料（完整母集）,https://www.tpex.org.tw/openapi/v1/mopsfin_t187ap03_O,2026-08-28,待核,l2:TPEX:3067,无,不适用,L2机械母集；未挂格,"四件套：URL=source_url；检索日=2026-08-28；命中引语=""公司代號 3067""；判定类别=L2机械母集/待人工裁决。原始出表日期=1150828；完整发行人母集不推定PCB主营、中国大陆厂址或物理产能。"
cand:l2-tpex-3071,issuer,issuer:TW:3071,issuer:TW:3071,-,-,-,協禧,L2,TPEx OpenAPI 上櫃股票基本資料（完整母集）,https://www.tpex.org.tw/openapi/v1/mopsfin_t187ap03_O,2026-08-28,待核,l2:TPEX:3071,无,不适用,L2机械母集；未挂格,"四件套：URL=source_url；检索日=2026-08-28；命中引语=""公司代號 3071""；判定类别=L2机械母集/待人工裁决。原始出表日期=1150828；完整发行人母集不推定PCB主营、中国大陆厂址或物理产能。"
cand:l2-tpex-3073,issuer,issuer:TW:3073,issuer:TW:3073,-,-,-,天方能源,L2,TPEx OpenAPI 上櫃股票基本資料（完整母集）,https://www.tpex.org.tw/openapi/v1/mopsfin_t187ap03_O,2026-08-28,待核,l2:TPEX:3073,无,不适用,L2机械母集；未挂格,"四件套：URL=source_url；检索日=2026-08-28；命中引语=""公司代號 3073""；判定类别=L2机械母集/待人工裁决。原始出表日期=1150828；完整发行人母集不推定PCB主营、中国大陆厂址或物理产能。"
cand:l2-tpex-3078,issuer,issuer:TW:3078,issuer:TW:3078,-,-,-,僑威,L2,TPEx OpenAPI 上櫃股票基本資料（完整母集）,https://www.tpex.org.tw/openapi/v1/mopsfin_t187ap03_O,2026-08-28,待核,l2:TPEX:3078,无,不适用,L2机械母集；未挂格,"四件套：URL=source_url；检索日=2026-08-28；命中引语=""公司代號 3078""；判定类别=L2机械母集/待人工裁决。原始出表日期=1150828；完整发行人母集不推定PCB主营、中国大陆厂址或物理产能。"
cand:l2-tpex-3081,issuer,issuer:TW:3081,issuer:TW:3081,-,-,-,聯亞,L2,TPEx OpenAPI 上櫃股票基本資料（完整母集）,https://www.tpex.org.tw/openapi/v1/mopsfin_t187ap03_O,2026-08-28,待核,l2:TPEX:3081,无,不适用,L2机械母集；未挂格,"四件套：URL=source_url；检索日=2026-08-28；命中引语=""公司代號 3081""；判定类别=L2机械母集/待人工裁决。原始出表日期=1150828；完整发行人母集不推定PCB主营、中国大陆厂址或物理产能。"
cand:l2-tpex-3083,issuer,issuer:TW:3083,issuer:TW:3083,-,-,-,網龍,L2,TPEx OpenAPI 上櫃股票基本資料（完整母集）,https://www.tpex.org.tw/openapi/v1/mopsfin_t187ap03_O,2026-08-28,待核,l2:TPEX:3083,无,不适用,L2机械母集；未挂格,"四件套：URL=source_url；检索日=2026-08-28；命中引语=""公司代號 3083""；判定类别=L2机械母集/待人工裁决。原始出表日期=1150828；完整发行人母集不推定PCB主营、中国大陆厂址或物理产能。"
cand:l2-tpex-3085,issuer,issuer:TW:3085,issuer:TW:3085,-,-,-,新零售,L2,TPEx OpenAPI 上櫃股票基本資料（完整母集）,https://www.tpex.org.tw/openapi/v1/mopsfin_t187ap03_O,2026-08-28,待核,l2:TPEX:3085,无,不适用,L2机械母集；未挂格,"四件套：URL=source_url；检索日=2026-08-28；命中引语=""公司代號 3085""；判定类别=L2机械母集/待人工裁决。原始出表日期=1150828；完整发行人母集不推定PCB主营、中国大陆厂址或物理产能。"
cand:l2-tpex-3086,issuer,issuer:TW:3086,issuer:TW:3086,-,-,-,華義*,L2,TPEx OpenAPI 上櫃股票基本資料（完整母集）,https://www.tpex.org.tw/openapi/v1/mopsfin_t187ap03_O,2026-08-28,待核,l2:TPEX:3086,无,不适用,L2机械母集；未挂格,"四件套：URL=source_url；检索日=2026-08-28；命中引语=""公司代號 3086""；判定类别=L2机械母集/待人工裁决。原始出表日期=1150828；完整发行人母集不推定PCB主营、中国大陆厂址或物理产能。"
cand:l2-tpex-3088,issuer,issuer:TW:3088,issuer:TW:3088,-,-,-,艾訊,L2,TPEx OpenAPI 上櫃股票基本資料（完整母集）,https://www.tpex.org.tw/openapi/v1/mopsfin_t187ap03_O,2026-08-28,待核,l2:TPEX:3088,无,不适用,L2机械母集；未挂格,"四件套：URL=source_url；检索日=2026-08-28；命中引语=""公司代號 3088""；判定类别=L2机械母集/待人工裁决。原始出表日期=1150828；完整发行人母集不推定PCB主营、中国大陆厂址或物理产能。"
cand:l2-tpex-3093,issuer,issuer:TW:3093,issuer:TW:3093,-,-,-,港建*,L2,TPEx OpenAPI 上櫃股票基本資料（完整母集）,https://www.tpex.org.tw/openapi/v1/mopsfin_t187ap03_O,2026-08-28,待核,l2:TPEX:3093,无,不适用,L2机械母集；未挂格,"四件套：URL=source_url；检索日=2026-08-28；命中引语=""公司代號 3093""；判定类别=L2机械母集/待人工裁决。原始出表日期=1150828；完整发行人母集不推定PCB主营、中国大陆厂址或物理产能。"
cand:l2-tpex-3095,issuer,issuer:TW:3095,issuer:TW:3095,-,-,-,及成,L2,TPEx OpenAPI 上櫃股票基本資料（完整母集）,https://www.tpex.org.tw/openapi/v1/mopsfin_t187ap03_O,2026-08-28,待核,l2:TPEX:3095,无,不适用,L2机械母集；未挂格,"四件套：URL=source_url；检索日=2026-08-28；命中引语=""公司代號 3095""；判定类别=L2机械母集/待人工裁决。原始出表日期=1150828；完整发行人母集不推定PCB主营、中国大陆厂址或物理产能。"
cand:l2-tpex-3105,issuer,issuer:TW:3105,issuer:TW:3105,-,-,-,穩懋,L2,TPEx OpenAPI 上櫃股票基本資料（完整母集）,https://www.tpex.org.tw/openapi/v1/mopsfin_t187ap03_O,2026-08-28,待核,l2:TPEX:3105,无,不适用,L2机械母集；未挂格,"四件套：URL=source_url；检索日=2026-08-28；命中引语=""公司代號 3105""；判定类别=L2机械母集/待人工裁决。原始出表日期=1150828；完整发行人母集不推定PCB主营、中国大陆厂址或物理产能。"
cand:l2-tpex-3114,issuer,issuer:TW:3114,issuer:TW:3114,-,-,-,好德,L2,TPEx OpenAPI 上櫃股票基本資料（完整母集）,https://www.tpex.org.tw/openapi/v1/mopsfin_t187ap03_O,2026-08-28,待核,l2:TPEX:3114,无,不适用,L2机械母集；未挂格,"四件套：URL=source_url；检索日=2026-08-28；命中引语=""公司代號 3114""；判定类别=L2机械母集/待人工裁决。原始出表日期=1150828；完整发行人母集不推定PCB主营、中国大陆厂址或物理产能。"
cand:l2-tpex-3115,issuer,issuer:TW:3115,issuer:TW:3115,-,-,-,富榮綱,L2,TPEx OpenAPI 上櫃股票基本資料（完整母集）,https://www.tpex.org.tw/openapi/v1/mopsfin_t187ap03_O,2026-08-28,待核,l2:TPEX:3115,无,不适用,L2机械母集；未挂格,"四件套：URL=source_url；检索日=2026-08-28；命中引语=""公司代號 3115""；判定类别=L2机械母集/待人工裁决。原始出表日期=1150828；完整发行人母集不推定PCB主营、中国大陆厂址或物理产能。"
cand:l2-tpex-3118,issuer,issuer:TW:3118,issuer:TW:3118,-,-,-,進階,L2,TPEx OpenAPI 上櫃股票基本資料（完整母集）,https://www.tpex.org.tw/openapi/v1/mopsfin_t187ap03_O,2026-08-28,待核,l2:TPEX:3118,无,不适用,L2机械母集；未挂格,"四件套：URL=source_url；检索日=2026-08-28；命中引语=""公司代號 3118""；判定类别=L2机械母集/待人工裁决。原始出表日期=1150828；完整发行人母集不推定PCB主营、中国大陆厂址或物理产能。"
cand:l2-tpex-3122,issuer,issuer:TW:3122,issuer:TW:3122,-,-,-,笙泉,L2,TPEx OpenAPI 上櫃股票基本資料（完整母集）,https://www.tpex.org.tw/openapi/v1/mopsfin_t187ap03_O,2026-08-28,待核,l2:TPEX:3122,无,不适用,L2机械母集；未挂格,"四件套：URL=source_url；检索日=2026-08-28；命中引语=""公司代號 3122""；判定类别=L2机械母集/待人工裁决。原始出表日期=1150828；完整发行人母集不推定PCB主营、中国大陆厂址或物理产能。"
cand:l2-tpex-3128,issuer,issuer:TW:3128,issuer:TW:3128,-,-,-,昇銳,L2,TPEx OpenAPI 上櫃股票基本資料（完整母集）,https://www.tpex.org.tw/openapi/v1/mopsfin_t187ap03_O,2026-08-28,待核,l2:TPEX:3128,无,不适用,L2机械母集；未挂格,"四件套：URL=source_url；检索日=2026-08-28；命中引语=""公司代號 3128""；判定类别=L2机械母集/待人工裁决。原始出表日期=1150828；完整发行人母集不推定PCB主营、中国大陆厂址或物理产能。"
cand:l2-tpex-3131,issuer,issuer:TW:3131,issuer:TW:3131,-,-,-,弘塑,L2,TPEx OpenAPI 上櫃股票基本資料（完整母集）,https://www.tpex.org.tw/openapi/v1/mopsfin_t187ap03_O,2026-08-28,待核,l2:TPEX:3131,无,不适用,L2机械母集；未挂格,"四件套：URL=source_url；检索日=2026-08-28；命中引语=""公司代號 3131""；判定类别=L2机械母集/待人工裁决。原始出表日期=1150828；完整发行人母集不推定PCB主营、中国大陆厂址或物理产能。"
cand:l2-tpex-3141,issuer,issuer:TW:3141,issuer:TW:3141,-,-,-,晶宏,L2,TPEx OpenAPI 上櫃股票基本資料（完整母集）,https://www.tpex.org.tw/openapi/v1/mopsfin_t187ap03_O,2026-08-28,待核,l2:TPEX:3141,无,不适用,L2机械母集；未挂格,"四件套：URL=source_url；检索日=2026-08-28；命中引语=""公司代號 3141""；判定类别=L2机械母集/待人工裁决。原始出表日期=1150828；完整发行人母集不推定PCB主营、中国大陆厂址或物理产能。"
cand:l2-tpex-3147,issuer,issuer:TW:3147,issuer:TW:3147,-,-,-,大綜,L2,TPEx OpenAPI 上櫃股票基本資料（完整母集）,https://www.tpex.org.tw/openapi/v1/mopsfin_t187ap03_O,2026-08-28,待核,l2:TPEX:3147,无,不适用,L2机械母集；未挂格,"四件套：URL=source_url；检索日=2026-08-28；命中引语=""公司代號 3147""；判定类别=L2机械母集/待人工裁决。原始出表日期=1150828；完整发行人母集不推定PCB主营、中国大陆厂址或物理产能。"
cand:l2-tpex-3152,issuer,issuer:TW:3152,issuer:TW:3152,-,-,-,璟德,L2,TPEx OpenAPI 上櫃股票基本資料（完整母集）,https://www.tpex.org.tw/openapi/v1/mopsfin_t187ap03_O,2026-08-28,待核,l2:TPEX:3152,无,不适用,L2机械母集；未挂格,"四件套：URL=source_url；检索日=2026-08-28；命中引语=""公司代號 3152""；判定类别=L2机械母集/待人工裁决。原始出表日期=1150828；完整发行人母集不推定PCB主营、中国大陆厂址或物理产能。"
cand:l2-tpex-3158,issuer,issuer:TW:3158,issuer:TW:3158,-,-,-,嘉實,L2,TPEx OpenAPI 上櫃股票基本資料（完整母集）,https://www.tpex.org.tw/openapi/v1/mopsfin_t187ap03_O,2026-08-28,待核,l2:TPEX:3158,无,不适用,L2机械母集；未挂格,"四件套：URL=source_url；检索日=2026-08-28；命中引语=""公司代號 3158""；判定类别=L2机械母集/待人工裁决。原始出表日期=1150828；完整发行人母集不推定PCB主营、中国大陆厂址或物理产能。"
cand:l2-tpex-3162,issuer,issuer:TW:3162,issuer:TW:3162,-,-,-,精確,L2,TPEx OpenAPI 上櫃股票基本資料（完整母集）,https://www.tpex.org.tw/openapi/v1/mopsfin_t187ap03_O,2026-08-28,待核,l2:TPEX:3162,无,不适用,L2机械母集；未挂格,"四件套：URL=source_url；检索日=2026-08-28；命中引语=""公司代號 3162""；判定类别=L2机械母集/待人工裁决。原始出表日期=1150828；完整发行人母集不推定PCB主营、中国大陆厂址或物理产能。"
cand:l2-tpex-3163,issuer,issuer:TW:3163,issuer:TW:3163,-,-,-,波若威,L2,TPEx OpenAPI 上櫃股票基本資料（完整母集）,https://www.tpex.org.tw/openapi/v1/mopsfin_t187ap03_O,2026-08-28,待核,l2:TPEX:3163,无,不适用,L2机械母集；未挂格,"四件套：URL=source_url；检索日=2026-08-28；命中引语=""公司代號 3163""；判定类别=L2机械母集/待人工裁决。原始出表日期=1150828；完整发行人母集不推定PCB主营、中国大陆厂址或物理产能。"
cand:l2-tpex-3169,issuer,issuer:TW:3169,issuer:TW:3169,-,-,-,亞信,L2,TPEx OpenAPI 上櫃股票基本資料（完整母集）,https://www.tpex.org.tw/openapi/v1/mopsfin_t187ap03_O,2026-08-28,待核,l2:TPEX:3169,无,不适用,L2机械母集；未挂格,"四件套：URL=source_url；检索日=2026-08-28；命中引语=""公司代號 3169""；判定类别=L2机械母集/待人工裁决。原始出表日期=1150828；完整发行人母集不推定PCB主营、中国大陆厂址或物理产能。"
cand:l2-tpex-3171,issuer,issuer:TW:3171,issuer:TW:3171,-,-,-,炎洲流通,L2,TPEx OpenAPI 上櫃股票基本資料（完整母集）,https://www.tpex.org.tw/openapi/v1/mopsfin_t187ap03_O,2026-08-28,待核,l2:TPEX:3171,无,不适用,L2机械母集；未挂格,"四件套：URL=source_url；检索日=2026-08-28；命中引语=""公司代號 3171""；判定类别=L2机械母集/待人工裁决。原始出表日期=1150828；完整发行人母集不推定PCB主营、中国大陆厂址或物理产能。"
cand:l2-tpex-3176,issuer,issuer:TW:3176,issuer:TW:3176,-,-,-,基亞,L2,TPEx OpenAPI 上櫃股票基本資料（完整母集）,https://www.tpex.org.tw/openapi/v1/mopsfin_t187ap03_O,2026-08-28,待核,l2:TPEX:3176,无,不适用,L2机械母集；未挂格,"四件套：URL=source_url；检索日=2026-08-28；命中引语=""公司代號 3176""；判定类别=L2机械母集/待人工裁决。原始出表日期=1150828；完整发行人母集不推定PCB主营、中国大陆厂址或物理产能。"
cand:l2-tpex-3178,issuer,issuer:TW:3178,issuer:TW:3178,-,-,-,公準,L2,TPEx OpenAPI 上櫃股票基本資料（完整母集）,https://www.tpex.org.tw/openapi/v1/mopsfin_t187ap03_O,2026-08-28,待核,l2:TPEX:3178,无,不适用,L2机械母集；未挂格,"四件套：URL=source_url；检索日=2026-08-28；命中引语=""公司代號 3178""；判定类别=L2机械母集/待人工裁决。原始出表日期=1150828；完整发行人母集不推定PCB主营、中国大陆厂址或物理产能。"
cand:l2-tpex-3188,issuer,issuer:TW:3188,issuer:TW:3188,-,-,-,鑫龍騰,L2,TPEx OpenAPI 上櫃股票基本資料（完整母集）,https://www.tpex.org.tw/openapi/v1/mopsfin_t187ap03_O,2026-08-28,待核,l2:TPEX:3188,无,不适用,L2机械母集；未挂格,"四件套：URL=source_url；检索日=2026-08-28；命中引语=""公司代號 3188""；判定类别=L2机械母集/待人工裁决。原始出表日期=1150828；完整发行人母集不推定PCB主营、中国大陆厂址或物理产能。"
cand:l2-tpex-3191,issuer,issuer:TW:3191,issuer:TW:3191,-,-,-,雲嘉南,L2,TPEx OpenAPI 上櫃股票基本資料（完整母集）,https://www.tpex.org.tw/openapi/v1/mopsfin_t187ap03_O,2026-08-28,待核,l2:TPEX:3191,无,不适用,L2机械母集；未挂格,"四件套：URL=source_url；检索日=2026-08-28；命中引语=""公司代號 3191""；判定类别=L2机械母集/待人工裁决。原始出表日期=1150828；完整发行人母集不推定PCB主营、中国大陆厂址或物理产能。"
cand:l2-tpex-3205,issuer,issuer:TW:3205,issuer:TW:3205,-,-,-,佰研,L2,TPEx OpenAPI 上櫃股票基本資料（完整母集）,https://www.tpex.org.tw/openapi/v1/mopsfin_t187ap03_O,2026-08-28,待核,l2:TPEX:3205,无,不适用,L2机械母集；未挂格,"四件套：URL=source_url；检索日=2026-08-28；命中引语=""公司代號 3205""；判定类别=L2机械母集/待人工裁决。原始出表日期=1150828；完整发行人母集不推定PCB主营、中国大陆厂址或物理产能。"
cand:l2-tpex-3206,issuer,issuer:TW:3206,issuer:TW:3206,-,-,-,志豐,L2,TPEx OpenAPI 上櫃股票基本資料（完整母集）,https://www.tpex.org.tw/openapi/v1/mopsfin_t187ap03_O,2026-08-28,待核,l2:TPEX:3206,无,不适用,L2机械母集；未挂格,"四件套：URL=source_url；检索日=2026-08-28；命中引语=""公司代號 3206""；判定类别=L2机械母集/待人工裁决。原始出表日期=1150828；完整发行人母集不推定PCB主营、中国大陆厂址或物理产能。"
cand:l2-tpex-3207,issuer,issuer:TW:3207,issuer:TW:3207,-,-,-,耀勝,L2,TPEx OpenAPI 上櫃股票基本資料（完整母集）,https://www.tpex.org.tw/openapi/v1/mopsfin_t187ap03_O,2026-08-28,待核,l2:TPEX:3207,无,不适用,L2机械母集；未挂格,"四件套：URL=source_url；检索日=2026-08-28；命中引语=""公司代號 3207""；判定类别=L2机械母集/待人工裁决。原始出表日期=1150828；完整发行人母集不推定PCB主营、中国大陆厂址或物理产能。"
cand:l2-tpex-3211,issuer,issuer:TW:3211,issuer:TW:3211,-,-,-,順達,L2,TPEx OpenAPI 上櫃股票基本資料（完整母集）,https://www.tpex.org.tw/openapi/v1/mopsfin_t187ap03_O,2026-08-28,待核,l2:TPEX:3211,无,不适用,L2机械母集；未挂格,"四件套：URL=source_url；检索日=2026-08-28；命中引语=""公司代號 3211""；判定类别=L2机械母集/待人工裁决。原始出表日期=1150828；完整发行人母集不推定PCB主营、中国大陆厂址或物理产能。"
cand:l2-tpex-3213,issuer,issuer:TW:3213,issuer:TW:3213,-,-,-,茂訊,L2,TPEx OpenAPI 上櫃股票基本資料（完整母集）,https://www.tpex.org.tw/openapi/v1/mopsfin_t187ap03_O,2026-08-28,待核,l2:TPEX:3213,无,不适用,L2机械母集；未挂格,"四件套：URL=source_url；检索日=2026-08-28；命中引语=""公司代號 3213""；判定类别=L2机械母集/待人工裁决。原始出表日期=1150828；完整发行人母集不推定PCB主营、中国大陆厂址或物理产能。"
cand:l2-tpex-3217,issuer,issuer:TW:3217,issuer:TW:3217,-,-,-,優群,L2,TPEx OpenAPI 上櫃股票基本資料（完整母集）,https://www.tpex.org.tw/openapi/v1/mopsfin_t187ap03_O,2026-08-28,待核,l2:TPEX:3217,无,不适用,L2机械母集；未挂格,"四件套：URL=source_url；检索日=2026-08-28；命中引语=""公司代號 3217""；判定类别=L2机械母集/待人工裁决。原始出表日期=1150828；完整发行人母集不推定PCB主营、中国大陆厂址或物理产能。"
cand:l2-tpex-3218,issuer,issuer:TW:3218,issuer:TW:3218,-,-,-,大學光,L2,TPEx OpenAPI 上櫃股票基本資料（完整母集）,https://www.tpex.org.tw/openapi/v1/mopsfin_t187ap03_O,2026-08-28,待核,l2:TPEX:3218,无,不适用,L2机械母集；未挂格,"四件套：URL=source_url；检索日=2026-08-28；命中引语=""公司代號 3218""；判定类别=L2机械母集/待人工裁决。原始出表日期=1150828；完整发行人母集不推定PCB主营、中国大陆厂址或物理产能。"
cand:l2-tpex-3219,issuer,issuer:TW:3219,issuer:TW:3219,-,-,-,倚強科,L2,TPEx OpenAPI 上櫃股票基本資料（完整母集）,https://www.tpex.org.tw/openapi/v1/mopsfin_t187ap03_O,2026-08-28,待核,l2:TPEX:3219,无,不适用,L2机械母集；未挂格,"四件套：URL=source_url；检索日=2026-08-28；命中引语=""公司代號 3219""；判定类别=L2机械母集/待人工裁决。原始出表日期=1150828；完整发行人母集不推定PCB主营、中国大陆厂址或物理产能。"
cand:l2-tpex-3221,issuer,issuer:TW:3221,issuer:TW:3221,-,-,-,台嘉碩,L2,TPEx OpenAPI 上櫃股票基本資料（完整母集）,https://www.tpex.org.tw/openapi/v1/mopsfin_t187ap03_O,2026-08-28,待核,l2:TPEX:3221,无,不适用,L2机械母集；未挂格,"四件套：URL=source_url；检索日=2026-08-28；命中引语=""公司代號 3221""；判定类别=L2机械母集/待人工裁决。原始出表日期=1150828；完整发行人母集不推定PCB主营、中国大陆厂址或物理产能。"
cand:l2-tpex-3224,issuer,issuer:TW:3224,issuer:TW:3224,-,-,-,三顧,L2,TPEx OpenAPI 上櫃股票基本資料（完整母集）,https://www.tpex.org.tw/openapi/v1/mopsfin_t187ap03_O,2026-08-28,待核,l2:TPEX:3224,无,不适用,L2机械母集；未挂格,"四件套：URL=source_url；检索日=2026-08-28；命中引语=""公司代號 3224""；判定类别=L2机械母集/待人工裁决。原始出表日期=1150828；完整发行人母集不推定PCB主营、中国大陆厂址或物理产能。"
cand:l2-tpex-3226,issuer,issuer:TW:3226,issuer:TW:3226,-,-,-,龍鋒,L2,TPEx OpenAPI 上櫃股票基本資料（完整母集）,https://www.tpex.org.tw/openapi/v1/mopsfin_t187ap03_O,2026-08-28,待核,l2:TPEX:3226,无,不适用,L2机械母集；未挂格,"四件套：URL=source_url；检索日=2026-08-28；命中引语=""公司代號 3226""；判定类别=L2机械母集/待人工裁决。原始出表日期=1150828；完整发行人母集不推定PCB主营、中国大陆厂址或物理产能。"
cand:l2-tpex-3227,issuer,issuer:TW:3227,issuer:TW:3227,-,-,-,原相,L2,TPEx OpenAPI 上櫃股票基本資料（完整母集）,https://www.tpex.org.tw/openapi/v1/mopsfin_t187ap03_O,2026-08-28,待核,l2:TPEX:3227,无,不适用,L2机械母集；未挂格,"四件套：URL=source_url；检索日=2026-08-28；命中引语=""公司代號 3227""；判定类别=L2机械母集/待人工裁决。原始出表日期=1150828；完整发行人母集不推定PCB主营、中国大陆厂址或物理产能。"
cand:l2-tpex-3228,issuer,issuer:TW:3228,issuer:TW:3228,-,-,-,金麗科,L2,TPEx OpenAPI 上櫃股票基本資料（完整母集）,https://www.tpex.org.tw/openapi/v1/mopsfin_t187ap03_O,2026-08-28,待核,l2:TPEX:3228,无,不适用,L2机械母集；未挂格,"四件套：URL=source_url；检索日=2026-08-28；命中引语=""公司代號 3228""；判定类别=L2机械母集/待人工裁决。原始出表日期=1150828；完整发行人母集不推定PCB主营、中国大陆厂址或物理产能。"
cand:l2-tpex-3230,issuer,issuer:TW:3230,issuer:TW:3230,-,-,-,錦明,L2,TPEx OpenAPI 上櫃股票基本資料（完整母集）,https://www.tpex.org.tw/openapi/v1/mopsfin_t187ap03_O,2026-08-28,待核,l2:TPEX:3230,无,不适用,L2机械母集；未挂格,"四件套：URL=source_url；检索日=2026-08-28；命中引语=""公司代號 3230""；判定类别=L2机械母集/待人工裁决。原始出表日期=1150828；完整发行人母集不推定PCB主营、中国大陆厂址或物理产能。"
cand:l2-tpex-3232,issuer,issuer:TW:3232,issuer:TW:3232,-,-,-,昱捷,L2,TPEx OpenAPI 上櫃股票基本資料（完整母集）,https://www.tpex.org.tw/openapi/v1/mopsfin_t187ap03_O,2026-08-28,待核,l2:TPEX:3232,无,不适用,L2机械母集；未挂格,"四件套：URL=source_url；检索日=2026-08-28；命中引语=""公司代號 3232""；判定类别=L2机械母集/待人工裁决。原始出表日期=1150828；完整发行人母集不推定PCB主营、中国大陆厂址或物理产能。"
cand:l2-tpex-3234,issuer,issuer:TW:3234,issuer:TW:3234,-,-,-,光環,L2,TPEx OpenAPI 上櫃股票基本資料（完整母集）,https://www.tpex.org.tw/openapi/v1/mopsfin_t187ap03_O,2026-08-28,待核,l2:TPEX:3234,无,不适用,L2机械母集；未挂格,"四件套：URL=source_url；检索日=2026-08-28；命中引语=""公司代號 3234""；判定类别=L2机械母集/待人工裁决。原始出表日期=1150828；完整发行人母集不推定PCB主营、中国大陆厂址或物理产能。"
cand:l2-tpex-3236,issuer,issuer:TW:3236,issuer:TW:3236,-,-,-,千如,L2,TPEx OpenAPI 上櫃股票基本資料（完整母集）,https://www.tpex.org.tw/openapi/v1/mopsfin_t187ap03_O,2026-08-28,待核,l2:TPEX:3236,无,不适用,L2机械母集；未挂格,"四件套：URL=source_url；检索日=2026-08-28；命中引语=""公司代號 3236""；判定类别=L2机械母集/待人工裁决。原始出表日期=1150828；完整发行人母集不推定PCB主营、中国大陆厂址或物理产能。"
cand:l2-tpex-3252,issuer,issuer:TW:3252,issuer:TW:3252,-,-,-,海灣,L2,TPEx OpenAPI 上櫃股票基本資料（完整母集）,https://www.tpex.org.tw/openapi/v1/mopsfin_t187ap03_O,2026-08-28,待核,l2:TPEX:3252,无,不适用,L2机械母集；未挂格,"四件套：URL=source_url；检索日=2026-08-28；命中引语=""公司代號 3252""；判定类别=L2机械母集/待人工裁决。原始出表日期=1150828；完整发行人母集不推定PCB主营、中国大陆厂址或物理产能。"
cand:l2-tpex-3259,issuer,issuer:TW:3259,issuer:TW:3259,-,-,-,鑫創,L2,TPEx OpenAPI 上櫃股票基本資料（完整母集）,https://www.tpex.org.tw/openapi/v1/mopsfin_t187ap03_O,2026-08-28,待核,l2:TPEX:3259,无,不适用,L2机械母集；未挂格,"四件套：URL=source_url；检索日=2026-08-28；命中引语=""公司代號 3259""；判定类别=L2机械母集/待人工裁决。原始出表日期=1150828；完整发行人母集不推定PCB主营、中国大陆厂址或物理产能。"
cand:l2-tpex-3260,issuer,issuer:TW:3260,issuer:TW:3260,-,-,-,威剛,L2,TPEx OpenAPI 上櫃股票基本資料（完整母集）,https://www.tpex.org.tw/openapi/v1/mopsfin_t187ap03_O,2026-08-28,待核,l2:TPEX:3260,无,不适用,L2机械母集；未挂格,"四件套：URL=source_url；检索日=2026-08-28；命中引语=""公司代號 3260""；判定类别=L2机械母集/待人工裁决。原始出表日期=1150828；完整发行人母集不推定PCB主营、中国大陆厂址或物理产能。"
cand:l2-tpex-3264,issuer,issuer:TW:3264,issuer:TW:3264,-,-,-,欣銓,L2,TPEx OpenAPI 上櫃股票基本資料（完整母集）,https://www.tpex.org.tw/openapi/v1/mopsfin_t187ap03_O,2026-08-28,待核,l2:TPEX:3264,无,不适用,L2机械母集；未挂格,"四件套：URL=source_url；检索日=2026-08-28；命中引语=""公司代號 3264""；判定类别=L2机械母集/待人工裁决。原始出表日期=1150828；完整发行人母集不推定PCB主营、中国大陆厂址或物理产能。"
cand:l2-tpex-3265,issuer,issuer:TW:3265,issuer:TW:3265,-,-,-,台星科,L2,TPEx OpenAPI 上櫃股票基本資料（完整母集）,https://www.tpex.org.tw/openapi/v1/mopsfin_t187ap03_O,2026-08-28,待核,l2:TPEX:3265,无,不适用,L2机械母集；未挂格,"四件套：URL=source_url；检索日=2026-08-28；命中引语=""公司代號 3265""；判定类别=L2机械母集/待人工裁决。原始出表日期=1150828；完整发行人母集不推定PCB主营、中国大陆厂址或物理产能。"
cand:l2-tpex-3268,issuer,issuer:TW:3268,issuer:TW:3268,-,-,-,海德威,L2,TPEx OpenAPI 上櫃股票基本資料（完整母集）,https://www.tpex.org.tw/openapi/v1/mopsfin_t187ap03_O,2026-08-28,待核,l2:TPEX:3268,无,不适用,L2机械母集；未挂格,"四件套：URL=source_url；检索日=2026-08-28；命中引语=""公司代號 3268""；判定类别=L2机械母集/待人工裁决。原始出表日期=1150828；完整发行人母集不推定PCB主营、中国大陆厂址或物理产能。"
cand:l2-tpex-3272,issuer,issuer:TW:3272,issuer:TW:3272,-,-,-,東碩,L2,TPEx OpenAPI 上櫃股票基本資料（完整母集）,https://www.tpex.org.tw/openapi/v1/mopsfin_t187ap03_O,2026-08-28,待核,l2:TPEX:3272,无,不适用,L2机械母集；未挂格,"四件套：URL=source_url；检索日=2026-08-28；命中引语=""公司代號 3272""；判定类别=L2机械母集/待人工裁决。原始出表日期=1150828；完整发行人母集不推定PCB主营、中国大陆厂址或物理产能。"
cand:l2-tpex-3276,issuer,issuer:TW:3276,issuer:TW:3276,-,-,-,宇環,L2,TPEx OpenAPI 上櫃股票基本資料（完整母集）,https://www.tpex.org.tw/openapi/v1/mopsfin_t187ap03_O,2026-08-28,待核,l2:TPEX:3276,无,不适用,L2机械母集；未挂格,"四件套：URL=source_url；检索日=2026-08-28；命中引语=""公司代號 3276""；判定类别=L2机械母集/待人工裁决。原始出表日期=1150828；完整发行人母集不推定PCB主营、中国大陆厂址或物理产能。"
cand:l2-tpex-3284,issuer,issuer:TW:3284,issuer:TW:3284,-,-,-,太普高,L2,TPEx OpenAPI 上櫃股票基本資料（完整母集）,https://www.tpex.org.tw/openapi/v1/mopsfin_t187ap03_O,2026-08-28,待核,l2:TPEX:3284,无,不适用,L2机械母集；未挂格,"四件套：URL=source_url；检索日=2026-08-28；命中引语=""公司代號 3284""；判定类别=L2机械母集/待人工裁决。原始出表日期=1150828；完整发行人母集不推定PCB主营、中国大陆厂址或物理产能。"
cand:l2-tpex-3285,issuer,issuer:TW:3285,issuer:TW:3285,-,-,-,微端,L2,TPEx OpenAPI 上櫃股票基本資料（完整母集）,https://www.tpex.org.tw/openapi/v1/mopsfin_t187ap03_O,2026-08-28,待核,l2:TPEX:3285,无,不适用,L2机械母集；未挂格,"四件套：URL=source_url；检索日=2026-08-28；命中引语=""公司代號 3285""；判定类别=L2机械母集/待人工裁决。原始出表日期=1150828；完整发行人母集不推定PCB主营、中国大陆厂址或物理产能。"
cand:l2-tpex-3287,issuer,issuer:TW:3287,issuer:TW:3287,-,-,-,廣寰科,L2,TPEx OpenAPI 上櫃股票基本資料（完整母集）,https://www.tpex.org.tw/openapi/v1/mopsfin_t187ap03_O,2026-08-28,待核,l2:TPEX:3287,无,不适用,L2机械母集；未挂格,"四件套：URL=source_url；检索日=2026-08-28；命中引语=""公司代號 3287""；判定类别=L2机械母集/待人工裁决。原始出表日期=1150828；完整发行人母集不推定PCB主营、中国大陆厂址或物理产能。"
cand:l2-tpex-3288,issuer,issuer:TW:3288,issuer:TW:3288,-,-,-,點晶,L2,TPEx OpenAPI 上櫃股票基本資料（完整母集）,https://www.tpex.org.tw/openapi/v1/mopsfin_t187ap03_O,2026-08-28,待核,l2:TPEX:3288,无,不适用,L2机械母集；未挂格,"四件套：URL=source_url；检索日=2026-08-28；命中引语=""公司代號 3288""；判定类别=L2机械母集/待人工裁决。原始出表日期=1150828；完整发行人母集不推定PCB主营、中国大陆厂址或物理产能。"
cand:l2-tpex-3289,issuer,issuer:TW:3289,issuer:TW:3289,-,-,-,宜特,L2,TPEx OpenAPI 上櫃股票基本資料（完整母集）,https://www.tpex.org.tw/openapi/v1/mopsfin_t187ap03_O,2026-08-28,待核,l2:TPEX:3289,无,不适用,L2机械母集；未挂格,"四件套：URL=source_url；检索日=2026-08-28；命中引语=""公司代號 3289""；判定类别=L2机械母集/待人工裁决。原始出表日期=1150828；完整发行人母集不推定PCB主营、中国大陆厂址或物理产能。"
cand:l2-tpex-3290,issuer,issuer:TW:3290,issuer:TW:3290,-,-,-,東浦,L2,TPEx OpenAPI 上櫃股票基本資料（完整母集）,https://www.tpex.org.tw/openapi/v1/mopsfin_t187ap03_O,2026-08-28,待核,l2:TPEX:3290,无,不适用,L2机械母集；未挂格,"四件套：URL=source_url；检索日=2026-08-28；命中引语=""公司代號 3290""；判定类别=L2机械母集/待人工裁决。原始出表日期=1150828；完整发行人母集不推定PCB主营、中国大陆厂址或物理产能。"
cand:l2-tpex-3293,issuer,issuer:TW:3293,issuer:TW:3293,-,-,-,鈊象,L2,TPEx OpenAPI 上櫃股票基本資料（完整母集）,https://www.tpex.org.tw/openapi/v1/mopsfin_t187ap03_O,2026-08-28,待核,l2:TPEX:3293,无,不适用,L2机械母集；未挂格,"四件套：URL=source_url；检索日=2026-08-28；命中引语=""公司代號 3293""；判定类别=L2机械母集/待人工裁决。原始出表日期=1150828；完整发行人母集不推定PCB主营、中国大陆厂址或物理产能。"
cand:l2-tpex-3294,issuer,issuer:TW:3294,issuer:TW:3294,-,-,-,英濟,L2,TPEx OpenAPI 上櫃股票基本資料（完整母集）,https://www.tpex.org.tw/openapi/v1/mopsfin_t187ap03_O,2026-08-28,待核,l2:TPEX:3294,无,不适用,L2机械母集；未挂格,"四件套：URL=source_url；检索日=2026-08-28；命中引语=""公司代號 3294""；判定类别=L2机械母集/待人工裁决。原始出表日期=1150828；完整发行人母集不推定PCB主营、中国大陆厂址或物理产能。"
cand:l2-tpex-3297,issuer,issuer:TW:3297,issuer:TW:3297,-,-,-,杭特,L2,TPEx OpenAPI 上櫃股票基本資料（完整母集）,https://www.tpex.org.tw/openapi/v1/mopsfin_t187ap03_O,2026-08-28,待核,l2:TPEX:3297,无,不适用,L2机械母集；未挂格,"四件套：URL=source_url；检索日=2026-08-28；命中引语=""公司代號 3297""；判定类别=L2机械母集/待人工裁决。原始出表日期=1150828；完整发行人母集不推定PCB主营、中国大陆厂址或物理产能。"
cand:l2-tpex-3303,issuer,issuer:TW:3303,issuer:TW:3303,-,-,-,岱稜,L2,TPEx OpenAPI 上櫃股票基本資料（完整母集）,https://www.tpex.org.tw/openapi/v1/mopsfin_t187ap03_O,2026-08-28,待核,l2:TPEX:3303,无,不适用,L2机械母集；未挂格,"四件套：URL=source_url；检索日=2026-08-28；命中引语=""公司代號 3303""；判定类别=L2机械母集/待人工裁决。原始出表日期=1150828；完整发行人母集不推定PCB主营、中国大陆厂址或物理产能。"
cand:l2-tpex-3306,issuer,issuer:TW:3306,issuer:TW:3306,-,-,-,鼎天,L2,TPEx OpenAPI 上櫃股票基本資料（完整母集）,https://www.tpex.org.tw/openapi/v1/mopsfin_t187ap03_O,2026-08-28,待核,l2:TPEX:3306,无,不适用,L2机械母集；未挂格,"四件套：URL=source_url；检索日=2026-08-28；命中引语=""公司代號 3306""；判定类别=L2机械母集/待人工裁决。原始出表日期=1150828；完整发行人母集不推定PCB主营、中国大陆厂址或物理产能。"
cand:l2-tpex-3310,issuer,issuer:TW:3310,issuer:TW:3310,-,-,-,佳穎,L2,TPEx OpenAPI 上櫃股票基本資料（完整母集）,https://www.tpex.org.tw/openapi/v1/mopsfin_t187ap03_O,2026-08-28,待核,l2:TPEX:3310,无,不适用,L2机械母集；未挂格,"四件套：URL=source_url；检索日=2026-08-28；命中引语=""公司代號 3310""；判定类别=L2机械母集/待人工裁决。原始出表日期=1150828；完整发行人母集不推定PCB主营、中国大陆厂址或物理产能。"
cand:l2-tpex-3313,issuer,issuer:TW:3313,issuer:TW:3313,-,-,-,斐成,L2,TPEx OpenAPI 上櫃股票基本資料（完整母集）,https://www.tpex.org.tw/openapi/v1/mopsfin_t187ap03_O,2026-08-28,待核,l2:TPEX:3313,无,不适用,L2机械母集；未挂格,"四件套：URL=source_url；检索日=2026-08-28；命中引语=""公司代號 3313""；判定类别=L2机械母集/待人工裁决。原始出表日期=1150828；完整发行人母集不推定PCB主营、中国大陆厂址或物理产能。"
cand:l2-tpex-3317,issuer,issuer:TW:3317,issuer:TW:3317,-,-,-,尼克森,L2,TPEx OpenAPI 上櫃股票基本資料（完整母集）,https://www.tpex.org.tw/openapi/v1/mopsfin_t187ap03_O,2026-08-28,待核,l2:TPEX:3317,无,不适用,L2机械母集；未挂格,"四件套：URL=source_url；检索日=2026-08-28；命中引语=""公司代號 3317""；判定类别=L2机械母集/待人工裁决。原始出表日期=1150828；完整发行人母集不推定PCB主营、中国大陆厂址或物理产能。"
cand:l2-tpex-3322,issuer,issuer:TW:3322,issuer:TW:3322,-,-,-,建舜電,L2,TPEx OpenAPI 上櫃股票基本資料（完整母集）,https://www.tpex.org.tw/openapi/v1/mopsfin_t187ap03_O,2026-08-28,待核,l2:TPEX:3322,无,不适用,L2机械母集；未挂格,"四件套：URL=source_url；检索日=2026-08-28；命中引语=""公司代號 3322""；判定类别=L2机械母集/待人工裁决。原始出表日期=1150828；完整发行人母集不推定PCB主营、中国大陆厂址或物理产能。"
cand:l2-tpex-3323,issuer,issuer:TW:3323,issuer:TW:3323,-,-,-,加百裕,L2,TPEx OpenAPI 上櫃股票基本資料（完整母集）,https://www.tpex.org.tw/openapi/v1/mopsfin_t187ap03_O,2026-08-28,待核,l2:TPEX:3323,无,不适用,L2机械母集；未挂格,"四件套：URL=source_url；检索日=2026-08-28；命中引语=""公司代號 3323""；判定类别=L2机械母集/待人工裁决。原始出表日期=1150828；完整发行人母集不推定PCB主营、中国大陆厂址或物理产能。"
cand:l2-tpex-3324,issuer,issuer:TW:3324,issuer:TW:3324,-,-,-,雙鴻,L2,TPEx OpenAPI 上櫃股票基本資料（完整母集）,https://www.tpex.org.tw/openapi/v1/mopsfin_t187ap03_O,2026-08-28,待核,l2:TPEX:3324,无,不适用,L2机械母集；未挂格,"四件套：URL=source_url；检索日=2026-08-28；命中引语=""公司代號 3324""；判定类别=L2机械母集/待人工裁决。原始出表日期=1150828；完整发行人母集不推定PCB主营、中国大陆厂址或物理产能。"
cand:l2-tpex-3325,issuer,issuer:TW:3325,issuer:TW:3325,-,-,-,旭品,L2,TPEx OpenAPI 上櫃股票基本資料（完整母集）,https://www.tpex.org.tw/openapi/v1/mopsfin_t187ap03_O,2026-08-28,待核,l2:TPEX:3325,无,不适用,L2机械母集；未挂格,"四件套：URL=source_url；检索日=2026-08-28；命中引语=""公司代號 3325""；判定类别=L2机械母集/待人工裁决。原始出表日期=1150828；完整发行人母集不推定PCB主营、中国大陆厂址或物理产能。"
cand:l2-tpex-3332,issuer,issuer:TW:3332,issuer:TW:3332,-,-,-,幸康,L2,TPEx OpenAPI 上櫃股票基本資料（完整母集）,https://www.tpex.org.tw/openapi/v1/mopsfin_t187ap03_O,2026-08-28,待核,l2:TPEX:3332,无,不适用,L2机械母集；未挂格,"四件套：URL=source_url；检索日=2026-08-28；命中引语=""公司代號 3332""；判定类别=L2机械母集/待人工裁决。原始出表日期=1150828；完整发行人母集不推定PCB主营、中国大陆厂址或物理产能。"
cand:l2-tpex-3339,issuer,issuer:TW:3339,issuer:TW:3339,-,-,-,泰谷,L2,TPEx OpenAPI 上櫃股票基本資料（完整母集）,https://www.tpex.org.tw/openapi/v1/mopsfin_t187ap03_O,2026-08-28,待核,l2:TPEX:3339,无,不适用,L2机械母集；未挂格,"四件套：URL=source_url；检索日=2026-08-28；命中引语=""公司代號 3339""；判定类别=L2机械母集/待人工裁决。原始出表日期=1150828；完整发行人母集不推定PCB主营、中国大陆厂址或物理产能。"
cand:l2-tpex-3349,issuer,issuer:TW:3349,issuer:TW:3349,-,-,-,寶德,L2,TPEx OpenAPI 上櫃股票基本資料（完整母集）,https://www.tpex.org.tw/openapi/v1/mopsfin_t187ap03_O,2026-08-28,待核,l2:TPEX:3349,无,不适用,L2机械母集；未挂格,"四件套：URL=source_url；检索日=2026-08-28；命中引语=""公司代號 3349""；判定类别=L2机械母集/待人工裁决。原始出表日期=1150828；完整发行人母集不推定PCB主营、中国大陆厂址或物理产能。"
cand:l2-tpex-3354,issuer,issuer:TW:3354,issuer:TW:3354,-,-,-,律勝,L2,TPEx OpenAPI 上櫃股票基本資料（完整母集）,https://www.tpex.org.tw/openapi/v1/mopsfin_t187ap03_O,2026-08-28,待核,l2:TPEX:3354,无,不适用,L2机械母集；未挂格,"四件套：URL=source_url；检索日=2026-08-28；命中引语=""公司代號 3354""；判定类别=L2机械母集/待人工裁决。原始出表日期=1150828；完整发行人母集不推定PCB主营、中国大陆厂址或物理产能。"
cand:l2-tpex-3357,issuer,issuer:TW:3357,issuer:TW:3357,-,-,-,臺慶科,L2,TPEx OpenAPI 上櫃股票基本資料（完整母集）,https://www.tpex.org.tw/openapi/v1/mopsfin_t187ap03_O,2026-08-28,待核,l2:TPEX:3357,无,不适用,L2机械母集；未挂格,"四件套：URL=source_url；检索日=2026-08-28；命中引语=""公司代號 3357""；判定类别=L2机械母集/待人工裁决。原始出表日期=1150828；完整发行人母集不推定PCB主营、中国大陆厂址或物理产能。"
cand:l2-tpex-3360,issuer,issuer:TW:3360,issuer:TW:3360,-,-,-,尚立,L2,TPEx OpenAPI 上櫃股票基本資料（完整母集）,https://www.tpex.org.tw/openapi/v1/mopsfin_t187ap03_O,2026-08-28,待核,l2:TPEX:3360,无,不适用,L2机械母集；未挂格,"四件套：URL=source_url；检索日=2026-08-28；命中引语=""公司代號 3360""；判定类别=L2机械母集/待人工裁决。原始出表日期=1150828；完整发行人母集不推定PCB主营、中国大陆厂址或物理产能。"
cand:l2-tpex-3362,issuer,issuer:TW:3362,issuer:TW:3362,-,-,-,先進光,L2,TPEx OpenAPI 上櫃股票基本資料（完整母集）,https://www.tpex.org.tw/openapi/v1/mopsfin_t187ap03_O,2026-08-28,待核,l2:TPEX:3362,无,不适用,L2机械母集；未挂格,"四件套：URL=source_url；检索日=2026-08-28；命中引语=""公司代號 3362""；判定类别=L2机械母集/待人工裁决。原始出表日期=1150828；完整发行人母集不推定PCB主营、中国大陆厂址或物理产能。"
cand:l2-tpex-3363,issuer,issuer:TW:3363,issuer:TW:3363,-,-,-,上詮,L2,TPEx OpenAPI 上櫃股票基本資料（完整母集）,https://www.tpex.org.tw/openapi/v1/mopsfin_t187ap03_O,2026-08-28,待核,l2:TPEX:3363,无,不适用,L2机械母集；未挂格,"四件套：URL=source_url；检索日=2026-08-28；命中引语=""公司代號 3363""；判定类别=L2机械母集/待人工裁决。原始出表日期=1150828；完整发行人母集不推定PCB主营、中国大陆厂址或物理产能。"
cand:l2-tpex-3372,issuer,issuer:TW:3372,issuer:TW:3372,-,-,-,典範,L2,TPEx OpenAPI 上櫃股票基本資料（完整母集）,https://www.tpex.org.tw/openapi/v1/mopsfin_t187ap03_O,2026-08-28,待核,l2:TPEX:3372,无,不适用,L2机械母集；未挂格,"四件套：URL=source_url；检索日=2026-08-28；命中引语=""公司代號 3372""；判定类别=L2机械母集/待人工裁决。原始出表日期=1150828；完整发行人母集不推定PCB主营、中国大陆厂址或物理产能。"
cand:l2-tpex-3373,issuer,issuer:TW:3373,issuer:TW:3373,-,-,-,熱映,L2,TPEx OpenAPI 上櫃股票基本資料（完整母集）,https://www.tpex.org.tw/openapi/v1/mopsfin_t187ap03_O,2026-08-28,待核,l2:TPEX:3373,无,不适用,L2机械母集；未挂格,"四件套：URL=source_url；检索日=2026-08-28；命中引语=""公司代號 3373""；判定类别=L2机械母集/待人工裁决。原始出表日期=1150828；完整发行人母集不推定PCB主营、中国大陆厂址或物理产能。"
cand:l2-tpex-3374,issuer,issuer:TW:3374,issuer:TW:3374,-,-,-,精材,L2,TPEx OpenAPI 上櫃股票基本資料（完整母集）,https://www.tpex.org.tw/openapi/v1/mopsfin_t187ap03_O,2026-08-28,待核,l2:TPEX:3374,无,不适用,L2机械母集；未挂格,"四件套：URL=source_url；检索日=2026-08-28；命中引语=""公司代號 3374""；判定类别=L2机械母集/待人工裁决。原始出表日期=1150828；完整发行人母集不推定PCB主营、中国大陆厂址或物理产能。"
cand:l2-tpex-3379,issuer,issuer:TW:3379,issuer:TW:3379,-,-,-,彬台,L2,TPEx OpenAPI 上櫃股票基本資料（完整母集）,https://www.tpex.org.tw/openapi/v1/mopsfin_t187ap03_O,2026-08-28,待核,l2:TPEX:3379,无,不适用,L2机械母集；未挂格,"四件套：URL=source_url；检索日=2026-08-28；命中引语=""公司代號 3379""；判定类别=L2机械母集/待人工裁决。原始出表日期=1150828；完整发行人母集不推定PCB主营、中国大陆厂址或物理产能。"
cand:l2-tpex-3388,issuer,issuer:TW:3388,issuer:TW:3388,-,-,-,崇越電,L2,TPEx OpenAPI 上櫃股票基本資料（完整母集）,https://www.tpex.org.tw/openapi/v1/mopsfin_t187ap03_O,2026-08-28,待核,l2:TPEX:3388,无,不适用,L2机械母集；未挂格,"四件套：URL=source_url；检索日=2026-08-28；命中引语=""公司代號 3388""；判定类别=L2机械母集/待人工裁决。原始出表日期=1150828；完整发行人母集不推定PCB主营、中国大陆厂址或物理产能。"
cand:l2-tpex-3390,issuer,issuer:TW:3390,issuer:TW:3390,-,-,-,旭軟,L2,TPEx OpenAPI 上櫃股票基本資料（完整母集）,https://www.tpex.org.tw/openapi/v1/mopsfin_t187ap03_O,2026-08-28,待核,l2:TPEX:3390,无,不适用,L2机械母集；未挂格,"四件套：URL=source_url；检索日=2026-08-28；命中引语=""公司代號 3390""；判定类别=L2机械母集/待人工裁决。原始出表日期=1150828；完整发行人母集不推定PCB主营、中国大陆厂址或物理产能。"
cand:l2-tpex-3402,issuer,issuer:TW:3402,issuer:TW:3402,-,-,-,漢科,L2,TPEx OpenAPI 上櫃股票基本資料（完整母集）,https://www.tpex.org.tw/openapi/v1/mopsfin_t187ap03_O,2026-08-28,待核,l2:TPEX:3402,无,不适用,L2机械母集；未挂格,"四件套：URL=source_url；检索日=2026-08-28；命中引语=""公司代號 3402""；判定类别=L2机械母集/待人工裁决。原始出表日期=1150828；完整发行人母集不推定PCB主营、中国大陆厂址或物理产能。"
cand:l2-tpex-3430,issuer,issuer:TW:3430,issuer:TW:3430,-,-,-,奇鈦科,L2,TPEx OpenAPI 上櫃股票基本資料（完整母集）,https://www.tpex.org.tw/openapi/v1/mopsfin_t187ap03_O,2026-08-28,待核,l2:TPEX:3430,无,不适用,L2机械母集；未挂格,"四件套：URL=source_url；检索日=2026-08-28；命中引语=""公司代號 3430""；判定类别=L2机械母集/待人工裁决。原始出表日期=1150828；完整发行人母集不推定PCB主营、中国大陆厂址或物理产能。"
cand:l2-tpex-3434,issuer,issuer:TW:3434,issuer:TW:3434,-,-,-,哲固,L2,TPEx OpenAPI 上櫃股票基本資料（完整母集）,https://www.tpex.org.tw/openapi/v1/mopsfin_t187ap03_O,2026-08-28,待核,l2:TPEX:3434,无,不适用,L2机械母集；未挂格,"四件套：URL=source_url；检索日=2026-08-28；命中引语=""公司代號 3434""；判定类别=L2机械母集/待人工裁决。原始出表日期=1150828；完整发行人母集不推定PCB主营、中国大陆厂址或物理产能。"
cand:l2-tpex-3438,issuer,issuer:TW:3438,issuer:TW:3438,-,-,-,類比科,L2,TPEx OpenAPI 上櫃股票基本資料（完整母集）,https://www.tpex.org.tw/openapi/v1/mopsfin_t187ap03_O,2026-08-28,待核,l2:TPEX:3438,无,不适用,L2机械母集；未挂格,"四件套：URL=source_url；检索日=2026-08-28；命中引语=""公司代號 3438""；判定类别=L2机械母集/待人工裁决。原始出表日期=1150828；完整发行人母集不推定PCB主营、中国大陆厂址或物理产能。"
cand:l2-tpex-3441,issuer,issuer:TW:3441,issuer:TW:3441,-,-,-,聯一光電,L2,TPEx OpenAPI 上櫃股票基本資料（完整母集）,https://www.tpex.org.tw/openapi/v1/mopsfin_t187ap03_O,2026-08-28,待核,l2:TPEX:3441,无,不适用,L2机械母集；未挂格,"四件套：URL=source_url；检索日=2026-08-28；命中引语=""公司代號 3441""；判定类别=L2机械母集/待人工裁决。原始出表日期=1150828；完整发行人母集不推定PCB主营、中国大陆厂址或物理产能。"
cand:l2-tpex-3444,issuer,issuer:TW:3444,issuer:TW:3444,-,-,-,利機,L2,TPEx OpenAPI 上櫃股票基本資料（完整母集）,https://www.tpex.org.tw/openapi/v1/mopsfin_t187ap03_O,2026-08-28,待核,l2:TPEX:3444,无,不适用,L2机械母集；未挂格,"四件套：URL=source_url；检索日=2026-08-28；命中引语=""公司代號 3444""；判定类别=L2机械母集/待人工裁决。原始出表日期=1150828；完整发行人母集不推定PCB主营、中国大陆厂址或物理产能。"
cand:l2-tpex-3455,issuer,issuer:TW:3455,issuer:TW:3455,-,-,-,由田,L2,TPEx OpenAPI 上櫃股票基本資料（完整母集）,https://www.tpex.org.tw/openapi/v1/mopsfin_t187ap03_O,2026-08-28,待核,l2:TPEX:3455,无,不适用,L2机械母集；未挂格,"四件套：URL=source_url；检索日=2026-08-28；命中引语=""公司代號 3455""；判定类别=L2机械母集/待人工裁决。原始出表日期=1150828；完整发行人母集不推定PCB主营、中国大陆厂址或物理产能。"
cand:l2-tpex-3465,issuer,issuer:TW:3465,issuer:TW:3465,-,-,-,進泰電子,L2,TPEx OpenAPI 上櫃股票基本資料（完整母集）,https://www.tpex.org.tw/openapi/v1/mopsfin_t187ap03_O,2026-08-28,待核,l2:TPEX:3465,无,不适用,L2机械母集；未挂格,"四件套：URL=source_url；检索日=2026-08-28；命中引语=""公司代號 3465""；判定类别=L2机械母集/待人工裁决。原始出表日期=1150828；完整发行人母集不推定PCB主营、中国大陆厂址或物理产能。"
cand:l2-tpex-3466,issuer,issuer:TW:3466,issuer:TW:3466,-,-,-,德晉,L2,TPEx OpenAPI 上櫃股票基本資料（完整母集）,https://www.tpex.org.tw/openapi/v1/mopsfin_t187ap03_O,2026-08-28,待核,l2:TPEX:3466,无,不适用,L2机械母集；未挂格,"四件套：URL=source_url；检索日=2026-08-28；命中引语=""公司代號 3466""；判定类别=L2机械母集/待人工裁决。原始出表日期=1150828；完整发行人母集不推定PCB主营、中国大陆厂址或物理产能。"
cand:l2-tpex-3467,issuer,issuer:TW:3467,issuer:TW:3467,-,-,-,台灣精材,L2,TPEx OpenAPI 上櫃股票基本資料（完整母集）,https://www.tpex.org.tw/openapi/v1/mopsfin_t187ap03_O,2026-08-28,待核,l2:TPEX:3467,无,不适用,L2机械母集；未挂格,"四件套：URL=source_url；检索日=2026-08-28；命中引语=""公司代號 3467""；判定类别=L2机械母集/待人工裁决。原始出表日期=1150828；完整发行人母集不推定PCB主营、中国大陆厂址或物理产能。"
cand:l2-tpex-3479,issuer,issuer:TW:3479,issuer:TW:3479,-,-,-,安勤,L2,TPEx OpenAPI 上櫃股票基本資料（完整母集）,https://www.tpex.org.tw/openapi/v1/mopsfin_t187ap03_O,2026-08-28,待核,l2:TPEX:3479,无,不适用,L2机械母集；未挂格,"四件套：URL=source_url；检索日=2026-08-28；命中引语=""公司代號 3479""；判定类别=L2机械母集/待人工裁决。原始出表日期=1150828；完整发行人母集不推定PCB主营、中国大陆厂址或物理产能。"
cand:l2-tpex-3483,issuer,issuer:TW:3483,issuer:TW:3483,-,-,-,力致,L2,TPEx OpenAPI 上櫃股票基本資料（完整母集）,https://www.tpex.org.tw/openapi/v1/mopsfin_t187ap03_O,2026-08-28,待核,l2:TPEX:3483,无,不适用,L2机械母集；未挂格,"四件套：URL=source_url；检索日=2026-08-28；命中引语=""公司代號 3483""；判定类别=L2机械母集/待人工裁决。原始出表日期=1150828；完整发行人母集不推定PCB主营、中国大陆厂址或物理产能。"
cand:l2-tpex-3484,issuer,issuer:TW:3484,issuer:TW:3484,-,-,-,崧騰,L2,TPEx OpenAPI 上櫃股票基本資料（完整母集）,https://www.tpex.org.tw/openapi/v1/mopsfin_t187ap03_O,2026-08-28,待核,l2:TPEX:3484,无,不适用,L2机械母集；未挂格,"四件套：URL=source_url；检索日=2026-08-28；命中引语=""公司代號 3484""；判定类别=L2机械母集/待人工裁决。原始出表日期=1150828；完整发行人母集不推定PCB主营、中国大陆厂址或物理产能。"
cand:l2-tpex-3485,issuer,issuer:TW:3485,issuer:TW:3485,-,-,-,敘豐,L2,TPEx OpenAPI 上櫃股票基本資料（完整母集）,https://www.tpex.org.tw/openapi/v1/mopsfin_t187ap03_O,2026-08-28,待核,l2:TPEX:3485,无,不适用,L2机械母集；未挂格,"四件套：URL=source_url；检索日=2026-08-28；命中引语=""公司代號 3485""；判定类别=L2机械母集/待人工裁决。原始出表日期=1150828；完整发行人母集不推定PCB主营、中国大陆厂址或物理产能。"
cand:l2-tpex-3489,issuer,issuer:TW:3489,issuer:TW:3489,-,-,-,森寶,L2,TPEx OpenAPI 上櫃股票基本資料（完整母集）,https://www.tpex.org.tw/openapi/v1/mopsfin_t187ap03_O,2026-08-28,待核,l2:TPEX:3489,无,不适用,L2机械母集；未挂格,"四件套：URL=source_url；检索日=2026-08-28；命中引语=""公司代號 3489""；判定类别=L2机械母集/待人工裁决。原始出表日期=1150828；完整发行人母集不推定PCB主营、中国大陆厂址或物理产能。"
cand:l2-tpex-3490,issuer,issuer:TW:3490,issuer:TW:3490,-,-,-,單井,L2,TPEx OpenAPI 上櫃股票基本資料（完整母集）,https://www.tpex.org.tw/openapi/v1/mopsfin_t187ap03_O,2026-08-28,待核,l2:TPEX:3490,无,不适用,L2机械母集；未挂格,"四件套：URL=source_url；检索日=2026-08-28；命中引语=""公司代號 3490""；判定类别=L2机械母集/待人工裁决。原始出表日期=1150828；完整发行人母集不推定PCB主营、中国大陆厂址或物理产能。"
cand:l2-tpex-3491,issuer,issuer:TW:3491,issuer:TW:3491,-,-,-,昇達科,L2,TPEx OpenAPI 上櫃股票基本資料（完整母集）,https://www.tpex.org.tw/openapi/v1/mopsfin_t187ap03_O,2026-08-28,待核,l2:TPEX:3491,无,不适用,L2机械母集；未挂格,"四件套：URL=source_url；检索日=2026-08-28；命中引语=""公司代號 3491""；判定类别=L2机械母集/待人工裁决。原始出表日期=1150828；完整发行人母集不推定PCB主营、中国大陆厂址或物理产能。"
cand:l2-tpex-3492,issuer,issuer:TW:3492,issuer:TW:3492,-,-,-,長盛,L2,TPEx OpenAPI 上櫃股票基本資料（完整母集）,https://www.tpex.org.tw/openapi/v1/mopsfin_t187ap03_O,2026-08-28,待核,l2:TPEX:3492,无,不适用,L2机械母集；未挂格,"四件套：URL=source_url；检索日=2026-08-28；命中引语=""公司代號 3492""；判定类别=L2机械母集/待人工裁决。原始出表日期=1150828；完整发行人母集不推定PCB主营、中国大陆厂址或物理产能。"
cand:l2-tpex-3498,issuer,issuer:TW:3498,issuer:TW:3498,-,-,-,陽程,L2,TPEx OpenAPI 上櫃股票基本資料（完整母集）,https://www.tpex.org.tw/openapi/v1/mopsfin_t187ap03_O,2026-08-28,待核,l2:TPEX:3498,无,不适用,L2机械母集；未挂格,"四件套：URL=source_url；检索日=2026-08-28；命中引语=""公司代號 3498""；判定类别=L2机械母集/待人工裁决。原始出表日期=1150828；完整发行人母集不推定PCB主营、中国大陆厂址或物理产能。"
cand:l2-tpex-3499,issuer,issuer:TW:3499,issuer:TW:3499,-,-,-,環天科,L2,TPEx OpenAPI 上櫃股票基本資料（完整母集）,https://www.tpex.org.tw/openapi/v1/mopsfin_t187ap03_O,2026-08-28,待核,l2:TPEX:3499,无,不适用,L2机械母集；未挂格,"四件套：URL=source_url；检索日=2026-08-28；命中引语=""公司代號 3499""；判定类别=L2机械母集/待人工裁决。原始出表日期=1150828；完整发行人母集不推定PCB主营、中国大陆厂址或物理产能。"
cand:l2-tpex-3508,issuer,issuer:TW:3508,issuer:TW:3508,-,-,-,位速,L2,TPEx OpenAPI 上櫃股票基本資料（完整母集）,https://www.tpex.org.tw/openapi/v1/mopsfin_t187ap03_O,2026-08-28,待核,l2:TPEX:3508,无,不适用,L2机械母集；未挂格,"四件套：URL=source_url；检索日=2026-08-28；命中引语=""公司代號 3508""；判定类别=L2机械母集/待人工裁决。原始出表日期=1150828；完整发行人母集不推定PCB主营、中国大陆厂址或物理产能。"
cand:l2-tpex-3511,issuer,issuer:TW:3511,issuer:TW:3511,-,-,-,矽瑪,L2,TPEx OpenAPI 上櫃股票基本資料（完整母集）,https://www.tpex.org.tw/openapi/v1/mopsfin_t187ap03_O,2026-08-28,待核,l2:TPEX:3511,无,不适用,L2机械母集；未挂格,"四件套：URL=source_url；检索日=2026-08-28；命中引语=""公司代號 3511""；判定类别=L2机械母集/待人工裁决。原始出表日期=1150828；完整发行人母集不推定PCB主营、中国大陆厂址或物理产能。"
cand:l2-tpex-3512,issuer,issuer:TW:3512,issuer:TW:3512,-,-,-,皇龍,L2,TPEx OpenAPI 上櫃股票基本資料（完整母集）,https://www.tpex.org.tw/openapi/v1/mopsfin_t187ap03_O,2026-08-28,待核,l2:TPEX:3512,无,不适用,L2机械母集；未挂格,"四件套：URL=source_url；检索日=2026-08-28；命中引语=""公司代號 3512""；判定类别=L2机械母集/待人工裁决。原始出表日期=1150828；完整发行人母集不推定PCB主营、中国大陆厂址或物理产能。"
cand:l2-tpex-3516,issuer,issuer:TW:3516,issuer:TW:3516,-,-,-,亞帝歐,L2,TPEx OpenAPI 上櫃股票基本資料（完整母集）,https://www.tpex.org.tw/openapi/v1/mopsfin_t187ap03_O,2026-08-28,待核,l2:TPEX:3516,无,不适用,L2机械母集；未挂格,"四件套：URL=source_url；检索日=2026-08-28；命中引语=""公司代號 3516""；判定类别=L2机械母集/待人工裁决。原始出表日期=1150828；完整发行人母集不推定PCB主营、中国大陆厂址或物理产能。"
cand:l2-tpex-3520,issuer,issuer:TW:3520,issuer:TW:3520,-,-,-,華盈,L2,TPEx OpenAPI 上櫃股票基本資料（完整母集）,https://www.tpex.org.tw/openapi/v1/mopsfin_t187ap03_O,2026-08-28,待核,l2:TPEX:3520,无,不适用,L2机械母集；未挂格,"四件套：URL=source_url；检索日=2026-08-28；命中引语=""公司代號 3520""；判定类别=L2机械母集/待人工裁决。原始出表日期=1150828；完整发行人母集不推定PCB主营、中国大陆厂址或物理产能。"
cand:l2-tpex-3521,issuer,issuer:TW:3521,issuer:TW:3521,-,-,-,台鋼建設,L2,TPEx OpenAPI 上櫃股票基本資料（完整母集）,https://www.tpex.org.tw/openapi/v1/mopsfin_t187ap03_O,2026-08-28,待核,l2:TPEX:3521,无,不适用,L2机械母集；未挂格,"四件套：URL=source_url；检索日=2026-08-28；命中引语=""公司代號 3521""；判定类别=L2机械母集/待人工裁决。原始出表日期=1150828；完整发行人母集不推定PCB主营、中国大陆厂址或物理产能。"
cand:l2-tpex-3522,issuer,issuer:TW:3522,issuer:TW:3522,-,-,-,御嵿,L2,TPEx OpenAPI 上櫃股票基本資料（完整母集）,https://www.tpex.org.tw/openapi/v1/mopsfin_t187ap03_O,2026-08-28,待核,l2:TPEX:3522,无,不适用,L2机械母集；未挂格,"四件套：URL=source_url；检索日=2026-08-28；命中引语=""公司代號 3522""；判定类别=L2机械母集/待人工裁决。原始出表日期=1150828；完整发行人母集不推定PCB主营、中国大陆厂址或物理产能。"
cand:l2-tpex-3523,issuer,issuer:TW:3523,issuer:TW:3523,-,-,-,迎輝,L2,TPEx OpenAPI 上櫃股票基本資料（完整母集）,https://www.tpex.org.tw/openapi/v1/mopsfin_t187ap03_O,2026-08-28,待核,l2:TPEX:3523,无,不适用,L2机械母集；未挂格,"四件套：URL=source_url；检索日=2026-08-28；命中引语=""公司代號 3523""；判定类别=L2机械母集/待人工裁决。原始出表日期=1150828；完整发行人母集不推定PCB主营、中国大陆厂址或物理产能。"
cand:l2-tpex-3526,issuer,issuer:TW:3526,issuer:TW:3526,-,-,-,凡甲,L2,TPEx OpenAPI 上櫃股票基本資料（完整母集）,https://www.tpex.org.tw/openapi/v1/mopsfin_t187ap03_O,2026-08-28,待核,l2:TPEX:3526,无,不适用,L2机械母集；未挂格,"四件套：URL=source_url；检索日=2026-08-28；命中引语=""公司代號 3526""；判定类别=L2机械母集/待人工裁决。原始出表日期=1150828；完整发行人母集不推定PCB主营、中国大陆厂址或物理产能。"
cand:l2-tpex-3527,issuer,issuer:TW:3527,issuer:TW:3527,-,-,-,聚積,L2,TPEx OpenAPI 上櫃股票基本資料（完整母集）,https://www.tpex.org.tw/openapi/v1/mopsfin_t187ap03_O,2026-08-28,待核,l2:TPEX:3527,无,不适用,L2机械母集；未挂格,"四件套：URL=source_url；检索日=2026-08-28；命中引语=""公司代號 3527""；判定类别=L2机械母集/待人工裁决。原始出表日期=1150828；完整发行人母集不推定PCB主营、中国大陆厂址或物理产能。"
cand:l2-tpex-3529,issuer,issuer:TW:3529,issuer:TW:3529,-,-,-,力旺,L2,TPEx OpenAPI 上櫃股票基本資料（完整母集）,https://www.tpex.org.tw/openapi/v1/mopsfin_t187ap03_O,2026-08-28,待核,l2:TPEX:3529,无,不适用,L2机械母集；未挂格,"四件套：URL=source_url；检索日=2026-08-28；命中引语=""公司代號 3529""；判定类别=L2机械母集/待人工裁决。原始出表日期=1150828；完整发行人母集不推定PCB主营、中国大陆厂址或物理产能。"
cand:l2-tpex-3531,issuer,issuer:TW:3531,issuer:TW:3531,-,-,-,先益,L2,TPEx OpenAPI 上櫃股票基本資料（完整母集）,https://www.tpex.org.tw/openapi/v1/mopsfin_t187ap03_O,2026-08-28,待核,l2:TPEX:3531,无,不适用,L2机械母集；未挂格,"四件套：URL=source_url；检索日=2026-08-28；命中引语=""公司代號 3531""；判定类别=L2机械母集/待人工裁决。原始出表日期=1150828；完整发行人母集不推定PCB主营、中国大陆厂址或物理产能。"
cand:l2-tpex-3537,issuer,issuer:TW:3537,issuer:TW:3537,-,-,-,堡達,L2,TPEx OpenAPI 上櫃股票基本資料（完整母集）,https://www.tpex.org.tw/openapi/v1/mopsfin_t187ap03_O,2026-08-28,待核,l2:TPEX:3537,无,不适用,L2机械母集；未挂格,"四件套：URL=source_url；检索日=2026-08-28；命中引语=""公司代號 3537""；判定类别=L2机械母集/待人工裁决。原始出表日期=1150828；完整发行人母集不推定PCB主营、中国大陆厂址或物理产能。"
cand:l2-tpex-3540,issuer,issuer:TW:3540,issuer:TW:3540,-,-,-,曜越,L2,TPEx OpenAPI 上櫃股票基本資料（完整母集）,https://www.tpex.org.tw/openapi/v1/mopsfin_t187ap03_O,2026-08-28,待核,l2:TPEX:3540,无,不适用,L2机械母集；未挂格,"四件套：URL=source_url；检索日=2026-08-28；命中引语=""公司代號 3540""；判定类别=L2机械母集/待人工裁决。原始出表日期=1150828；完整发行人母集不推定PCB主营、中国大陆厂址或物理产能。"
cand:l2-tpex-3541,issuer,issuer:TW:3541,issuer:TW:3541,-,-,-,西柏,L2,TPEx OpenAPI 上櫃股票基本資料（完整母集）,https://www.tpex.org.tw/openapi/v1/mopsfin_t187ap03_O,2026-08-28,待核,l2:TPEX:3541,无,不适用,L2机械母集；未挂格,"四件套：URL=source_url；检索日=2026-08-28；命中引语=""公司代號 3541""；判定类别=L2机械母集/待人工裁决。原始出表日期=1150828；完整发行人母集不推定PCB主营、中国大陆厂址或物理产能。"
cand:l2-tpex-3546,issuer,issuer:TW:3546,issuer:TW:3546,-,-,-,宇峻,L2,TPEx OpenAPI 上櫃股票基本資料（完整母集）,https://www.tpex.org.tw/openapi/v1/mopsfin_t187ap03_O,2026-08-28,待核,l2:TPEX:3546,无,不适用,L2机械母集；未挂格,"四件套：URL=source_url；检索日=2026-08-28；命中引语=""公司代號 3546""；判定类别=L2机械母集/待人工裁决。原始出表日期=1150828；完整发行人母集不推定PCB主营、中国大陆厂址或物理产能。"
cand:l2-tpex-3548,issuer,issuer:TW:3548,issuer:TW:3548,-,-,-,兆利,L2,TPEx OpenAPI 上櫃股票基本資料（完整母集）,https://www.tpex.org.tw/openapi/v1/mopsfin_t187ap03_O,2026-08-28,待核,l2:TPEX:3548,无,不适用,L2机械母集；未挂格,"四件套：URL=source_url；检索日=2026-08-28；命中引语=""公司代號 3548""；判定类别=L2机械母集/待人工裁决。原始出表日期=1150828；完整发行人母集不推定PCB主营、中国大陆厂址或物理产能。"
cand:l2-tpex-3551,issuer,issuer:TW:3551,issuer:TW:3551,-,-,-,世禾,L2,TPEx OpenAPI 上櫃股票基本資料（完整母集）,https://www.tpex.org.tw/openapi/v1/mopsfin_t187ap03_O,2026-08-28,待核,l2:TPEX:3551,无,不适用,L2机械母集；未挂格,"四件套：URL=source_url；检索日=2026-08-28；命中引语=""公司代號 3551""；判定类别=L2机械母集/待人工裁决。原始出表日期=1150828；完整发行人母集不推定PCB主营、中国大陆厂址或物理产能。"
cand:l2-tpex-3552,issuer,issuer:TW:3552,issuer:TW:3552,-,-,-,同致,L2,TPEx OpenAPI 上櫃股票基本資料（完整母集）,https://www.tpex.org.tw/openapi/v1/mopsfin_t187ap03_O,2026-08-28,待核,l2:TPEX:3552,无,不适用,L2机械母集；未挂格,"四件套：URL=source_url；检索日=2026-08-28；命中引语=""公司代號 3552""；判定类别=L2机械母集/待人工裁决。原始出表日期=1150828；完整发行人母集不推定PCB主营、中国大陆厂址或物理产能。"
cand:l2-tpex-3555,issuer,issuer:TW:3555,issuer:TW:3555,-,-,-,博士旺,L2,TPEx OpenAPI 上櫃股票基本資料（完整母集）,https://www.tpex.org.tw/openapi/v1/mopsfin_t187ap03_O,2026-08-28,待核,l2:TPEX:3555,无,不适用,L2机械母集；未挂格,"四件套：URL=source_url；检索日=2026-08-28；命中引语=""公司代號 3555""；判定类别=L2机械母集/待人工裁决。原始出表日期=1150828；完整发行人母集不推定PCB主营、中国大陆厂址或物理产能。"
cand:l2-tpex-3556,issuer,issuer:TW:3556,issuer:TW:3556,-,-,-,禾瑞亞,L2,TPEx OpenAPI 上櫃股票基本資料（完整母集）,https://www.tpex.org.tw/openapi/v1/mopsfin_t187ap03_O,2026-08-28,待核,l2:TPEX:3556,无,不适用,L2机械母集；未挂格,"四件套：URL=source_url；检索日=2026-08-28；命中引语=""公司代號 3556""；判定类别=L2机械母集/待人工裁决。原始出表日期=1150828；完整发行人母集不推定PCB主营、中国大陆厂址或物理产能。"
cand:l2-tpex-3558,issuer,issuer:TW:3558,issuer:TW:3558,-,-,-,神準,L2,TPEx OpenAPI 上櫃股票基本資料（完整母集）,https://www.tpex.org.tw/openapi/v1/mopsfin_t187ap03_O,2026-08-28,待核,l2:TPEX:3558,无,不适用,L2机械母集；未挂格,"四件套：URL=source_url；检索日=2026-08-28；命中引语=""公司代號 3558""；判定类别=L2机械母集/待人工裁决。原始出表日期=1150828；完整发行人母集不推定PCB主营、中国大陆厂址或物理产能。"
cand:l2-tpex-3564,issuer,issuer:TW:3564,issuer:TW:3564,-,-,-,其陽,L2,TPEx OpenAPI 上櫃股票基本資料（完整母集）,https://www.tpex.org.tw/openapi/v1/mopsfin_t187ap03_O,2026-08-28,待核,l2:TPEX:3564,无,不适用,L2机械母集；未挂格,"四件套：URL=source_url；检索日=2026-08-28；命中引语=""公司代號 3564""；判定类别=L2机械母集/待人工裁决。原始出表日期=1150828；完整发行人母集不推定PCB主营、中国大陆厂址或物理产能。"
cand:l2-tpex-3567,issuer,issuer:TW:3567,issuer:TW:3567,-,-,-,逸昌,L2,TPEx OpenAPI 上櫃股票基本資料（完整母集）,https://www.tpex.org.tw/openapi/v1/mopsfin_t187ap03_O,2026-08-28,待核,l2:TPEX:3567,无,不适用,L2机械母集；未挂格,"四件套：URL=source_url；检索日=2026-08-28；命中引语=""公司代號 3567""；判定类别=L2机械母集/待人工裁决。原始出表日期=1150828；完整发行人母集不推定PCB主营、中国大陆厂址或物理产能。"
cand:l2-tpex-3570,issuer,issuer:TW:3570,issuer:TW:3570,-,-,-,大塚,L2,TPEx OpenAPI 上櫃股票基本資料（完整母集）,https://www.tpex.org.tw/openapi/v1/mopsfin_t187ap03_O,2026-08-28,待核,l2:TPEX:3570,无,不适用,L2机械母集；未挂格,"四件套：URL=source_url；检索日=2026-08-28；命中引语=""公司代號 3570""；判定类别=L2机械母集/待人工裁决。原始出表日期=1150828；完整发行人母集不推定PCB主营、中国大陆厂址或物理产能。"
cand:l2-tpex-3577,issuer,issuer:TW:3577,issuer:TW:3577,-,-,-,泓格,L2,TPEx OpenAPI 上櫃股票基本資料（完整母集）,https://www.tpex.org.tw/openapi/v1/mopsfin_t187ap03_O,2026-08-28,待核,l2:TPEX:3577,无,不适用,L2机械母集；未挂格,"四件套：URL=source_url；检索日=2026-08-28；命中引语=""公司代號 3577""；判定类别=L2机械母集/待人工裁决。原始出表日期=1150828；完整发行人母集不推定PCB主营、中国大陆厂址或物理产能。"
cand:l2-tpex-3580,issuer,issuer:TW:3580,issuer:TW:3580,-,-,-,友威科,L2,TPEx OpenAPI 上櫃股票基本資料（完整母集）,https://www.tpex.org.tw/openapi/v1/mopsfin_t187ap03_O,2026-08-28,待核,l2:TPEX:3580,无,不适用,L2机械母集；未挂格,"四件套：URL=source_url；检索日=2026-08-28；命中引语=""公司代號 3580""；判定类别=L2机械母集/待人工裁决。原始出表日期=1150828；完整发行人母集不推定PCB主营、中国大陆厂址或物理产能。"
cand:l2-tpex-3581,issuer,issuer:TW:3581,issuer:TW:3581,-,-,-,博磊,L2,TPEx OpenAPI 上櫃股票基本資料（完整母集）,https://www.tpex.org.tw/openapi/v1/mopsfin_t187ap03_O,2026-08-28,待核,l2:TPEX:3581,无,不适用,L2机械母集；未挂格,"四件套：URL=source_url；检索日=2026-08-28；命中引语=""公司代號 3581""；判定类别=L2机械母集/待人工裁决。原始出表日期=1150828；完整发行人母集不推定PCB主营、中国大陆厂址或物理产能。"
cand:l2-tpex-3587,issuer,issuer:TW:3587,issuer:TW:3587,-,-,-,閎康,L2,TPEx OpenAPI 上櫃股票基本資料（完整母集）,https://www.tpex.org.tw/openapi/v1/mopsfin_t187ap03_O,2026-08-28,待核,l2:TPEX:3587,无,不适用,L2机械母集；未挂格,"四件套：URL=source_url；检索日=2026-08-28；命中引语=""公司代號 3587""；判定类别=L2机械母集/待人工裁决。原始出表日期=1150828；完整发行人母集不推定PCB主营、中国大陆厂址或物理产能。"
cand:l2-tpex-3594,issuer,issuer:TW:3594,issuer:TW:3594,-,-,-,磐儀,L2,TPEx OpenAPI 上櫃股票基本資料（完整母集）,https://www.tpex.org.tw/openapi/v1/mopsfin_t187ap03_O,2026-08-28,待核,l2:TPEX:3594,无,不适用,L2机械母集；未挂格,"四件套：URL=source_url；检索日=2026-08-28；命中引语=""公司代號 3594""；判定类别=L2机械母集/待人工裁决。原始出表日期=1150828；完整发行人母集不推定PCB主营、中国大陆厂址或物理产能。"
cand:l2-tpex-3597,issuer,issuer:TW:3597,issuer:TW:3597,-,-,-,映興,L2,TPEx OpenAPI 上櫃股票基本資料（完整母集）,https://www.tpex.org.tw/openapi/v1/mopsfin_t187ap03_O,2026-08-28,待核,l2:TPEX:3597,无,不适用,L2机械母集；未挂格,"四件套：URL=source_url；检索日=2026-08-28；命中引语=""公司代號 3597""；判定类别=L2机械母集/待人工裁决。原始出表日期=1150828；完整发行人母集不推定PCB主营、中国大陆厂址或物理产能。"
cand:l2-tpex-3609,issuer,issuer:TW:3609,issuer:TW:3609,-,-,-,三一東林,L2,TPEx OpenAPI 上櫃股票基本資料（完整母集）,https://www.tpex.org.tw/openapi/v1/mopsfin_t187ap03_O,2026-08-28,待核,l2:TPEX:3609,无,不适用,L2机械母集；未挂格,"四件套：URL=source_url；检索日=2026-08-28；命中引语=""公司代號 3609""；判定类别=L2机械母集/待人工裁决。原始出表日期=1150828；完整发行人母集不推定PCB主营、中国大陆厂址或物理产能。"
cand:l2-tpex-3611,issuer,issuer:TW:3611,issuer:TW:3611,-,-,-,鼎翰,L2,TPEx OpenAPI 上櫃股票基本資料（完整母集）,https://www.tpex.org.tw/openapi/v1/mopsfin_t187ap03_O,2026-08-28,待核,l2:TPEX:3611,无,不适用,L2机械母集；未挂格,"四件套：URL=source_url；检索日=2026-08-28；命中引语=""公司代號 3611""；判定类别=L2机械母集/待人工裁决。原始出表日期=1150828；完整发行人母集不推定PCB主营、中国大陆厂址或物理产能。"
cand:l2-tpex-3615,issuer,issuer:TW:3615,issuer:TW:3615,-,-,-,安可,L2,TPEx OpenAPI 上櫃股票基本資料（完整母集）,https://www.tpex.org.tw/openapi/v1/mopsfin_t187ap03_O,2026-08-28,待核,l2:TPEX:3615,无,不适用,L2机械母集；未挂格,"四件套：URL=source_url；检索日=2026-08-28；命中引语=""公司代號 3615""；判定类别=L2机械母集/待人工裁决。原始出表日期=1150828；完整发行人母集不推定PCB主营、中国大陆厂址或物理产能。"
cand:l2-tpex-3623,issuer,issuer:TW:3623,issuer:TW:3623,-,-,-,富晶通,L2,TPEx OpenAPI 上櫃股票基本資料（完整母集）,https://www.tpex.org.tw/openapi/v1/mopsfin_t187ap03_O,2026-08-28,待核,l2:TPEX:3623,无,不适用,L2机械母集；未挂格,"四件套：URL=source_url；检索日=2026-08-28；命中引语=""公司代號 3623""；判定类别=L2机械母集/待人工裁决。原始出表日期=1150828；完整发行人母集不推定PCB主营、中国大陆厂址或物理产能。"
cand:l2-tpex-3624,issuer,issuer:TW:3624,issuer:TW:3624,-,-,-,光頡,L2,TPEx OpenAPI 上櫃股票基本資料（完整母集）,https://www.tpex.org.tw/openapi/v1/mopsfin_t187ap03_O,2026-08-28,待核,l2:TPEX:3624,无,不适用,L2机械母集；未挂格,"四件套：URL=source_url；检索日=2026-08-28；命中引语=""公司代號 3624""；判定类别=L2机械母集/待人工裁决。原始出表日期=1150828；完整发行人母集不推定PCB主营、中国大陆厂址或物理产能。"
cand:l2-tpex-3625,issuer,issuer:TW:3625,issuer:TW:3625,-,-,-,西勝,L2,TPEx OpenAPI 上櫃股票基本資料（完整母集）,https://www.tpex.org.tw/openapi/v1/mopsfin_t187ap03_O,2026-08-28,待核,l2:TPEX:3625,无,不适用,L2机械母集；未挂格,"四件套：URL=source_url；检索日=2026-08-28；命中引语=""公司代號 3625""；判定类别=L2机械母集/待人工裁决。原始出表日期=1150828；完整发行人母集不推定PCB主营、中国大陆厂址或物理产能。"
cand:l2-tpex-3628,issuer,issuer:TW:3628,issuer:TW:3628,-,-,-,盈正,L2,TPEx OpenAPI 上櫃股票基本資料（完整母集）,https://www.tpex.org.tw/openapi/v1/mopsfin_t187ap03_O,2026-08-28,待核,l2:TPEX:3628,无,不适用,L2机械母集；未挂格,"四件套：URL=source_url；检索日=2026-08-28；命中引语=""公司代號 3628""；判定类别=L2机械母集/待人工裁决。原始出表日期=1150828；完整发行人母集不推定PCB主营、中国大陆厂址或物理产能。"
cand:l2-tpex-3629,issuer,issuer:TW:3629,issuer:TW:3629,-,-,-,地心引力,L2,TPEx OpenAPI 上櫃股票基本資料（完整母集）,https://www.tpex.org.tw/openapi/v1/mopsfin_t187ap03_O,2026-08-28,待核,l2:TPEX:3629,无,不适用,L2机械母集；未挂格,"四件套：URL=source_url；检索日=2026-08-28；命中引语=""公司代號 3629""；判定类别=L2机械母集/待人工裁决。原始出表日期=1150828；完整发行人母集不推定PCB主营、中国大陆厂址或物理产能。"
cand:l2-tpex-3630,issuer,issuer:TW:3630,issuer:TW:3630,-,-,-,新鉅科,L2,TPEx OpenAPI 上櫃股票基本資料（完整母集）,https://www.tpex.org.tw/openapi/v1/mopsfin_t187ap03_O,2026-08-28,待核,l2:TPEX:3630,无,不适用,L2机械母集；未挂格,"四件套：URL=source_url；检索日=2026-08-28；命中引语=""公司代號 3630""；判定类别=L2机械母集/待人工裁决。原始出表日期=1150828；完整发行人母集不推定PCB主营、中国大陆厂址或物理产能。"
cand:l2-tpex-3631,issuer,issuer:TW:3631,issuer:TW:3631,-,-,-,晟楠,L2,TPEx OpenAPI 上櫃股票基本資料（完整母集）,https://www.tpex.org.tw/openapi/v1/mopsfin_t187ap03_O,2026-08-28,待核,l2:TPEX:3631,无,不适用,L2机械母集；未挂格,"四件套：URL=source_url；检索日=2026-08-28；命中引语=""公司代號 3631""；判定类别=L2机械母集/待人工裁决。原始出表日期=1150828；完整发行人母集不推定PCB主营、中国大陆厂址或物理产能。"
cand:l2-tpex-3632,issuer,issuer:TW:3632,issuer:TW:3632,-,-,-,研勤,L2,TPEx OpenAPI 上櫃股票基本資料（完整母集）,https://www.tpex.org.tw/openapi/v1/mopsfin_t187ap03_O,2026-08-28,待核,l2:TPEX:3632,无,不适用,L2机械母集；未挂格,"四件套：URL=source_url；检索日=2026-08-28；命中引语=""公司代號 3632""；判定类别=L2机械母集/待人工裁决。原始出表日期=1150828；完整发行人母集不推定PCB主营、中国大陆厂址或物理产能。"
cand:l2-tpex-3646,issuer,issuer:TW:3646,issuer:TW:3646,-,-,-,艾恩特,L2,TPEx OpenAPI 上櫃股票基本資料（完整母集）,https://www.tpex.org.tw/openapi/v1/mopsfin_t187ap03_O,2026-08-28,待核,l2:TPEX:3646,无,不适用,L2机械母集；未挂格,"四件套：URL=source_url；检索日=2026-08-28；命中引语=""公司代號 3646""；判定类别=L2机械母集/待人工裁决。原始出表日期=1150828；完整发行人母集不推定PCB主营、中国大陆厂址或物理产能。"
cand:l2-tpex-3663,issuer,issuer:TW:3663,issuer:TW:3663,-,-,-,鑫科,L2,TPEx OpenAPI 上櫃股票基本資料（完整母集）,https://www.tpex.org.tw/openapi/v1/mopsfin_t187ap03_O,2026-08-28,待核,l2:TPEX:3663,无,不适用,L2机械母集；未挂格,"四件套：URL=source_url；检索日=2026-08-28；命中引语=""公司代號 3663""；判定类别=L2机械母集/待人工裁决。原始出表日期=1150828；完整发行人母集不推定PCB主营、中国大陆厂址或物理产能。"
cand:l2-tpex-3664,issuer,issuer:TW:3664,issuer:TW:3664,-,-,-,安瑞-KY,L2,TPEx OpenAPI 上櫃股票基本資料（完整母集）,https://www.tpex.org.tw/openapi/v1/mopsfin_t187ap03_O,2026-08-28,待核,l2:TPEX:3664,无,不适用,L2机械母集；未挂格,"四件套：URL=source_url；检索日=2026-08-28；命中引语=""公司代號 3664""；判定类别=L2机械母集/待人工裁决。原始出表日期=1150828；完整发行人母集不推定PCB主营、中国大陆厂址或物理产能。"
cand:l2-tpex-3666,issuer,issuer:TW:3666,issuer:TW:3666,-,-,-,光耀,L2,TPEx OpenAPI 上櫃股票基本資料（完整母集）,https://www.tpex.org.tw/openapi/v1/mopsfin_t187ap03_O,2026-08-28,待核,l2:TPEX:3666,无,不适用,L2机械母集；未挂格,"四件套：URL=source_url；检索日=2026-08-28；命中引语=""公司代號 3666""；判定类别=L2机械母集/待人工裁决。原始出表日期=1150828；完整发行人母集不推定PCB主营、中国大陆厂址或物理产能。"
cand:l2-tpex-3672,issuer,issuer:TW:3672,issuer:TW:3672,-,-,-,康聯訊,L2,TPEx OpenAPI 上櫃股票基本資料（完整母集）,https://www.tpex.org.tw/openapi/v1/mopsfin_t187ap03_O,2026-08-28,待核,l2:TPEX:3672,无,不适用,L2机械母集；未挂格,"四件套：URL=source_url；检索日=2026-08-28；命中引语=""公司代號 3672""；判定类别=L2机械母集/待人工裁决。原始出表日期=1150828；完整发行人母集不推定PCB主营、中国大陆厂址或物理产能。"
cand:l2-tpex-3675,issuer,issuer:TW:3675,issuer:TW:3675,-,-,-,德微,L2,TPEx OpenAPI 上櫃股票基本資料（完整母集）,https://www.tpex.org.tw/openapi/v1/mopsfin_t187ap03_O,2026-08-28,待核,l2:TPEX:3675,无,不适用,L2机械母集；未挂格,"四件套：URL=source_url；检索日=2026-08-28；命中引语=""公司代號 3675""；判定类别=L2机械母集/待人工裁决。原始出表日期=1150828；完整发行人母集不推定PCB主营、中国大陆厂址或物理产能。"
cand:l2-tpex-3680,issuer,issuer:TW:3680,issuer:TW:3680,-,-,-,家登,L2,TPEx OpenAPI 上櫃股票基本資料（完整母集）,https://www.tpex.org.tw/openapi/v1/mopsfin_t187ap03_O,2026-08-28,待核,l2:TPEX:3680,无,不适用,L2机械母集；未挂格,"四件套：URL=source_url；检索日=2026-08-28；命中引语=""公司代號 3680""；判定类别=L2机械母集/待人工裁决。原始出表日期=1150828；完整发行人母集不推定PCB主营、中国大陆厂址或物理产能。"
cand:l2-tpex-3684,issuer,issuer:TW:3684,issuer:TW:3684,-,-,-,榮昌,L2,TPEx OpenAPI 上櫃股票基本資料（完整母集）,https://www.tpex.org.tw/openapi/v1/mopsfin_t187ap03_O,2026-08-28,待核,l2:TPEX:3684,无,不适用,L2机械母集；未挂格,"四件套：URL=source_url；检索日=2026-08-28；命中引语=""公司代號 3684""；判定类别=L2机械母集/待人工裁决。原始出表日期=1150828；完整发行人母集不推定PCB主营、中国大陆厂址或物理产能。"
cand:l2-tpex-3685,issuer,issuer:TW:3685,issuer:TW:3685,-,-,-,元創精密,L2,TPEx OpenAPI 上櫃股票基本資料（完整母集）,https://www.tpex.org.tw/openapi/v1/mopsfin_t187ap03_O,2026-08-28,待核,l2:TPEX:3685,无,不适用,L2机械母集；未挂格,"四件套：URL=source_url；检索日=2026-08-28；命中引语=""公司代號 3685""；判定类别=L2机械母集/待人工裁决。原始出表日期=1150828；完整发行人母集不推定PCB主营、中国大陆厂址或物理产能。"
cand:l2-tpex-3687,issuer,issuer:TW:3687,issuer:TW:3687,-,-,-,歐買尬,L2,TPEx OpenAPI 上櫃股票基本資料（完整母集）,https://www.tpex.org.tw/openapi/v1/mopsfin_t187ap03_O,2026-08-28,待核,l2:TPEX:3687,无,不适用,L2机械母集；未挂格,"四件套：URL=source_url；检索日=2026-08-28；命中引语=""公司代號 3687""；判定类别=L2机械母集/待人工裁决。原始出表日期=1150828；完整发行人母集不推定PCB主营、中国大陆厂址或物理产能。"
cand:l2-tpex-3689,issuer,issuer:TW:3689,issuer:TW:3689,-,-,-,湧德,L2,TPEx OpenAPI 上櫃股票基本資料（完整母集）,https://www.tpex.org.tw/openapi/v1/mopsfin_t187ap03_O,2026-08-28,待核,l2:TPEX:3689,无,不适用,L2机械母集；未挂格,"四件套：URL=source_url；检索日=2026-08-28；命中引语=""公司代號 3689""；判定类别=L2机械母集/待人工裁决。原始出表日期=1150828；完整发行人母集不推定PCB主营、中国大陆厂址或物理产能。"
cand:l2-tpex-3691,issuer,issuer:TW:3691,issuer:TW:3691,-,-,-,碩禾,L2,TPEx OpenAPI 上櫃股票基本資料（完整母集）,https://www.tpex.org.tw/openapi/v1/mopsfin_t187ap03_O,2026-08-28,待核,l2:TPEX:3691,无,不适用,L2机械母集；未挂格,"四件套：URL=source_url；检索日=2026-08-28；命中引语=""公司代號 3691""；判定类别=L2机械母集/待人工裁决。原始出表日期=1150828；完整发行人母集不推定PCB主营、中国大陆厂址或物理产能。"
cand:l2-tpex-3693,issuer,issuer:TW:3693,issuer:TW:3693,-,-,-,營邦,L2,TPEx OpenAPI 上櫃股票基本資料（完整母集）,https://www.tpex.org.tw/openapi/v1/mopsfin_t187ap03_O,2026-08-28,待核,l2:TPEX:3693,无,不适用,L2机械母集；未挂格,"四件套：URL=source_url；检索日=2026-08-28；命中引语=""公司代號 3693""；判定类别=L2机械母集/待人工裁决。原始出表日期=1150828；完整发行人母集不推定PCB主营、中国大陆厂址或物理产能。"
cand:l2-tpex-3707,issuer,issuer:TW:3707,issuer:TW:3707,-,-,-,漢磊,L2,TPEx OpenAPI 上櫃股票基本資料（完整母集）,https://www.tpex.org.tw/openapi/v1/mopsfin_t187ap03_O,2026-08-28,待核,l2:TPEX:3707,无,不适用,L2机械母集；未挂格,"四件套：URL=source_url；检索日=2026-08-28；命中引语=""公司代號 3707""；判定类别=L2机械母集/待人工裁决。原始出表日期=1150828；完整发行人母集不推定PCB主营、中国大陆厂址或物理产能。"
cand:l2-tpex-3709,issuer,issuer:TW:3709,issuer:TW:3709,-,-,-,鑫聯大投控,L2,TPEx OpenAPI 上櫃股票基本資料（完整母集）,https://www.tpex.org.tw/openapi/v1/mopsfin_t187ap03_O,2026-08-28,待核,l2:TPEX:3709,无,不适用,L2机械母集；未挂格,"四件套：URL=source_url；检索日=2026-08-28；命中引语=""公司代號 3709""；判定类别=L2机械母集/待人工裁决。原始出表日期=1150828；完整发行人母集不推定PCB主营、中国大陆厂址或物理产能。"
cand:l2-tpex-3710,issuer,issuer:TW:3710,issuer:TW:3710,-,-,-,連展投控,L2,TPEx OpenAPI 上櫃股票基本資料（完整母集）,https://www.tpex.org.tw/openapi/v1/mopsfin_t187ap03_O,2026-08-28,待核,l2:TPEX:3710,无,不适用,L2机械母集；未挂格,"四件套：URL=source_url；检索日=2026-08-28；命中引语=""公司代號 3710""；判定类别=L2机械母集/待人工裁决。原始出表日期=1150828；完整发行人母集不推定PCB主营、中国大陆厂址或物理产能。"
cand:l2-tpex-3713,issuer,issuer:TW:3713,issuer:TW:3713,-,-,-,新晶投控,L2,TPEx OpenAPI 上櫃股票基本資料（完整母集）,https://www.tpex.org.tw/openapi/v1/mopsfin_t187ap03_O,2026-08-28,待核,l2:TPEX:3713,无,不适用,L2机械母集；未挂格,"四件套：URL=source_url；检索日=2026-08-28；命中引语=""公司代號 3713""；判定类别=L2机械母集/待人工裁决。原始出表日期=1150828；完整发行人母集不推定PCB主营、中国大陆厂址或物理产能。"
cand:l2-tpex-4102,issuer,issuer:TW:4102,issuer:TW:4102,-,-,-,永日,L2,TPEx OpenAPI 上櫃股票基本資料（完整母集）,https://www.tpex.org.tw/openapi/v1/mopsfin_t187ap03_O,2026-08-28,待核,l2:TPEX:4102,无,不适用,L2机械母集；未挂格,"四件套：URL=source_url；检索日=2026-08-28；命中引语=""公司代號 4102""；判定类别=L2机械母集/待人工裁决。原始出表日期=1150828；完整发行人母集不推定PCB主营、中国大陆厂址或物理产能。"
cand:l2-tpex-4105,issuer,issuer:TW:4105,issuer:TW:4105,-,-,-,東洋,L2,TPEx OpenAPI 上櫃股票基本資料（完整母集）,https://www.tpex.org.tw/openapi/v1/mopsfin_t187ap03_O,2026-08-28,待核,l2:TPEX:4105,无,不适用,L2机械母集；未挂格,"四件套：URL=source_url；检索日=2026-08-28；命中引语=""公司代號 4105""；判定类别=L2机械母集/待人工裁决。原始出表日期=1150828；完整发行人母集不推定PCB主营、中国大陆厂址或物理产能。"
cand:l2-tpex-4107,issuer,issuer:TW:4107,issuer:TW:4107,-,-,-,邦特,L2,TPEx OpenAPI 上櫃股票基本資料（完整母集）,https://www.tpex.org.tw/openapi/v1/mopsfin_t187ap03_O,2026-08-28,待核,l2:TPEX:4107,无,不适用,L2机械母集；未挂格,"四件套：URL=source_url；检索日=2026-08-28；命中引语=""公司代號 4107""；判定类别=L2机械母集/待人工裁决。原始出表日期=1150828；完整发行人母集不推定PCB主营、中国大陆厂址或物理产能。"
cand:l2-tpex-4109,issuer,issuer:TW:4109,issuer:TW:4109,-,-,-,加捷生醫,L2,TPEx OpenAPI 上櫃股票基本資料（完整母集）,https://www.tpex.org.tw/openapi/v1/mopsfin_t187ap03_O,2026-08-28,待核,l2:TPEX:4109,无,不适用,L2机械母集；未挂格,"四件套：URL=source_url；检索日=2026-08-28；命中引语=""公司代號 4109""；判定类别=L2机械母集/待人工裁决。原始出表日期=1150828；完整发行人母集不推定PCB主营、中国大陆厂址或物理产能。"
cand:l2-tpex-4111,issuer,issuer:TW:4111,issuer:TW:4111,-,-,-,濟生,L2,TPEx OpenAPI 上櫃股票基本資料（完整母集）,https://www.tpex.org.tw/openapi/v1/mopsfin_t187ap03_O,2026-08-28,待核,l2:TPEX:4111,无,不适用,L2机械母集；未挂格,"四件套：URL=source_url；检索日=2026-08-28；命中引语=""公司代號 4111""；判定类别=L2机械母集/待人工裁决。原始出表日期=1150828；完整发行人母集不推定PCB主营、中国大陆厂址或物理产能。"
cand:l2-tpex-4113,issuer,issuer:TW:4113,issuer:TW:4113,-,-,-,聯上,L2,TPEx OpenAPI 上櫃股票基本資料（完整母集）,https://www.tpex.org.tw/openapi/v1/mopsfin_t187ap03_O,2026-08-28,待核,l2:TPEX:4113,无,不适用,L2机械母集；未挂格,"四件套：URL=source_url；检索日=2026-08-28；命中引语=""公司代號 4113""；判定类别=L2机械母集/待人工裁决。原始出表日期=1150828；完整发行人母集不推定PCB主营、中国大陆厂址或物理产能。"
cand:l2-tpex-4114,issuer,issuer:TW:4114,issuer:TW:4114,-,-,-,健喬,L2,TPEx OpenAPI 上櫃股票基本資料（完整母集）,https://www.tpex.org.tw/openapi/v1/mopsfin_t187ap03_O,2026-08-28,待核,l2:TPEX:4114,无,不适用,L2机械母集；未挂格,"四件套：URL=source_url；检索日=2026-08-28；命中引语=""公司代號 4114""；判定类别=L2机械母集/待人工裁决。原始出表日期=1150828；完整发行人母集不推定PCB主营、中国大陆厂址或物理产能。"
cand:l2-tpex-4116,issuer,issuer:TW:4116,issuer:TW:4116,-,-,-,明基醫,L2,TPEx OpenAPI 上櫃股票基本資料（完整母集）,https://www.tpex.org.tw/openapi/v1/mopsfin_t187ap03_O,2026-08-28,待核,l2:TPEX:4116,无,不适用,L2机械母集；未挂格,"四件套：URL=source_url；检索日=2026-08-28；命中引语=""公司代號 4116""；判定类别=L2机械母集/待人工裁决。原始出表日期=1150828；完整发行人母集不推定PCB主营、中国大陆厂址或物理产能。"
cand:l2-tpex-4120,issuer,issuer:TW:4120,issuer:TW:4120,-,-,-,友華,L2,TPEx OpenAPI 上櫃股票基本資料（完整母集）,https://www.tpex.org.tw/openapi/v1/mopsfin_t187ap03_O,2026-08-28,待核,l2:TPEX:4120,无,不适用,L2机械母集；未挂格,"四件套：URL=source_url；检索日=2026-08-28；命中引语=""公司代號 4120""；判定类别=L2机械母集/待人工裁决。原始出表日期=1150828；完整发行人母集不推定PCB主营、中国大陆厂址或物理产能。"
cand:l2-tpex-4121,issuer,issuer:TW:4121,issuer:TW:4121,-,-,-,優盛,L2,TPEx OpenAPI 上櫃股票基本資料（完整母集）,https://www.tpex.org.tw/openapi/v1/mopsfin_t187ap03_O,2026-08-28,待核,l2:TPEX:4121,无,不适用,L2机械母集；未挂格,"四件套：URL=source_url；检索日=2026-08-28；命中引语=""公司代號 4121""；判定类别=L2机械母集/待人工裁决。原始出表日期=1150828；完整发行人母集不推定PCB主营、中国大陆厂址或物理产能。"
cand:l2-tpex-4123,issuer,issuer:TW:4123,issuer:TW:4123,-,-,-,晟德,L2,TPEx OpenAPI 上櫃股票基本資料（完整母集）,https://www.tpex.org.tw/openapi/v1/mopsfin_t187ap03_O,2026-08-28,待核,l2:TPEX:4123,无,不适用,L2机械母集；未挂格,"四件套：URL=source_url；检索日=2026-08-28；命中引语=""公司代號 4123""；判定类别=L2机械母集/待人工裁决。原始出表日期=1150828；完整发行人母集不推定PCB主营、中国大陆厂址或物理产能。"
cand:l2-tpex-4126,issuer,issuer:TW:4126,issuer:TW:4126,-,-,-,太醫,L2,TPEx OpenAPI 上櫃股票基本資料（完整母集）,https://www.tpex.org.tw/openapi/v1/mopsfin_t187ap03_O,2026-08-28,待核,l2:TPEX:4126,无,不适用,L2机械母集；未挂格,"四件套：URL=source_url；检索日=2026-08-28；命中引语=""公司代號 4126""；判定类别=L2机械母集/待人工裁决。原始出表日期=1150828；完整发行人母集不推定PCB主营、中国大陆厂址或物理产能。"
cand:l2-tpex-4127,issuer,issuer:TW:4127,issuer:TW:4127,-,-,-,天良,L2,TPEx OpenAPI 上櫃股票基本資料（完整母集）,https://www.tpex.org.tw/openapi/v1/mopsfin_t187ap03_O,2026-08-28,待核,l2:TPEX:4127,无,不适用,L2机械母集；未挂格,"四件套：URL=source_url；检索日=2026-08-28；命中引语=""公司代號 4127""；判定类别=L2机械母集/待人工裁决。原始出表日期=1150828；完整发行人母集不推定PCB主营、中国大陆厂址或物理产能。"
cand:l2-tpex-4128,issuer,issuer:TW:4128,issuer:TW:4128,-,-,-,中天,L2,TPEx OpenAPI 上櫃股票基本資料（完整母集）,https://www.tpex.org.tw/openapi/v1/mopsfin_t187ap03_O,2026-08-28,待核,l2:TPEX:4128,无,不适用,L2机械母集；未挂格,"四件套：URL=source_url；检索日=2026-08-28；命中引语=""公司代號 4128""；判定类别=L2机械母集/待人工裁决。原始出表日期=1150828；完整发行人母集不推定PCB主营、中国大陆厂址或物理产能。"
cand:l2-tpex-4129,issuer,issuer:TW:4129,issuer:TW:4129,-,-,-,聯合,L2,TPEx OpenAPI 上櫃股票基本資料（完整母集）,https://www.tpex.org.tw/openapi/v1/mopsfin_t187ap03_O,2026-08-28,待核,l2:TPEX:4129,无,不适用,L2机械母集；未挂格,"四件套：URL=source_url；检索日=2026-08-28；命中引语=""公司代號 4129""；判定类别=L2机械母集/待人工裁决。原始出表日期=1150828；完整发行人母集不推定PCB主营、中国大陆厂址或物理产能。"
cand:l2-tpex-4131,issuer,issuer:TW:4131,issuer:TW:4131,-,-,-,浩泰,L2,TPEx OpenAPI 上櫃股票基本資料（完整母集）,https://www.tpex.org.tw/openapi/v1/mopsfin_t187ap03_O,2026-08-28,待核,l2:TPEX:4131,无,不适用,L2机械母集；未挂格,"四件套：URL=source_url；检索日=2026-08-28；命中引语=""公司代號 4131""；判定类别=L2机械母集/待人工裁决。原始出表日期=1150828；完整发行人母集不推定PCB主营、中国大陆厂址或物理产能。"
cand:l2-tpex-4138,issuer,issuer:TW:4138,issuer:TW:4138,-,-,-,曜亞,L2,TPEx OpenAPI 上櫃股票基本資料（完整母集）,https://www.tpex.org.tw/openapi/v1/mopsfin_t187ap03_O,2026-08-28,待核,l2:TPEX:4138,无,不适用,L2机械母集；未挂格,"四件套：URL=source_url；检索日=2026-08-28；命中引语=""公司代號 4138""；判定类别=L2机械母集/待人工裁决。原始出表日期=1150828；完整发行人母集不推定PCB主营、中国大陆厂址或物理产能。"
cand:l2-tpex-4139,issuer,issuer:TW:4139,issuer:TW:4139,-,-,-,馬光-KY,L2,TPEx OpenAPI 上櫃股票基本資料（完整母集）,https://www.tpex.org.tw/openapi/v1/mopsfin_t187ap03_O,2026-08-28,待核,l2:TPEX:4139,无,不适用,L2机械母集；未挂格,"四件套：URL=source_url；检索日=2026-08-28；命中引语=""公司代號 4139""；判定类别=L2机械母集/待人工裁决。原始出表日期=1150828；完整发行人母集不推定PCB主营、中国大陆厂址或物理产能。"
cand:l2-tpex-4147,issuer,issuer:TW:4147,issuer:TW:4147,-,-,-,中裕,L2,TPEx OpenAPI 上櫃股票基本資料（完整母集）,https://www.tpex.org.tw/openapi/v1/mopsfin_t187ap03_O,2026-08-28,待核,l2:TPEX:4147,无,不适用,L2机械母集；未挂格,"四件套：URL=source_url；检索日=2026-08-28；命中引语=""公司代號 4147""；判定类别=L2机械母集/待人工裁决。原始出表日期=1150828；完整发行人母集不推定PCB主营、中国大陆厂址或物理产能。"
cand:l2-tpex-4153,issuer,issuer:TW:4153,issuer:TW:4153,-,-,-,鈺緯,L2,TPEx OpenAPI 上櫃股票基本資料（完整母集）,https://www.tpex.org.tw/openapi/v1/mopsfin_t187ap03_O,2026-08-28,待核,l2:TPEX:4153,无,不适用,L2机械母集；未挂格,"四件套：URL=source_url；检索日=2026-08-28；命中引语=""公司代號 4153""；判定类别=L2机械母集/待人工裁决。原始出表日期=1150828；完整发行人母集不推定PCB主营、中国大陆厂址或物理产能。"
cand:l2-tpex-4154,issuer,issuer:TW:4154,issuer:TW:4154,-,-,-,樂威科-KY,L2,TPEx OpenAPI 上櫃股票基本資料（完整母集）,https://www.tpex.org.tw/openapi/v1/mopsfin_t187ap03_O,2026-08-28,待核,l2:TPEX:4154,无,不适用,L2机械母集；未挂格,"四件套：URL=source_url；检索日=2026-08-28；命中引语=""公司代號 4154""；判定类别=L2机械母集/待人工裁决。原始出表日期=1150828；完整发行人母集不推定PCB主营、中国大陆厂址或物理产能。"
cand:l2-tpex-4157,issuer,issuer:TW:4157,issuer:TW:4157,-,-,-,太景*-KY,L2,TPEx OpenAPI 上櫃股票基本資料（完整母集）,https://www.tpex.org.tw/openapi/v1/mopsfin_t187ap03_O,2026-08-28,待核,l2:TPEX:4157,无,不适用,L2机械母集；未挂格,"四件套：URL=source_url；检索日=2026-08-28；命中引语=""公司代號 4157""；判定类别=L2机械母集/待人工裁决。原始出表日期=1150828；完整发行人母集不推定PCB主营、中国大陆厂址或物理产能。"
cand:l2-tpex-4160,issuer,issuer:TW:4160,issuer:TW:4160,-,-,-,訊聯基因,L2,TPEx OpenAPI 上櫃股票基本資料（完整母集）,https://www.tpex.org.tw/openapi/v1/mopsfin_t187ap03_O,2026-08-28,待核,l2:TPEX:4160,无,不适用,L2机械母集；未挂格,"四件套：URL=source_url；检索日=2026-08-28；命中引语=""公司代號 4160""；判定类别=L2机械母集/待人工裁决。原始出表日期=1150828；完整发行人母集不推定PCB主营、中国大陆厂址或物理产能。"
cand:l2-tpex-4161,issuer,issuer:TW:4161,issuer:TW:4161,-,-,-,聿新科,L2,TPEx OpenAPI 上櫃股票基本資料（完整母集）,https://www.tpex.org.tw/openapi/v1/mopsfin_t187ap03_O,2026-08-28,待核,l2:TPEX:4161,无,不适用,L2机械母集；未挂格,"四件套：URL=source_url；检索日=2026-08-28；命中引语=""公司代號 4161""；判定类别=L2机械母集/待人工裁决。原始出表日期=1150828；完整发行人母集不推定PCB主营、中国大陆厂址或物理产能。"
cand:l2-tpex-4162,issuer,issuer:TW:4162,issuer:TW:4162,-,-,-,智擎,L2,TPEx OpenAPI 上櫃股票基本資料（完整母集）,https://www.tpex.org.tw/openapi/v1/mopsfin_t187ap03_O,2026-08-28,待核,l2:TPEX:4162,无,不适用,L2机械母集；未挂格,"四件套：URL=source_url；检索日=2026-08-28；命中引语=""公司代號 4162""；判定类别=L2机械母集/待人工裁决。原始出表日期=1150828；完整发行人母集不推定PCB主营、中国大陆厂址或物理产能。"
cand:l2-tpex-4163,issuer,issuer:TW:4163,issuer:TW:4163,-,-,-,鐿鈦,L2,TPEx OpenAPI 上櫃股票基本資料（完整母集）,https://www.tpex.org.tw/openapi/v1/mopsfin_t187ap03_O,2026-08-28,待核,l2:TPEX:4163,无,不适用,L2机械母集；未挂格,"四件套：URL=source_url；检索日=2026-08-28；命中引语=""公司代號 4163""；判定类别=L2机械母集/待人工裁决。原始出表日期=1150828；完整发行人母集不推定PCB主营、中国大陆厂址或物理产能。"
cand:l2-tpex-4166,issuer,issuer:TW:4166,issuer:TW:4166,-,-,-,友霖,L2,TPEx OpenAPI 上櫃股票基本資料（完整母集）,https://www.tpex.org.tw/openapi/v1/mopsfin_t187ap03_O,2026-08-28,待核,l2:TPEX:4166,无,不适用,L2机械母集；未挂格,"四件套：URL=source_url；检索日=2026-08-28；命中引语=""公司代號 4166""；判定类别=L2机械母集/待人工裁决。原始出表日期=1150828；完整发行人母集不推定PCB主营、中国大陆厂址或物理产能。"
cand:l2-tpex-4167,issuer,issuer:TW:4167,issuer:TW:4167,-,-,-,松瑞藥,L2,TPEx OpenAPI 上櫃股票基本資料（完整母集）,https://www.tpex.org.tw/openapi/v1/mopsfin_t187ap03_O,2026-08-28,待核,l2:TPEX:4167,无,不适用,L2机械母集；未挂格,"四件套：URL=source_url；检索日=2026-08-28；命中引语=""公司代號 4167""；判定类别=L2机械母集/待人工裁决。原始出表日期=1150828；完整发行人母集不推定PCB主营、中国大陆厂址或物理产能。"
cand:l2-tpex-4168,issuer,issuer:TW:4168,issuer:TW:4168,-,-,-,醣聯,L2,TPEx OpenAPI 上櫃股票基本資料（完整母集）,https://www.tpex.org.tw/openapi/v1/mopsfin_t187ap03_O,2026-08-28,待核,l2:TPEX:4168,无,不适用,L2机械母集；未挂格,"四件套：URL=source_url；检索日=2026-08-28；命中引语=""公司代號 4168""；判定类别=L2机械母集/待人工裁决。原始出表日期=1150828；完整发行人母集不推定PCB主营、中国大陆厂址或物理产能。"
cand:l2-tpex-4171,issuer,issuer:TW:4171,issuer:TW:4171,-,-,-,瑞基,L2,TPEx OpenAPI 上櫃股票基本資料（完整母集）,https://www.tpex.org.tw/openapi/v1/mopsfin_t187ap03_O,2026-08-28,待核,l2:TPEX:4171,无,不适用,L2机械母集；未挂格,"四件套：URL=source_url；检索日=2026-08-28；命中引语=""公司代號 4171""；判定类别=L2机械母集/待人工裁决。原始出表日期=1150828；完整发行人母集不推定PCB主营、中国大陆厂址或物理产能。"
cand:l2-tpex-4173,issuer,issuer:TW:4173,issuer:TW:4173,-,-,-,久裕,L2,TPEx OpenAPI 上櫃股票基本資料（完整母集）,https://www.tpex.org.tw/openapi/v1/mopsfin_t187ap03_O,2026-08-28,待核,l2:TPEX:4173,无,不适用,L2机械母集；未挂格,"四件套：URL=source_url；检索日=2026-08-28；命中引语=""公司代號 4173""；判定类别=L2机械母集/待人工裁决。原始出表日期=1150828；完整发行人母集不推定PCB主营、中国大陆厂址或物理产能。"
cand:l2-tpex-4174,issuer,issuer:TW:4174,issuer:TW:4174,-,-,-,浩鼎,L2,TPEx OpenAPI 上櫃股票基本資料（完整母集）,https://www.tpex.org.tw/openapi/v1/mopsfin_t187ap03_O,2026-08-28,待核,l2:TPEX:4174,无,不适用,L2机械母集；未挂格,"四件套：URL=source_url；检索日=2026-08-28；命中引语=""公司代號 4174""；判定类别=L2机械母集/待人工裁决。原始出表日期=1150828；完整发行人母集不推定PCB主营、中国大陆厂址或物理产能。"
cand:l2-tpex-4175,issuer,issuer:TW:4175,issuer:TW:4175,-,-,-,杏一,L2,TPEx OpenAPI 上櫃股票基本資料（完整母集）,https://www.tpex.org.tw/openapi/v1/mopsfin_t187ap03_O,2026-08-28,待核,l2:TPEX:4175,无,不适用,L2机械母集；未挂格,"四件套：URL=source_url；检索日=2026-08-28；命中引语=""公司代號 4175""；判定类别=L2机械母集/待人工裁决。原始出表日期=1150828；完整发行人母集不推定PCB主营、中国大陆厂址或物理产能。"
cand:l2-tpex-4183,issuer,issuer:TW:4183,issuer:TW:4183,-,-,-,福永生技,L2,TPEx OpenAPI 上櫃股票基本資料（完整母集）,https://www.tpex.org.tw/openapi/v1/mopsfin_t187ap03_O,2026-08-28,待核,l2:TPEX:4183,无,不适用,L2机械母集；未挂格,"四件套：URL=source_url；检索日=2026-08-28；命中引语=""公司代號 4183""；判定类别=L2机械母集/待人工裁决。原始出表日期=1150828；完整发行人母集不推定PCB主营、中国大陆厂址或物理产能。"
cand:l2-tpex-4188,issuer,issuer:TW:4188,issuer:TW:4188,-,-,-,安克,L2,TPEx OpenAPI 上櫃股票基本資料（完整母集）,https://www.tpex.org.tw/openapi/v1/mopsfin_t187ap03_O,2026-08-28,待核,l2:TPEX:4188,无,不适用,L2机械母集；未挂格,"四件套：URL=source_url；检索日=2026-08-28；命中引语=""公司代號 4188""；判定类别=L2机械母集/待人工裁决。原始出表日期=1150828；完整发行人母集不推定PCB主营、中国大陆厂址或物理产能。"
cand:l2-tpex-4192,issuer,issuer:TW:4192,issuer:TW:4192,-,-,-,杏國,L2,TPEx OpenAPI 上櫃股票基本資料（完整母集）,https://www.tpex.org.tw/openapi/v1/mopsfin_t187ap03_O,2026-08-28,待核,l2:TPEX:4192,无,不适用,L2机械母集；未挂格,"四件套：URL=source_url；检索日=2026-08-28；命中引语=""公司代號 4192""；判定类别=L2机械母集/待人工裁决。原始出表日期=1150828；完整发行人母集不推定PCB主营、中国大陆厂址或物理产能。"
cand:l2-tpex-4198,issuer,issuer:TW:4198,issuer:TW:4198,-,-,-,欣大健康,L2,TPEx OpenAPI 上櫃股票基本資料（完整母集）,https://www.tpex.org.tw/openapi/v1/mopsfin_t187ap03_O,2026-08-28,待核,l2:TPEX:4198,无,不适用,L2机械母集；未挂格,"四件套：URL=source_url；检索日=2026-08-28；命中引语=""公司代號 4198""；判定类别=L2机械母集/待人工裁决。原始出表日期=1150828；完整发行人母集不推定PCB主营、中国大陆厂址或物理产能。"
cand:l2-tpex-4205,issuer,issuer:TW:4205,issuer:TW:4205,-,-,-,中華食,L2,TPEx OpenAPI 上櫃股票基本資料（完整母集）,https://www.tpex.org.tw/openapi/v1/mopsfin_t187ap03_O,2026-08-28,待核,l2:TPEX:4205,无,不适用,L2机械母集；未挂格,"四件套：URL=source_url；检索日=2026-08-28；命中引语=""公司代號 4205""；判定类别=L2机械母集/待人工裁决。原始出表日期=1150828；完整发行人母集不推定PCB主营、中国大陆厂址或物理产能。"
cand:l2-tpex-4207,issuer,issuer:TW:4207,issuer:TW:4207,-,-,-,環泰,L2,TPEx OpenAPI 上櫃股票基本資料（完整母集）,https://www.tpex.org.tw/openapi/v1/mopsfin_t187ap03_O,2026-08-28,待核,l2:TPEX:4207,无,不适用,L2机械母集；未挂格,"四件套：URL=source_url；检索日=2026-08-28；命中引语=""公司代號 4207""；判定类别=L2机械母集/待人工裁决。原始出表日期=1150828；完整发行人母集不推定PCB主营、中国大陆厂址或物理产能。"
cand:l2-tpex-4303,issuer,issuer:TW:4303,issuer:TW:4303,-,-,-,信立,L2,TPEx OpenAPI 上櫃股票基本資料（完整母集）,https://www.tpex.org.tw/openapi/v1/mopsfin_t187ap03_O,2026-08-28,待核,l2:TPEX:4303,无,不适用,L2机械母集；未挂格,"四件套：URL=source_url；检索日=2026-08-28；命中引语=""公司代號 4303""；判定类别=L2机械母集/待人工裁决。原始出表日期=1150828；完整发行人母集不推定PCB主营、中国大陆厂址或物理产能。"
cand:l2-tpex-4304,issuer,issuer:TW:4304,issuer:TW:4304,-,-,-,勝昱,L2,TPEx OpenAPI 上櫃股票基本資料（完整母集）,https://www.tpex.org.tw/openapi/v1/mopsfin_t187ap03_O,2026-08-28,待核,l2:TPEX:4304,无,不适用,L2机械母集；未挂格,"四件套：URL=source_url；检索日=2026-08-28；命中引语=""公司代號 4304""；判定类别=L2机械母集/待人工裁决。原始出表日期=1150828；完整发行人母集不推定PCB主营、中国大陆厂址或物理产能。"
cand:l2-tpex-4305,issuer,issuer:TW:4305,issuer:TW:4305,-,-,-,世坤,L2,TPEx OpenAPI 上櫃股票基本資料（完整母集）,https://www.tpex.org.tw/openapi/v1/mopsfin_t187ap03_O,2026-08-28,待核,l2:TPEX:4305,无,不适用,L2机械母集；未挂格,"四件套：URL=source_url；检索日=2026-08-28；命中引语=""公司代號 4305""；判定类别=L2机械母集/待人工裁决。原始出表日期=1150828；完整发行人母集不推定PCB主营、中国大陆厂址或物理产能。"
cand:l2-tpex-4401,issuer,issuer:TW:4401,issuer:TW:4401,-,-,-,東隆興,L2,TPEx OpenAPI 上櫃股票基本資料（完整母集）,https://www.tpex.org.tw/openapi/v1/mopsfin_t187ap03_O,2026-08-28,待核,l2:TPEX:4401,无,不适用,L2机械母集；未挂格,"四件套：URL=source_url；检索日=2026-08-28；命中引语=""公司代號 4401""；判定类别=L2机械母集/待人工裁决。原始出表日期=1150828；完整发行人母集不推定PCB主营、中国大陆厂址或物理产能。"
cand:l2-tpex-4402,issuer,issuer:TW:4402,issuer:TW:4402,-,-,-,郡都開發,L2,TPEx OpenAPI 上櫃股票基本資料（完整母集）,https://www.tpex.org.tw/openapi/v1/mopsfin_t187ap03_O,2026-08-28,待核,l2:TPEX:4402,无,不适用,L2机械母集；未挂格,"四件套：URL=source_url；检索日=2026-08-28；命中引语=""公司代號 4402""；判定类别=L2机械母集/待人工裁决。原始出表日期=1150828；完整发行人母集不推定PCB主营、中国大陆厂址或物理产能。"
cand:l2-tpex-4406,issuer,issuer:TW:4406,issuer:TW:4406,-,-,-,新昕纖,L2,TPEx OpenAPI 上櫃股票基本資料（完整母集）,https://www.tpex.org.tw/openapi/v1/mopsfin_t187ap03_O,2026-08-28,待核,l2:TPEX:4406,无,不适用,L2机械母集；未挂格,"四件套：URL=source_url；检索日=2026-08-28；命中引语=""公司代號 4406""；判定类别=L2机械母集/待人工裁决。原始出表日期=1150828；完整发行人母集不推定PCB主营、中国大陆厂址或物理产能。"
cand:l2-tpex-4413,issuer,issuer:TW:4413,issuer:TW:4413,-,-,-,飛寶企業,L2,TPEx OpenAPI 上櫃股票基本資料（完整母集）,https://www.tpex.org.tw/openapi/v1/mopsfin_t187ap03_O,2026-08-28,待核,l2:TPEX:4413,无,不适用,L2机械母集；未挂格,"四件套：URL=source_url；检索日=2026-08-28；命中引语=""公司代號 4413""；判定类别=L2机械母集/待人工裁决。原始出表日期=1150828；完整发行人母集不推定PCB主营、中国大陆厂址或物理产能。"
cand:l2-tpex-4416,issuer,issuer:TW:4416,issuer:TW:4416,-,-,-,三圓,L2,TPEx OpenAPI 上櫃股票基本資料（完整母集）,https://www.tpex.org.tw/openapi/v1/mopsfin_t187ap03_O,2026-08-28,待核,l2:TPEX:4416,无,不适用,L2机械母集；未挂格,"四件套：URL=source_url；检索日=2026-08-28；命中引语=""公司代號 4416""；判定类别=L2机械母集/待人工裁决。原始出表日期=1150828；完整发行人母集不推定PCB主营、中国大陆厂址或物理产能。"
cand:l2-tpex-4417,issuer,issuer:TW:4417,issuer:TW:4417,-,-,-,金洲,L2,TPEx OpenAPI 上櫃股票基本資料（完整母集）,https://www.tpex.org.tw/openapi/v1/mopsfin_t187ap03_O,2026-08-28,待核,l2:TPEX:4417,无,不适用,L2机械母集；未挂格,"四件套：URL=source_url；检索日=2026-08-28；命中引语=""公司代號 4417""；判定类别=L2机械母集/待人工裁决。原始出表日期=1150828；完整发行人母集不推定PCB主营、中国大陆厂址或物理产能。"
cand:l2-tpex-4419,issuer,issuer:TW:4419,issuer:TW:4419,-,-,-,皇家美食,L2,TPEx OpenAPI 上櫃股票基本資料（完整母集）,https://www.tpex.org.tw/openapi/v1/mopsfin_t187ap03_O,2026-08-28,待核,l2:TPEX:4419,无,不适用,L2机械母集；未挂格,"四件套：URL=source_url；检索日=2026-08-28；命中引语=""公司代號 4419""；判定类别=L2机械母集/待人工裁决。原始出表日期=1150828；完整发行人母集不推定PCB主营、中国大陆厂址或物理产能。"
cand:l2-tpex-4420,issuer,issuer:TW:4420,issuer:TW:4420,-,-,-,光明,L2,TPEx OpenAPI 上櫃股票基本資料（完整母集）,https://www.tpex.org.tw/openapi/v1/mopsfin_t187ap03_O,2026-08-28,待核,l2:TPEX:4420,无,不适用,L2机械母集；未挂格,"四件套：URL=source_url；检索日=2026-08-28；命中引语=""公司代號 4420""；判定类别=L2机械母集/待人工裁决。原始出表日期=1150828；完整发行人母集不推定PCB主营、中国大陆厂址或物理产能。"
cand:l2-tpex-4430,issuer,issuer:TW:4430,issuer:TW:4430,-,-,-,耀億,L2,TPEx OpenAPI 上櫃股票基本資料（完整母集）,https://www.tpex.org.tw/openapi/v1/mopsfin_t187ap03_O,2026-08-28,待核,l2:TPEX:4430,无,不适用,L2机械母集；未挂格,"四件套：URL=source_url；检索日=2026-08-28；命中引语=""公司代號 4430""；判定类别=L2机械母集/待人工裁决。原始出表日期=1150828；完整发行人母集不推定PCB主营、中国大陆厂址或物理产能。"
cand:l2-tpex-4432,issuer,issuer:TW:4432,issuer:TW:4432,-,-,-,銘旺實,L2,TPEx OpenAPI 上櫃股票基本資料（完整母集）,https://www.tpex.org.tw/openapi/v1/mopsfin_t187ap03_O,2026-08-28,待核,l2:TPEX:4432,无,不适用,L2机械母集；未挂格,"四件套：URL=source_url；检索日=2026-08-28；命中引语=""公司代號 4432""；判定类别=L2机械母集/待人工裁决。原始出表日期=1150828；完整发行人母集不推定PCB主营、中国大陆厂址或物理产能。"
cand:l2-tpex-4433,issuer,issuer:TW:4433,issuer:TW:4433,-,-,-,興采,L2,TPEx OpenAPI 上櫃股票基本資料（完整母集）,https://www.tpex.org.tw/openapi/v1/mopsfin_t187ap03_O,2026-08-28,待核,l2:TPEX:4433,无,不适用,L2机械母集；未挂格,"四件套：URL=source_url；检索日=2026-08-28；命中引语=""公司代號 4433""；判定类别=L2机械母集/待人工裁决。原始出表日期=1150828；完整发行人母集不推定PCB主营、中国大陆厂址或物理产能。"
cand:l2-tpex-4442,issuer,issuer:TW:4442,issuer:TW:4442,-,-,-,竣邦-KY,L2,TPEx OpenAPI 上櫃股票基本資料（完整母集）,https://www.tpex.org.tw/openapi/v1/mopsfin_t187ap03_O,2026-08-28,待核,l2:TPEX:4442,无,不适用,L2机械母集；未挂格,"四件套：URL=source_url；检索日=2026-08-28；命中引语=""公司代號 4442""；判定类别=L2机械母集/待人工裁决。原始出表日期=1150828；完整发行人母集不推定PCB主营、中国大陆厂址或物理产能。"
cand:l2-tpex-4502,issuer,issuer:TW:4502,issuer:TW:4502,-,-,-,健信,L2,TPEx OpenAPI 上櫃股票基本資料（完整母集）,https://www.tpex.org.tw/openapi/v1/mopsfin_t187ap03_O,2026-08-28,待核,l2:TPEX:4502,无,不适用,L2机械母集；未挂格,"四件套：URL=source_url；检索日=2026-08-28；命中引语=""公司代號 4502""；判定类别=L2机械母集/待人工裁决。原始出表日期=1150828；完整发行人母集不推定PCB主营、中国大陆厂址或物理产能。"
cand:l2-tpex-4503,issuer,issuer:TW:4503,issuer:TW:4503,-,-,-,金雨,L2,TPEx OpenAPI 上櫃股票基本資料（完整母集）,https://www.tpex.org.tw/openapi/v1/mopsfin_t187ap03_O,2026-08-28,待核,l2:TPEX:4503,无,不适用,L2机械母集；未挂格,"四件套：URL=source_url；检索日=2026-08-28；命中引语=""公司代號 4503""；判定类别=L2机械母集/待人工裁决。原始出表日期=1150828；完整发行人母集不推定PCB主营、中国大陆厂址或物理产能。"
cand:l2-tpex-4506,issuer,issuer:TW:4506,issuer:TW:4506,-,-,-,崇友,L2,TPEx OpenAPI 上櫃股票基本資料（完整母集）,https://www.tpex.org.tw/openapi/v1/mopsfin_t187ap03_O,2026-08-28,待核,l2:TPEX:4506,无,不适用,L2机械母集；未挂格,"四件套：URL=source_url；检索日=2026-08-28；命中引语=""公司代號 4506""；判定类别=L2机械母集/待人工裁决。原始出表日期=1150828；完整发行人母集不推定PCB主营、中国大陆厂址或物理产能。"
cand:l2-tpex-4510,issuer,issuer:TW:4510,issuer:TW:4510,-,-,-,高鋒,L2,TPEx OpenAPI 上櫃股票基本資料（完整母集）,https://www.tpex.org.tw/openapi/v1/mopsfin_t187ap03_O,2026-08-28,待核,l2:TPEX:4510,无,不适用,L2机械母集；未挂格,"四件套：URL=source_url；检索日=2026-08-28；命中引语=""公司代號 4510""；判定类别=L2机械母集/待人工裁决。原始出表日期=1150828；完整发行人母集不推定PCB主营、中国大陆厂址或物理产能。"
cand:l2-tpex-4513,issuer,issuer:TW:4513,issuer:TW:4513,-,-,-,福裕,L2,TPEx OpenAPI 上櫃股票基本資料（完整母集）,https://www.tpex.org.tw/openapi/v1/mopsfin_t187ap03_O,2026-08-28,待核,l2:TPEX:4513,无,不适用,L2机械母集；未挂格,"四件套：URL=source_url；检索日=2026-08-28；命中引语=""公司代號 4513""；判定类别=L2机械母集/待人工裁决。原始出表日期=1150828；完整发行人母集不推定PCB主营、中国大陆厂址或物理产能。"
cand:l2-tpex-4523,issuer,issuer:TW:4523,issuer:TW:4523,-,-,-,永彰,L2,TPEx OpenAPI 上櫃股票基本資料（完整母集）,https://www.tpex.org.tw/openapi/v1/mopsfin_t187ap03_O,2026-08-28,待核,l2:TPEX:4523,无,不适用,L2机械母集；未挂格,"四件套：URL=source_url；检索日=2026-08-28；命中引语=""公司代號 4523""；判定类别=L2机械母集/待人工裁决。原始出表日期=1150828；完整发行人母集不推定PCB主营、中国大陆厂址或物理产能。"
cand:l2-tpex-4527,issuer,issuer:TW:4527,issuer:TW:4527,-,-,-,方方土霖,L2,TPEx OpenAPI 上櫃股票基本資料（完整母集）,https://www.tpex.org.tw/openapi/v1/mopsfin_t187ap03_O,2026-08-28,待核,l2:TPEX:4527,无,不适用,L2机械母集；未挂格,"四件套：URL=source_url；检索日=2026-08-28；命中引语=""公司代號 4527""；判定类别=L2机械母集/待人工裁决。原始出表日期=1150828；完整发行人母集不推定PCB主营、中国大陆厂址或物理产能。"
cand:l2-tpex-4528,issuer,issuer:TW:4528,issuer:TW:4528,-,-,-,江興鍛,L2,TPEx OpenAPI 上櫃股票基本資料（完整母集）,https://www.tpex.org.tw/openapi/v1/mopsfin_t187ap03_O,2026-08-28,待核,l2:TPEX:4528,无,不适用,L2机械母集；未挂格,"四件套：URL=source_url；检索日=2026-08-28；命中引语=""公司代號 4528""；判定类别=L2机械母集/待人工裁决。原始出表日期=1150828；完整发行人母集不推定PCB主营、中国大陆厂址或物理产能。"
cand:l2-tpex-4529,issuer,issuer:TW:4529,issuer:TW:4529,-,-,-,淳紳,L2,TPEx OpenAPI 上櫃股票基本資料（完整母集）,https://www.tpex.org.tw/openapi/v1/mopsfin_t187ap03_O,2026-08-28,待核,l2:TPEX:4529,无,不适用,L2机械母集；未挂格,"四件套：URL=source_url；检索日=2026-08-28；命中引语=""公司代號 4529""；判定类别=L2机械母集/待人工裁决。原始出表日期=1150828；完整发行人母集不推定PCB主营、中国大陆厂址或物理产能。"
cand:l2-tpex-4530,issuer,issuer:TW:4530,issuer:TW:4530,-,-,-,天意能創,L2,TPEx OpenAPI 上櫃股票基本資料（完整母集）,https://www.tpex.org.tw/openapi/v1/mopsfin_t187ap03_O,2026-08-28,待核,l2:TPEX:4530,无,不适用,L2机械母集；未挂格,"四件套：URL=source_url；检索日=2026-08-28；命中引语=""公司代號 4530""；判定类别=L2机械母集/待人工裁决。原始出表日期=1150828；完整发行人母集不推定PCB主营、中国大陆厂址或物理产能。"
cand:l2-tpex-4533,issuer,issuer:TW:4533,issuer:TW:4533,-,-,-,協易機,L2,TPEx OpenAPI 上櫃股票基本資料（完整母集）,https://www.tpex.org.tw/openapi/v1/mopsfin_t187ap03_O,2026-08-28,待核,l2:TPEX:4533,无,不适用,L2机械母集；未挂格,"四件套：URL=source_url；检索日=2026-08-28；命中引语=""公司代號 4533""；判定类别=L2机械母集/待人工裁决。原始出表日期=1150828；完整发行人母集不推定PCB主营、中国大陆厂址或物理产能。"
cand:l2-tpex-4534,issuer,issuer:TW:4534,issuer:TW:4534,-,-,-,慶騰,L2,TPEx OpenAPI 上櫃股票基本資料（完整母集）,https://www.tpex.org.tw/openapi/v1/mopsfin_t187ap03_O,2026-08-28,待核,l2:TPEX:4534,无,不适用,L2机械母集；未挂格,"四件套：URL=source_url；检索日=2026-08-28；命中引语=""公司代號 4534""；判定类别=L2机械母集/待人工裁决。原始出表日期=1150828；完整发行人母集不推定PCB主营、中国大陆厂址或物理产能。"
cand:l2-tpex-4535,issuer,issuer:TW:4535,issuer:TW:4535,-,-,-,至興,L2,TPEx OpenAPI 上櫃股票基本資料（完整母集）,https://www.tpex.org.tw/openapi/v1/mopsfin_t187ap03_O,2026-08-28,待核,l2:TPEX:4535,无,不适用,L2机械母集；未挂格,"四件套：URL=source_url；检索日=2026-08-28；命中引语=""公司代號 4535""；判定类别=L2机械母集/待人工裁决。原始出表日期=1150828；完整发行人母集不推定PCB主营、中国大陆厂址或物理产能。"
cand:l2-tpex-4538,issuer,issuer:TW:4538,issuer:TW:4538,-,-,-,大詠城,L2,TPEx OpenAPI 上櫃股票基本資料（完整母集）,https://www.tpex.org.tw/openapi/v1/mopsfin_t187ap03_O,2026-08-28,待核,l2:TPEX:4538,无,不适用,L2机械母集；未挂格,"四件套：URL=source_url；检索日=2026-08-28；命中引语=""公司代號 4538""；判定类别=L2机械母集/待人工裁决。原始出表日期=1150828；完整发行人母集不推定PCB主营、中国大陆厂址或物理产能。"
cand:l2-tpex-4541,issuer,issuer:TW:4541,issuer:TW:4541,-,-,-,晟田,L2,TPEx OpenAPI 上櫃股票基本資料（完整母集）,https://www.tpex.org.tw/openapi/v1/mopsfin_t187ap03_O,2026-08-28,待核,l2:TPEX:4541,无,不适用,L2机械母集；未挂格,"四件套：URL=source_url；检索日=2026-08-28；命中引语=""公司代號 4541""；判定类别=L2机械母集/待人工裁决。原始出表日期=1150828；完整发行人母集不推定PCB主营、中国大陆厂址或物理产能。"
cand:l2-tpex-4542,issuer,issuer:TW:4542,issuer:TW:4542,-,-,-,科嶠,L2,TPEx OpenAPI 上櫃股票基本資料（完整母集）,https://www.tpex.org.tw/openapi/v1/mopsfin_t187ap03_O,2026-08-28,待核,l2:TPEX:4542,无,不适用,L2机械母集；未挂格,"四件套：URL=source_url；检索日=2026-08-28；命中引语=""公司代號 4542""；判定类别=L2机械母集/待人工裁决。原始出表日期=1150828；完整发行人母集不推定PCB主营、中国大陆厂址或物理产能。"
cand:l2-tpex-4543,issuer,issuer:TW:4543,issuer:TW:4543,-,-,-,萬在,L2,TPEx OpenAPI 上櫃股票基本資料（完整母集）,https://www.tpex.org.tw/openapi/v1/mopsfin_t187ap03_O,2026-08-28,待核,l2:TPEX:4543,无,不适用,L2机械母集；未挂格,"四件套：URL=source_url；检索日=2026-08-28；命中引语=""公司代號 4543""；判定类别=L2机械母集/待人工裁决。原始出表日期=1150828；完整发行人母集不推定PCB主营、中国大陆厂址或物理产能。"
cand:l2-tpex-4549,issuer,issuer:TW:4549,issuer:TW:4549,-,-,-,桓達,L2,TPEx OpenAPI 上櫃股票基本資料（完整母集）,https://www.tpex.org.tw/openapi/v1/mopsfin_t187ap03_O,2026-08-28,待核,l2:TPEX:4549,无,不适用,L2机械母集；未挂格,"四件套：URL=source_url；检索日=2026-08-28；命中引语=""公司代號 4549""；判定类别=L2机械母集/待人工裁决。原始出表日期=1150828；完整发行人母集不推定PCB主营、中国大陆厂址或物理产能。"
cand:l2-tpex-4550,issuer,issuer:TW:4550,issuer:TW:4550,-,-,-,長佳,L2,TPEx OpenAPI 上櫃股票基本資料（完整母集）,https://www.tpex.org.tw/openapi/v1/mopsfin_t187ap03_O,2026-08-28,待核,l2:TPEX:4550,无,不适用,L2机械母集；未挂格,"四件套：URL=source_url；检索日=2026-08-28；命中引语=""公司代號 4550""；判定类别=L2机械母集/待人工裁决。原始出表日期=1150828；完整发行人母集不推定PCB主营、中国大陆厂址或物理产能。"
cand:l2-tpex-4554,issuer,issuer:TW:4554,issuer:TW:4554,-,-,-,橙的,L2,TPEx OpenAPI 上櫃股票基本資料（完整母集）,https://www.tpex.org.tw/openapi/v1/mopsfin_t187ap03_O,2026-08-28,待核,l2:TPEX:4554,无,不适用,L2机械母集；未挂格,"四件套：URL=source_url；检索日=2026-08-28；命中引语=""公司代號 4554""；判定类别=L2机械母集/待人工裁决。原始出表日期=1150828；完整发行人母集不推定PCB主营、中国大陆厂址或物理产能。"
cand:l2-tpex-4556,issuer,issuer:TW:4556,issuer:TW:4556,-,-,-,旭然,L2,TPEx OpenAPI 上櫃股票基本資料（完整母集）,https://www.tpex.org.tw/openapi/v1/mopsfin_t187ap03_O,2026-08-28,待核,l2:TPEX:4556,无,不适用,L2机械母集；未挂格,"四件套：URL=source_url；检索日=2026-08-28；命中引语=""公司代號 4556""；判定类别=L2机械母集/待人工裁决。原始出表日期=1150828；完整发行人母集不推定PCB主营、中国大陆厂址或物理产能。"
cand:l2-tpex-4558,issuer,issuer:TW:4558,issuer:TW:4558,-,-,-,寶緯,L2,TPEx OpenAPI 上櫃股票基本資料（完整母集）,https://www.tpex.org.tw/openapi/v1/mopsfin_t187ap03_O,2026-08-28,待核,l2:TPEX:4558,无,不适用,L2机械母集；未挂格,"四件套：URL=source_url；检索日=2026-08-28；命中引语=""公司代號 4558""；判定类别=L2机械母集/待人工裁决。原始出表日期=1150828；完整发行人母集不推定PCB主营、中国大陆厂址或物理产能。"
cand:l2-tpex-4561,issuer,issuer:TW:4561,issuer:TW:4561,-,-,-,健椿,L2,TPEx OpenAPI 上櫃股票基本資料（完整母集）,https://www.tpex.org.tw/openapi/v1/mopsfin_t187ap03_O,2026-08-28,待核,l2:TPEX:4561,无,不适用,L2机械母集；未挂格,"四件套：URL=source_url；检索日=2026-08-28；命中引语=""公司代號 4561""；判定类别=L2机械母集/待人工裁决。原始出表日期=1150828；完整发行人母集不推定PCB主营、中国大陆厂址或物理产能。"
cand:l2-tpex-4563,issuer,issuer:TW:4563,issuer:TW:4563,-,-,-,百德,L2,TPEx OpenAPI 上櫃股票基本資料（完整母集）,https://www.tpex.org.tw/openapi/v1/mopsfin_t187ap03_O,2026-08-28,待核,l2:TPEX:4563,无,不适用,L2机械母集；未挂格,"四件套：URL=source_url；检索日=2026-08-28；命中引语=""公司代號 4563""；判定类别=L2机械母集/待人工裁决。原始出表日期=1150828；完整发行人母集不推定PCB主营、中国大陆厂址或物理产能。"
cand:l2-tpex-4568,issuer,issuer:TW:4568,issuer:TW:4568,-,-,-,科際精密,L2,TPEx OpenAPI 上櫃股票基本資料（完整母集）,https://www.tpex.org.tw/openapi/v1/mopsfin_t187ap03_O,2026-08-28,待核,l2:TPEX:4568,无,不适用,L2机械母集；未挂格,"四件套：URL=source_url；检索日=2026-08-28；命中引语=""公司代號 4568""；判定类别=L2机械母集/待人工裁决。原始出表日期=1150828；完整发行人母集不推定PCB主营、中国大陆厂址或物理产能。"
cand:l2-tpex-4577,issuer,issuer:TW:4577,issuer:TW:4577,-,-,-,達航科技,L2,TPEx OpenAPI 上櫃股票基本資料（完整母集）,https://www.tpex.org.tw/openapi/v1/mopsfin_t187ap03_O,2026-08-28,待核,l2:TPEX:4577,无,不适用,L2机械母集；未挂格,"四件套：URL=source_url；检索日=2026-08-28；命中引语=""公司代號 4577""；判定类别=L2机械母集/待人工裁决。原始出表日期=1150828；完整发行人母集不推定PCB主营、中国大陆厂址或物理产能。"
cand:l2-tpex-4580,issuer,issuer:TW:4580,issuer:TW:4580,-,-,-,捷流閥業,L2,TPEx OpenAPI 上櫃股票基本資料（完整母集）,https://www.tpex.org.tw/openapi/v1/mopsfin_t187ap03_O,2026-08-28,待核,l2:TPEX:4580,无,不适用,L2机械母集；未挂格,"四件套：URL=source_url；检索日=2026-08-28；命中引语=""公司代號 4580""；判定类别=L2机械母集/待人工裁决。原始出表日期=1150828；完整发行人母集不推定PCB主营、中国大陆厂址或物理产能。"
cand:l2-tpex-4584,issuer,issuer:TW:4584,issuer:TW:4584,-,-,-,君帆,L2,TPEx OpenAPI 上櫃股票基本資料（完整母集）,https://www.tpex.org.tw/openapi/v1/mopsfin_t187ap03_O,2026-08-28,待核,l2:TPEX:4584,无,不适用,L2机械母集；未挂格,"四件套：URL=source_url；检索日=2026-08-28；命中引语=""公司代號 4584""；判定类别=L2机械母集/待人工裁决。原始出表日期=1150828；完整发行人母集不推定PCB主营、中国大陆厂址或物理产能。"
cand:l2-tpex-4609,issuer,issuer:TW:4609,issuer:TW:4609,-,-,-,唐鋒,L2,TPEx OpenAPI 上櫃股票基本資料（完整母集）,https://www.tpex.org.tw/openapi/v1/mopsfin_t187ap03_O,2026-08-28,待核,l2:TPEX:4609,无,不适用,L2机械母集；未挂格,"四件套：URL=source_url；检索日=2026-08-28；命中引语=""公司代號 4609""；判定类别=L2机械母集/待人工裁决。原始出表日期=1150828；完整发行人母集不推定PCB主营、中国大陆厂址或物理产能。"
cand:l2-tpex-4702,issuer,issuer:TW:4702,issuer:TW:4702,-,-,-,中美實,L2,TPEx OpenAPI 上櫃股票基本資料（完整母集）,https://www.tpex.org.tw/openapi/v1/mopsfin_t187ap03_O,2026-08-28,待核,l2:TPEX:4702,无,不适用,L2机械母集；未挂格,"四件套：URL=source_url；检索日=2026-08-28；命中引语=""公司代號 4702""；判定类别=L2机械母集/待人工裁决。原始出表日期=1150828；完整发行人母集不推定PCB主营、中国大陆厂址或物理产能。"
cand:l2-tpex-4706,issuer,issuer:TW:4706,issuer:TW:4706,-,-,-,大恭,L2,TPEx OpenAPI 上櫃股票基本資料（完整母集）,https://www.tpex.org.tw/openapi/v1/mopsfin_t187ap03_O,2026-08-28,待核,l2:TPEX:4706,无,不适用,L2机械母集；未挂格,"四件套：URL=source_url；检索日=2026-08-28；命中引语=""公司代號 4706""；判定类别=L2机械母集/待人工裁决。原始出表日期=1150828；完整发行人母集不推定PCB主营、中国大陆厂址或物理产能。"
cand:l2-tpex-4707,issuer,issuer:TW:4707,issuer:TW:4707,-,-,-,磐亞,L2,TPEx OpenAPI 上櫃股票基本資料（完整母集）,https://www.tpex.org.tw/openapi/v1/mopsfin_t187ap03_O,2026-08-28,待核,l2:TPEX:4707,无,不适用,L2机械母集；未挂格,"四件套：URL=source_url；检索日=2026-08-28；命中引语=""公司代號 4707""；判定类别=L2机械母集/待人工裁决。原始出表日期=1150828；完整发行人母集不推定PCB主营、中国大陆厂址或物理产能。"
cand:l2-tpex-4711,issuer,issuer:TW:4711,issuer:TW:4711,-,-,-,永純,L2,TPEx OpenAPI 上櫃股票基本資料（完整母集）,https://www.tpex.org.tw/openapi/v1/mopsfin_t187ap03_O,2026-08-28,待核,l2:TPEX:4711,无,不适用,L2机械母集；未挂格,"四件套：URL=source_url；检索日=2026-08-28；命中引语=""公司代號 4711""；判定类别=L2机械母集/待人工裁决。原始出表日期=1150828；完整发行人母集不推定PCB主营、中国大陆厂址或物理产能。"
cand:l2-tpex-4714,issuer,issuer:TW:4714,issuer:TW:4714,-,-,-,永捷,L2,TPEx OpenAPI 上櫃股票基本資料（完整母集）,https://www.tpex.org.tw/openapi/v1/mopsfin_t187ap03_O,2026-08-28,待核,l2:TPEX:4714,无,不适用,L2机械母集；未挂格,"四件套：URL=source_url；检索日=2026-08-28；命中引语=""公司代號 4714""；判定类别=L2机械母集/待人工裁决。原始出表日期=1150828；完整发行人母集不推定PCB主营、中国大陆厂址或物理产能。"
cand:l2-tpex-4716,issuer,issuer:TW:4716,issuer:TW:4716,-,-,-,大立,L2,TPEx OpenAPI 上櫃股票基本資料（完整母集）,https://www.tpex.org.tw/openapi/v1/mopsfin_t187ap03_O,2026-08-28,待核,l2:TPEX:4716,无,不适用,L2机械母集；未挂格,"四件套：URL=source_url；检索日=2026-08-28；命中引语=""公司代號 4716""；判定类别=L2机械母集/待人工裁决。原始出表日期=1150828；完整发行人母集不推定PCB主营、中国大陆厂址或物理产能。"
cand:l2-tpex-4721,issuer,issuer:TW:4721,issuer:TW:4721,-,-,-,美琪瑪,L2,TPEx OpenAPI 上櫃股票基本資料（完整母集）,https://www.tpex.org.tw/openapi/v1/mopsfin_t187ap03_O,2026-08-28,待核,l2:TPEX:4721,无,不适用,L2机械母集；未挂格,"四件套：URL=source_url；检索日=2026-08-28；命中引语=""公司代號 4721""；判定类别=L2机械母集/待人工裁决。原始出表日期=1150828；完整发行人母集不推定PCB主营、中国大陆厂址或物理产能。"
cand:l2-tpex-4726,issuer,issuer:TW:4726,issuer:TW:4726,-,-,-,永昕,L2,TPEx OpenAPI 上櫃股票基本資料（完整母集）,https://www.tpex.org.tw/openapi/v1/mopsfin_t187ap03_O,2026-08-28,待核,l2:TPEX:4726,无,不适用,L2机械母集；未挂格,"四件套：URL=source_url；检索日=2026-08-28；命中引语=""公司代號 4726""；判定类别=L2机械母集/待人工裁决。原始出表日期=1150828；完整发行人母集不推定PCB主营、中国大陆厂址或物理产能。"
cand:l2-tpex-4728,issuer,issuer:TW:4728,issuer:TW:4728,-,-,-,雙美,L2,TPEx OpenAPI 上櫃股票基本資料（完整母集）,https://www.tpex.org.tw/openapi/v1/mopsfin_t187ap03_O,2026-08-28,待核,l2:TPEX:4728,无,不适用,L2机械母集；未挂格,"四件套：URL=source_url；检索日=2026-08-28；命中引语=""公司代號 4728""；判定类别=L2机械母集/待人工裁决。原始出表日期=1150828；完整发行人母集不推定PCB主营、中国大陆厂址或物理产能。"
cand:l2-tpex-4729,issuer,issuer:TW:4729,issuer:TW:4729,-,-,-,熒茂,L2,TPEx OpenAPI 上櫃股票基本資料（完整母集）,https://www.tpex.org.tw/openapi/v1/mopsfin_t187ap03_O,2026-08-28,待核,l2:TPEX:4729,无,不适用,L2机械母集；未挂格,"四件套：URL=source_url；检索日=2026-08-28；命中引语=""公司代號 4729""；判定类别=L2机械母集/待人工裁决。原始出表日期=1150828；完整发行人母集不推定PCB主营、中国大陆厂址或物理产能。"
cand:l2-tpex-4735,issuer,issuer:TW:4735,issuer:TW:4735,-,-,-,豪展,L2,TPEx OpenAPI 上櫃股票基本資料（完整母集）,https://www.tpex.org.tw/openapi/v1/mopsfin_t187ap03_O,2026-08-28,待核,l2:TPEX:4735,无,不适用,L2机械母集；未挂格,"四件套：URL=source_url；检索日=2026-08-28；命中引语=""公司代號 4735""；判定类别=L2机械母集/待人工裁决。原始出表日期=1150828；完整发行人母集不推定PCB主营、中国大陆厂址或物理产能。"
cand:l2-tpex-4741,issuer,issuer:TW:4741,issuer:TW:4741,-,-,-,泓瀚,L2,TPEx OpenAPI 上櫃股票基本資料（完整母集）,https://www.tpex.org.tw/openapi/v1/mopsfin_t187ap03_O,2026-08-28,待核,l2:TPEX:4741,无,不适用,L2机械母集；未挂格,"四件套：URL=source_url；检索日=2026-08-28；命中引语=""公司代號 4741""；判定类别=L2机械母集/待人工裁决。原始出表日期=1150828；完整发行人母集不推定PCB主营、中国大陆厂址或物理产能。"
cand:l2-tpex-4743,issuer,issuer:TW:4743,issuer:TW:4743,-,-,-,合一,L2,TPEx OpenAPI 上櫃股票基本資料（完整母集）,https://www.tpex.org.tw/openapi/v1/mopsfin_t187ap03_O,2026-08-28,待核,l2:TPEX:4743,无,不适用,L2机械母集；未挂格,"四件套：URL=source_url；检索日=2026-08-28；命中引语=""公司代號 4743""；判定类别=L2机械母集/待人工裁决。原始出表日期=1150828；完整发行人母集不推定PCB主营、中国大陆厂址或物理产能。"
cand:l2-tpex-4744,issuer,issuer:TW:4744,issuer:TW:4744,-,-,-,皇將,L2,TPEx OpenAPI 上櫃股票基本資料（完整母集）,https://www.tpex.org.tw/openapi/v1/mopsfin_t187ap03_O,2026-08-28,待核,l2:TPEX:4744,无,不适用,L2机械母集；未挂格,"四件套：URL=source_url；检索日=2026-08-28；命中引语=""公司代號 4744""；判定类别=L2机械母集/待人工裁决。原始出表日期=1150828；完整发行人母集不推定PCB主营、中国大陆厂址或物理产能。"
cand:l2-tpex-4745,issuer,issuer:TW:4745,issuer:TW:4745,-,-,-,合富-KY,L2,TPEx OpenAPI 上櫃股票基本資料（完整母集）,https://www.tpex.org.tw/openapi/v1/mopsfin_t187ap03_O,2026-08-28,待核,l2:TPEX:4745,无,不适用,L2机械母集；未挂格,"四件套：URL=source_url；检索日=2026-08-28；命中引语=""公司代號 4745""；判定类别=L2机械母集/待人工裁决。原始出表日期=1150828；完整发行人母集不推定PCB主营、中国大陆厂址或物理产能。"
cand:l2-tpex-4747,issuer,issuer:TW:4747,issuer:TW:4747,-,-,-,強生製藥,L2,TPEx OpenAPI 上櫃股票基本資料（完整母集）,https://www.tpex.org.tw/openapi/v1/mopsfin_t187ap03_O,2026-08-28,待核,l2:TPEX:4747,无,不适用,L2机械母集；未挂格,"四件套：URL=source_url；检索日=2026-08-28；命中引语=""公司代號 4747""；判定类别=L2机械母集/待人工裁决。原始出表日期=1150828；完整发行人母集不推定PCB主营、中国大陆厂址或物理产能。"
cand:l2-tpex-4749,issuer,issuer:TW:4749,issuer:TW:4749,-,-,-,新應材,L2,TPEx OpenAPI 上櫃股票基本資料（完整母集）,https://www.tpex.org.tw/openapi/v1/mopsfin_t187ap03_O,2026-08-28,待核,l2:TPEX:4749,无,不适用,L2机械母集；未挂格,"四件套：URL=source_url；检索日=2026-08-28；命中引语=""公司代號 4749""；判定类别=L2机械母集/待人工裁决。原始出表日期=1150828；完整发行人母集不推定PCB主营、中国大陆厂址或物理产能。"
cand:l2-tpex-4754,issuer,issuer:TW:4754,issuer:TW:4754,-,-,-,國碳科,L2,TPEx OpenAPI 上櫃股票基本資料（完整母集）,https://www.tpex.org.tw/openapi/v1/mopsfin_t187ap03_O,2026-08-28,待核,l2:TPEX:4754,无,不适用,L2机械母集；未挂格,"四件套：URL=source_url；检索日=2026-08-28；命中引语=""公司代號 4754""；判定类别=L2机械母集/待人工裁决。原始出表日期=1150828；完整发行人母集不推定PCB主营、中国大陆厂址或物理产能。"
cand:l2-tpex-4760,issuer,issuer:TW:4760,issuer:TW:4760,-,-,-,勤凱科技,L2,TPEx OpenAPI 上櫃股票基本資料（完整母集）,https://www.tpex.org.tw/openapi/v1/mopsfin_t187ap03_O,2026-08-28,待核,l2:TPEX:4760,无,不适用,L2机械母集；未挂格,"四件套：URL=source_url；检索日=2026-08-28；命中引语=""公司代號 4760""；判定类别=L2机械母集/待人工裁决。原始出表日期=1150828；完整发行人母集不推定PCB主营、中国大陆厂址或物理产能。"
cand:l2-tpex-4767,issuer,issuer:TW:4767,issuer:TW:4767,-,-,-,誠泰科技,L2,TPEx OpenAPI 上櫃股票基本資料（完整母集）,https://www.tpex.org.tw/openapi/v1/mopsfin_t187ap03_O,2026-08-28,待核,l2:TPEX:4767,无,不适用,L2机械母集；未挂格,"四件套：URL=source_url；检索日=2026-08-28；命中引语=""公司代號 4767""；判定类别=L2机械母集/待人工裁决。原始出表日期=1150828；完整发行人母集不推定PCB主营、中国大陆厂址或物理产能。"
cand:l2-tpex-4768,issuer,issuer:TW:4768,issuer:TW:4768,-,-,-,晶呈科技,L2,TPEx OpenAPI 上櫃股票基本資料（完整母集）,https://www.tpex.org.tw/openapi/v1/mopsfin_t187ap03_O,2026-08-28,待核,l2:TPEX:4768,无,不适用,L2机械母集；未挂格,"四件套：URL=source_url；检索日=2026-08-28；命中引语=""公司代號 4768""；判定类别=L2机械母集/待人工裁决。原始出表日期=1150828；完整发行人母集不推定PCB主营、中国大陆厂址或物理产能。"
cand:l2-tpex-4772,issuer,issuer:TW:4772,issuer:TW:4772,-,-,-,台特化,L2,TPEx OpenAPI 上櫃股票基本資料（完整母集）,https://www.tpex.org.tw/openapi/v1/mopsfin_t187ap03_O,2026-08-28,待核,l2:TPEX:4772,无,不适用,L2机械母集；未挂格,"四件套：URL=source_url；检索日=2026-08-28；命中引语=""公司代號 4772""；判定类别=L2机械母集/待人工裁决。原始出表日期=1150828；完整发行人母集不推定PCB主营、中国大陆厂址或物理产能。"
cand:l2-tpex-4804,issuer,issuer:TW:4804,issuer:TW:4804,-,-,-,大略-KY,L2,TPEx OpenAPI 上櫃股票基本資料（完整母集）,https://www.tpex.org.tw/openapi/v1/mopsfin_t187ap03_O,2026-08-28,待核,l2:TPEX:4804,无,不适用,L2机械母集；未挂格,"四件套：URL=source_url；检索日=2026-08-28；命中引语=""公司代號 4804""；判定类别=L2机械母集/待人工裁决。原始出表日期=1150828；完整发行人母集不推定PCB主营、中国大陆厂址或物理产能。"
cand:l2-tpex-4806,issuer,issuer:TW:4806,issuer:TW:4806,-,-,-,桂田文創,L2,TPEx OpenAPI 上櫃股票基本資料（完整母集）,https://www.tpex.org.tw/openapi/v1/mopsfin_t187ap03_O,2026-08-28,待核,l2:TPEX:4806,无,不适用,L2机械母集；未挂格,"四件套：URL=source_url；检索日=2026-08-28；命中引语=""公司代號 4806""；判定类别=L2机械母集/待人工裁决。原始出表日期=1150828；完整发行人母集不推定PCB主营、中国大陆厂址或物理产能。"
cand:l2-tpex-4903,issuer,issuer:TW:4903,issuer:TW:4903,-,-,-,聯光通,L2,TPEx OpenAPI 上櫃股票基本資料（完整母集）,https://www.tpex.org.tw/openapi/v1/mopsfin_t187ap03_O,2026-08-28,待核,l2:TPEX:4903,无,不适用,L2机械母集；未挂格,"四件套：URL=source_url；检索日=2026-08-28；命中引语=""公司代號 4903""；判定类别=L2机械母集/待人工裁决。原始出表日期=1150828；完整发行人母集不推定PCB主营、中国大陆厂址或物理产能。"
cand:l2-tpex-4905,issuer,issuer:TW:4905,issuer:TW:4905,-,-,-,台聯電,L2,TPEx OpenAPI 上櫃股票基本資料（完整母集）,https://www.tpex.org.tw/openapi/v1/mopsfin_t187ap03_O,2026-08-28,待核,l2:TPEX:4905,无,不适用,L2机械母集；未挂格,"四件套：URL=source_url；检索日=2026-08-28；命中引语=""公司代號 4905""；判定类别=L2机械母集/待人工裁决。原始出表日期=1150828；完整发行人母集不推定PCB主营、中国大陆厂址或物理产能。"
cand:l2-tpex-4907,issuer,issuer:TW:4907,issuer:TW:4907,-,-,-,富宇,L2,TPEx OpenAPI 上櫃股票基本資料（完整母集）,https://www.tpex.org.tw/openapi/v1/mopsfin_t187ap03_O,2026-08-28,待核,l2:TPEX:4907,无,不适用,L2机械母集；未挂格,"四件套：URL=source_url；检索日=2026-08-28；命中引语=""公司代號 4907""；判定类别=L2机械母集/待人工裁决。原始出表日期=1150828；完整发行人母集不推定PCB主营、中国大陆厂址或物理产能。"
cand:l2-tpex-4908,issuer,issuer:TW:4908,issuer:TW:4908,-,-,-,前鼎,L2,TPEx OpenAPI 上櫃股票基本資料（完整母集）,https://www.tpex.org.tw/openapi/v1/mopsfin_t187ap03_O,2026-08-28,待核,l2:TPEX:4908,无,不适用,L2机械母集；未挂格,"四件套：URL=source_url；检索日=2026-08-28；命中引语=""公司代號 4908""；判定类别=L2机械母集/待人工裁决。原始出表日期=1150828；完整发行人母集不推定PCB主营、中国大陆厂址或物理产能。"
cand:l2-tpex-4909,issuer,issuer:TW:4909,issuer:TW:4909,-,-,-,新復興,L2,TPEx OpenAPI 上櫃股票基本資料（完整母集）,https://www.tpex.org.tw/openapi/v1/mopsfin_t187ap03_O,2026-08-28,待核,l2:TPEX:4909,无,不适用,L2机械母集；未挂格,"四件套：URL=source_url；检索日=2026-08-28；命中引语=""公司代號 4909""；判定类别=L2机械母集/待人工裁决。原始出表日期=1150828；完整发行人母集不推定PCB主营、中国大陆厂址或物理产能。"
cand:l2-tpex-4911,issuer,issuer:TW:4911,issuer:TW:4911,-,-,-,德英,L2,TPEx OpenAPI 上櫃股票基本資料（完整母集）,https://www.tpex.org.tw/openapi/v1/mopsfin_t187ap03_O,2026-08-28,待核,l2:TPEX:4911,无,不适用,L2机械母集；未挂格,"四件套：URL=source_url；检索日=2026-08-28；命中引语=""公司代號 4911""；判定类别=L2机械母集/待人工裁决。原始出表日期=1150828；完整发行人母集不推定PCB主营、中国大陆厂址或物理产能。"
cand:l2-tpex-4923,issuer,issuer:TW:4923,issuer:TW:4923,-,-,-,力士,L2,TPEx OpenAPI 上櫃股票基本資料（完整母集）,https://www.tpex.org.tw/openapi/v1/mopsfin_t187ap03_O,2026-08-28,待核,l2:TPEX:4923,无,不适用,L2机械母集；未挂格,"四件套：URL=source_url；检索日=2026-08-28；命中引语=""公司代號 4923""；判定类别=L2机械母集/待人工裁决。原始出表日期=1150828；完整发行人母集不推定PCB主营、中国大陆厂址或物理产能。"
cand:l2-tpex-4924,issuer,issuer:TW:4924,issuer:TW:4924,-,-,-,欣厚-KY,L2,TPEx OpenAPI 上櫃股票基本資料（完整母集）,https://www.tpex.org.tw/openapi/v1/mopsfin_t187ap03_O,2026-08-28,待核,l2:TPEX:4924,无,不适用,L2机械母集；未挂格,"四件套：URL=source_url；检索日=2026-08-28；命中引语=""公司代號 4924""；判定类别=L2机械母集/待人工裁决。原始出表日期=1150828；完整发行人母集不推定PCB主营、中国大陆厂址或物理产能。"
cand:l2-tpex-4931,issuer,issuer:TW:4931,issuer:TW:4931,-,-,-,新盛力,L2,TPEx OpenAPI 上櫃股票基本資料（完整母集）,https://www.tpex.org.tw/openapi/v1/mopsfin_t187ap03_O,2026-08-28,待核,l2:TPEX:4931,无,不适用,L2机械母集；未挂格,"四件套：URL=source_url；检索日=2026-08-28；命中引语=""公司代號 4931""；判定类别=L2机械母集/待人工裁决。原始出表日期=1150828；完整发行人母集不推定PCB主营、中国大陆厂址或物理产能。"
cand:l2-tpex-4933,issuer,issuer:TW:4933,issuer:TW:4933,-,-,-,友輝,L2,TPEx OpenAPI 上櫃股票基本資料（完整母集）,https://www.tpex.org.tw/openapi/v1/mopsfin_t187ap03_O,2026-08-28,待核,l2:TPEX:4933,无,不适用,L2机械母集；未挂格,"四件套：URL=source_url；检索日=2026-08-28；命中引语=""公司代號 4933""；判定类别=L2机械母集/待人工裁决。原始出表日期=1150828；完整发行人母集不推定PCB主营、中国大陆厂址或物理产能。"
cand:l2-tpex-4939,issuer,issuer:TW:4939,issuer:TW:4939,-,-,-,亞電,L2,TPEx OpenAPI 上櫃股票基本資料（完整母集）,https://www.tpex.org.tw/openapi/v1/mopsfin_t187ap03_O,2026-08-28,待核,l2:TPEX:4939,无,不适用,L2机械母集；未挂格,"四件套：URL=source_url；检索日=2026-08-28；命中引语=""公司代號 4939""；判定类别=L2机械母集/待人工裁决。原始出表日期=1150828；完整发行人母集不推定PCB主营、中国大陆厂址或物理产能。"
cand:l2-tpex-4946,issuer,issuer:TW:4946,issuer:TW:4946,-,-,-,辣椒,L2,TPEx OpenAPI 上櫃股票基本資料（完整母集）,https://www.tpex.org.tw/openapi/v1/mopsfin_t187ap03_O,2026-08-28,待核,l2:TPEX:4946,无,不适用,L2机械母集；未挂格,"四件套：URL=source_url；检索日=2026-08-28；命中引语=""公司代號 4946""；判定类别=L2机械母集/待人工裁决。原始出表日期=1150828；完整发行人母集不推定PCB主营、中国大陆厂址或物理产能。"
cand:l2-tpex-4950,issuer,issuer:TW:4950,issuer:TW:4950,-,-,-,金耘國際,L2,TPEx OpenAPI 上櫃股票基本資料（完整母集）,https://www.tpex.org.tw/openapi/v1/mopsfin_t187ap03_O,2026-08-28,待核,l2:TPEX:4950,无,不适用,L2机械母集；未挂格,"四件套：URL=source_url；检索日=2026-08-28；命中引语=""公司代號 4950""；判定类别=L2机械母集/待人工裁决。原始出表日期=1150828；完整发行人母集不推定PCB主营、中国大陆厂址或物理产能。"
cand:l2-tpex-4951,issuer,issuer:TW:4951,issuer:TW:4951,-,-,-,精拓科,L2,TPEx OpenAPI 上櫃股票基本資料（完整母集）,https://www.tpex.org.tw/openapi/v1/mopsfin_t187ap03_O,2026-08-28,待核,l2:TPEX:4951,无,不适用,L2机械母集；未挂格,"四件套：URL=source_url；检索日=2026-08-28；命中引语=""公司代號 4951""；判定类别=L2机械母集/待人工裁决。原始出表日期=1150828；完整发行人母集不推定PCB主营、中国大陆厂址或物理产能。"
cand:l2-tpex-4953,issuer,issuer:TW:4953,issuer:TW:4953,-,-,-,緯致,L2,TPEx OpenAPI 上櫃股票基本資料（完整母集）,https://www.tpex.org.tw/openapi/v1/mopsfin_t187ap03_O,2026-08-28,待核,l2:TPEX:4953,无,不适用,L2机械母集；未挂格,"四件套：URL=source_url；检索日=2026-08-28；命中引语=""公司代號 4953""；判定类别=L2机械母集/待人工裁决。原始出表日期=1150828；完整发行人母集不推定PCB主营、中国大陆厂址或物理产能。"
cand:l2-tpex-4966,issuer,issuer:TW:4966,issuer:TW:4966,-,-,-,譜瑞-KY,L2,TPEx OpenAPI 上櫃股票基本資料（完整母集）,https://www.tpex.org.tw/openapi/v1/mopsfin_t187ap03_O,2026-08-28,待核,l2:TPEX:4966,无,不适用,L2机械母集；未挂格,"四件套：URL=source_url；检索日=2026-08-28；命中引语=""公司代號 4966""；判定类别=L2机械母集/待人工裁决。原始出表日期=1150828；完整发行人母集不推定PCB主营、中国大陆厂址或物理产能。"
cand:l2-tpex-4971,issuer,issuer:TW:4971,issuer:TW:4971,-,-,-,IET-KY,L2,TPEx OpenAPI 上櫃股票基本資料（完整母集）,https://www.tpex.org.tw/openapi/v1/mopsfin_t187ap03_O,2026-08-28,待核,l2:TPEX:4971,无,不适用,L2机械母集；未挂格,"四件套：URL=source_url；检索日=2026-08-28；命中引语=""公司代號 4971""；判定类别=L2机械母集/待人工裁决。原始出表日期=1150828；完整发行人母集不推定PCB主营、中国大陆厂址或物理产能。"
cand:l2-tpex-4972,issuer,issuer:TW:4972,issuer:TW:4972,-,-,-,湯石照明,L2,TPEx OpenAPI 上櫃股票基本資料（完整母集）,https://www.tpex.org.tw/openapi/v1/mopsfin_t187ap03_O,2026-08-28,待核,l2:TPEX:4972,无,不适用,L2机械母集；未挂格,"四件套：URL=source_url；检索日=2026-08-28；命中引语=""公司代號 4972""；判定类别=L2机械母集/待人工裁决。原始出表日期=1150828；完整发行人母集不推定PCB主营、中国大陆厂址或物理产能。"
cand:l2-tpex-4973,issuer,issuer:TW:4973,issuer:TW:4973,-,-,-,廣穎電通,L2,TPEx OpenAPI 上櫃股票基本資料（完整母集）,https://www.tpex.org.tw/openapi/v1/mopsfin_t187ap03_O,2026-08-28,待核,l2:TPEX:4973,无,不适用,L2机械母集；未挂格,"四件套：URL=source_url；检索日=2026-08-28；命中引语=""公司代號 4973""；判定类别=L2机械母集/待人工裁决。原始出表日期=1150828；完整发行人母集不推定PCB主营、中国大陆厂址或物理产能。"
cand:l2-tpex-4974,issuer,issuer:TW:4974,issuer:TW:4974,-,-,-,亞泰,L2,TPEx OpenAPI 上櫃股票基本資料（完整母集）,https://www.tpex.org.tw/openapi/v1/mopsfin_t187ap03_O,2026-08-28,待核,l2:TPEX:4974,无,不适用,L2机械母集；未挂格,"四件套：URL=source_url；检索日=2026-08-28；命中引语=""公司代號 4974""；判定类别=L2机械母集/待人工裁决。原始出表日期=1150828；完整发行人母集不推定PCB主营、中国大陆厂址或物理产能。"
cand:l2-tpex-4979,issuer,issuer:TW:4979,issuer:TW:4979,-,-,-,華星光,L2,TPEx OpenAPI 上櫃股票基本資料（完整母集）,https://www.tpex.org.tw/openapi/v1/mopsfin_t187ap03_O,2026-08-28,待核,l2:TPEX:4979,无,不适用,L2机械母集；未挂格,"四件套：URL=source_url；检索日=2026-08-28；命中引语=""公司代號 4979""；判定类别=L2机械母集/待人工裁决。原始出表日期=1150828；完整发行人母集不推定PCB主营、中国大陆厂址或物理产能。"
cand:l2-tpex-4991,issuer,issuer:TW:4991,issuer:TW:4991,-,-,-,環宇-KY,L2,TPEx OpenAPI 上櫃股票基本資料（完整母集）,https://www.tpex.org.tw/openapi/v1/mopsfin_t187ap03_O,2026-08-28,待核,l2:TPEX:4991,无,不适用,L2机械母集；未挂格,"四件套：URL=source_url；检索日=2026-08-28；命中引语=""公司代號 4991""；判定类别=L2机械母集/待人工裁决。原始出表日期=1150828；完整发行人母集不推定PCB主营、中国大陆厂址或物理产能。"
cand:l2-tpex-4995,issuer,issuer:TW:4995,issuer:TW:4995,-,-,-,晶達,L2,TPEx OpenAPI 上櫃股票基本資料（完整母集）,https://www.tpex.org.tw/openapi/v1/mopsfin_t187ap03_O,2026-08-28,待核,l2:TPEX:4995,无,不适用,L2机械母集；未挂格,"四件套：URL=source_url；检索日=2026-08-28；命中引语=""公司代號 4995""；判定类别=L2机械母集/待人工裁决。原始出表日期=1150828；完整发行人母集不推定PCB主营、中国大陆厂址或物理产能。"
cand:l2-tpex-5009,issuer,issuer:TW:5009,issuer:TW:5009,-,-,-,榮剛,L2,TPEx OpenAPI 上櫃股票基本資料（完整母集）,https://www.tpex.org.tw/openapi/v1/mopsfin_t187ap03_O,2026-08-28,待核,l2:TPEX:5009,无,不适用,L2机械母集；未挂格,"四件套：URL=source_url；检索日=2026-08-28；命中引语=""公司代號 5009""；判定类别=L2机械母集/待人工裁决。原始出表日期=1150828；完整发行人母集不推定PCB主营、中国大陆厂址或物理产能。"
cand:l2-tpex-5011,issuer,issuer:TW:5011,issuer:TW:5011,-,-,-,久陽,L2,TPEx OpenAPI 上櫃股票基本資料（完整母集）,https://www.tpex.org.tw/openapi/v1/mopsfin_t187ap03_O,2026-08-28,待核,l2:TPEX:5011,无,不适用,L2机械母集；未挂格,"四件套：URL=source_url；检索日=2026-08-28；命中引语=""公司代號 5011""；判定类别=L2机械母集/待人工裁决。原始出表日期=1150828；完整发行人母集不推定PCB主营、中国大陆厂址或物理产能。"
cand:l2-tpex-5013,issuer,issuer:TW:5013,issuer:TW:5013,-,-,-,強新,L2,TPEx OpenAPI 上櫃股票基本資料（完整母集）,https://www.tpex.org.tw/openapi/v1/mopsfin_t187ap03_O,2026-08-28,待核,l2:TPEX:5013,无,不适用,L2机械母集；未挂格,"四件套：URL=source_url；检索日=2026-08-28；命中引语=""公司代號 5013""；判定类别=L2机械母集/待人工裁决。原始出表日期=1150828；完整发行人母集不推定PCB主营、中国大陆厂址或物理产能。"
cand:l2-tpex-5014,issuer,issuer:TW:5014,issuer:TW:5014,-,-,-,建錩,L2,TPEx OpenAPI 上櫃股票基本資料（完整母集）,https://www.tpex.org.tw/openapi/v1/mopsfin_t187ap03_O,2026-08-28,待核,l2:TPEX:5014,无,不适用,L2机械母集；未挂格,"四件套：URL=source_url；检索日=2026-08-28；命中引语=""公司代號 5014""；判定类别=L2机械母集/待人工裁决。原始出表日期=1150828；完整发行人母集不推定PCB主营、中国大陆厂址或物理产能。"
cand:l2-tpex-5015,issuer,issuer:TW:5015,issuer:TW:5015,-,-,-,華祺,L2,TPEx OpenAPI 上櫃股票基本資料（完整母集）,https://www.tpex.org.tw/openapi/v1/mopsfin_t187ap03_O,2026-08-28,待核,l2:TPEX:5015,无,不适用,L2机械母集；未挂格,"四件套：URL=source_url；检索日=2026-08-28；命中引语=""公司代號 5015""；判定类别=L2机械母集/待人工裁决。原始出表日期=1150828；完整发行人母集不推定PCB主营、中国大陆厂址或物理产能。"
cand:l2-tpex-5016,issuer,issuer:TW:5016,issuer:TW:5016,-,-,-,松和,L2,TPEx OpenAPI 上櫃股票基本資料（完整母集）,https://www.tpex.org.tw/openapi/v1/mopsfin_t187ap03_O,2026-08-28,待核,l2:TPEX:5016,无,不适用,L2机械母集；未挂格,"四件套：URL=source_url；检索日=2026-08-28；命中引语=""公司代號 5016""；判定类别=L2机械母集/待人工裁决。原始出表日期=1150828；完整发行人母集不推定PCB主营、中国大陆厂址或物理产能。"
cand:l2-tpex-5201,issuer,issuer:TW:5201,issuer:TW:5201,-,-,-,凱衛,L2,TPEx OpenAPI 上櫃股票基本資料（完整母集）,https://www.tpex.org.tw/openapi/v1/mopsfin_t187ap03_O,2026-08-28,待核,l2:TPEX:5201,无,不适用,L2机械母集；未挂格,"四件套：URL=source_url；检索日=2026-08-28；命中引语=""公司代號 5201""；判定类别=L2机械母集/待人工裁决。原始出表日期=1150828；完整发行人母集不推定PCB主营、中国大陆厂址或物理产能。"
cand:l2-tpex-5202,issuer,issuer:TW:5202,issuer:TW:5202,-,-,-,力新,L2,TPEx OpenAPI 上櫃股票基本資料（完整母集）,https://www.tpex.org.tw/openapi/v1/mopsfin_t187ap03_O,2026-08-28,待核,l2:TPEX:5202,无,不适用,L2机械母集；未挂格,"四件套：URL=source_url；检索日=2026-08-28；命中引语=""公司代號 5202""；判定类别=L2机械母集/待人工裁决。原始出表日期=1150828；完整发行人母集不推定PCB主营、中国大陆厂址或物理产能。"
cand:l2-tpex-5205,issuer,issuer:TW:5205,issuer:TW:5205,-,-,-,中茂,L2,TPEx OpenAPI 上櫃股票基本資料（完整母集）,https://www.tpex.org.tw/openapi/v1/mopsfin_t187ap03_O,2026-08-28,待核,l2:TPEX:5205,无,不适用,L2机械母集；未挂格,"四件套：URL=source_url；检索日=2026-08-28；命中引语=""公司代號 5205""；判定类别=L2机械母集/待人工裁决。原始出表日期=1150828；完整发行人母集不推定PCB主营、中国大陆厂址或物理产能。"
cand:l2-tpex-5206,issuer,issuer:TW:5206,issuer:TW:5206,-,-,-,坤悅,L2,TPEx OpenAPI 上櫃股票基本資料（完整母集）,https://www.tpex.org.tw/openapi/v1/mopsfin_t187ap03_O,2026-08-28,待核,l2:TPEX:5206,无,不适用,L2机械母集；未挂格,"四件套：URL=source_url；检索日=2026-08-28；命中引语=""公司代號 5206""；判定类别=L2机械母集/待人工裁决。原始出表日期=1150828；完整发行人母集不推定PCB主营、中国大陆厂址或物理产能。"
cand:l2-tpex-5209,issuer,issuer:TW:5209,issuer:TW:5209,-,-,-,新鼎,L2,TPEx OpenAPI 上櫃股票基本資料（完整母集）,https://www.tpex.org.tw/openapi/v1/mopsfin_t187ap03_O,2026-08-28,待核,l2:TPEX:5209,无,不适用,L2机械母集；未挂格,"四件套：URL=source_url；检索日=2026-08-28；命中引语=""公司代號 5209""；判定类别=L2机械母集/待人工裁决。原始出表日期=1150828；完整发行人母集不推定PCB主营、中国大陆厂址或物理产能。"
cand:l2-tpex-5210,issuer,issuer:TW:5210,issuer:TW:5210,-,-,-,寶碩,L2,TPEx OpenAPI 上櫃股票基本資料（完整母集）,https://www.tpex.org.tw/openapi/v1/mopsfin_t187ap03_O,2026-08-28,待核,l2:TPEX:5210,无,不适用,L2机械母集；未挂格,"四件套：URL=source_url；检索日=2026-08-28；命中引语=""公司代號 5210""；判定类别=L2机械母集/待人工裁决。原始出表日期=1150828；完整发行人母集不推定PCB主营、中国大陆厂址或物理产能。"
cand:l2-tpex-5211,issuer,issuer:TW:5211,issuer:TW:5211,-,-,-,蒙恬,L2,TPEx OpenAPI 上櫃股票基本資料（完整母集）,https://www.tpex.org.tw/openapi/v1/mopsfin_t187ap03_O,2026-08-28,待核,l2:TPEX:5211,无,不适用,L2机械母集；未挂格,"四件套：URL=source_url；检索日=2026-08-28；命中引语=""公司代號 5211""；判定类别=L2机械母集/待人工裁决。原始出表日期=1150828；完整发行人母集不推定PCB主营、中国大陆厂址或物理产能。"
cand:l2-tpex-5212,issuer,issuer:TW:5212,issuer:TW:5212,-,-,-,凌網,L2,TPEx OpenAPI 上櫃股票基本資料（完整母集）,https://www.tpex.org.tw/openapi/v1/mopsfin_t187ap03_O,2026-08-28,待核,l2:TPEX:5212,无,不适用,L2机械母集；未挂格,"四件套：URL=source_url；检索日=2026-08-28；命中引语=""公司代號 5212""；判定类别=L2机械母集/待人工裁决。原始出表日期=1150828；完整发行人母集不推定PCB主营、中国大陆厂址或物理产能。"
cand:l2-tpex-5213,issuer,issuer:TW:5213,issuer:TW:5213,-,-,-,亞昕,L2,TPEx OpenAPI 上櫃股票基本資料（完整母集）,https://www.tpex.org.tw/openapi/v1/mopsfin_t187ap03_O,2026-08-28,待核,l2:TPEX:5213,无,不适用,L2机械母集；未挂格,"四件套：URL=source_url；检索日=2026-08-28；命中引语=""公司代號 5213""；判定类别=L2机械母集/待人工裁决。原始出表日期=1150828；完整发行人母集不推定PCB主营、中国大陆厂址或物理产能。"
cand:l2-tpex-5220,issuer,issuer:TW:5220,issuer:TW:5220,-,-,-,萬達光電,L2,TPEx OpenAPI 上櫃股票基本資料（完整母集）,https://www.tpex.org.tw/openapi/v1/mopsfin_t187ap03_O,2026-08-28,待核,l2:TPEX:5220,无,不适用,L2机械母集；未挂格,"四件套：URL=source_url；检索日=2026-08-28；命中引语=""公司代號 5220""；判定类别=L2机械母集/待人工裁决。原始出表日期=1150828；完整发行人母集不推定PCB主营、中国大陆厂址或物理产能。"
cand:l2-tpex-5223,issuer,issuer:TW:5223,issuer:TW:5223,-,-,-,安力-KY,L2,TPEx OpenAPI 上櫃股票基本資料（完整母集）,https://www.tpex.org.tw/openapi/v1/mopsfin_t187ap03_O,2026-08-28,待核,l2:TPEX:5223,无,不适用,L2机械母集；未挂格,"四件套：URL=source_url；检索日=2026-08-28；命中引语=""公司代號 5223""；判定类别=L2机械母集/待人工裁决。原始出表日期=1150828；完整发行人母集不推定PCB主营、中国大陆厂址或物理产能。"
cand:l2-tpex-5227,issuer,issuer:TW:5227,issuer:TW:5227,-,-,-,立凱-KY,L2,TPEx OpenAPI 上櫃股票基本資料（完整母集）,https://www.tpex.org.tw/openapi/v1/mopsfin_t187ap03_O,2026-08-28,待核,l2:TPEX:5227,无,不适用,L2机械母集；未挂格,"四件套：URL=source_url；检索日=2026-08-28；命中引语=""公司代號 5227""；判定类别=L2机械母集/待人工裁决。原始出表日期=1150828；完整发行人母集不推定PCB主营、中国大陆厂址或物理产能。"
cand:l2-tpex-5228,issuer,issuer:TW:5228,issuer:TW:5228,-,-,-,鈺鎧,L2,TPEx OpenAPI 上櫃股票基本資料（完整母集）,https://www.tpex.org.tw/openapi/v1/mopsfin_t187ap03_O,2026-08-28,待核,l2:TPEX:5228,无,不适用,L2机械母集；未挂格,"四件套：URL=source_url；检索日=2026-08-28；命中引语=""公司代號 5228""；判定类别=L2机械母集/待人工裁决。原始出表日期=1150828；完整发行人母集不推定PCB主营、中国大陆厂址或物理产能。"
cand:l2-tpex-5230,issuer,issuer:TW:5230,issuer:TW:5230,-,-,-,雷笛克光學,L2,TPEx OpenAPI 上櫃股票基本資料（完整母集）,https://www.tpex.org.tw/openapi/v1/mopsfin_t187ap03_O,2026-08-28,待核,l2:TPEX:5230,无,不适用,L2机械母集；未挂格,"四件套：URL=source_url；检索日=2026-08-28；命中引语=""公司代號 5230""；判定类别=L2机械母集/待人工裁决。原始出表日期=1150828；完整发行人母集不推定PCB主营、中国大陆厂址或物理产能。"
cand:l2-tpex-5245,issuer,issuer:TW:5245,issuer:TW:5245,-,-,-,智晶,L2,TPEx OpenAPI 上櫃股票基本資料（完整母集）,https://www.tpex.org.tw/openapi/v1/mopsfin_t187ap03_O,2026-08-28,待核,l2:TPEX:5245,无,不适用,L2机械母集；未挂格,"四件套：URL=source_url；检索日=2026-08-28；命中引语=""公司代號 5245""；判定类别=L2机械母集/待人工裁决。原始出表日期=1150828；完整发行人母集不推定PCB主营、中国大陆厂址或物理产能。"
cand:l2-tpex-5251,issuer,issuer:TW:5251,issuer:TW:5251,-,-,-,天鉞電,L2,TPEx OpenAPI 上櫃股票基本資料（完整母集）,https://www.tpex.org.tw/openapi/v1/mopsfin_t187ap03_O,2026-08-28,待核,l2:TPEX:5251,无,不适用,L2机械母集；未挂格,"四件套：URL=source_url；检索日=2026-08-28；命中引语=""公司代號 5251""；判定类别=L2机械母集/待人工裁决。原始出表日期=1150828；完整发行人母集不推定PCB主营、中国大陆厂址或物理产能。"
cand:l2-tpex-5263,issuer,issuer:TW:5263,issuer:TW:5263,-,-,-,智崴,L2,TPEx OpenAPI 上櫃股票基本資料（完整母集）,https://www.tpex.org.tw/openapi/v1/mopsfin_t187ap03_O,2026-08-28,待核,l2:TPEX:5263,无,不适用,L2机械母集；未挂格,"四件套：URL=source_url；检索日=2026-08-28；命中引语=""公司代號 5263""；判定类别=L2机械母集/待人工裁决。原始出表日期=1150828；完整发行人母集不推定PCB主营、中国大陆厂址或物理产能。"
cand:l2-tpex-5272,issuer,issuer:TW:5272,issuer:TW:5272,-,-,-,笙科,L2,TPEx OpenAPI 上櫃股票基本資料（完整母集）,https://www.tpex.org.tw/openapi/v1/mopsfin_t187ap03_O,2026-08-28,待核,l2:TPEX:5272,无,不适用,L2机械母集；未挂格,"四件套：URL=source_url；检索日=2026-08-28；命中引语=""公司代號 5272""；判定类别=L2机械母集/待人工裁决。原始出表日期=1150828；完整发行人母集不推定PCB主营、中国大陆厂址或物理产能。"
cand:l2-tpex-5274,issuer,issuer:TW:5274,issuer:TW:5274,-,-,-,信驊,L2,TPEx OpenAPI 上櫃股票基本資料（完整母集）,https://www.tpex.org.tw/openapi/v1/mopsfin_t187ap03_O,2026-08-28,待核,l2:TPEX:5274,无,不适用,L2机械母集；未挂格,"四件套：URL=source_url；检索日=2026-08-28；命中引语=""公司代號 5274""；判定类别=L2机械母集/待人工裁决。原始出表日期=1150828；完整发行人母集不推定PCB主营、中国大陆厂址或物理产能。"
cand:l2-tpex-5276,issuer,issuer:TW:5276,issuer:TW:5276,-,-,-,達輝-KY,L2,TPEx OpenAPI 上櫃股票基本資料（完整母集）,https://www.tpex.org.tw/openapi/v1/mopsfin_t187ap03_O,2026-08-28,待核,l2:TPEX:5276,无,不适用,L2机械母集；未挂格,"四件套：URL=source_url；检索日=2026-08-28；命中引语=""公司代號 5276""；判定类别=L2机械母集/待人工裁决。原始出表日期=1150828；完整发行人母集不推定PCB主营、中国大陆厂址或物理产能。"
cand:l2-tpex-5278,issuer,issuer:TW:5278,issuer:TW:5278,-,-,-,尚凡*,L2,TPEx OpenAPI 上櫃股票基本資料（完整母集）,https://www.tpex.org.tw/openapi/v1/mopsfin_t187ap03_O,2026-08-28,待核,l2:TPEX:5278,无,不适用,L2机械母集；未挂格,"四件套：URL=source_url；检索日=2026-08-28；命中引语=""公司代號 5278""；判定类别=L2机械母集/待人工裁决。原始出表日期=1150828；完整发行人母集不推定PCB主营、中国大陆厂址或物理产能。"
cand:l2-tpex-5287,issuer,issuer:TW:5287,issuer:TW:5287,-,-,-,數字,L2,TPEx OpenAPI 上櫃股票基本資料（完整母集）,https://www.tpex.org.tw/openapi/v1/mopsfin_t187ap03_O,2026-08-28,待核,l2:TPEX:5287,无,不适用,L2机械母集；未挂格,"四件套：URL=source_url；检索日=2026-08-28；命中引语=""公司代號 5287""；判定类别=L2机械母集/待人工裁决。原始出表日期=1150828；完整发行人母集不推定PCB主营、中国大陆厂址或物理产能。"
cand:l2-tpex-5289,issuer,issuer:TW:5289,issuer:TW:5289,-,-,-,宜鼎,L2,TPEx OpenAPI 上櫃股票基本資料（完整母集）,https://www.tpex.org.tw/openapi/v1/mopsfin_t187ap03_O,2026-08-28,待核,l2:TPEX:5289,无,不适用,L2机械母集；未挂格,"四件套：URL=source_url；检索日=2026-08-28；命中引语=""公司代號 5289""；判定类别=L2机械母集/待人工裁决。原始出表日期=1150828；完整发行人母集不推定PCB主营、中国大陆厂址或物理产能。"
cand:l2-tpex-5291,issuer,issuer:TW:5291,issuer:TW:5291,-,-,-,邑昇,L2,TPEx OpenAPI 上櫃股票基本資料（完整母集）,https://www.tpex.org.tw/openapi/v1/mopsfin_t187ap03_O,2026-08-28,待核,l2:TPEX:5291,无,不适用,L2机械母集；未挂格,"四件套：URL=source_url；检索日=2026-08-28；命中引语=""公司代號 5291""；判定类别=L2机械母集/待人工裁决。原始出表日期=1150828；完整发行人母集不推定PCB主营、中国大陆厂址或物理产能。"
cand:l2-tpex-5299,issuer,issuer:TW:5299,issuer:TW:5299,-,-,-,杰力,L2,TPEx OpenAPI 上櫃股票基本資料（完整母集）,https://www.tpex.org.tw/openapi/v1/mopsfin_t187ap03_O,2026-08-28,待核,l2:TPEX:5299,无,不适用,L2机械母集；未挂格,"四件套：URL=source_url；检索日=2026-08-28；命中引语=""公司代號 5299""；判定类别=L2机械母集/待人工裁决。原始出表日期=1150828；完整发行人母集不推定PCB主营、中国大陆厂址或物理产能。"
cand:l2-tpex-5301,issuer,issuer:TW:5301,issuer:TW:5301,-,-,-,寶得利,L2,TPEx OpenAPI 上櫃股票基本資料（完整母集）,https://www.tpex.org.tw/openapi/v1/mopsfin_t187ap03_O,2026-08-28,待核,l2:TPEX:5301,无,不适用,L2机械母集；未挂格,"四件套：URL=source_url；检索日=2026-08-28；命中引语=""公司代號 5301""；判定类别=L2机械母集/待人工裁决。原始出表日期=1150828；完整发行人母集不推定PCB主营、中国大陆厂址或物理产能。"
cand:l2-tpex-5302,issuer,issuer:TW:5302,issuer:TW:5302,-,-,-,太欣,L2,TPEx OpenAPI 上櫃股票基本資料（完整母集）,https://www.tpex.org.tw/openapi/v1/mopsfin_t187ap03_O,2026-08-28,待核,l2:TPEX:5302,无,不适用,L2机械母集；未挂格,"四件套：URL=source_url；检索日=2026-08-28；命中引语=""公司代號 5302""；判定类别=L2机械母集/待人工裁决。原始出表日期=1150828；完整发行人母集不推定PCB主营、中国大陆厂址或物理产能。"
cand:l2-tpex-5309,issuer,issuer:TW:5309,issuer:TW:5309,-,-,-,系統電,L2,TPEx OpenAPI 上櫃股票基本資料（完整母集）,https://www.tpex.org.tw/openapi/v1/mopsfin_t187ap03_O,2026-08-28,待核,l2:TPEX:5309,无,不适用,L2机械母集；未挂格,"四件套：URL=source_url；检索日=2026-08-28；命中引语=""公司代號 5309""；判定类别=L2机械母集/待人工裁决。原始出表日期=1150828；完整发行人母集不推定PCB主营、中国大陆厂址或物理产能。"
cand:l2-tpex-5310,issuer,issuer:TW:5310,issuer:TW:5310,-,-,-,天剛,L2,TPEx OpenAPI 上櫃股票基本資料（完整母集）,https://www.tpex.org.tw/openapi/v1/mopsfin_t187ap03_O,2026-08-28,待核,l2:TPEX:5310,无,不适用,L2机械母集；未挂格,"四件套：URL=source_url；检索日=2026-08-28；命中引语=""公司代號 5310""；判定类别=L2机械母集/待人工裁决。原始出表日期=1150828；完整发行人母集不推定PCB主营、中国大陆厂址或物理产能。"
cand:l2-tpex-5312,issuer,issuer:TW:5312,issuer:TW:5312,-,-,-,寶島科,L2,TPEx OpenAPI 上櫃股票基本資料（完整母集）,https://www.tpex.org.tw/openapi/v1/mopsfin_t187ap03_O,2026-08-28,待核,l2:TPEX:5312,无,不适用,L2机械母集；未挂格,"四件套：URL=source_url；检索日=2026-08-28；命中引语=""公司代號 5312""；判定类别=L2机械母集/待人工裁决。原始出表日期=1150828；完整发行人母集不推定PCB主营、中国大陆厂址或物理产能。"
cand:l2-tpex-5314,issuer,issuer:TW:5314,issuer:TW:5314,-,-,-,世紀*,L2,TPEx OpenAPI 上櫃股票基本資料（完整母集）,https://www.tpex.org.tw/openapi/v1/mopsfin_t187ap03_O,2026-08-28,待核,l2:TPEX:5314,无,不适用,L2机械母集；未挂格,"四件套：URL=source_url；检索日=2026-08-28；命中引语=""公司代號 5314""；判定类别=L2机械母集/待人工裁决。原始出表日期=1150828；完整发行人母集不推定PCB主营、中国大陆厂址或物理产能。"
cand:l2-tpex-5315,issuer,issuer:TW:5315,issuer:TW:5315,-,-,-,光聯,L2,TPEx OpenAPI 上櫃股票基本資料（完整母集）,https://www.tpex.org.tw/openapi/v1/mopsfin_t187ap03_O,2026-08-28,待核,l2:TPEX:5315,无,不适用,L2机械母集；未挂格,"四件套：URL=source_url；检索日=2026-08-28；命中引语=""公司代號 5315""；判定类别=L2机械母集/待人工裁决。原始出表日期=1150828；完整发行人母集不推定PCB主营、中国大陆厂址或物理产能。"
cand:l2-tpex-5321,issuer,issuer:TW:5321,issuer:TW:5321,-,-,-,美而快,L2,TPEx OpenAPI 上櫃股票基本資料（完整母集）,https://www.tpex.org.tw/openapi/v1/mopsfin_t187ap03_O,2026-08-28,待核,l2:TPEX:5321,无,不适用,L2机械母集；未挂格,"四件套：URL=source_url；检索日=2026-08-28；命中引语=""公司代號 5321""；判定类别=L2机械母集/待人工裁决。原始出表日期=1150828；完整发行人母集不推定PCB主营、中国大陆厂址或物理产能。"
cand:l2-tpex-5324,issuer,issuer:TW:5324,issuer:TW:5324,-,-,-,士開,L2,TPEx OpenAPI 上櫃股票基本資料（完整母集）,https://www.tpex.org.tw/openapi/v1/mopsfin_t187ap03_O,2026-08-28,待核,l2:TPEX:5324,无,不适用,L2机械母集；未挂格,"四件套：URL=source_url；检索日=2026-08-28；命中引语=""公司代號 5324""；判定类别=L2机械母集/待人工裁决。原始出表日期=1150828；完整发行人母集不推定PCB主营、中国大陆厂址或物理产能。"
cand:l2-tpex-5328,issuer,issuer:TW:5328,issuer:TW:5328,-,-,-,華容,L2,TPEx OpenAPI 上櫃股票基本資料（完整母集）,https://www.tpex.org.tw/openapi/v1/mopsfin_t187ap03_O,2026-08-28,待核,l2:TPEX:5328,无,不适用,L2机械母集；未挂格,"四件套：URL=source_url；检索日=2026-08-28；命中引语=""公司代號 5328""；判定类别=L2机械母集/待人工裁决。原始出表日期=1150828；完整发行人母集不推定PCB主营、中国大陆厂址或物理产能。"
cand:l2-tpex-5340,issuer,issuer:TW:5340,issuer:TW:5340,-,-,-,建榮,L2,TPEx OpenAPI 上櫃股票基本資料（完整母集）,https://www.tpex.org.tw/openapi/v1/mopsfin_t187ap03_O,2026-08-28,待核,l2:TPEX:5340,无,不适用,L2机械母集；未挂格,"四件套：URL=source_url；检索日=2026-08-28；命中引语=""公司代號 5340""；判定类别=L2机械母集/待人工裁决。原始出表日期=1150828；完整发行人母集不推定PCB主营、中国大陆厂址或物理产能。"
cand:l2-tpex-5344,issuer,issuer:TW:5344,issuer:TW:5344,-,-,-,立衛,L2,TPEx OpenAPI 上櫃股票基本資料（完整母集）,https://www.tpex.org.tw/openapi/v1/mopsfin_t187ap03_O,2026-08-28,待核,l2:TPEX:5344,无,不适用,L2机械母集；未挂格,"四件套：URL=source_url；检索日=2026-08-28；命中引语=""公司代號 5344""；判定类别=L2机械母集/待人工裁决。原始出表日期=1150828；完整发行人母集不推定PCB主营、中国大陆厂址或物理产能。"
cand:l2-tpex-5345,issuer,issuer:TW:5345,issuer:TW:5345,-,-,-,馥鴻,L2,TPEx OpenAPI 上櫃股票基本資料（完整母集）,https://www.tpex.org.tw/openapi/v1/mopsfin_t187ap03_O,2026-08-28,待核,l2:TPEX:5345,无,不适用,L2机械母集；未挂格,"四件套：URL=source_url；检索日=2026-08-28；命中引语=""公司代號 5345""；判定类别=L2机械母集/待人工裁决。原始出表日期=1150828；完整发行人母集不推定PCB主营、中国大陆厂址或物理产能。"
cand:l2-tpex-5347,issuer,issuer:TW:5347,issuer:TW:5347,-,-,-,世界,L2,TPEx OpenAPI 上櫃股票基本資料（完整母集）,https://www.tpex.org.tw/openapi/v1/mopsfin_t187ap03_O,2026-08-28,待核,l2:TPEX:5347,无,不适用,L2机械母集；未挂格,"四件套：URL=source_url；检索日=2026-08-28；命中引语=""公司代號 5347""；判定类别=L2机械母集/待人工裁决。原始出表日期=1150828；完整发行人母集不推定PCB主营、中国大陆厂址或物理产能。"
cand:l2-tpex-5348,issuer,issuer:TW:5348,issuer:TW:5348,-,-,-,正能量智能,L2,TPEx OpenAPI 上櫃股票基本資料（完整母集）,https://www.tpex.org.tw/openapi/v1/mopsfin_t187ap03_O,2026-08-28,待核,l2:TPEX:5348,无,不适用,L2机械母集；未挂格,"四件套：URL=source_url；检索日=2026-08-28；命中引语=""公司代號 5348""；判定类别=L2机械母集/待人工裁决。原始出表日期=1150828；完整发行人母集不推定PCB主营、中国大陆厂址或物理产能。"
cand:l2-tpex-5351,issuer,issuer:TW:5351,issuer:TW:5351,-,-,-,鈺創,L2,TPEx OpenAPI 上櫃股票基本資料（完整母集）,https://www.tpex.org.tw/openapi/v1/mopsfin_t187ap03_O,2026-08-28,待核,l2:TPEX:5351,无,不适用,L2机械母集；未挂格,"四件套：URL=source_url；检索日=2026-08-28；命中引语=""公司代號 5351""；判定类别=L2机械母集/待人工裁决。原始出表日期=1150828；完整发行人母集不推定PCB主营、中国大陆厂址或物理产能。"
cand:l2-tpex-5353,issuer,issuer:TW:5353,issuer:TW:5353,-,-,-,台林,L2,TPEx OpenAPI 上櫃股票基本資料（完整母集）,https://www.tpex.org.tw/openapi/v1/mopsfin_t187ap03_O,2026-08-28,待核,l2:TPEX:5353,无,不适用,L2机械母集；未挂格,"四件套：URL=source_url；检索日=2026-08-28；命中引语=""公司代號 5353""；判定类别=L2机械母集/待人工裁决。原始出表日期=1150828；完整发行人母集不推定PCB主营、中国大陆厂址或物理产能。"
cand:l2-tpex-5355,issuer,issuer:TW:5355,issuer:TW:5355,-,-,-,佳總,L2,TPEx OpenAPI 上櫃股票基本資料（完整母集）,https://www.tpex.org.tw/openapi/v1/mopsfin_t187ap03_O,2026-08-28,待核,l2:TPEX:5355,无,不适用,L2机械母集；未挂格,"四件套：URL=source_url；检索日=2026-08-28；命中引语=""公司代號 5355""；判定类别=L2机械母集/待人工裁决。原始出表日期=1150828；完整发行人母集不推定PCB主营、中国大陆厂址或物理产能。"
cand:l2-tpex-5356,issuer,issuer:TW:5356,issuer:TW:5356,-,-,-,協益,L2,TPEx OpenAPI 上櫃股票基本資料（完整母集）,https://www.tpex.org.tw/openapi/v1/mopsfin_t187ap03_O,2026-08-28,待核,l2:TPEX:5356,无,不适用,L2机械母集；未挂格,"四件套：URL=source_url；检索日=2026-08-28；命中引语=""公司代號 5356""；判定类别=L2机械母集/待人工裁决。原始出表日期=1150828；完整发行人母集不推定PCB主营、中国大陆厂址或物理产能。"
cand:l2-tpex-5364,issuer,issuer:TW:5364,issuer:TW:5364,-,-,-,力麗店,L2,TPEx OpenAPI 上櫃股票基本資料（完整母集）,https://www.tpex.org.tw/openapi/v1/mopsfin_t187ap03_O,2026-08-28,待核,l2:TPEX:5364,无,不适用,L2机械母集；未挂格,"四件套：URL=source_url；检索日=2026-08-28；命中引语=""公司代號 5364""；判定类别=L2机械母集/待人工裁决。原始出表日期=1150828；完整发行人母集不推定PCB主营、中国大陆厂址或物理产能。"
cand:l2-tpex-5371,issuer,issuer:TW:5371,issuer:TW:5371,-,-,-,中光電,L2,TPEx OpenAPI 上櫃股票基本資料（完整母集）,https://www.tpex.org.tw/openapi/v1/mopsfin_t187ap03_O,2026-08-28,待核,l2:TPEX:5371,无,不适用,L2机械母集；未挂格,"四件套：URL=source_url；检索日=2026-08-28；命中引语=""公司代號 5371""；判定类别=L2机械母集/待人工裁决。原始出表日期=1150828；完整发行人母集不推定PCB主营、中国大陆厂址或物理产能。"
cand:l2-tpex-5381,issuer,issuer:TW:5381,issuer:TW:5381,-,-,-,光譜,L2,TPEx OpenAPI 上櫃股票基本資料（完整母集）,https://www.tpex.org.tw/openapi/v1/mopsfin_t187ap03_O,2026-08-28,待核,l2:TPEX:5381,无,不适用,L2机械母集；未挂格,"四件套：URL=source_url；检索日=2026-08-28；命中引语=""公司代號 5381""；判定类别=L2机械母集/待人工裁决。原始出表日期=1150828；完整发行人母集不推定PCB主营、中国大陆厂址或物理产能。"
cand:l2-tpex-5386,issuer,issuer:TW:5386,issuer:TW:5386,-,-,-,青雲,L2,TPEx OpenAPI 上櫃股票基本資料（完整母集）,https://www.tpex.org.tw/openapi/v1/mopsfin_t187ap03_O,2026-08-28,待核,l2:TPEX:5386,无,不适用,L2机械母集；未挂格,"四件套：URL=source_url；检索日=2026-08-28；命中引语=""公司代號 5386""；判定类别=L2机械母集/待人工裁决。原始出表日期=1150828；完整发行人母集不推定PCB主营、中国大陆厂址或物理产能。"
cand:l2-tpex-5392,issuer,issuer:TW:5392,issuer:TW:5392,-,-,-,能率,L2,TPEx OpenAPI 上櫃股票基本資料（完整母集）,https://www.tpex.org.tw/openapi/v1/mopsfin_t187ap03_O,2026-08-28,待核,l2:TPEX:5392,无,不适用,L2机械母集；未挂格,"四件套：URL=source_url；检索日=2026-08-28；命中引语=""公司代號 5392""；判定类别=L2机械母集/待人工裁决。原始出表日期=1150828；完整发行人母集不推定PCB主营、中国大陆厂址或物理产能。"
cand:l2-tpex-5398,issuer,issuer:TW:5398,issuer:TW:5398,-,-,-,慕康生醫,L2,TPEx OpenAPI 上櫃股票基本資料（完整母集）,https://www.tpex.org.tw/openapi/v1/mopsfin_t187ap03_O,2026-08-28,待核,l2:TPEX:5398,无,不适用,L2机械母集；未挂格,"四件套：URL=source_url；检索日=2026-08-28；命中引语=""公司代號 5398""；判定类别=L2机械母集/待人工裁决。原始出表日期=1150828；完整发行人母集不推定PCB主营、中国大陆厂址或物理产能。"
cand:l2-tpex-5403,issuer,issuer:TW:5403,issuer:TW:5403,-,-,-,中菲,L2,TPEx OpenAPI 上櫃股票基本資料（完整母集）,https://www.tpex.org.tw/openapi/v1/mopsfin_t187ap03_O,2026-08-28,待核,l2:TPEX:5403,无,不适用,L2机械母集；未挂格,"四件套：URL=source_url；检索日=2026-08-28；命中引语=""公司代號 5403""；判定类别=L2机械母集/待人工裁决。原始出表日期=1150828；完整发行人母集不推定PCB主营、中国大陆厂址或物理产能。"
cand:l2-tpex-5410,issuer,issuer:TW:5410,issuer:TW:5410,-,-,-,國眾,L2,TPEx OpenAPI 上櫃股票基本資料（完整母集）,https://www.tpex.org.tw/openapi/v1/mopsfin_t187ap03_O,2026-08-28,待核,l2:TPEX:5410,无,不适用,L2机械母集；未挂格,"四件套：URL=source_url；检索日=2026-08-28；命中引语=""公司代號 5410""；判定类别=L2机械母集/待人工裁决。原始出表日期=1150828；完整发行人母集不推定PCB主营、中国大陆厂址或物理产能。"
cand:l2-tpex-5425,issuer,issuer:TW:5425,issuer:TW:5425,-,-,-,台半,L2,TPEx OpenAPI 上櫃股票基本資料（完整母集）,https://www.tpex.org.tw/openapi/v1/mopsfin_t187ap03_O,2026-08-28,待核,l2:TPEX:5425,无,不适用,L2机械母集；未挂格,"四件套：URL=source_url；检索日=2026-08-28；命中引语=""公司代號 5425""；判定类别=L2机械母集/待人工裁决。原始出表日期=1150828；完整发行人母集不推定PCB主营、中国大陆厂址或物理产能。"
cand:l2-tpex-5426,issuer,issuer:TW:5426,issuer:TW:5426,-,-,-,振發,L2,TPEx OpenAPI 上櫃股票基本資料（完整母集）,https://www.tpex.org.tw/openapi/v1/mopsfin_t187ap03_O,2026-08-28,待核,l2:TPEX:5426,无,不适用,L2机械母集；未挂格,"四件套：URL=source_url；检索日=2026-08-28；命中引语=""公司代號 5426""；判定类别=L2机械母集/待人工裁决。原始出表日期=1150828；完整发行人母集不推定PCB主营、中国大陆厂址或物理产能。"
cand:l2-tpex-5432,issuer,issuer:TW:5432,issuer:TW:5432,-,-,-,新門,L2,TPEx OpenAPI 上櫃股票基本資料（完整母集）,https://www.tpex.org.tw/openapi/v1/mopsfin_t187ap03_O,2026-08-28,待核,l2:TPEX:5432,无,不适用,L2机械母集；未挂格,"四件套：URL=source_url；检索日=2026-08-28；命中引语=""公司代號 5432""；判定类别=L2机械母集/待人工裁决。原始出表日期=1150828；完整发行人母集不推定PCB主营、中国大陆厂址或物理产能。"
cand:l2-tpex-5438,issuer,issuer:TW:5438,issuer:TW:5438,-,-,-,東友,L2,TPEx OpenAPI 上櫃股票基本資料（完整母集）,https://www.tpex.org.tw/openapi/v1/mopsfin_t187ap03_O,2026-08-28,待核,l2:TPEX:5438,无,不适用,L2机械母集；未挂格,"四件套：URL=source_url；检索日=2026-08-28；命中引语=""公司代號 5438""；判定类别=L2机械母集/待人工裁决。原始出表日期=1150828；完整发行人母集不推定PCB主营、中国大陆厂址或物理产能。"
cand:l2-tpex-5439,issuer,issuer:TW:5439,issuer:TW:5439,-,-,-,高技,L2,TPEx OpenAPI 上櫃股票基本資料（完整母集）,https://www.tpex.org.tw/openapi/v1/mopsfin_t187ap03_O,2026-08-28,待核,l2:TPEX:5439,无,不适用,L2机械母集；未挂格,"四件套：URL=source_url；检索日=2026-08-28；命中引语=""公司代號 5439""；判定类别=L2机械母集/待人工裁决。原始出表日期=1150828；完整发行人母集不推定PCB主营、中国大陆厂址或物理产能。"
cand:l2-tpex-5443,issuer,issuer:TW:5443,issuer:TW:5443,-,-,-,均豪,L2,TPEx OpenAPI 上櫃股票基本資料（完整母集）,https://www.tpex.org.tw/openapi/v1/mopsfin_t187ap03_O,2026-08-28,待核,l2:TPEX:5443,无,不适用,L2机械母集；未挂格,"四件套：URL=source_url；检索日=2026-08-28；命中引语=""公司代號 5443""；判定类别=L2机械母集/待人工裁决。原始出表日期=1150828；完整发行人母集不推定PCB主营、中国大陆厂址或物理产能。"
cand:l2-tpex-5450,issuer,issuer:TW:5450,issuer:TW:5450,-,-,-,南良,L2,TPEx OpenAPI 上櫃股票基本資料（完整母集）,https://www.tpex.org.tw/openapi/v1/mopsfin_t187ap03_O,2026-08-28,待核,l2:TPEX:5450,无,不适用,L2机械母集；未挂格,"四件套：URL=source_url；检索日=2026-08-28；命中引语=""公司代號 5450""；判定类别=L2机械母集/待人工裁决。原始出表日期=1150828；完整发行人母集不推定PCB主营、中国大陆厂址或物理产能。"
cand:l2-tpex-5452,issuer,issuer:TW:5452,issuer:TW:5452,-,-,-,佶優,L2,TPEx OpenAPI 上櫃股票基本資料（完整母集）,https://www.tpex.org.tw/openapi/v1/mopsfin_t187ap03_O,2026-08-28,待核,l2:TPEX:5452,无,不适用,L2机械母集；未挂格,"四件套：URL=source_url；检索日=2026-08-28；命中引语=""公司代號 5452""；判定类别=L2机械母集/待人工裁决。原始出表日期=1150828；完整发行人母集不推定PCB主营、中国大陆厂址或物理产能。"
cand:l2-tpex-5455,issuer,issuer:TW:5455,issuer:TW:5455,-,-,-,昇益,L2,TPEx OpenAPI 上櫃股票基本資料（完整母集）,https://www.tpex.org.tw/openapi/v1/mopsfin_t187ap03_O,2026-08-28,待核,l2:TPEX:5455,无,不适用,L2机械母集；未挂格,"四件套：URL=source_url；检索日=2026-08-28；命中引语=""公司代號 5455""；判定类别=L2机械母集/待人工裁决。原始出表日期=1150828；完整发行人母集不推定PCB主营、中国大陆厂址或物理产能。"
cand:l2-tpex-5457,issuer,issuer:TW:5457,issuer:TW:5457,-,-,-,宣德,L2,TPEx OpenAPI 上櫃股票基本資料（完整母集）,https://www.tpex.org.tw/openapi/v1/mopsfin_t187ap03_O,2026-08-28,待核,l2:TPEX:5457,无,不适用,L2机械母集；未挂格,"四件套：URL=source_url；检索日=2026-08-28；命中引语=""公司代號 5457""；判定类别=L2机械母集/待人工裁决。原始出表日期=1150828；完整发行人母集不推定PCB主营、中国大陆厂址或物理产能。"
cand:l2-tpex-5460,issuer,issuer:TW:5460,issuer:TW:5460,-,-,-,同協,L2,TPEx OpenAPI 上櫃股票基本資料（完整母集）,https://www.tpex.org.tw/openapi/v1/mopsfin_t187ap03_O,2026-08-28,待核,l2:TPEX:5460,无,不适用,L2机械母集；未挂格,"四件套：URL=source_url；检索日=2026-08-28；命中引语=""公司代號 5460""；判定类别=L2机械母集/待人工裁决。原始出表日期=1150828；完整发行人母集不推定PCB主营、中国大陆厂址或物理产能。"
cand:l2-tpex-5464,issuer,issuer:TW:5464,issuer:TW:5464,-,-,-,霖宏,L2,TPEx OpenAPI 上櫃股票基本資料（完整母集）,https://www.tpex.org.tw/openapi/v1/mopsfin_t187ap03_O,2026-08-28,待核,l2:TPEX:5464,无,不适用,L2机械母集；未挂格,"四件套：URL=source_url；检索日=2026-08-28；命中引语=""公司代號 5464""；判定类别=L2机械母集/待人工裁决。原始出表日期=1150828；完整发行人母集不推定PCB主营、中国大陆厂址或物理产能。"
cand:l2-tpex-5465,issuer,issuer:TW:5465,issuer:TW:5465,-,-,-,富驊,L2,TPEx OpenAPI 上櫃股票基本資料（完整母集）,https://www.tpex.org.tw/openapi/v1/mopsfin_t187ap03_O,2026-08-28,待核,l2:TPEX:5465,无,不适用,L2机械母集；未挂格,"四件套：URL=source_url；检索日=2026-08-28；命中引语=""公司代號 5465""；判定类别=L2机械母集/待人工裁决。原始出表日期=1150828；完整发行人母集不推定PCB主营、中国大陆厂址或物理产能。"
cand:l2-tpex-5468,issuer,issuer:TW:5468,issuer:TW:5468,-,-,-,凱鈺,L2,TPEx OpenAPI 上櫃股票基本資料（完整母集）,https://www.tpex.org.tw/openapi/v1/mopsfin_t187ap03_O,2026-08-28,待核,l2:TPEX:5468,无,不适用,L2机械母集；未挂格,"四件套：URL=source_url；检索日=2026-08-28；命中引语=""公司代號 5468""；判定类别=L2机械母集/待人工裁决。原始出表日期=1150828；完整发行人母集不推定PCB主营、中国大陆厂址或物理产能。"
cand:l2-tpex-5474,issuer,issuer:TW:5474,issuer:TW:5474,-,-,-,聰泰,L2,TPEx OpenAPI 上櫃股票基本資料（完整母集）,https://www.tpex.org.tw/openapi/v1/mopsfin_t187ap03_O,2026-08-28,待核,l2:TPEX:5474,无,不适用,L2机械母集；未挂格,"四件套：URL=source_url；检索日=2026-08-28；命中引语=""公司代號 5474""；判定类别=L2机械母集/待人工裁决。原始出表日期=1150828；完整发行人母集不推定PCB主营、中国大陆厂址或物理产能。"
cand:l2-tpex-5475,issuer,issuer:TW:5475,issuer:TW:5475,-,-,-,德宏,L2,TPEx OpenAPI 上櫃股票基本資料（完整母集）,https://www.tpex.org.tw/openapi/v1/mopsfin_t187ap03_O,2026-08-28,待核,l2:TPEX:5475,无,不适用,L2机械母集；未挂格,"四件套：URL=source_url；检索日=2026-08-28；命中引语=""公司代號 5475""；判定类别=L2机械母集/待人工裁决。原始出表日期=1150828；完整发行人母集不推定PCB主营、中国大陆厂址或物理产能。"
cand:l2-tpex-5478,issuer,issuer:TW:5478,issuer:TW:5478,-,-,-,智冠,L2,TPEx OpenAPI 上櫃股票基本資料（完整母集）,https://www.tpex.org.tw/openapi/v1/mopsfin_t187ap03_O,2026-08-28,待核,l2:TPEX:5478,无,不适用,L2机械母集；未挂格,"四件套：URL=source_url；检索日=2026-08-28；命中引语=""公司代號 5478""；判定类别=L2机械母集/待人工裁决。原始出表日期=1150828；完整发行人母集不推定PCB主营、中国大陆厂址或物理产能。"
cand:l2-tpex-5481,issuer,issuer:TW:5481,issuer:TW:5481,-,-,-,新華,L2,TPEx OpenAPI 上櫃股票基本資料（完整母集）,https://www.tpex.org.tw/openapi/v1/mopsfin_t187ap03_O,2026-08-28,待核,l2:TPEX:5481,无,不适用,L2机械母集；未挂格,"四件套：URL=source_url；检索日=2026-08-28；命中引语=""公司代號 5481""；判定类别=L2机械母集/待人工裁决。原始出表日期=1150828；完整发行人母集不推定PCB主营、中国大陆厂址或物理产能。"
cand:l2-tpex-5483,issuer,issuer:TW:5483,issuer:TW:5483,-,-,-,中美晶,L2,TPEx OpenAPI 上櫃股票基本資料（完整母集）,https://www.tpex.org.tw/openapi/v1/mopsfin_t187ap03_O,2026-08-28,待核,l2:TPEX:5483,无,不适用,L2机械母集；未挂格,"四件套：URL=source_url；检索日=2026-08-28；命中引语=""公司代號 5483""；判定类别=L2机械母集/待人工裁决。原始出表日期=1150828；完整发行人母集不推定PCB主营、中国大陆厂址或物理产能。"
cand:l2-tpex-5487,issuer,issuer:TW:5487,issuer:TW:5487,-,-,-,通泰,L2,TPEx OpenAPI 上櫃股票基本資料（完整母集）,https://www.tpex.org.tw/openapi/v1/mopsfin_t187ap03_O,2026-08-28,待核,l2:TPEX:5487,无,不适用,L2机械母集；未挂格,"四件套：URL=source_url；检索日=2026-08-28；命中引语=""公司代號 5487""；判定类别=L2机械母集/待人工裁决。原始出表日期=1150828；完整发行人母集不推定PCB主营、中国大陆厂址或物理产能。"
cand:l2-tpex-5488,issuer,issuer:TW:5488,issuer:TW:5488,-,-,-,松普,L2,TPEx OpenAPI 上櫃股票基本資料（完整母集）,https://www.tpex.org.tw/openapi/v1/mopsfin_t187ap03_O,2026-08-28,待核,l2:TPEX:5488,无,不适用,L2机械母集；未挂格,"四件套：URL=source_url；检索日=2026-08-28；命中引语=""公司代號 5488""；判定类别=L2机械母集/待人工裁决。原始出表日期=1150828；完整发行人母集不推定PCB主营、中国大陆厂址或物理产能。"
cand:l2-tpex-5489,issuer,issuer:TW:5489,issuer:TW:5489,-,-,-,彩富,L2,TPEx OpenAPI 上櫃股票基本資料（完整母集）,https://www.tpex.org.tw/openapi/v1/mopsfin_t187ap03_O,2026-08-28,待核,l2:TPEX:5489,无,不适用,L2机械母集；未挂格,"四件套：URL=source_url；检索日=2026-08-28；命中引语=""公司代號 5489""；判定类别=L2机械母集/待人工裁决。原始出表日期=1150828；完整发行人母集不推定PCB主营、中国大陆厂址或物理产能。"
cand:l2-tpex-5490,issuer,issuer:TW:5490,issuer:TW:5490,-,-,-,同亨,L2,TPEx OpenAPI 上櫃股票基本資料（完整母集）,https://www.tpex.org.tw/openapi/v1/mopsfin_t187ap03_O,2026-08-28,待核,l2:TPEX:5490,无,不适用,L2机械母集；未挂格,"四件套：URL=source_url；检索日=2026-08-28；命中引语=""公司代號 5490""；判定类别=L2机械母集/待人工裁决。原始出表日期=1150828；完整发行人母集不推定PCB主营、中国大陆厂址或物理产能。"
cand:l2-tpex-5493,issuer,issuer:TW:5493,issuer:TW:5493,-,-,-,三聯,L2,TPEx OpenAPI 上櫃股票基本資料（完整母集）,https://www.tpex.org.tw/openapi/v1/mopsfin_t187ap03_O,2026-08-28,待核,l2:TPEX:5493,无,不适用,L2机械母集；未挂格,"四件套：URL=source_url；检索日=2026-08-28；命中引语=""公司代號 5493""；判定类别=L2机械母集/待人工裁决。原始出表日期=1150828；完整发行人母集不推定PCB主营、中国大陆厂址或物理产能。"
cand:l2-tpex-5498,issuer,issuer:TW:5498,issuer:TW:5498,-,-,-,凱崴,L2,TPEx OpenAPI 上櫃股票基本資料（完整母集）,https://www.tpex.org.tw/openapi/v1/mopsfin_t187ap03_O,2026-08-28,待核,l2:TPEX:5498,无,不适用,L2机械母集；未挂格,"四件套：URL=source_url；检索日=2026-08-28；命中引语=""公司代號 5498""；判定类别=L2机械母集/待人工裁决。原始出表日期=1150828；完整发行人母集不推定PCB主营、中国大陆厂址或物理产能。"
cand:l2-tpex-5508,issuer,issuer:TW:5508,issuer:TW:5508,-,-,-,永信建,L2,TPEx OpenAPI 上櫃股票基本資料（完整母集）,https://www.tpex.org.tw/openapi/v1/mopsfin_t187ap03_O,2026-08-28,待核,l2:TPEX:5508,无,不适用,L2机械母集；未挂格,"四件套：URL=source_url；检索日=2026-08-28；命中引语=""公司代號 5508""；判定类别=L2机械母集/待人工裁决。原始出表日期=1150828；完整发行人母集不推定PCB主营、中国大陆厂址或物理产能。"
cand:l2-tpex-5511,issuer,issuer:TW:5511,issuer:TW:5511,-,-,-,德昌,L2,TPEx OpenAPI 上櫃股票基本資料（完整母集）,https://www.tpex.org.tw/openapi/v1/mopsfin_t187ap03_O,2026-08-28,待核,l2:TPEX:5511,无,不适用,L2机械母集；未挂格,"四件套：URL=source_url；检索日=2026-08-28；命中引语=""公司代號 5511""；判定类别=L2机械母集/待人工裁决。原始出表日期=1150828；完整发行人母集不推定PCB主营、中国大陆厂址或物理产能。"
cand:l2-tpex-5512,issuer,issuer:TW:5512,issuer:TW:5512,-,-,-,力麒,L2,TPEx OpenAPI 上櫃股票基本資料（完整母集）,https://www.tpex.org.tw/openapi/v1/mopsfin_t187ap03_O,2026-08-28,待核,l2:TPEX:5512,无,不适用,L2机械母集；未挂格,"四件套：URL=source_url；检索日=2026-08-28；命中引语=""公司代號 5512""；判定类别=L2机械母集/待人工裁决。原始出表日期=1150828；完整发行人母集不推定PCB主营、中国大陆厂址或物理产能。"
cand:l2-tpex-5514,issuer,issuer:TW:5514,issuer:TW:5514,-,-,-,三豐,L2,TPEx OpenAPI 上櫃股票基本資料（完整母集）,https://www.tpex.org.tw/openapi/v1/mopsfin_t187ap03_O,2026-08-28,待核,l2:TPEX:5514,无,不适用,L2机械母集；未挂格,"四件套：URL=source_url；检索日=2026-08-28；命中引语=""公司代號 5514""；判定类别=L2机械母集/待人工裁决。原始出表日期=1150828；完整发行人母集不推定PCB主营、中国大陆厂址或物理产能。"
cand:l2-tpex-5516,issuer,issuer:TW:5516,issuer:TW:5516,-,-,-,雙喜,L2,TPEx OpenAPI 上櫃股票基本資料（完整母集）,https://www.tpex.org.tw/openapi/v1/mopsfin_t187ap03_O,2026-08-28,待核,l2:TPEX:5516,无,不适用,L2机械母集；未挂格,"四件套：URL=source_url；检索日=2026-08-28；命中引语=""公司代號 5516""；判定类别=L2机械母集/待人工裁决。原始出表日期=1150828；完整发行人母集不推定PCB主营、中国大陆厂址或物理产能。"
cand:l2-tpex-5520,issuer,issuer:TW:5520,issuer:TW:5520,-,-,-,力泰,L2,TPEx OpenAPI 上櫃股票基本資料（完整母集）,https://www.tpex.org.tw/openapi/v1/mopsfin_t187ap03_O,2026-08-28,待核,l2:TPEX:5520,无,不适用,L2机械母集；未挂格,"四件套：URL=source_url；检索日=2026-08-28；命中引语=""公司代號 5520""；判定类别=L2机械母集/待人工裁决。原始出表日期=1150828；完整发行人母集不推定PCB主营、中国大陆厂址或物理产能。"
cand:l2-tpex-5523,issuer,issuer:TW:5523,issuer:TW:5523,-,-,-,豐謙,L2,TPEx OpenAPI 上櫃股票基本資料（完整母集）,https://www.tpex.org.tw/openapi/v1/mopsfin_t187ap03_O,2026-08-28,待核,l2:TPEX:5523,无,不适用,L2机械母集；未挂格,"四件套：URL=source_url；检索日=2026-08-28；命中引语=""公司代號 5523""；判定类别=L2机械母集/待人工裁决。原始出表日期=1150828；完整发行人母集不推定PCB主营、中国大陆厂址或物理产能。"
cand:l2-tpex-5529,issuer,issuer:TW:5529,issuer:TW:5529,-,-,-,鉅陞,L2,TPEx OpenAPI 上櫃股票基本資料（完整母集）,https://www.tpex.org.tw/openapi/v1/mopsfin_t187ap03_O,2026-08-28,待核,l2:TPEX:5529,无,不适用,L2机械母集；未挂格,"四件套：URL=source_url；检索日=2026-08-28；命中引语=""公司代號 5529""；判定类别=L2机械母集/待人工裁决。原始出表日期=1150828；完整发行人母集不推定PCB主营、中国大陆厂址或物理产能。"
cand:l2-tpex-5530,issuer,issuer:TW:5530,issuer:TW:5530,-,-,-,龍巖,L2,TPEx OpenAPI 上櫃股票基本資料（完整母集）,https://www.tpex.org.tw/openapi/v1/mopsfin_t187ap03_O,2026-08-28,待核,l2:TPEX:5530,无,不适用,L2机械母集；未挂格,"四件套：URL=source_url；检索日=2026-08-28；命中引语=""公司代號 5530""；判定类别=L2机械母集/待人工裁决。原始出表日期=1150828；完整发行人母集不推定PCB主营、中国大陆厂址或物理产能。"
cand:l2-tpex-5536,issuer,issuer:TW:5536,issuer:TW:5536,-,-,-,聖暉*,L2,TPEx OpenAPI 上櫃股票基本資料（完整母集）,https://www.tpex.org.tw/openapi/v1/mopsfin_t187ap03_O,2026-08-28,待核,l2:TPEX:5536,无,不适用,L2机械母集；未挂格,"四件套：URL=source_url；检索日=2026-08-28；命中引语=""公司代號 5536""；判定类别=L2机械母集/待人工裁决。原始出表日期=1150828；完整发行人母集不推定PCB主营、中国大陆厂址或物理产能。"
cand:l2-tpex-5543,issuer,issuer:TW:5543,issuer:TW:5543,-,-,-,桓鼎-KY,L2,TPEx OpenAPI 上櫃股票基本資料（完整母集）,https://www.tpex.org.tw/openapi/v1/mopsfin_t187ap03_O,2026-08-28,待核,l2:TPEX:5543,无,不适用,L2机械母集；未挂格,"四件套：URL=source_url；检索日=2026-08-28；命中引语=""公司代號 5543""；判定类别=L2机械母集/待人工裁决。原始出表日期=1150828；完整发行人母集不推定PCB主营、中国大陆厂址或物理产能。"
cand:l2-tpex-5547,issuer,issuer:TW:5547,issuer:TW:5547,-,-,-,久舜,L2,TPEx OpenAPI 上櫃股票基本資料（完整母集）,https://www.tpex.org.tw/openapi/v1/mopsfin_t187ap03_O,2026-08-28,待核,l2:TPEX:5547,无,不适用,L2机械母集；未挂格,"四件套：URL=source_url；检索日=2026-08-28；命中引语=""公司代號 5547""；判定类别=L2机械母集/待人工裁决。原始出表日期=1150828；完整发行人母集不推定PCB主营、中国大陆厂址或物理产能。"
cand:l2-tpex-5548,issuer,issuer:TW:5548,issuer:TW:5548,-,-,-,安倉,L2,TPEx OpenAPI 上櫃股票基本資料（完整母集）,https://www.tpex.org.tw/openapi/v1/mopsfin_t187ap03_O,2026-08-28,待核,l2:TPEX:5548,无,不适用,L2机械母集；未挂格,"四件套：URL=source_url；检索日=2026-08-28；命中引语=""公司代號 5548""；判定类别=L2机械母集/待人工裁决。原始出表日期=1150828；完整发行人母集不推定PCB主营、中国大陆厂址或物理产能。"
cand:l2-tpex-5601,issuer,issuer:TW:5601,issuer:TW:5601,-,-,-,台聯櫃,L2,TPEx OpenAPI 上櫃股票基本資料（完整母集）,https://www.tpex.org.tw/openapi/v1/mopsfin_t187ap03_O,2026-08-28,待核,l2:TPEX:5601,无,不适用,L2机械母集；未挂格,"四件套：URL=source_url；检索日=2026-08-28；命中引语=""公司代號 5601""；判定类别=L2机械母集/待人工裁决。原始出表日期=1150828；完整发行人母集不推定PCB主营、中国大陆厂址或物理产能。"
cand:l2-tpex-5603,issuer,issuer:TW:5603,issuer:TW:5603,-,-,-,陸海,L2,TPEx OpenAPI 上櫃股票基本資料（完整母集）,https://www.tpex.org.tw/openapi/v1/mopsfin_t187ap03_O,2026-08-28,待核,l2:TPEX:5603,无,不适用,L2机械母集；未挂格,"四件套：URL=source_url；检索日=2026-08-28；命中引语=""公司代號 5603""；判定类别=L2机械母集/待人工裁决。原始出表日期=1150828；完整发行人母集不推定PCB主营、中国大陆厂址或物理产能。"
cand:l2-tpex-5604,issuer,issuer:TW:5604,issuer:TW:5604,-,-,-,中連,L2,TPEx OpenAPI 上櫃股票基本資料（完整母集）,https://www.tpex.org.tw/openapi/v1/mopsfin_t187ap03_O,2026-08-28,待核,l2:TPEX:5604,无,不适用,L2机械母集；未挂格,"四件套：URL=source_url；检索日=2026-08-28；命中引语=""公司代號 5604""；判定类别=L2机械母集/待人工裁决。原始出表日期=1150828；完整发行人母集不推定PCB主营、中国大陆厂址或物理产能。"
cand:l2-tpex-5609,issuer,issuer:TW:5609,issuer:TW:5609,-,-,-,中菲行,L2,TPEx OpenAPI 上櫃股票基本資料（完整母集）,https://www.tpex.org.tw/openapi/v1/mopsfin_t187ap03_O,2026-08-28,待核,l2:TPEX:5609,无,不适用,L2机械母集；未挂格,"四件套：URL=source_url；检索日=2026-08-28；命中引语=""公司代號 5609""；判定类别=L2机械母集/待人工裁决。原始出表日期=1150828；完整发行人母集不推定PCB主营、中国大陆厂址或物理产能。"
cand:l2-tpex-5701,issuer,issuer:TW:5701,issuer:TW:5701,-,-,-,劍湖山,L2,TPEx OpenAPI 上櫃股票基本資料（完整母集）,https://www.tpex.org.tw/openapi/v1/mopsfin_t187ap03_O,2026-08-28,待核,l2:TPEX:5701,无,不适用,L2机械母集；未挂格,"四件套：URL=source_url；检索日=2026-08-28；命中引语=""公司代號 5701""；判定类别=L2机械母集/待人工裁决。原始出表日期=1150828；完整发行人母集不推定PCB主营、中国大陆厂址或物理产能。"
cand:l2-tpex-5703,issuer,issuer:TW:5703,issuer:TW:5703,-,-,-,亞都麗緻,L2,TPEx OpenAPI 上櫃股票基本資料（完整母集）,https://www.tpex.org.tw/openapi/v1/mopsfin_t187ap03_O,2026-08-28,待核,l2:TPEX:5703,无,不适用,L2机械母集；未挂格,"四件套：URL=source_url；检索日=2026-08-28；命中引语=""公司代號 5703""；判定类别=L2机械母集/待人工裁决。原始出表日期=1150828；完整发行人母集不推定PCB主营、中国大陆厂址或物理产能。"
cand:l2-tpex-5704,issuer,issuer:TW:5704,issuer:TW:5704,-,-,-,老爺知,L2,TPEx OpenAPI 上櫃股票基本資料（完整母集）,https://www.tpex.org.tw/openapi/v1/mopsfin_t187ap03_O,2026-08-28,待核,l2:TPEX:5704,无,不适用,L2机械母集；未挂格,"四件套：URL=source_url；检索日=2026-08-28；命中引语=""公司代號 5704""；判定类别=L2机械母集/待人工裁决。原始出表日期=1150828；完整发行人母集不推定PCB主营、中国大陆厂址或物理产能。"
cand:l2-tpex-5864,issuer,issuer:TW:5864,issuer:TW:5864,-,-,-,致和證,L2,TPEx OpenAPI 上櫃股票基本資料（完整母集）,https://www.tpex.org.tw/openapi/v1/mopsfin_t187ap03_O,2026-08-28,待核,l2:TPEX:5864,无,不适用,L2机械母集；未挂格,"四件套：URL=source_url；检索日=2026-08-28；命中引语=""公司代號 5864""；判定类别=L2机械母集/待人工裁决。原始出表日期=1150828；完整发行人母集不推定PCB主营、中国大陆厂址或物理产能。"
cand:l2-tpex-5878,issuer,issuer:TW:5878,issuer:TW:5878,-,-,-,台名,L2,TPEx OpenAPI 上櫃股票基本資料（完整母集）,https://www.tpex.org.tw/openapi/v1/mopsfin_t187ap03_O,2026-08-28,待核,l2:TPEX:5878,无,不适用,L2机械母集；未挂格,"四件套：URL=source_url；检索日=2026-08-28；命中引语=""公司代號 5878""；判定类别=L2机械母集/待人工裁决。原始出表日期=1150828；完整发行人母集不推定PCB主营、中国大陆厂址或物理产能。"
cand:l2-tpex-5902,issuer,issuer:TW:5902,issuer:TW:5902,-,-,-,德記,L2,TPEx OpenAPI 上櫃股票基本資料（完整母集）,https://www.tpex.org.tw/openapi/v1/mopsfin_t187ap03_O,2026-08-28,待核,l2:TPEX:5902,无,不适用,L2机械母集；未挂格,"四件套：URL=source_url；检索日=2026-08-28；命中引语=""公司代號 5902""；判定类别=L2机械母集/待人工裁决。原始出表日期=1150828；完整发行人母集不推定PCB主营、中国大陆厂址或物理产能。"
cand:l2-tpex-5903,issuer,issuer:TW:5903,issuer:TW:5903,-,-,-,全家,L2,TPEx OpenAPI 上櫃股票基本資料（完整母集）,https://www.tpex.org.tw/openapi/v1/mopsfin_t187ap03_O,2026-08-28,待核,l2:TPEX:5903,无,不适用,L2机械母集；未挂格,"四件套：URL=source_url；检索日=2026-08-28；命中引语=""公司代號 5903""；判定类别=L2机械母集/待人工裁决。原始出表日期=1150828；完整发行人母集不推定PCB主营、中国大陆厂址或物理产能。"
cand:l2-tpex-5904,issuer,issuer:TW:5904,issuer:TW:5904,-,-,-,寶雅*,L2,TPEx OpenAPI 上櫃股票基本資料（完整母集）,https://www.tpex.org.tw/openapi/v1/mopsfin_t187ap03_O,2026-08-28,待核,l2:TPEX:5904,无,不适用,L2机械母集；未挂格,"四件套：URL=source_url；检索日=2026-08-28；命中引语=""公司代號 5904""；判定类别=L2机械母集/待人工裁决。原始出表日期=1150828；完整发行人母集不推定PCB主营、中国大陆厂址或物理产能。"
cand:l2-tpex-5905,issuer,issuer:TW:5905,issuer:TW:5905,-,-,-,南仁湖,L2,TPEx OpenAPI 上櫃股票基本資料（完整母集）,https://www.tpex.org.tw/openapi/v1/mopsfin_t187ap03_O,2026-08-28,待核,l2:TPEX:5905,无,不适用,L2机械母集；未挂格,"四件套：URL=source_url；检索日=2026-08-28；命中引语=""公司代號 5905""；判定类别=L2机械母集/待人工裁决。原始出表日期=1150828；完整发行人母集不推定PCB主营、中国大陆厂址或物理产能。"
cand:l2-tpex-6015,issuer,issuer:TW:6015,issuer:TW:6015,-,-,-,宏遠證,L2,TPEx OpenAPI 上櫃股票基本資料（完整母集）,https://www.tpex.org.tw/openapi/v1/mopsfin_t187ap03_O,2026-08-28,待核,l2:TPEX:6015,无,不适用,L2机械母集；未挂格,"四件套：URL=source_url；检索日=2026-08-28；命中引语=""公司代號 6015""；判定类别=L2机械母集/待人工裁决。原始出表日期=1150828；完整发行人母集不推定PCB主营、中国大陆厂址或物理产能。"
cand:l2-tpex-6016,issuer,issuer:TW:6016,issuer:TW:6016,-,-,-,康和證,L2,TPEx OpenAPI 上櫃股票基本資料（完整母集）,https://www.tpex.org.tw/openapi/v1/mopsfin_t187ap03_O,2026-08-28,待核,l2:TPEX:6016,无,不适用,L2机械母集；未挂格,"四件套：URL=source_url；检索日=2026-08-28；命中引语=""公司代號 6016""；判定类别=L2机械母集/待人工裁决。原始出表日期=1150828；完整发行人母集不推定PCB主营、中国大陆厂址或物理产能。"
cand:l2-tpex-6020,issuer,issuer:TW:6020,issuer:TW:6020,-,-,-,大展證,L2,TPEx OpenAPI 上櫃股票基本資料（完整母集）,https://www.tpex.org.tw/openapi/v1/mopsfin_t187ap03_O,2026-08-28,待核,l2:TPEX:6020,无,不适用,L2机械母集；未挂格,"四件套：URL=source_url；检索日=2026-08-28；命中引语=""公司代號 6020""；判定类别=L2机械母集/待人工裁决。原始出表日期=1150828；完整发行人母集不推定PCB主营、中国大陆厂址或物理产能。"
cand:l2-tpex-6021,issuer,issuer:TW:6021,issuer:TW:6021,-,-,-,美好證,L2,TPEx OpenAPI 上櫃股票基本資料（完整母集）,https://www.tpex.org.tw/openapi/v1/mopsfin_t187ap03_O,2026-08-28,待核,l2:TPEX:6021,无,不适用,L2机械母集；未挂格,"四件套：URL=source_url；检索日=2026-08-28；命中引语=""公司代號 6021""；判定类别=L2机械母集/待人工裁决。原始出表日期=1150828；完整发行人母集不推定PCB主营、中国大陆厂址或物理产能。"
cand:l2-tpex-6023,issuer,issuer:TW:6023,issuer:TW:6023,-,-,-,元大期貨,L2,TPEx OpenAPI 上櫃股票基本資料（完整母集）,https://www.tpex.org.tw/openapi/v1/mopsfin_t187ap03_O,2026-08-28,待核,l2:TPEX:6023,无,不适用,L2机械母集；未挂格,"四件套：URL=source_url；检索日=2026-08-28；命中引语=""公司代號 6023""；判定类别=L2机械母集/待人工裁决。原始出表日期=1150828；完整发行人母集不推定PCB主营、中国大陆厂址或物理产能。"
cand:l2-tpex-6026,issuer,issuer:TW:6026,issuer:TW:6026,-,-,-,福邦證,L2,TPEx OpenAPI 上櫃股票基本資料（完整母集）,https://www.tpex.org.tw/openapi/v1/mopsfin_t187ap03_O,2026-08-28,待核,l2:TPEX:6026,无,不适用,L2机械母集；未挂格,"四件套：URL=source_url；检索日=2026-08-28；命中引语=""公司代號 6026""；判定类别=L2机械母集/待人工裁决。原始出表日期=1150828；完整发行人母集不推定PCB主营、中国大陆厂址或物理产能。"
cand:l2-tpex-6028,issuer,issuer:TW:6028,issuer:TW:6028,-,-,-,公勝保經,L2,TPEx OpenAPI 上櫃股票基本資料（完整母集）,https://www.tpex.org.tw/openapi/v1/mopsfin_t187ap03_O,2026-08-28,待核,l2:TPEX:6028,无,不适用,L2机械母集；未挂格,"四件套：URL=source_url；检索日=2026-08-28；命中引语=""公司代號 6028""；判定类别=L2机械母集/待人工裁决。原始出表日期=1150828；完整发行人母集不推定PCB主营、中国大陆厂址或物理产能。"
cand:l2-tpex-6101,issuer,issuer:TW:6101,issuer:TW:6101,-,-,-,寬魚國際,L2,TPEx OpenAPI 上櫃股票基本資料（完整母集）,https://www.tpex.org.tw/openapi/v1/mopsfin_t187ap03_O,2026-08-28,待核,l2:TPEX:6101,无,不适用,L2机械母集；未挂格,"四件套：URL=source_url；检索日=2026-08-28；命中引语=""公司代號 6101""；判定类别=L2机械母集/待人工裁决。原始出表日期=1150828；完整发行人母集不推定PCB主营、中国大陆厂址或物理产能。"
cand:l2-tpex-6103,issuer,issuer:TW:6103,issuer:TW:6103,-,-,-,合邦,L2,TPEx OpenAPI 上櫃股票基本資料（完整母集）,https://www.tpex.org.tw/openapi/v1/mopsfin_t187ap03_O,2026-08-28,待核,l2:TPEX:6103,无,不适用,L2机械母集；未挂格,"四件套：URL=source_url；检索日=2026-08-28；命中引语=""公司代號 6103""；判定类别=L2机械母集/待人工裁决。原始出表日期=1150828；完整发行人母集不推定PCB主营、中国大陆厂址或物理产能。"
cand:l2-tpex-6104,issuer,issuer:TW:6104,issuer:TW:6104,-,-,-,創惟,L2,TPEx OpenAPI 上櫃股票基本資料（完整母集）,https://www.tpex.org.tw/openapi/v1/mopsfin_t187ap03_O,2026-08-28,待核,l2:TPEX:6104,无,不适用,L2机械母集；未挂格,"四件套：URL=source_url；检索日=2026-08-28；命中引语=""公司代號 6104""；判定类别=L2机械母集/待人工裁决。原始出表日期=1150828；完整发行人母集不推定PCB主营、中国大陆厂址或物理产能。"
cand:l2-tpex-6109,issuer,issuer:TW:6109,issuer:TW:6109,-,-,-,亞元,L2,TPEx OpenAPI 上櫃股票基本資料（完整母集）,https://www.tpex.org.tw/openapi/v1/mopsfin_t187ap03_O,2026-08-28,待核,l2:TPEX:6109,无,不适用,L2机械母集；未挂格,"四件套：URL=source_url；检索日=2026-08-28；命中引语=""公司代號 6109""；判定类别=L2机械母集/待人工裁决。原始出表日期=1150828；完整发行人母集不推定PCB主营、中国大陆厂址或物理产能。"
cand:l2-tpex-6111,issuer,issuer:TW:6111,issuer:TW:6111,-,-,-,光聚晶電,L2,TPEx OpenAPI 上櫃股票基本資料（完整母集）,https://www.tpex.org.tw/openapi/v1/mopsfin_t187ap03_O,2026-08-28,待核,l2:TPEX:6111,无,不适用,L2机械母集；未挂格,"四件套：URL=source_url；检索日=2026-08-28；命中引语=""公司代號 6111""；判定类别=L2机械母集/待人工裁决。原始出表日期=1150828；完整发行人母集不推定PCB主营、中国大陆厂址或物理产能。"
cand:l2-tpex-6113,issuer,issuer:TW:6113,issuer:TW:6113,-,-,-,亞矽,L2,TPEx OpenAPI 上櫃股票基本資料（完整母集）,https://www.tpex.org.tw/openapi/v1/mopsfin_t187ap03_O,2026-08-28,待核,l2:TPEX:6113,无,不适用,L2机械母集；未挂格,"四件套：URL=source_url；检索日=2026-08-28；命中引语=""公司代號 6113""；判定类别=L2机械母集/待人工裁决。原始出表日期=1150828；完整发行人母集不推定PCB主营、中国大陆厂址或物理产能。"
cand:l2-tpex-6114,issuer,issuer:TW:6114,issuer:TW:6114,-,-,-,久威,L2,TPEx OpenAPI 上櫃股票基本資料（完整母集）,https://www.tpex.org.tw/openapi/v1/mopsfin_t187ap03_O,2026-08-28,待核,l2:TPEX:6114,无,不适用,L2机械母集；未挂格,"四件套：URL=source_url；检索日=2026-08-28；命中引语=""公司代號 6114""；判定类别=L2机械母集/待人工裁决。原始出表日期=1150828；完整发行人母集不推定PCB主营、中国大陆厂址或物理产能。"
cand:l2-tpex-6118,issuer,issuer:TW:6118,issuer:TW:6118,-,-,-,建達,L2,TPEx OpenAPI 上櫃股票基本資料（完整母集）,https://www.tpex.org.tw/openapi/v1/mopsfin_t187ap03_O,2026-08-28,待核,l2:TPEX:6118,无,不适用,L2机械母集；未挂格,"四件套：URL=source_url；检索日=2026-08-28；命中引语=""公司代號 6118""；判定类别=L2机械母集/待人工裁决。原始出表日期=1150828；完整发行人母集不推定PCB主营、中国大陆厂址或物理产能。"
cand:l2-tpex-6121,issuer,issuer:TW:6121,issuer:TW:6121,-,-,-,新普,L2,TPEx OpenAPI 上櫃股票基本資料（完整母集）,https://www.tpex.org.tw/openapi/v1/mopsfin_t187ap03_O,2026-08-28,待核,l2:TPEX:6121,无,不适用,L2机械母集；未挂格,"四件套：URL=source_url；检索日=2026-08-28；命中引语=""公司代號 6121""；判定类别=L2机械母集/待人工裁决。原始出表日期=1150828；完整发行人母集不推定PCB主营、中国大陆厂址或物理产能。"
cand:l2-tpex-6122,issuer,issuer:TW:6122,issuer:TW:6122,-,-,-,擎邦,L2,TPEx OpenAPI 上櫃股票基本資料（完整母集）,https://www.tpex.org.tw/openapi/v1/mopsfin_t187ap03_O,2026-08-28,待核,l2:TPEX:6122,无,不适用,L2机械母集；未挂格,"四件套：URL=source_url；检索日=2026-08-28；命中引语=""公司代號 6122""；判定类别=L2机械母集/待人工裁决。原始出表日期=1150828；完整发行人母集不推定PCB主营、中国大陆厂址或物理产能。"
cand:l2-tpex-6123,issuer,issuer:TW:6123,issuer:TW:6123,-,-,-,上奇,L2,TPEx OpenAPI 上櫃股票基本資料（完整母集）,https://www.tpex.org.tw/openapi/v1/mopsfin_t187ap03_O,2026-08-28,待核,l2:TPEX:6123,无,不适用,L2机械母集；未挂格,"四件套：URL=source_url；检索日=2026-08-28；命中引语=""公司代號 6123""；判定类别=L2机械母集/待人工裁决。原始出表日期=1150828；完整发行人母集不推定PCB主营、中国大陆厂址或物理产能。"
cand:l2-tpex-6124,issuer,issuer:TW:6124,issuer:TW:6124,-,-,-,業強,L2,TPEx OpenAPI 上櫃股票基本資料（完整母集）,https://www.tpex.org.tw/openapi/v1/mopsfin_t187ap03_O,2026-08-28,待核,l2:TPEX:6124,无,不适用,L2机械母集；未挂格,"四件套：URL=source_url；检索日=2026-08-28；命中引语=""公司代號 6124""；判定类别=L2机械母集/待人工裁决。原始出表日期=1150828；完整发行人母集不推定PCB主营、中国大陆厂址或物理产能。"
cand:l2-tpex-6125,issuer,issuer:TW:6125,issuer:TW:6125,-,-,-,廣運,L2,TPEx OpenAPI 上櫃股票基本資料（完整母集）,https://www.tpex.org.tw/openapi/v1/mopsfin_t187ap03_O,2026-08-28,待核,l2:TPEX:6125,无,不适用,L2机械母集；未挂格,"四件套：URL=source_url；检索日=2026-08-28；命中引语=""公司代號 6125""；判定类别=L2机械母集/待人工裁决。原始出表日期=1150828；完整发行人母集不推定PCB主营、中国大陆厂址或物理产能。"
cand:l2-tpex-6126,issuer,issuer:TW:6126,issuer:TW:6126,-,-,-,信音,L2,TPEx OpenAPI 上櫃股票基本資料（完整母集）,https://www.tpex.org.tw/openapi/v1/mopsfin_t187ap03_O,2026-08-28,待核,l2:TPEX:6126,无,不适用,L2机械母集；未挂格,"四件套：URL=source_url；检索日=2026-08-28；命中引语=""公司代號 6126""；判定类别=L2机械母集/待人工裁决。原始出表日期=1150828；完整发行人母集不推定PCB主营、中国大陆厂址或物理产能。"
cand:l2-tpex-6127,issuer,issuer:TW:6127,issuer:TW:6127,-,-,-,九豪,L2,TPEx OpenAPI 上櫃股票基本資料（完整母集）,https://www.tpex.org.tw/openapi/v1/mopsfin_t187ap03_O,2026-08-28,待核,l2:TPEX:6127,无,不适用,L2机械母集；未挂格,"四件套：URL=source_url；检索日=2026-08-28；命中引语=""公司代號 6127""；判定类别=L2机械母集/待人工裁决。原始出表日期=1150828；完整发行人母集不推定PCB主营、中国大陆厂址或物理产能。"
cand:l2-tpex-6129,issuer,issuer:TW:6129,issuer:TW:6129,-,-,-,普誠,L2,TPEx OpenAPI 上櫃股票基本資料（完整母集）,https://www.tpex.org.tw/openapi/v1/mopsfin_t187ap03_O,2026-08-28,待核,l2:TPEX:6129,无,不适用,L2机械母集；未挂格,"四件套：URL=source_url；检索日=2026-08-28；命中引语=""公司代號 6129""；判定类别=L2机械母集/待人工裁决。原始出表日期=1150828；完整发行人母集不推定PCB主营、中国大陆厂址或物理产能。"
cand:l2-tpex-6130,issuer,issuer:TW:6130,issuer:TW:6130,-,-,-,上亞科技,L2,TPEx OpenAPI 上櫃股票基本資料（完整母集）,https://www.tpex.org.tw/openapi/v1/mopsfin_t187ap03_O,2026-08-28,待核,l2:TPEX:6130,无,不适用,L2机械母集；未挂格,"四件套：URL=source_url；检索日=2026-08-28；命中引语=""公司代號 6130""；判定类别=L2机械母集/待人工裁决。原始出表日期=1150828；完整发行人母集不推定PCB主营、中国大陆厂址或物理产能。"
cand:l2-tpex-6134,issuer,issuer:TW:6134,issuer:TW:6134,-,-,-,萬旭,L2,TPEx OpenAPI 上櫃股票基本資料（完整母集）,https://www.tpex.org.tw/openapi/v1/mopsfin_t187ap03_O,2026-08-28,待核,l2:TPEX:6134,无,不适用,L2机械母集；未挂格,"四件套：URL=source_url；检索日=2026-08-28；命中引语=""公司代號 6134""；判定类别=L2机械母集/待人工裁决。原始出表日期=1150828；完整发行人母集不推定PCB主营、中国大陆厂址或物理产能。"
cand:l2-tpex-6138,issuer,issuer:TW:6138,issuer:TW:6138,-,-,-,茂達,L2,TPEx OpenAPI 上櫃股票基本資料（完整母集）,https://www.tpex.org.tw/openapi/v1/mopsfin_t187ap03_O,2026-08-28,待核,l2:TPEX:6138,无,不适用,L2机械母集；未挂格,"四件套：URL=source_url；检索日=2026-08-28；命中引语=""公司代號 6138""；判定类别=L2机械母集/待人工裁决。原始出表日期=1150828；完整发行人母集不推定PCB主营、中国大陆厂址或物理产能。"
cand:l2-tpex-6140,issuer,issuer:TW:6140,issuer:TW:6140,-,-,-,訊達電腦,L2,TPEx OpenAPI 上櫃股票基本資料（完整母集）,https://www.tpex.org.tw/openapi/v1/mopsfin_t187ap03_O,2026-08-28,待核,l2:TPEX:6140,无,不适用,L2机械母集；未挂格,"四件套：URL=source_url；检索日=2026-08-28；命中引语=""公司代號 6140""；判定类别=L2机械母集/待人工裁决。原始出表日期=1150828；完整发行人母集不推定PCB主营、中国大陆厂址或物理产能。"
cand:l2-tpex-6143,issuer,issuer:TW:6143,issuer:TW:6143,-,-,-,振曜,L2,TPEx OpenAPI 上櫃股票基本資料（完整母集）,https://www.tpex.org.tw/openapi/v1/mopsfin_t187ap03_O,2026-08-28,待核,l2:TPEX:6143,无,不适用,L2机械母集；未挂格,"四件套：URL=source_url；检索日=2026-08-28；命中引语=""公司代號 6143""；判定类别=L2机械母集/待人工裁决。原始出表日期=1150828；完整发行人母集不推定PCB主营、中国大陆厂址或物理产能。"
cand:l2-tpex-6144,issuer,issuer:TW:6144,issuer:TW:6144,-,-,-,得利影,L2,TPEx OpenAPI 上櫃股票基本資料（完整母集）,https://www.tpex.org.tw/openapi/v1/mopsfin_t187ap03_O,2026-08-28,待核,l2:TPEX:6144,无,不适用,L2机械母集；未挂格,"四件套：URL=source_url；检索日=2026-08-28；命中引语=""公司代號 6144""；判定类别=L2机械母集/待人工裁决。原始出表日期=1150828；完整发行人母集不推定PCB主营、中国大陆厂址或物理产能。"
cand:l2-tpex-6146,issuer,issuer:TW:6146,issuer:TW:6146,-,-,-,耕興,L2,TPEx OpenAPI 上櫃股票基本資料（完整母集）,https://www.tpex.org.tw/openapi/v1/mopsfin_t187ap03_O,2026-08-28,待核,l2:TPEX:6146,无,不适用,L2机械母集；未挂格,"四件套：URL=source_url；检索日=2026-08-28；命中引语=""公司代號 6146""；判定类别=L2机械母集/待人工裁决。原始出表日期=1150828；完整发行人母集不推定PCB主营、中国大陆厂址或物理产能。"
cand:l2-tpex-6147,issuer,issuer:TW:6147,issuer:TW:6147,-,-,-,頎邦,L2,TPEx OpenAPI 上櫃股票基本資料（完整母集）,https://www.tpex.org.tw/openapi/v1/mopsfin_t187ap03_O,2026-08-28,待核,l2:TPEX:6147,无,不适用,L2机械母集；未挂格,"四件套：URL=source_url；检索日=2026-08-28；命中引语=""公司代號 6147""；判定类别=L2机械母集/待人工裁决。原始出表日期=1150828；完整发行人母集不推定PCB主营、中国大陆厂址或物理产能。"
cand:l2-tpex-6148,issuer,issuer:TW:6148,issuer:TW:6148,-,-,-,驊宏資,L2,TPEx OpenAPI 上櫃股票基本資料（完整母集）,https://www.tpex.org.tw/openapi/v1/mopsfin_t187ap03_O,2026-08-28,待核,l2:TPEX:6148,无,不适用,L2机械母集；未挂格,"四件套：URL=source_url；检索日=2026-08-28；命中引语=""公司代號 6148""；判定类别=L2机械母集/待人工裁决。原始出表日期=1150828；完整发行人母集不推定PCB主营、中国大陆厂址或物理产能。"
cand:l2-tpex-6150,issuer,issuer:TW:6150,issuer:TW:6150,-,-,-,撼訊,L2,TPEx OpenAPI 上櫃股票基本資料（完整母集）,https://www.tpex.org.tw/openapi/v1/mopsfin_t187ap03_O,2026-08-28,待核,l2:TPEX:6150,无,不适用,L2机械母集；未挂格,"四件套：URL=source_url；检索日=2026-08-28；命中引语=""公司代號 6150""；判定类别=L2机械母集/待人工裁决。原始出表日期=1150828；完整发行人母集不推定PCB主营、中国大陆厂址或物理产能。"
cand:l2-tpex-6151,issuer,issuer:TW:6151,issuer:TW:6151,-,-,-,晉倫,L2,TPEx OpenAPI 上櫃股票基本資料（完整母集）,https://www.tpex.org.tw/openapi/v1/mopsfin_t187ap03_O,2026-08-28,待核,l2:TPEX:6151,无,不适用,L2机械母集；未挂格,"四件套：URL=source_url；检索日=2026-08-28；命中引语=""公司代號 6151""；判定类别=L2机械母集/待人工裁决。原始出表日期=1150828；完整发行人母集不推定PCB主营、中国大陆厂址或物理产能。"
cand:l2-tpex-6154,issuer,issuer:TW:6154,issuer:TW:6154,-,-,-,順發,L2,TPEx OpenAPI 上櫃股票基本資料（完整母集）,https://www.tpex.org.tw/openapi/v1/mopsfin_t187ap03_O,2026-08-28,待核,l2:TPEX:6154,无,不适用,L2机械母集；未挂格,"四件套：URL=source_url；检索日=2026-08-28；命中引语=""公司代號 6154""；判定类别=L2机械母集/待人工裁决。原始出表日期=1150828；完整发行人母集不推定PCB主营、中国大陆厂址或物理产能。"
cand:l2-tpex-6156,issuer,issuer:TW:6156,issuer:TW:6156,-,-,-,松上,L2,TPEx OpenAPI 上櫃股票基本資料（完整母集）,https://www.tpex.org.tw/openapi/v1/mopsfin_t187ap03_O,2026-08-28,待核,l2:TPEX:6156,无,不适用,L2机械母集；未挂格,"四件套：URL=source_url；检索日=2026-08-28；命中引语=""公司代號 6156""；判定类别=L2机械母集/待人工裁决。原始出表日期=1150828；完整发行人母集不推定PCB主营、中国大陆厂址或物理产能。"
cand:l2-tpex-6158,issuer,issuer:TW:6158,issuer:TW:6158,-,-,-,禾昌,L2,TPEx OpenAPI 上櫃股票基本資料（完整母集）,https://www.tpex.org.tw/openapi/v1/mopsfin_t187ap03_O,2026-08-28,待核,l2:TPEX:6158,无,不适用,L2机械母集；未挂格,"四件套：URL=source_url；检索日=2026-08-28；命中引语=""公司代號 6158""；判定类别=L2机械母集/待人工裁决。原始出表日期=1150828；完整发行人母集不推定PCB主营、中国大陆厂址或物理产能。"
cand:l2-tpex-6160,issuer,issuer:TW:6160,issuer:TW:6160,-,-,-,欣技,L2,TPEx OpenAPI 上櫃股票基本資料（完整母集）,https://www.tpex.org.tw/openapi/v1/mopsfin_t187ap03_O,2026-08-28,待核,l2:TPEX:6160,无,不适用,L2机械母集；未挂格,"四件套：URL=source_url；检索日=2026-08-28；命中引语=""公司代號 6160""；判定类别=L2机械母集/待人工裁决。原始出表日期=1150828；完整发行人母集不推定PCB主营、中国大陆厂址或物理产能。"
cand:l2-tpex-6161,issuer,issuer:TW:6161,issuer:TW:6161,-,-,-,捷波,L2,TPEx OpenAPI 上櫃股票基本資料（完整母集）,https://www.tpex.org.tw/openapi/v1/mopsfin_t187ap03_O,2026-08-28,待核,l2:TPEX:6161,无,不适用,L2机械母集；未挂格,"四件套：URL=source_url；检索日=2026-08-28；命中引语=""公司代號 6161""；判定类别=L2机械母集/待人工裁决。原始出表日期=1150828；完整发行人母集不推定PCB主营、中国大陆厂址或物理产能。"
cand:l2-tpex-6163,issuer,issuer:TW:6163,issuer:TW:6163,-,-,-,華電網,L2,TPEx OpenAPI 上櫃股票基本資料（完整母集）,https://www.tpex.org.tw/openapi/v1/mopsfin_t187ap03_O,2026-08-28,待核,l2:TPEX:6163,无,不适用,L2机械母集；未挂格,"四件套：URL=source_url；检索日=2026-08-28；命中引语=""公司代號 6163""；判定类别=L2机械母集/待人工裁决。原始出表日期=1150828；完整发行人母集不推定PCB主营、中国大陆厂址或物理产能。"
cand:l2-tpex-6167,issuer,issuer:TW:6167,issuer:TW:6167,-,-,-,久正,L2,TPEx OpenAPI 上櫃股票基本資料（完整母集）,https://www.tpex.org.tw/openapi/v1/mopsfin_t187ap03_O,2026-08-28,待核,l2:TPEX:6167,无,不适用,L2机械母集；未挂格,"四件套：URL=source_url；检索日=2026-08-28；命中引语=""公司代號 6167""；判定类别=L2机械母集/待人工裁决。原始出表日期=1150828；完整发行人母集不推定PCB主营、中国大陆厂址或物理产能。"
cand:l2-tpex-6169,issuer,issuer:TW:6169,issuer:TW:6169,-,-,-,昱泉,L2,TPEx OpenAPI 上櫃股票基本資料（完整母集）,https://www.tpex.org.tw/openapi/v1/mopsfin_t187ap03_O,2026-08-28,待核,l2:TPEX:6169,无,不适用,L2机械母集；未挂格,"四件套：URL=source_url；检索日=2026-08-28；命中引语=""公司代號 6169""；判定类别=L2机械母集/待人工裁决。原始出表日期=1150828；完整发行人母集不推定PCB主营、中国大陆厂址或物理产能。"
cand:l2-tpex-6170,issuer,issuer:TW:6170,issuer:TW:6170,-,-,-,統振,L2,TPEx OpenAPI 上櫃股票基本資料（完整母集）,https://www.tpex.org.tw/openapi/v1/mopsfin_t187ap03_O,2026-08-28,待核,l2:TPEX:6170,无,不适用,L2机械母集；未挂格,"四件套：URL=source_url；检索日=2026-08-28；命中引语=""公司代號 6170""；判定类别=L2机械母集/待人工裁决。原始出表日期=1150828；完整发行人母集不推定PCB主营、中国大陆厂址或物理产能。"
cand:l2-tpex-6171,issuer,issuer:TW:6171,issuer:TW:6171,-,-,-,大城地產,L2,TPEx OpenAPI 上櫃股票基本資料（完整母集）,https://www.tpex.org.tw/openapi/v1/mopsfin_t187ap03_O,2026-08-28,待核,l2:TPEX:6171,无,不适用,L2机械母集；未挂格,"四件套：URL=source_url；检索日=2026-08-28；命中引语=""公司代號 6171""；判定类别=L2机械母集/待人工裁决。原始出表日期=1150828；完整发行人母集不推定PCB主营、中国大陆厂址或物理产能。"
cand:l2-tpex-6173,issuer,issuer:TW:6173,issuer:TW:6173,-,-,-,信昌電,L2,TPEx OpenAPI 上櫃股票基本資料（完整母集）,https://www.tpex.org.tw/openapi/v1/mopsfin_t187ap03_O,2026-08-28,待核,l2:TPEX:6173,无,不适用,L2机械母集；未挂格,"四件套：URL=source_url；检索日=2026-08-28；命中引语=""公司代號 6173""；判定类别=L2机械母集/待人工裁决。原始出表日期=1150828；完整发行人母集不推定PCB主营、中国大陆厂址或物理产能。"
cand:l2-tpex-6174,issuer,issuer:TW:6174,issuer:TW:6174,-,-,-,安碁,L2,TPEx OpenAPI 上櫃股票基本資料（完整母集）,https://www.tpex.org.tw/openapi/v1/mopsfin_t187ap03_O,2026-08-28,待核,l2:TPEX:6174,无,不适用,L2机械母集；未挂格,"四件套：URL=source_url；检索日=2026-08-28；命中引语=""公司代號 6174""；判定类别=L2机械母集/待人工裁决。原始出表日期=1150828；完整发行人母集不推定PCB主营、中国大陆厂址或物理产能。"
cand:l2-tpex-6175,issuer,issuer:TW:6175,issuer:TW:6175,-,-,-,立敦,L2,TPEx OpenAPI 上櫃股票基本資料（完整母集）,https://www.tpex.org.tw/openapi/v1/mopsfin_t187ap03_O,2026-08-28,待核,l2:TPEX:6175,无,不适用,L2机械母集；未挂格,"四件套：URL=source_url；检索日=2026-08-28；命中引语=""公司代號 6175""；判定类别=L2机械母集/待人工裁决。原始出表日期=1150828；完整发行人母集不推定PCB主营、中国大陆厂址或物理产能。"
cand:l2-tpex-6179,issuer,issuer:TW:6179,issuer:TW:6179,-,-,-,亞通,L2,TPEx OpenAPI 上櫃股票基本資料（完整母集）,https://www.tpex.org.tw/openapi/v1/mopsfin_t187ap03_O,2026-08-28,待核,l2:TPEX:6179,无,不适用,L2机械母集；未挂格,"四件套：URL=source_url；检索日=2026-08-28；命中引语=""公司代號 6179""；判定类别=L2机械母集/待人工裁决。原始出表日期=1150828；完整发行人母集不推定PCB主营、中国大陆厂址或物理产能。"
cand:l2-tpex-6180,issuer,issuer:TW:6180,issuer:TW:6180,-,-,-,橘子,L2,TPEx OpenAPI 上櫃股票基本資料（完整母集）,https://www.tpex.org.tw/openapi/v1/mopsfin_t187ap03_O,2026-08-28,待核,l2:TPEX:6180,无,不适用,L2机械母集；未挂格,"四件套：URL=source_url；检索日=2026-08-28；命中引语=""公司代號 6180""；判定类别=L2机械母集/待人工裁决。原始出表日期=1150828；完整发行人母集不推定PCB主营、中国大陆厂址或物理产能。"
cand:l2-tpex-6182,issuer,issuer:TW:6182,issuer:TW:6182,-,-,-,合晶,L2,TPEx OpenAPI 上櫃股票基本資料（完整母集）,https://www.tpex.org.tw/openapi/v1/mopsfin_t187ap03_O,2026-08-28,待核,l2:TPEX:6182,无,不适用,L2机械母集；未挂格,"四件套：URL=source_url；检索日=2026-08-28；命中引语=""公司代號 6182""；判定类别=L2机械母集/待人工裁决。原始出表日期=1150828；完整发行人母集不推定PCB主营、中国大陆厂址或物理产能。"
cand:l2-tpex-6185,issuer,issuer:TW:6185,issuer:TW:6185,-,-,-,幃翔,L2,TPEx OpenAPI 上櫃股票基本資料（完整母集）,https://www.tpex.org.tw/openapi/v1/mopsfin_t187ap03_O,2026-08-28,待核,l2:TPEX:6185,无,不适用,L2机械母集；未挂格,"四件套：URL=source_url；检索日=2026-08-28；命中引语=""公司代號 6185""；判定类别=L2机械母集/待人工裁决。原始出表日期=1150828；完整发行人母集不推定PCB主营、中国大陆厂址或物理产能。"
cand:l2-tpex-6186,issuer,issuer:TW:6186,issuer:TW:6186,-,-,-,新潤,L2,TPEx OpenAPI 上櫃股票基本資料（完整母集）,https://www.tpex.org.tw/openapi/v1/mopsfin_t187ap03_O,2026-08-28,待核,l2:TPEX:6186,无,不适用,L2机械母集；未挂格,"四件套：URL=source_url；检索日=2026-08-28；命中引语=""公司代號 6186""；判定类别=L2机械母集/待人工裁决。原始出表日期=1150828；完整发行人母集不推定PCB主营、中国大陆厂址或物理产能。"
cand:l2-tpex-6187,issuer,issuer:TW:6187,issuer:TW:6187,-,-,-,萬潤,L2,TPEx OpenAPI 上櫃股票基本資料（完整母集）,https://www.tpex.org.tw/openapi/v1/mopsfin_t187ap03_O,2026-08-28,待核,l2:TPEX:6187,无,不适用,L2机械母集；未挂格,"四件套：URL=source_url；检索日=2026-08-28；命中引语=""公司代號 6187""；判定类别=L2机械母集/待人工裁决。原始出表日期=1150828；完整发行人母集不推定PCB主营、中国大陆厂址或物理产能。"
cand:l2-tpex-6188,issuer,issuer:TW:6188,issuer:TW:6188,-,-,-,廣明,L2,TPEx OpenAPI 上櫃股票基本資料（完整母集）,https://www.tpex.org.tw/openapi/v1/mopsfin_t187ap03_O,2026-08-28,待核,l2:TPEX:6188,无,不适用,L2机械母集；未挂格,"四件套：URL=source_url；检索日=2026-08-28；命中引语=""公司代號 6188""；判定类别=L2机械母集/待人工裁决。原始出表日期=1150828；完整发行人母集不推定PCB主营、中国大陆厂址或物理产能。"
cand:l2-tpex-6190,issuer,issuer:TW:6190,issuer:TW:6190,-,-,-,萬泰科,L2,TPEx OpenAPI 上櫃股票基本資料（完整母集）,https://www.tpex.org.tw/openapi/v1/mopsfin_t187ap03_O,2026-08-28,待核,l2:TPEX:6190,无,不适用,L2机械母集；未挂格,"四件套：URL=source_url；检索日=2026-08-28；命中引语=""公司代號 6190""；判定类别=L2机械母集/待人工裁决。原始出表日期=1150828；完整发行人母集不推定PCB主营、中国大陆厂址或物理产能。"
cand:l2-tpex-6194,issuer,issuer:TW:6194,issuer:TW:6194,-,-,-,育富,L2,TPEx OpenAPI 上櫃股票基本資料（完整母集）,https://www.tpex.org.tw/openapi/v1/mopsfin_t187ap03_O,2026-08-28,待核,l2:TPEX:6194,无,不适用,L2机械母集；未挂格,"四件套：URL=source_url；检索日=2026-08-28；命中引语=""公司代號 6194""；判定类别=L2机械母集/待人工裁决。原始出表日期=1150828；完整发行人母集不推定PCB主营、中国大陆厂址或物理产能。"
cand:l2-tpex-6195,issuer,issuer:TW:6195,issuer:TW:6195,-,-,-,詩肯,L2,TPEx OpenAPI 上櫃股票基本資料（完整母集）,https://www.tpex.org.tw/openapi/v1/mopsfin_t187ap03_O,2026-08-28,待核,l2:TPEX:6195,无,不适用,L2机械母集；未挂格,"四件套：URL=source_url；检索日=2026-08-28；命中引语=""公司代號 6195""；判定类别=L2机械母集/待人工裁决。原始出表日期=1150828；完整发行人母集不推定PCB主营、中国大陆厂址或物理产能。"
cand:l2-tpex-6198,issuer,issuer:TW:6198,issuer:TW:6198,-,-,-,瑞築,L2,TPEx OpenAPI 上櫃股票基本資料（完整母集）,https://www.tpex.org.tw/openapi/v1/mopsfin_t187ap03_O,2026-08-28,待核,l2:TPEX:6198,无,不适用,L2机械母集；未挂格,"四件套：URL=source_url；检索日=2026-08-28；命中引语=""公司代號 6198""；判定类别=L2机械母集/待人工裁决。原始出表日期=1150828；完整发行人母集不推定PCB主营、中国大陆厂址或物理产能。"
cand:l2-tpex-6199,issuer,issuer:TW:6199,issuer:TW:6199,-,-,-,天品,L2,TPEx OpenAPI 上櫃股票基本資料（完整母集）,https://www.tpex.org.tw/openapi/v1/mopsfin_t187ap03_O,2026-08-28,待核,l2:TPEX:6199,无,不适用,L2机械母集；未挂格,"四件套：URL=source_url；检索日=2026-08-28；命中引语=""公司代號 6199""；判定类别=L2机械母集/待人工裁决。原始出表日期=1150828；完整发行人母集不推定PCB主营、中国大陆厂址或物理产能。"
cand:l2-tpex-6203,issuer,issuer:TW:6203,issuer:TW:6203,-,-,-,海韻電,L2,TPEx OpenAPI 上櫃股票基本資料（完整母集）,https://www.tpex.org.tw/openapi/v1/mopsfin_t187ap03_O,2026-08-28,待核,l2:TPEX:6203,无,不适用,L2机械母集；未挂格,"四件套：URL=source_url；检索日=2026-08-28；命中引语=""公司代號 6203""；判定类别=L2机械母集/待人工裁决。原始出表日期=1150828；完整发行人母集不推定PCB主营、中国大陆厂址或物理产能。"
cand:l2-tpex-6204,issuer,issuer:TW:6204,issuer:TW:6204,-,-,-,艾華,L2,TPEx OpenAPI 上櫃股票基本資料（完整母集）,https://www.tpex.org.tw/openapi/v1/mopsfin_t187ap03_O,2026-08-28,待核,l2:TPEX:6204,无,不适用,L2机械母集；未挂格,"四件套：URL=source_url；检索日=2026-08-28；命中引语=""公司代號 6204""；判定类别=L2机械母集/待人工裁决。原始出表日期=1150828；完整发行人母集不推定PCB主营、中国大陆厂址或物理产能。"
cand:l2-tpex-6207,issuer,issuer:TW:6207,issuer:TW:6207,-,-,-,雷科,L2,TPEx OpenAPI 上櫃股票基本資料（完整母集）,https://www.tpex.org.tw/openapi/v1/mopsfin_t187ap03_O,2026-08-28,待核,l2:TPEX:6207,无,不适用,L2机械母集；未挂格,"四件套：URL=source_url；检索日=2026-08-28；命中引语=""公司代號 6207""；判定类别=L2机械母集/待人工裁决。原始出表日期=1150828；完整发行人母集不推定PCB主营、中国大陆厂址或物理产能。"
cand:l2-tpex-6208,issuer,issuer:TW:6208,issuer:TW:6208,-,-,-,日揚,L2,TPEx OpenAPI 上櫃股票基本資料（完整母集）,https://www.tpex.org.tw/openapi/v1/mopsfin_t187ap03_O,2026-08-28,待核,l2:TPEX:6208,无,不适用,L2机械母集；未挂格,"四件套：URL=source_url；检索日=2026-08-28；命中引语=""公司代號 6208""；判定类别=L2机械母集/待人工裁决。原始出表日期=1150828；完整发行人母集不推定PCB主营、中国大陆厂址或物理产能。"
cand:l2-tpex-6210,issuer,issuer:TW:6210,issuer:TW:6210,-,-,-,慶生,L2,TPEx OpenAPI 上櫃股票基本資料（完整母集）,https://www.tpex.org.tw/openapi/v1/mopsfin_t187ap03_O,2026-08-28,待核,l2:TPEX:6210,无,不适用,L2机械母集；未挂格,"四件套：URL=source_url；检索日=2026-08-28；命中引语=""公司代號 6210""；判定类别=L2机械母集/待人工裁决。原始出表日期=1150828；完整发行人母集不推定PCB主营、中国大陆厂址或物理产能。"
cand:l2-tpex-6212,issuer,issuer:TW:6212,issuer:TW:6212,-,-,-,理銘,L2,TPEx OpenAPI 上櫃股票基本資料（完整母集）,https://www.tpex.org.tw/openapi/v1/mopsfin_t187ap03_O,2026-08-28,待核,l2:TPEX:6212,无,不适用,L2机械母集；未挂格,"四件套：URL=source_url；检索日=2026-08-28；命中引语=""公司代號 6212""；判定类别=L2机械母集/待人工裁决。原始出表日期=1150828；完整发行人母集不推定PCB主营、中国大陆厂址或物理产能。"
cand:l2-tpex-6217,issuer,issuer:TW:6217,issuer:TW:6217,-,-,-,中探針,L2,TPEx OpenAPI 上櫃股票基本資料（完整母集）,https://www.tpex.org.tw/openapi/v1/mopsfin_t187ap03_O,2026-08-28,待核,l2:TPEX:6217,无,不适用,L2机械母集；未挂格,"四件套：URL=source_url；检索日=2026-08-28；命中引语=""公司代號 6217""；判定类别=L2机械母集/待人工裁决。原始出表日期=1150828；完整发行人母集不推定PCB主营、中国大陆厂址或物理产能。"
cand:l2-tpex-6218,issuer,issuer:TW:6218,issuer:TW:6218,-,-,-,豪勉,L2,TPEx OpenAPI 上櫃股票基本資料（完整母集）,https://www.tpex.org.tw/openapi/v1/mopsfin_t187ap03_O,2026-08-28,待核,l2:TPEX:6218,无,不适用,L2机械母集；未挂格,"四件套：URL=source_url；检索日=2026-08-28；命中引语=""公司代號 6218""；判定类别=L2机械母集/待人工裁决。原始出表日期=1150828；完整发行人母集不推定PCB主营、中国大陆厂址或物理产能。"
cand:l2-tpex-6219,issuer,issuer:TW:6219,issuer:TW:6219,-,-,-,富旺,L2,TPEx OpenAPI 上櫃股票基本資料（完整母集）,https://www.tpex.org.tw/openapi/v1/mopsfin_t187ap03_O,2026-08-28,待核,l2:TPEX:6219,无,不适用,L2机械母集；未挂格,"四件套：URL=source_url；检索日=2026-08-28；命中引语=""公司代號 6219""；判定类别=L2机械母集/待人工裁决。原始出表日期=1150828；完整发行人母集不推定PCB主营、中国大陆厂址或物理产能。"
cand:l2-tpex-6220,issuer,issuer:TW:6220,issuer:TW:6220,-,-,-,岳豐,L2,TPEx OpenAPI 上櫃股票基本資料（完整母集）,https://www.tpex.org.tw/openapi/v1/mopsfin_t187ap03_O,2026-08-28,待核,l2:TPEX:6220,无,不适用,L2机械母集；未挂格,"四件套：URL=source_url；检索日=2026-08-28；命中引语=""公司代號 6220""；判定类别=L2机械母集/待人工裁决。原始出表日期=1150828；完整发行人母集不推定PCB主营、中国大陆厂址或物理产能。"
cand:l2-tpex-6221,issuer,issuer:TW:6221,issuer:TW:6221,-,-,-,晉泰,L2,TPEx OpenAPI 上櫃股票基本資料（完整母集）,https://www.tpex.org.tw/openapi/v1/mopsfin_t187ap03_O,2026-08-28,待核,l2:TPEX:6221,无,不适用,L2机械母集；未挂格,"四件套：URL=source_url；检索日=2026-08-28；命中引语=""公司代號 6221""；判定类别=L2机械母集/待人工裁决。原始出表日期=1150828；完整发行人母集不推定PCB主营、中国大陆厂址或物理产能。"
cand:l2-tpex-6222,issuer,issuer:TW:6222,issuer:TW:6222,-,-,-,立軒,L2,TPEx OpenAPI 上櫃股票基本資料（完整母集）,https://www.tpex.org.tw/openapi/v1/mopsfin_t187ap03_O,2026-08-28,待核,l2:TPEX:6222,无,不适用,L2机械母集；未挂格,"四件套：URL=source_url；检索日=2026-08-28；命中引语=""公司代號 6222""；判定类别=L2机械母集/待人工裁决。原始出表日期=1150828；完整发行人母集不推定PCB主营、中国大陆厂址或物理产能。"
cand:l2-tpex-6223,issuer,issuer:TW:6223,issuer:TW:6223,-,-,-,旺矽,L2,TPEx OpenAPI 上櫃股票基本資料（完整母集）,https://www.tpex.org.tw/openapi/v1/mopsfin_t187ap03_O,2026-08-28,待核,l2:TPEX:6223,无,不适用,L2机械母集；未挂格,"四件套：URL=source_url；检索日=2026-08-28；命中引语=""公司代號 6223""；判定类别=L2机械母集/待人工裁决。原始出表日期=1150828；完整发行人母集不推定PCB主营、中国大陆厂址或物理产能。"
cand:l2-tpex-6227,issuer,issuer:TW:6227,issuer:TW:6227,-,-,-,茂綸,L2,TPEx OpenAPI 上櫃股票基本資料（完整母集）,https://www.tpex.org.tw/openapi/v1/mopsfin_t187ap03_O,2026-08-28,待核,l2:TPEX:6227,无,不适用,L2机械母集；未挂格,"四件套：URL=source_url；检索日=2026-08-28；命中引语=""公司代號 6227""；判定类别=L2机械母集/待人工裁决。原始出表日期=1150828；完整发行人母集不推定PCB主营、中国大陆厂址或物理产能。"
cand:l2-tpex-6228,issuer,issuer:TW:6228,issuer:TW:6228,-,-,-,全譜,L2,TPEx OpenAPI 上櫃股票基本資料（完整母集）,https://www.tpex.org.tw/openapi/v1/mopsfin_t187ap03_O,2026-08-28,待核,l2:TPEX:6228,无,不适用,L2机械母集；未挂格,"四件套：URL=source_url；检索日=2026-08-28；命中引语=""公司代號 6228""；判定类别=L2机械母集/待人工裁决。原始出表日期=1150828；完整发行人母集不推定PCB主营、中国大陆厂址或物理产能。"
cand:l2-tpex-6229,issuer,issuer:TW:6229,issuer:TW:6229,-,-,-,研通,L2,TPEx OpenAPI 上櫃股票基本資料（完整母集）,https://www.tpex.org.tw/openapi/v1/mopsfin_t187ap03_O,2026-08-28,待核,l2:TPEX:6229,无,不适用,L2机械母集；未挂格,"四件套：URL=source_url；检索日=2026-08-28；命中引语=""公司代號 6229""；判定类别=L2机械母集/待人工裁决。原始出表日期=1150828；完整发行人母集不推定PCB主营、中国大陆厂址或物理产能。"
cand:l2-tpex-6231,issuer,issuer:TW:6231,issuer:TW:6231,-,-,-,系微,L2,TPEx OpenAPI 上櫃股票基本資料（完整母集）,https://www.tpex.org.tw/openapi/v1/mopsfin_t187ap03_O,2026-08-28,待核,l2:TPEX:6231,无,不适用,L2机械母集；未挂格,"四件套：URL=source_url；检索日=2026-08-28；命中引语=""公司代號 6231""；判定类别=L2机械母集/待人工裁决。原始出表日期=1150828；完整发行人母集不推定PCB主营、中国大陆厂址或物理产能。"
cand:l2-tpex-6233,issuer,issuer:TW:6233,issuer:TW:6233,-,-,-,旺玖,L2,TPEx OpenAPI 上櫃股票基本資料（完整母集）,https://www.tpex.org.tw/openapi/v1/mopsfin_t187ap03_O,2026-08-28,待核,l2:TPEX:6233,无,不适用,L2机械母集；未挂格,"四件套：URL=source_url；检索日=2026-08-28；命中引语=""公司代號 6233""；判定类别=L2机械母集/待人工裁决。原始出表日期=1150828；完整发行人母集不推定PCB主营、中国大陆厂址或物理产能。"
cand:l2-tpex-6234,issuer,issuer:TW:6234,issuer:TW:6234,-,-,-,高僑,L2,TPEx OpenAPI 上櫃股票基本資料（完整母集）,https://www.tpex.org.tw/openapi/v1/mopsfin_t187ap03_O,2026-08-28,待核,l2:TPEX:6234,无,不适用,L2机械母集；未挂格,"四件套：URL=source_url；检索日=2026-08-28；命中引语=""公司代號 6234""；判定类别=L2机械母集/待人工裁决。原始出表日期=1150828；完整发行人母集不推定PCB主营、中国大陆厂址或物理产能。"
cand:l2-tpex-6236,issuer,issuer:TW:6236,issuer:TW:6236,-,-,-,中湛,L2,TPEx OpenAPI 上櫃股票基本資料（完整母集）,https://www.tpex.org.tw/openapi/v1/mopsfin_t187ap03_O,2026-08-28,待核,l2:TPEX:6236,无,不适用,L2机械母集；未挂格,"四件套：URL=source_url；检索日=2026-08-28；命中引语=""公司代號 6236""；判定类别=L2机械母集/待人工裁决。原始出表日期=1150828；完整发行人母集不推定PCB主营、中国大陆厂址或物理产能。"
cand:l2-tpex-6237,issuer,issuer:TW:6237,issuer:TW:6237,-,-,-,驊訊,L2,TPEx OpenAPI 上櫃股票基本資料（完整母集）,https://www.tpex.org.tw/openapi/v1/mopsfin_t187ap03_O,2026-08-28,待核,l2:TPEX:6237,无,不适用,L2机械母集；未挂格,"四件套：URL=source_url；检索日=2026-08-28；命中引语=""公司代號 6237""；判定类别=L2机械母集/待人工裁决。原始出表日期=1150828；完整发行人母集不推定PCB主营、中国大陆厂址或物理产能。"
cand:l2-tpex-6240,issuer,issuer:TW:6240,issuer:TW:6240,-,-,-,松崗,L2,TPEx OpenAPI 上櫃股票基本資料（完整母集）,https://www.tpex.org.tw/openapi/v1/mopsfin_t187ap03_O,2026-08-28,待核,l2:TPEX:6240,无,不适用,L2机械母集；未挂格,"四件套：URL=source_url；检索日=2026-08-28；命中引语=""公司代號 6240""；判定类别=L2机械母集/待人工裁决。原始出表日期=1150828；完整发行人母集不推定PCB主营、中国大陆厂址或物理产能。"
cand:l2-tpex-6241,issuer,issuer:TW:6241,issuer:TW:6241,-,-,-,鑫永洋,L2,TPEx OpenAPI 上櫃股票基本資料（完整母集）,https://www.tpex.org.tw/openapi/v1/mopsfin_t187ap03_O,2026-08-28,待核,l2:TPEX:6241,无,不适用,L2机械母集；未挂格,"四件套：URL=source_url；检索日=2026-08-28；命中引语=""公司代號 6241""；判定类别=L2机械母集/待人工裁决。原始出表日期=1150828；完整发行人母集不推定PCB主营、中国大陆厂址或物理产能。"
cand:l2-tpex-6242,issuer,issuer:TW:6242,issuer:TW:6242,-,-,-,立康,L2,TPEx OpenAPI 上櫃股票基本資料（完整母集）,https://www.tpex.org.tw/openapi/v1/mopsfin_t187ap03_O,2026-08-28,待核,l2:TPEX:6242,无,不适用,L2机械母集；未挂格,"四件套：URL=source_url；检索日=2026-08-28；命中引语=""公司代號 6242""；判定类别=L2机械母集/待人工裁决。原始出表日期=1150828；完整发行人母集不推定PCB主营、中国大陆厂址或物理产能。"
cand:l2-tpex-6244,issuer,issuer:TW:6244,issuer:TW:6244,-,-,-,茂迪,L2,TPEx OpenAPI 上櫃股票基本資料（完整母集）,https://www.tpex.org.tw/openapi/v1/mopsfin_t187ap03_O,2026-08-28,待核,l2:TPEX:6244,无,不适用,L2机械母集；未挂格,"四件套：URL=source_url；检索日=2026-08-28；命中引语=""公司代號 6244""；判定类别=L2机械母集/待人工裁决。原始出表日期=1150828；完整发行人母集不推定PCB主营、中国大陆厂址或物理产能。"
cand:l2-tpex-6245,issuer,issuer:TW:6245,issuer:TW:6245,-,-,-,立端,L2,TPEx OpenAPI 上櫃股票基本資料（完整母集）,https://www.tpex.org.tw/openapi/v1/mopsfin_t187ap03_O,2026-08-28,待核,l2:TPEX:6245,无,不适用,L2机械母集；未挂格,"四件套：URL=source_url；检索日=2026-08-28；命中引语=""公司代號 6245""；判定类别=L2机械母集/待人工裁决。原始出表日期=1150828；完整发行人母集不推定PCB主营、中国大陆厂址或物理产能。"
cand:l2-tpex-6246,issuer,issuer:TW:6246,issuer:TW:6246,-,-,-,臺龍,L2,TPEx OpenAPI 上櫃股票基本資料（完整母集）,https://www.tpex.org.tw/openapi/v1/mopsfin_t187ap03_O,2026-08-28,待核,l2:TPEX:6246,无,不适用,L2机械母集；未挂格,"四件套：URL=source_url；检索日=2026-08-28；命中引语=""公司代號 6246""；判定类别=L2机械母集/待人工裁决。原始出表日期=1150828；完整发行人母集不推定PCB主营、中国大陆厂址或物理产能。"
cand:l2-tpex-6248,issuer,issuer:TW:6248,issuer:TW:6248,-,-,-,沛波,L2,TPEx OpenAPI 上櫃股票基本資料（完整母集）,https://www.tpex.org.tw/openapi/v1/mopsfin_t187ap03_O,2026-08-28,待核,l2:TPEX:6248,无,不适用,L2机械母集；未挂格,"四件套：URL=source_url；检索日=2026-08-28；命中引语=""公司代號 6248""；判定类别=L2机械母集/待人工裁决。原始出表日期=1150828；完整发行人母集不推定PCB主营、中国大陆厂址或物理产能。"
cand:l2-tpex-6259,issuer,issuer:TW:6259,issuer:TW:6259,-,-,-,百徽,L2,TPEx OpenAPI 上櫃股票基本資料（完整母集）,https://www.tpex.org.tw/openapi/v1/mopsfin_t187ap03_O,2026-08-28,待核,l2:TPEX:6259,无,不适用,L2机械母集；未挂格,"四件套：URL=source_url；检索日=2026-08-28；命中引语=""公司代號 6259""；判定类别=L2机械母集/待人工裁决。原始出表日期=1150828；完整发行人母集不推定PCB主营、中国大陆厂址或物理产能。"
cand:l2-tpex-6261,issuer,issuer:TW:6261,issuer:TW:6261,-,-,-,久元,L2,TPEx OpenAPI 上櫃股票基本資料（完整母集）,https://www.tpex.org.tw/openapi/v1/mopsfin_t187ap03_O,2026-08-28,待核,l2:TPEX:6261,无,不适用,L2机械母集；未挂格,"四件套：URL=source_url；检索日=2026-08-28；命中引语=""公司代號 6261""；判定类别=L2机械母集/待人工裁决。原始出表日期=1150828；完整发行人母集不推定PCB主营、中国大陆厂址或物理产能。"
cand:l2-tpex-6263,issuer,issuer:TW:6263,issuer:TW:6263,-,-,-,普萊德,L2,TPEx OpenAPI 上櫃股票基本資料（完整母集）,https://www.tpex.org.tw/openapi/v1/mopsfin_t187ap03_O,2026-08-28,待核,l2:TPEX:6263,无,不适用,L2机械母集；未挂格,"四件套：URL=source_url；检索日=2026-08-28；命中引语=""公司代號 6263""；判定类别=L2机械母集/待人工裁决。原始出表日期=1150828；完整发行人母集不推定PCB主营、中国大陆厂址或物理产能。"
cand:l2-tpex-6264,issuer,issuer:TW:6264,issuer:TW:6264,-,-,-,富裔,L2,TPEx OpenAPI 上櫃股票基本資料（完整母集）,https://www.tpex.org.tw/openapi/v1/mopsfin_t187ap03_O,2026-08-28,待核,l2:TPEX:6264,无,不适用,L2机械母集；未挂格,"四件套：URL=source_url；检索日=2026-08-28；命中引语=""公司代號 6264""；判定类别=L2机械母集/待人工裁决。原始出表日期=1150828；完整发行人母集不推定PCB主营、中国大陆厂址或物理产能。"
cand:l2-tpex-6265,issuer,issuer:TW:6265,issuer:TW:6265,-,-,-,方土昶,L2,TPEx OpenAPI 上櫃股票基本資料（完整母集）,https://www.tpex.org.tw/openapi/v1/mopsfin_t187ap03_O,2026-08-28,待核,l2:TPEX:6265,无,不适用,L2机械母集；未挂格,"四件套：URL=source_url；检索日=2026-08-28；命中引语=""公司代號 6265""；判定类别=L2机械母集/待人工裁决。原始出表日期=1150828；完整发行人母集不推定PCB主营、中国大陆厂址或物理产能。"
cand:l2-tpex-6266,issuer,issuer:TW:6266,issuer:TW:6266,-,-,-,泰詠,L2,TPEx OpenAPI 上櫃股票基本資料（完整母集）,https://www.tpex.org.tw/openapi/v1/mopsfin_t187ap03_O,2026-08-28,待核,l2:TPEX:6266,无,不适用,L2机械母集；未挂格,"四件套：URL=source_url；检索日=2026-08-28；命中引语=""公司代號 6266""；判定类别=L2机械母集/待人工裁决。原始出表日期=1150828；完整发行人母集不推定PCB主营、中国大陆厂址或物理产能。"
cand:l2-tpex-6270,issuer,issuer:TW:6270,issuer:TW:6270,-,-,-,倍微,L2,TPEx OpenAPI 上櫃股票基本資料（完整母集）,https://www.tpex.org.tw/openapi/v1/mopsfin_t187ap03_O,2026-08-28,待核,l2:TPEX:6270,无,不适用,L2机械母集；未挂格,"四件套：URL=source_url；检索日=2026-08-28；命中引语=""公司代號 6270""；判定类别=L2机械母集/待人工裁决。原始出表日期=1150828；完整发行人母集不推定PCB主营、中国大陆厂址或物理产能。"
cand:l2-tpex-6274,issuer,issuer:TW:6274,issuer:TW:6274,-,-,-,台燿,L2,TPEx OpenAPI 上櫃股票基本資料（完整母集）,https://www.tpex.org.tw/openapi/v1/mopsfin_t187ap03_O,2026-08-28,待核,l2:TPEX:6274,无,不适用,L2机械母集；未挂格,"四件套：URL=source_url；检索日=2026-08-28；命中引语=""公司代號 6274""；判定类别=L2机械母集/待人工裁决。原始出表日期=1150828；完整发行人母集不推定PCB主营、中国大陆厂址或物理产能。"
cand:l2-tpex-6275,issuer,issuer:TW:6275,issuer:TW:6275,-,-,-,元山,L2,TPEx OpenAPI 上櫃股票基本資料（完整母集）,https://www.tpex.org.tw/openapi/v1/mopsfin_t187ap03_O,2026-08-28,待核,l2:TPEX:6275,无,不适用,L2机械母集；未挂格,"四件套：URL=source_url；检索日=2026-08-28；命中引语=""公司代號 6275""；判定类别=L2机械母集/待人工裁决。原始出表日期=1150828；完整发行人母集不推定PCB主营、中国大陆厂址或物理产能。"
cand:l2-tpex-6276,issuer,issuer:TW:6276,issuer:TW:6276,-,-,-,安鈦克,L2,TPEx OpenAPI 上櫃股票基本資料（完整母集）,https://www.tpex.org.tw/openapi/v1/mopsfin_t187ap03_O,2026-08-28,待核,l2:TPEX:6276,无,不适用,L2机械母集；未挂格,"四件套：URL=source_url；检索日=2026-08-28；命中引语=""公司代號 6276""；判定类别=L2机械母集/待人工裁决。原始出表日期=1150828；完整发行人母集不推定PCB主营、中国大陆厂址或物理产能。"
cand:l2-tpex-6279,issuer,issuer:TW:6279,issuer:TW:6279,-,-,-,胡連,L2,TPEx OpenAPI 上櫃股票基本資料（完整母集）,https://www.tpex.org.tw/openapi/v1/mopsfin_t187ap03_O,2026-08-28,待核,l2:TPEX:6279,无,不适用,L2机械母集；未挂格,"四件套：URL=source_url；检索日=2026-08-28；命中引语=""公司代號 6279""；判定类别=L2机械母集/待人工裁决。原始出表日期=1150828；完整发行人母集不推定PCB主营、中国大陆厂址或物理产能。"
cand:l2-tpex-6284,issuer,issuer:TW:6284,issuer:TW:6284,-,-,-,佳邦,L2,TPEx OpenAPI 上櫃股票基本資料（完整母集）,https://www.tpex.org.tw/openapi/v1/mopsfin_t187ap03_O,2026-08-28,待核,l2:TPEX:6284,无,不适用,L2机械母集；未挂格,"四件套：URL=source_url；检索日=2026-08-28；命中引语=""公司代號 6284""；判定类别=L2机械母集/待人工裁决。原始出表日期=1150828；完整发行人母集不推定PCB主营、中国大陆厂址或物理产能。"
cand:l2-tpex-6290,issuer,issuer:TW:6290,issuer:TW:6290,-,-,-,良維,L2,TPEx OpenAPI 上櫃股票基本資料（完整母集）,https://www.tpex.org.tw/openapi/v1/mopsfin_t187ap03_O,2026-08-28,待核,l2:TPEX:6290,无,不适用,L2机械母集；未挂格,"四件套：URL=source_url；检索日=2026-08-28；命中引语=""公司代號 6290""；判定类别=L2机械母集/待人工裁决。原始出表日期=1150828；完整发行人母集不推定PCB主营、中国大陆厂址或物理产能。"
cand:l2-tpex-6291,issuer,issuer:TW:6291,issuer:TW:6291,-,-,-,沛亨,L2,TPEx OpenAPI 上櫃股票基本資料（完整母集）,https://www.tpex.org.tw/openapi/v1/mopsfin_t187ap03_O,2026-08-28,待核,l2:TPEX:6291,无,不适用,L2机械母集；未挂格,"四件套：URL=source_url；检索日=2026-08-28；命中引语=""公司代號 6291""；判定类别=L2机械母集/待人工裁决。原始出表日期=1150828；完整发行人母集不推定PCB主营、中国大陆厂址或物理产能。"
cand:l2-tpex-6292,issuer,issuer:TW:6292,issuer:TW:6292,-,-,-,迅德,L2,TPEx OpenAPI 上櫃股票基本資料（完整母集）,https://www.tpex.org.tw/openapi/v1/mopsfin_t187ap03_O,2026-08-28,待核,l2:TPEX:6292,无,不适用,L2机械母集；未挂格,"四件套：URL=source_url；检索日=2026-08-28；命中引语=""公司代號 6292""；判定类别=L2机械母集/待人工裁决。原始出表日期=1150828；完整发行人母集不推定PCB主营、中国大陆厂址或物理产能。"
cand:l2-tpex-6294,issuer,issuer:TW:6294,issuer:TW:6294,-,-,-,智基,L2,TPEx OpenAPI 上櫃股票基本資料（完整母集）,https://www.tpex.org.tw/openapi/v1/mopsfin_t187ap03_O,2026-08-28,待核,l2:TPEX:6294,无,不适用,L2机械母集；未挂格,"四件套：URL=source_url；检索日=2026-08-28；命中引语=""公司代號 6294""；判定类别=L2机械母集/待人工裁决。原始出表日期=1150828；完整发行人母集不推定PCB主营、中国大陆厂址或物理产能。"
cand:l2-tpex-6411,issuer,issuer:TW:6411,issuer:TW:6411,-,-,-,晶焱,L2,TPEx OpenAPI 上櫃股票基本資料（完整母集）,https://www.tpex.org.tw/openapi/v1/mopsfin_t187ap03_O,2026-08-28,待核,l2:TPEX:6411,无,不适用,L2机械母集；未挂格,"四件套：URL=source_url；检索日=2026-08-28；命中引语=""公司代號 6411""；判定类别=L2机械母集/待人工裁决。原始出表日期=1150828；完整发行人母集不推定PCB主营、中国大陆厂址或物理产能。"
cand:l2-tpex-6417,issuer,issuer:TW:6417,issuer:TW:6417,-,-,-,韋僑,L2,TPEx OpenAPI 上櫃股票基本資料（完整母集）,https://www.tpex.org.tw/openapi/v1/mopsfin_t187ap03_O,2026-08-28,待核,l2:TPEX:6417,无,不适用,L2机械母集；未挂格,"四件套：URL=source_url；检索日=2026-08-28；命中引语=""公司代號 6417""；判定类别=L2机械母集/待人工裁决。原始出表日期=1150828；完整发行人母集不推定PCB主营、中国大陆厂址或物理产能。"
cand:l2-tpex-6418,issuer,issuer:TW:6418,issuer:TW:6418,-,-,-,詠昇,L2,TPEx OpenAPI 上櫃股票基本資料（完整母集）,https://www.tpex.org.tw/openapi/v1/mopsfin_t187ap03_O,2026-08-28,待核,l2:TPEX:6418,无,不适用,L2机械母集；未挂格,"四件套：URL=source_url；检索日=2026-08-28；命中引语=""公司代號 6418""；判定类别=L2机械母集/待人工裁决。原始出表日期=1150828；完整发行人母集不推定PCB主营、中国大陆厂址或物理产能。"
cand:l2-tpex-6419,issuer,issuer:TW:6419,issuer:TW:6419,-,-,-,京晨科,L2,TPEx OpenAPI 上櫃股票基本資料（完整母集）,https://www.tpex.org.tw/openapi/v1/mopsfin_t187ap03_O,2026-08-28,待核,l2:TPEX:6419,无,不适用,L2机械母集；未挂格,"四件套：URL=source_url；检索日=2026-08-28；命中引语=""公司代號 6419""；判定类别=L2机械母集/待人工裁决。原始出表日期=1150828；完整发行人母集不推定PCB主营、中国大陆厂址或物理产能。"
cand:l2-tpex-6423,issuer,issuer:TW:6423,issuer:TW:6423,-,-,-,億而得,L2,TPEx OpenAPI 上櫃股票基本資料（完整母集）,https://www.tpex.org.tw/openapi/v1/mopsfin_t187ap03_O,2026-08-28,待核,l2:TPEX:6423,无,不适用,L2机械母集；未挂格,"四件套：URL=source_url；检索日=2026-08-28；命中引语=""公司代號 6423""；判定类别=L2机械母集/待人工裁决。原始出表日期=1150828；完整发行人母集不推定PCB主营、中国大陆厂址或物理产能。"
cand:l2-tpex-6425,issuer,issuer:TW:6425,issuer:TW:6425,-,-,-,易發,L2,TPEx OpenAPI 上櫃股票基本資料（完整母集）,https://www.tpex.org.tw/openapi/v1/mopsfin_t187ap03_O,2026-08-28,待核,l2:TPEX:6425,无,不适用,L2机械母集；未挂格,"四件套：URL=source_url；检索日=2026-08-28；命中引语=""公司代號 6425""；判定类别=L2机械母集/待人工裁决。原始出表日期=1150828；完整发行人母集不推定PCB主营、中国大陆厂址或物理产能。"
cand:l2-tpex-6432,issuer,issuer:TW:6432,issuer:TW:6432,-,-,-,今展科,L2,TPEx OpenAPI 上櫃股票基本資料（完整母集）,https://www.tpex.org.tw/openapi/v1/mopsfin_t187ap03_O,2026-08-28,待核,l2:TPEX:6432,无,不适用,L2机械母集；未挂格,"四件套：URL=source_url；检索日=2026-08-28；命中引语=""公司代號 6432""；判定类别=L2机械母集/待人工裁决。原始出表日期=1150828；完整发行人母集不推定PCB主营、中国大陆厂址或物理产能。"
cand:l2-tpex-6435,issuer,issuer:TW:6435,issuer:TW:6435,-,-,-,大中,L2,TPEx OpenAPI 上櫃股票基本資料（完整母集）,https://www.tpex.org.tw/openapi/v1/mopsfin_t187ap03_O,2026-08-28,待核,l2:TPEX:6435,无,不适用,L2机械母集；未挂格,"四件套：URL=source_url；检索日=2026-08-28；命中引语=""公司代號 6435""；判定类别=L2机械母集/待人工裁决。原始出表日期=1150828；完整发行人母集不推定PCB主营、中国大陆厂址或物理产能。"
cand:l2-tpex-6441,issuer,issuer:TW:6441,issuer:TW:6441,-,-,-,廣錠,L2,TPEx OpenAPI 上櫃股票基本資料（完整母集）,https://www.tpex.org.tw/openapi/v1/mopsfin_t187ap03_O,2026-08-28,待核,l2:TPEX:6441,无,不适用,L2机械母集；未挂格,"四件套：URL=source_url；检索日=2026-08-28；命中引语=""公司代號 6441""；判定类别=L2机械母集/待人工裁决。原始出表日期=1150828；完整发行人母集不推定PCB主营、中国大陆厂址或物理产能。"
cand:l2-tpex-6461,issuer,issuer:TW:6461,issuer:TW:6461,-,-,-,益得,L2,TPEx OpenAPI 上櫃股票基本資料（完整母集）,https://www.tpex.org.tw/openapi/v1/mopsfin_t187ap03_O,2026-08-28,待核,l2:TPEX:6461,无,不适用,L2机械母集；未挂格,"四件套：URL=source_url；检索日=2026-08-28；命中引语=""公司代號 6461""；判定类别=L2机械母集/待人工裁决。原始出表日期=1150828；完整发行人母集不推定PCB主营、中国大陆厂址或物理产能。"
cand:l2-tpex-6462,issuer,issuer:TW:6462,issuer:TW:6462,-,-,-,神盾,L2,TPEx OpenAPI 上櫃股票基本資料（完整母集）,https://www.tpex.org.tw/openapi/v1/mopsfin_t187ap03_O,2026-08-28,待核,l2:TPEX:6462,无,不适用,L2机械母集；未挂格,"四件套：URL=source_url；检索日=2026-08-28；命中引语=""公司代號 6462""；判定类别=L2机械母集/待人工裁决。原始出表日期=1150828；完整发行人母集不推定PCB主营、中国大陆厂址或物理产能。"
cand:l2-tpex-6465,issuer,issuer:TW:6465,issuer:TW:6465,-,-,-,威潤,L2,TPEx OpenAPI 上櫃股票基本資料（完整母集）,https://www.tpex.org.tw/openapi/v1/mopsfin_t187ap03_O,2026-08-28,待核,l2:TPEX:6465,无,不适用,L2机械母集；未挂格,"四件套：URL=source_url；检索日=2026-08-28；命中引语=""公司代號 6465""；判定类别=L2机械母集/待人工裁决。原始出表日期=1150828；完整发行人母集不推定PCB主营、中国大陆厂址或物理产能。"
cand:l2-tpex-6469,issuer,issuer:TW:6469,issuer:TW:6469,-,-,-,大樹,L2,TPEx OpenAPI 上櫃股票基本資料（完整母集）,https://www.tpex.org.tw/openapi/v1/mopsfin_t187ap03_O,2026-08-28,待核,l2:TPEX:6469,无,不适用,L2机械母集；未挂格,"四件套：URL=source_url；检索日=2026-08-28；命中引语=""公司代號 6469""；判定类别=L2机械母集/待人工裁决。原始出表日期=1150828；完整发行人母集不推定PCB主营、中国大陆厂址或物理产能。"
cand:l2-tpex-6470,issuer,issuer:TW:6470,issuer:TW:6470,-,-,-,宇智,L2,TPEx OpenAPI 上櫃股票基本資料（完整母集）,https://www.tpex.org.tw/openapi/v1/mopsfin_t187ap03_O,2026-08-28,待核,l2:TPEX:6470,无,不适用,L2机械母集；未挂格,"四件套：URL=source_url；检索日=2026-08-28；命中引语=""公司代號 6470""；判定类别=L2机械母集/待人工裁决。原始出表日期=1150828；完整发行人母集不推定PCB主营、中国大陆厂址或物理产能。"
cand:l2-tpex-6474,issuer,issuer:TW:6474,issuer:TW:6474,-,-,-,華豫寧,L2,TPEx OpenAPI 上櫃股票基本資料（完整母集）,https://www.tpex.org.tw/openapi/v1/mopsfin_t187ap03_O,2026-08-28,待核,l2:TPEX:6474,无,不适用,L2机械母集；未挂格,"四件套：URL=source_url；检索日=2026-08-28；命中引语=""公司代號 6474""；判定类别=L2机械母集/待人工裁决。原始出表日期=1150828；完整发行人母集不推定PCB主营、中国大陆厂址或物理产能。"
cand:l2-tpex-6482,issuer,issuer:TW:6482,issuer:TW:6482,-,-,-,弘煜科,L2,TPEx OpenAPI 上櫃股票基本資料（完整母集）,https://www.tpex.org.tw/openapi/v1/mopsfin_t187ap03_O,2026-08-28,待核,l2:TPEX:6482,无,不适用,L2机械母集；未挂格,"四件套：URL=source_url；检索日=2026-08-28；命中引语=""公司代號 6482""；判定类别=L2机械母集/待人工裁决。原始出表日期=1150828；完整发行人母集不推定PCB主营、中国大陆厂址或物理产能。"
cand:l2-tpex-6485,issuer,issuer:TW:6485,issuer:TW:6485,-,-,-,點序,L2,TPEx OpenAPI 上櫃股票基本資料（完整母集）,https://www.tpex.org.tw/openapi/v1/mopsfin_t187ap03_O,2026-08-28,待核,l2:TPEX:6485,无,不适用,L2机械母集；未挂格,"四件套：URL=source_url；检索日=2026-08-28；命中引语=""公司代號 6485""；判定类别=L2机械母集/待人工裁决。原始出表日期=1150828；完整发行人母集不推定PCB主营、中国大陆厂址或物理产能。"
cand:l2-tpex-6486,issuer,issuer:TW:6486,issuer:TW:6486,-,-,-,互動,L2,TPEx OpenAPI 上櫃股票基本資料（完整母集）,https://www.tpex.org.tw/openapi/v1/mopsfin_t187ap03_O,2026-08-28,待核,l2:TPEX:6486,无,不适用,L2机械母集；未挂格,"四件套：URL=source_url；检索日=2026-08-28；命中引语=""公司代號 6486""；判定类别=L2机械母集/待人工裁决。原始出表日期=1150828；完整发行人母集不推定PCB主营、中国大陆厂址或物理产能。"
cand:l2-tpex-6488,issuer,issuer:TW:6488,issuer:TW:6488,-,-,-,環球晶,L2,TPEx OpenAPI 上櫃股票基本資料（完整母集）,https://www.tpex.org.tw/openapi/v1/mopsfin_t187ap03_O,2026-08-28,待核,l2:TPEX:6488,无,不适用,L2机械母集；未挂格,"四件套：URL=source_url；检索日=2026-08-28；命中引语=""公司代號 6488""；判定类别=L2机械母集/待人工裁决。原始出表日期=1150828；完整发行人母集不推定PCB主营、中国大陆厂址或物理产能。"
cand:l2-tpex-6492,issuer,issuer:TW:6492,issuer:TW:6492,-,-,-,生華科,L2,TPEx OpenAPI 上櫃股票基本資料（完整母集）,https://www.tpex.org.tw/openapi/v1/mopsfin_t187ap03_O,2026-08-28,待核,l2:TPEX:6492,无,不适用,L2机械母集；未挂格,"四件套：URL=source_url；检索日=2026-08-28；命中引语=""公司代號 6492""；判定类别=L2机械母集/待人工裁决。原始出表日期=1150828；完整发行人母集不推定PCB主营、中国大陆厂址或物理产能。"
cand:l2-tpex-6494,issuer,issuer:TW:6494,issuer:TW:6494,-,-,-,九齊,L2,TPEx OpenAPI 上櫃股票基本資料（完整母集）,https://www.tpex.org.tw/openapi/v1/mopsfin_t187ap03_O,2026-08-28,待核,l2:TPEX:6494,无,不适用,L2机械母集；未挂格,"四件套：URL=source_url；检索日=2026-08-28；命中引语=""公司代號 6494""；判定类别=L2机械母集/待人工裁决。原始出表日期=1150828；完整发行人母集不推定PCB主营、中国大陆厂址或物理产能。"
cand:l2-tpex-6496,issuer,issuer:TW:6496,issuer:TW:6496,-,-,-,科懋,L2,TPEx OpenAPI 上櫃股票基本資料（完整母集）,https://www.tpex.org.tw/openapi/v1/mopsfin_t187ap03_O,2026-08-28,待核,l2:TPEX:6496,无,不适用,L2机械母集；未挂格,"四件套：URL=source_url；检索日=2026-08-28；命中引语=""公司代號 6496""；判定类别=L2机械母集/待人工裁决。原始出表日期=1150828；完整发行人母集不推定PCB主营、中国大陆厂址或物理产能。"
cand:l2-tpex-6498,issuer,issuer:TW:6498,issuer:TW:6498,-,-,-,久禾光,L2,TPEx OpenAPI 上櫃股票基本資料（完整母集）,https://www.tpex.org.tw/openapi/v1/mopsfin_t187ap03_O,2026-08-28,待核,l2:TPEX:6498,无,不适用,L2机械母集；未挂格,"四件套：URL=source_url；检索日=2026-08-28；命中引语=""公司代號 6498""；判定类别=L2机械母集/待人工裁决。原始出表日期=1150828；完整发行人母集不推定PCB主营、中国大陆厂址或物理产能。"
cand:l2-tpex-6499,issuer,issuer:TW:6499,issuer:TW:6499,-,-,-,益安,L2,TPEx OpenAPI 上櫃股票基本資料（完整母集）,https://www.tpex.org.tw/openapi/v1/mopsfin_t187ap03_O,2026-08-28,待核,l2:TPEX:6499,无,不适用,L2机械母集；未挂格,"四件套：URL=source_url；检索日=2026-08-28；命中引语=""公司代號 6499""；判定类别=L2机械母集/待人工裁决。原始出表日期=1150828；完整发行人母集不推定PCB主营、中国大陆厂址或物理产能。"
cand:l2-tpex-6506,issuer,issuer:TW:6506,issuer:TW:6506,-,-,-,雙邦,L2,TPEx OpenAPI 上櫃股票基本資料（完整母集）,https://www.tpex.org.tw/openapi/v1/mopsfin_t187ap03_O,2026-08-28,待核,l2:TPEX:6506,无,不适用,L2机械母集；未挂格,"四件套：URL=source_url；检索日=2026-08-28；命中引语=""公司代號 6506""；判定类别=L2机械母集/待人工裁决。原始出表日期=1150828；完整发行人母集不推定PCB主营、中国大陆厂址或物理产能。"
cand:l2-tpex-6508,issuer,issuer:TW:6508,issuer:TW:6508,-,-,-,惠光,L2,TPEx OpenAPI 上櫃股票基本資料（完整母集）,https://www.tpex.org.tw/openapi/v1/mopsfin_t187ap03_O,2026-08-28,待核,l2:TPEX:6508,无,不适用,L2机械母集；未挂格,"四件套：URL=source_url；检索日=2026-08-28；命中引语=""公司代號 6508""；判定类别=L2机械母集/待人工裁决。原始出表日期=1150828；完整发行人母集不推定PCB主营、中国大陆厂址或物理产能。"
cand:l2-tpex-6509,issuer,issuer:TW:6509,issuer:TW:6509,-,-,-,聚和,L2,TPEx OpenAPI 上櫃股票基本資料（完整母集）,https://www.tpex.org.tw/openapi/v1/mopsfin_t187ap03_O,2026-08-28,待核,l2:TPEX:6509,无,不适用,L2机械母集；未挂格,"四件套：URL=source_url；检索日=2026-08-28；命中引语=""公司代號 6509""；判定类别=L2机械母集/待人工裁决。原始出表日期=1150828；完整发行人母集不推定PCB主营、中国大陆厂址或物理产能。"
cand:l2-tpex-6510,issuer,issuer:TW:6510,issuer:TW:6510,-,-,-,精測,L2,TPEx OpenAPI 上櫃股票基本資料（完整母集）,https://www.tpex.org.tw/openapi/v1/mopsfin_t187ap03_O,2026-08-28,待核,l2:TPEX:6510,无,不适用,L2机械母集；未挂格,"四件套：URL=source_url；检索日=2026-08-28；命中引语=""公司代號 6510""；判定类别=L2机械母集/待人工裁决。原始出表日期=1150828；完整发行人母集不推定PCB主营、中国大陆厂址或物理产能。"
cand:l2-tpex-6512,issuer,issuer:TW:6512,issuer:TW:6512,-,-,-,啟發電,L2,TPEx OpenAPI 上櫃股票基本資料（完整母集）,https://www.tpex.org.tw/openapi/v1/mopsfin_t187ap03_O,2026-08-28,待核,l2:TPEX:6512,无,不适用,L2机械母集；未挂格,"四件套：URL=source_url；检索日=2026-08-28；命中引语=""公司代號 6512""；判定类别=L2机械母集/待人工裁决。原始出表日期=1150828；完整发行人母集不推定PCB主营、中国大陆厂址或物理产能。"
cand:l2-tpex-6516,issuer,issuer:TW:6516,issuer:TW:6516,-,-,-,勤崴國際,L2,TPEx OpenAPI 上櫃股票基本資料（完整母集）,https://www.tpex.org.tw/openapi/v1/mopsfin_t187ap03_O,2026-08-28,待核,l2:TPEX:6516,无,不适用,L2机械母集；未挂格,"四件套：URL=source_url；检索日=2026-08-28；命中引语=""公司代號 6516""；判定类别=L2机械母集/待人工裁决。原始出表日期=1150828；完整发行人母集不推定PCB主营、中国大陆厂址或物理产能。"
cand:l2-tpex-6517,issuer,issuer:TW:6517,issuer:TW:6517,-,-,-,保勝光學,L2,TPEx OpenAPI 上櫃股票基本資料（完整母集）,https://www.tpex.org.tw/openapi/v1/mopsfin_t187ap03_O,2026-08-28,待核,l2:TPEX:6517,无,不适用,L2机械母集；未挂格,"四件套：URL=source_url；检索日=2026-08-28；命中引语=""公司代號 6517""；判定类别=L2机械母集/待人工裁决。原始出表日期=1150828；完整发行人母集不推定PCB主营、中国大陆厂址或物理产能。"
cand:l2-tpex-6523,issuer,issuer:TW:6523,issuer:TW:6523,-,-,-,達爾膚,L2,TPEx OpenAPI 上櫃股票基本資料（完整母集）,https://www.tpex.org.tw/openapi/v1/mopsfin_t187ap03_O,2026-08-28,待核,l2:TPEX:6523,无,不适用,L2机械母集；未挂格,"四件套：URL=source_url；检索日=2026-08-28；命中引语=""公司代號 6523""；判定类别=L2机械母集/待人工裁决。原始出表日期=1150828；完整发行人母集不推定PCB主营、中国大陆厂址或物理产能。"
cand:l2-tpex-6527,issuer,issuer:TW:6527,issuer:TW:6527,-,-,-,明達醫,L2,TPEx OpenAPI 上櫃股票基本資料（完整母集）,https://www.tpex.org.tw/openapi/v1/mopsfin_t187ap03_O,2026-08-28,待核,l2:TPEX:6527,无,不适用,L2机械母集；未挂格,"四件套：URL=source_url；检索日=2026-08-28；命中引语=""公司代號 6527""；判定类别=L2机械母集/待人工裁决。原始出表日期=1150828；完整发行人母集不推定PCB主营、中国大陆厂址或物理产能。"
cand:l2-tpex-6530,issuer,issuer:TW:6530,issuer:TW:6530,-,-,-,創威,L2,TPEx OpenAPI 上櫃股票基本資料（完整母集）,https://www.tpex.org.tw/openapi/v1/mopsfin_t187ap03_O,2026-08-28,待核,l2:TPEX:6530,无,不适用,L2机械母集；未挂格,"四件套：URL=source_url；检索日=2026-08-28；命中引语=""公司代號 6530""；判定类别=L2机械母集/待人工裁决。原始出表日期=1150828；完整发行人母集不推定PCB主营、中国大陆厂址或物理产能。"
cand:l2-tpex-6532,issuer,issuer:TW:6532,issuer:TW:6532,-,-,-,瑞耘,L2,TPEx OpenAPI 上櫃股票基本資料（完整母集）,https://www.tpex.org.tw/openapi/v1/mopsfin_t187ap03_O,2026-08-28,待核,l2:TPEX:6532,无,不适用,L2机械母集；未挂格,"四件套：URL=source_url；检索日=2026-08-28；命中引语=""公司代號 6532""；判定类别=L2机械母集/待人工裁决。原始出表日期=1150828；完整发行人母集不推定PCB主营、中国大陆厂址或物理产能。"
cand:l2-tpex-6535,issuer,issuer:TW:6535,issuer:TW:6535,-,-,-,順藥,L2,TPEx OpenAPI 上櫃股票基本資料（完整母集）,https://www.tpex.org.tw/openapi/v1/mopsfin_t187ap03_O,2026-08-28,待核,l2:TPEX:6535,无,不适用,L2机械母集；未挂格,"四件套：URL=source_url；检索日=2026-08-28；命中引语=""公司代號 6535""；判定类别=L2机械母集/待人工裁决。原始出表日期=1150828；完整发行人母集不推定PCB主营、中国大陆厂址或物理产能。"
cand:l2-tpex-6538,issuer,issuer:TW:6538,issuer:TW:6538,-,-,-,倉和,L2,TPEx OpenAPI 上櫃股票基本資料（完整母集）,https://www.tpex.org.tw/openapi/v1/mopsfin_t187ap03_O,2026-08-28,待核,l2:TPEX:6538,无,不适用,L2机械母集；未挂格,"四件套：URL=source_url；检索日=2026-08-28；命中引语=""公司代號 6538""；判定类别=L2机械母集/待人工裁决。原始出表日期=1150828；完整发行人母集不推定PCB主营、中国大陆厂址或物理产能。"
cand:l2-tpex-6542,issuer,issuer:TW:6542,issuer:TW:6542,-,-,-,隆中,L2,TPEx OpenAPI 上櫃股票基本資料（完整母集）,https://www.tpex.org.tw/openapi/v1/mopsfin_t187ap03_O,2026-08-28,待核,l2:TPEX:6542,无,不适用,L2机械母集；未挂格,"四件套：URL=source_url；检索日=2026-08-28；命中引语=""公司代號 6542""；判定类别=L2机械母集/待人工裁决。原始出表日期=1150828；完整发行人母集不推定PCB主营、中国大陆厂址或物理产能。"
cand:l2-tpex-6546,issuer,issuer:TW:6546,issuer:TW:6546,-,-,-,正基,L2,TPEx OpenAPI 上櫃股票基本資料（完整母集）,https://www.tpex.org.tw/openapi/v1/mopsfin_t187ap03_O,2026-08-28,待核,l2:TPEX:6546,无,不适用,L2机械母集；未挂格,"四件套：URL=source_url；检索日=2026-08-28；命中引语=""公司代號 6546""；判定类别=L2机械母集/待人工裁决。原始出表日期=1150828；完整发行人母集不推定PCB主营、中国大陆厂址或物理产能。"
cand:l2-tpex-6547,issuer,issuer:TW:6547,issuer:TW:6547,-,-,-,高端疫苗,L2,TPEx OpenAPI 上櫃股票基本資料（完整母集）,https://www.tpex.org.tw/openapi/v1/mopsfin_t187ap03_O,2026-08-28,待核,l2:TPEX:6547,无,不适用,L2机械母集；未挂格,"四件套：URL=source_url；检索日=2026-08-28；命中引语=""公司代號 6547""；判定类别=L2机械母集/待人工裁决。原始出表日期=1150828；完整发行人母集不推定PCB主营、中国大陆厂址或物理产能。"
cand:l2-tpex-6548,issuer,issuer:TW:6548,issuer:TW:6548,-,-,-,長科*,L2,TPEx OpenAPI 上櫃股票基本資料（完整母集）,https://www.tpex.org.tw/openapi/v1/mopsfin_t187ap03_O,2026-08-28,待核,l2:TPEX:6548,无,不适用,L2机械母集；未挂格,"四件套：URL=source_url；检索日=2026-08-28；命中引语=""公司代號 6548""；判定类别=L2机械母集/待人工裁决。原始出表日期=1150828；完整发行人母集不推定PCB主营、中国大陆厂址或物理产能。"
cand:l2-tpex-6556,issuer,issuer:TW:6556,issuer:TW:6556,-,-,-,勝品,L2,TPEx OpenAPI 上櫃股票基本資料（完整母集）,https://www.tpex.org.tw/openapi/v1/mopsfin_t187ap03_O,2026-08-28,待核,l2:TPEX:6556,无,不适用,L2机械母集；未挂格,"四件套：URL=source_url；检索日=2026-08-28；命中引语=""公司代號 6556""；判定类别=L2机械母集/待人工裁决。原始出表日期=1150828；完整发行人母集不推定PCB主营、中国大陆厂址或物理产能。"
cand:l2-tpex-6560,issuer,issuer:TW:6560,issuer:TW:6560,-,-,-,欣普羅,L2,TPEx OpenAPI 上櫃股票基本資料（完整母集）,https://www.tpex.org.tw/openapi/v1/mopsfin_t187ap03_O,2026-08-28,待核,l2:TPEX:6560,无,不适用,L2机械母集；未挂格,"四件套：URL=source_url；检索日=2026-08-28；命中引语=""公司代號 6560""；判定类别=L2机械母集/待人工裁决。原始出表日期=1150828；完整发行人母集不推定PCB主营、中国大陆厂址或物理产能。"
cand:l2-tpex-6561,issuer,issuer:TW:6561,issuer:TW:6561,-,-,-,是方,L2,TPEx OpenAPI 上櫃股票基本資料（完整母集）,https://www.tpex.org.tw/openapi/v1/mopsfin_t187ap03_O,2026-08-28,待核,l2:TPEX:6561,无,不适用,L2机械母集；未挂格,"四件套：URL=source_url；检索日=2026-08-28；命中引语=""公司代號 6561""；判定类别=L2机械母集/待人工裁决。原始出表日期=1150828；完整发行人母集不推定PCB主营、中国大陆厂址或物理产能。"
cand:l2-tpex-6568,issuer,issuer:TW:6568,issuer:TW:6568,-,-,-,宏觀,L2,TPEx OpenAPI 上櫃股票基本資料（完整母集）,https://www.tpex.org.tw/openapi/v1/mopsfin_t187ap03_O,2026-08-28,待核,l2:TPEX:6568,无,不适用,L2机械母集；未挂格,"四件套：URL=source_url；检索日=2026-08-28；命中引语=""公司代號 6568""；判定类别=L2机械母集/待人工裁决。原始出表日期=1150828；完整发行人母集不推定PCB主营、中国大陆厂址或物理产能。"
cand:l2-tpex-6569,issuer,issuer:TW:6569,issuer:TW:6569,-,-,-,醫揚,L2,TPEx OpenAPI 上櫃股票基本資料（完整母集）,https://www.tpex.org.tw/openapi/v1/mopsfin_t187ap03_O,2026-08-28,待核,l2:TPEX:6569,无,不适用,L2机械母集；未挂格,"四件套：URL=source_url；检索日=2026-08-28；命中引语=""公司代號 6569""；判定类别=L2机械母集/待人工裁决。原始出表日期=1150828；完整发行人母集不推定PCB主营、中国大陆厂址或物理产能。"
cand:l2-tpex-6570,issuer,issuer:TW:6570,issuer:TW:6570,-,-,-,維田,L2,TPEx OpenAPI 上櫃股票基本資料（完整母集）,https://www.tpex.org.tw/openapi/v1/mopsfin_t187ap03_O,2026-08-28,待核,l2:TPEX:6570,无,不适用,L2机械母集；未挂格,"四件套：URL=source_url；检索日=2026-08-28；命中引语=""公司代號 6570""；判定类别=L2机械母集/待人工裁决。原始出表日期=1150828；完整发行人母集不推定PCB主营、中国大陆厂址或物理产能。"
cand:l2-tpex-6574,issuer,issuer:TW:6574,issuer:TW:6574,-,-,-,霈方,L2,TPEx OpenAPI 上櫃股票基本資料（完整母集）,https://www.tpex.org.tw/openapi/v1/mopsfin_t187ap03_O,2026-08-28,待核,l2:TPEX:6574,无,不适用,L2机械母集；未挂格,"四件套：URL=source_url；检索日=2026-08-28；命中引语=""公司代號 6574""；判定类别=L2机械母集/待人工裁决。原始出表日期=1150828；完整发行人母集不推定PCB主营、中国大陆厂址或物理产能。"
cand:l2-tpex-6576,issuer,issuer:TW:6576,issuer:TW:6576,-,-,-,逸達,L2,TPEx OpenAPI 上櫃股票基本資料（完整母集）,https://www.tpex.org.tw/openapi/v1/mopsfin_t187ap03_O,2026-08-28,待核,l2:TPEX:6576,无,不适用,L2机械母集；未挂格,"四件套：URL=source_url；检索日=2026-08-28；命中引语=""公司代號 6576""；判定类别=L2机械母集/待人工裁决。原始出表日期=1150828；完整发行人母集不推定PCB主营、中国大陆厂址或物理产能。"
cand:l2-tpex-6577,issuer,issuer:TW:6577,issuer:TW:6577,-,-,-,勁豐,L2,TPEx OpenAPI 上櫃股票基本資料（完整母集）,https://www.tpex.org.tw/openapi/v1/mopsfin_t187ap03_O,2026-08-28,待核,l2:TPEX:6577,无,不适用,L2机械母集；未挂格,"四件套：URL=source_url；检索日=2026-08-28；命中引语=""公司代號 6577""；判定类别=L2机械母集/待人工裁决。原始出表日期=1150828；完整发行人母集不推定PCB主营、中国大陆厂址或物理产能。"
cand:l2-tpex-6578,issuer,issuer:TW:6578,issuer:TW:6578,-,-,-,達邦蛋白,L2,TPEx OpenAPI 上櫃股票基本資料（完整母集）,https://www.tpex.org.tw/openapi/v1/mopsfin_t187ap03_O,2026-08-28,待核,l2:TPEX:6578,无,不适用,L2机械母集；未挂格,"四件套：URL=source_url；检索日=2026-08-28；命中引语=""公司代號 6578""；判定类别=L2机械母集/待人工裁决。原始出表日期=1150828；完整发行人母集不推定PCB主营、中国大陆厂址或物理产能。"
cand:l2-tpex-6584,issuer,issuer:TW:6584,issuer:TW:6584,-,-,-,南俊國際,L2,TPEx OpenAPI 上櫃股票基本資料（完整母集）,https://www.tpex.org.tw/openapi/v1/mopsfin_t187ap03_O,2026-08-28,待核,l2:TPEX:6584,无,不适用,L2机械母集；未挂格,"四件套：URL=source_url；检索日=2026-08-28；命中引语=""公司代號 6584""；判定类别=L2机械母集/待人工裁决。原始出表日期=1150828；完整发行人母集不推定PCB主营、中国大陆厂址或物理产能。"
cand:l2-tpex-6588,issuer,issuer:TW:6588,issuer:TW:6588,-,-,-,東典光電,L2,TPEx OpenAPI 上櫃股票基本資料（完整母集）,https://www.tpex.org.tw/openapi/v1/mopsfin_t187ap03_O,2026-08-28,待核,l2:TPEX:6588,无,不适用,L2机械母集；未挂格,"四件套：URL=source_url；检索日=2026-08-28；命中引语=""公司代號 6588""；判定类别=L2机械母集/待人工裁决。原始出表日期=1150828；完整发行人母集不推定PCB主营、中国大陆厂址或物理产能。"
cand:l2-tpex-6590,issuer,issuer:TW:6590,issuer:TW:6590,-,-,-,普鴻,L2,TPEx OpenAPI 上櫃股票基本資料（完整母集）,https://www.tpex.org.tw/openapi/v1/mopsfin_t187ap03_O,2026-08-28,待核,l2:TPEX:6590,无,不适用,L2机械母集；未挂格,"四件套：URL=source_url；检索日=2026-08-28；命中引语=""公司代號 6590""；判定类别=L2机械母集/待人工裁决。原始出表日期=1150828；完整发行人母集不推定PCB主营、中国大陆厂址或物理产能。"
cand:l2-tpex-6593,issuer,issuer:TW:6593,issuer:TW:6593,-,-,-,台灣銘板,L2,TPEx OpenAPI 上櫃股票基本資料（完整母集）,https://www.tpex.org.tw/openapi/v1/mopsfin_t187ap03_O,2026-08-28,待核,l2:TPEX:6593,无,不适用,L2机械母集；未挂格,"四件套：URL=source_url；检索日=2026-08-28；命中引语=""公司代號 6593""；判定类别=L2机械母集/待人工裁决。原始出表日期=1150828；完整发行人母集不推定PCB主营、中国大陆厂址或物理产能。"
cand:l2-tpex-6596,issuer,issuer:TW:6596,issuer:TW:6596,-,-,-,寬宏藝術,L2,TPEx OpenAPI 上櫃股票基本資料（完整母集）,https://www.tpex.org.tw/openapi/v1/mopsfin_t187ap03_O,2026-08-28,待核,l2:TPEX:6596,无,不适用,L2机械母集；未挂格,"四件套：URL=source_url；检索日=2026-08-28；命中引语=""公司代號 6596""；判定类别=L2机械母集/待人工裁决。原始出表日期=1150828；完整发行人母集不推定PCB主营、中国大陆厂址或物理产能。"
cand:l2-tpex-6597,issuer,issuer:TW:6597,issuer:TW:6597,-,-,-,立誠,L2,TPEx OpenAPI 上櫃股票基本資料（完整母集）,https://www.tpex.org.tw/openapi/v1/mopsfin_t187ap03_O,2026-08-28,待核,l2:TPEX:6597,无,不适用,L2机械母集；未挂格,"四件套：URL=source_url；检索日=2026-08-28；命中引语=""公司代號 6597""；判定类别=L2机械母集/待人工裁决。原始出表日期=1150828；完整发行人母集不推定PCB主营、中国大陆厂址或物理产能。"
cand:l2-tpex-6603,issuer,issuer:TW:6603,issuer:TW:6603,-,-,-,富強鑫,L2,TPEx OpenAPI 上櫃股票基本資料（完整母集）,https://www.tpex.org.tw/openapi/v1/mopsfin_t187ap03_O,2026-08-28,待核,l2:TPEX:6603,无,不适用,L2机械母集；未挂格,"四件套：URL=source_url；检索日=2026-08-28；命中引语=""公司代號 6603""；判定类别=L2机械母集/待人工裁决。原始出表日期=1150828；完整发行人母集不推定PCB主营、中国大陆厂址或物理产能。"
cand:l2-tpex-6609,issuer,issuer:TW:6609,issuer:TW:6609,-,-,-,瀧澤科,L2,TPEx OpenAPI 上櫃股票基本資料（完整母集）,https://www.tpex.org.tw/openapi/v1/mopsfin_t187ap03_O,2026-08-28,待核,l2:TPEX:6609,无,不适用,L2机械母集；未挂格,"四件套：URL=source_url；检索日=2026-08-28；命中引语=""公司代號 6609""；判定类别=L2机械母集/待人工裁决。原始出表日期=1150828；完整发行人母集不推定PCB主营、中国大陆厂址或物理产能。"
cand:l2-tpex-6612,issuer,issuer:TW:6612,issuer:TW:6612,-,-,-,奈米醫材,L2,TPEx OpenAPI 上櫃股票基本資料（完整母集）,https://www.tpex.org.tw/openapi/v1/mopsfin_t187ap03_O,2026-08-28,待核,l2:TPEX:6612,无,不适用,L2机械母集；未挂格,"四件套：URL=source_url；检索日=2026-08-28；命中引语=""公司代號 6612""；判定类别=L2机械母集/待人工裁决。原始出表日期=1150828；完整发行人母集不推定PCB主营、中国大陆厂址或物理产能。"
cand:l2-tpex-6613,issuer,issuer:TW:6613,issuer:TW:6613,-,-,-,朋億*,L2,TPEx OpenAPI 上櫃股票基本資料（完整母集）,https://www.tpex.org.tw/openapi/v1/mopsfin_t187ap03_O,2026-08-28,待核,l2:TPEX:6613,无,不适用,L2机械母集；未挂格,"四件套：URL=source_url；检索日=2026-08-28；命中引语=""公司代號 6613""；判定类别=L2机械母集/待人工裁决。原始出表日期=1150828；完整发行人母集不推定PCB主营、中国大陆厂址或物理产能。"
cand:l2-tpex-6615,issuer,issuer:TW:6615,issuer:TW:6615,-,-,-,慧智,L2,TPEx OpenAPI 上櫃股票基本資料（完整母集）,https://www.tpex.org.tw/openapi/v1/mopsfin_t187ap03_O,2026-08-28,待核,l2:TPEX:6615,无,不适用,L2机械母集；未挂格,"四件套：URL=source_url；检索日=2026-08-28；命中引语=""公司代號 6615""；判定类别=L2机械母集/待人工裁决。原始出表日期=1150828；完整发行人母集不推定PCB主营、中国大陆厂址或物理产能。"
cand:l2-tpex-6616,issuer,issuer:TW:6616,issuer:TW:6616,-,-,-,特昇-KY,L2,TPEx OpenAPI 上櫃股票基本資料（完整母集）,https://www.tpex.org.tw/openapi/v1/mopsfin_t187ap03_O,2026-08-28,待核,l2:TPEX:6616,无,不适用,L2机械母集；未挂格,"四件套：URL=source_url；检索日=2026-08-28；命中引语=""公司代號 6616""；判定类别=L2机械母集/待人工裁决。原始出表日期=1150828；完整发行人母集不推定PCB主营、中国大陆厂址或物理产能。"
cand:l2-tpex-6617,issuer,issuer:TW:6617,issuer:TW:6617,-,-,-,共信-KY,L2,TPEx OpenAPI 上櫃股票基本資料（完整母集）,https://www.tpex.org.tw/openapi/v1/mopsfin_t187ap03_O,2026-08-28,待核,l2:TPEX:6617,无,不适用,L2机械母集；未挂格,"四件套：URL=source_url；检索日=2026-08-28；命中引语=""公司代號 6617""；判定类别=L2机械母集/待人工裁决。原始出表日期=1150828；完整发行人母集不推定PCB主营、中国大陆厂址或物理产能。"
cand:l2-tpex-6620,issuer,issuer:TW:6620,issuer:TW:6620,-,-,-,漢達,L2,TPEx OpenAPI 上櫃股票基本資料（完整母集）,https://www.tpex.org.tw/openapi/v1/mopsfin_t187ap03_O,2026-08-28,待核,l2:TPEX:6620,无,不适用,L2机械母集；未挂格,"四件套：URL=source_url；检索日=2026-08-28；命中引语=""公司代號 6620""；判定类别=L2机械母集/待人工裁决。原始出表日期=1150828；完整发行人母集不推定PCB主营、中国大陆厂址或物理产能。"
cand:l2-tpex-6624,issuer,issuer:TW:6624,issuer:TW:6624,-,-,-,萬年清,L2,TPEx OpenAPI 上櫃股票基本資料（完整母集）,https://www.tpex.org.tw/openapi/v1/mopsfin_t187ap03_O,2026-08-28,待核,l2:TPEX:6624,无,不适用,L2机械母集；未挂格,"四件套：URL=source_url；检索日=2026-08-28；命中引语=""公司代號 6624""；判定类别=L2机械母集/待人工裁决。原始出表日期=1150828；完整发行人母集不推定PCB主营、中国大陆厂址或物理产能。"
cand:l2-tpex-6629,issuer,issuer:TW:6629,issuer:TW:6629,-,-,-,泰金-KY,L2,TPEx OpenAPI 上櫃股票基本資料（完整母集）,https://www.tpex.org.tw/openapi/v1/mopsfin_t187ap03_O,2026-08-28,待核,l2:TPEX:6629,无,不适用,L2机械母集；未挂格,"四件套：URL=source_url；检索日=2026-08-28；命中引语=""公司代號 6629""；判定类别=L2机械母集/待人工裁决。原始出表日期=1150828；完整发行人母集不推定PCB主营、中国大陆厂址或物理产能。"
cand:l2-tpex-6637,issuer,issuer:TW:6637,issuer:TW:6637,-,-,-,醫影,L2,TPEx OpenAPI 上櫃股票基本資料（完整母集）,https://www.tpex.org.tw/openapi/v1/mopsfin_t187ap03_O,2026-08-28,待核,l2:TPEX:6637,无,不适用,L2机械母集；未挂格,"四件套：URL=source_url；检索日=2026-08-28；命中引语=""公司代號 6637""；判定类别=L2机械母集/待人工裁决。原始出表日期=1150828；完整发行人母集不推定PCB主营、中国大陆厂址或物理产能。"
cand:l2-tpex-6640,issuer,issuer:TW:6640,issuer:TW:6640,-,-,-,均華,L2,TPEx OpenAPI 上櫃股票基本資料（完整母集）,https://www.tpex.org.tw/openapi/v1/mopsfin_t187ap03_O,2026-08-28,待核,l2:TPEX:6640,无,不适用,L2机械母集；未挂格,"四件套：URL=source_url；检索日=2026-08-28；命中引语=""公司代號 6640""；判定类别=L2机械母集/待人工裁决。原始出表日期=1150828；完整发行人母集不推定PCB主营、中国大陆厂址或物理产能。"
cand:l2-tpex-6642,issuer,issuer:TW:6642,issuer:TW:6642,-,-,-,富致,L2,TPEx OpenAPI 上櫃股票基本資料（完整母集）,https://www.tpex.org.tw/openapi/v1/mopsfin_t187ap03_O,2026-08-28,待核,l2:TPEX:6642,无,不适用,L2机械母集；未挂格,"四件套：URL=source_url；检索日=2026-08-28；命中引语=""公司代號 6642""；判定类别=L2机械母集/待人工裁决。原始出表日期=1150828；完整发行人母集不推定PCB主营、中国大陆厂址或物理产能。"
cand:l2-tpex-6643,issuer,issuer:TW:6643,issuer:TW:6643,-,-,-,M31,L2,TPEx OpenAPI 上櫃股票基本資料（完整母集）,https://www.tpex.org.tw/openapi/v1/mopsfin_t187ap03_O,2026-08-28,待核,l2:TPEX:6643,无,不适用,L2机械母集；未挂格,"四件套：URL=source_url；检索日=2026-08-28；命中引语=""公司代號 6643""；判定类别=L2机械母集/待人工裁决。原始出表日期=1150828；完整发行人母集不推定PCB主营、中国大陆厂址或物理产能。"
cand:l2-tpex-6649,issuer,issuer:TW:6649,issuer:TW:6649,-,-,-,台生材,L2,TPEx OpenAPI 上櫃股票基本資料（完整母集）,https://www.tpex.org.tw/openapi/v1/mopsfin_t187ap03_O,2026-08-28,待核,l2:TPEX:6649,无,不适用,L2机械母集；未挂格,"四件套：URL=source_url；检索日=2026-08-28；命中引语=""公司代號 6649""；判定类别=L2机械母集/待人工裁决。原始出表日期=1150828；完整发行人母集不推定PCB主营、中国大陆厂址或物理产能。"
cand:l2-tpex-6651,issuer,issuer:TW:6651,issuer:TW:6651,-,-,-,全宇昕,L2,TPEx OpenAPI 上櫃股票基本資料（完整母集）,https://www.tpex.org.tw/openapi/v1/mopsfin_t187ap03_O,2026-08-28,待核,l2:TPEX:6651,无,不适用,L2机械母集；未挂格,"四件套：URL=source_url；检索日=2026-08-28；命中引语=""公司代號 6651""；判定类别=L2机械母集/待人工裁决。原始出表日期=1150828；完整发行人母集不推定PCB主营、中国大陆厂址或物理产能。"
cand:l2-tpex-6654,issuer,issuer:TW:6654,issuer:TW:6654,-,-,-,天正國際,L2,TPEx OpenAPI 上櫃股票基本資料（完整母集）,https://www.tpex.org.tw/openapi/v1/mopsfin_t187ap03_O,2026-08-28,待核,l2:TPEX:6654,无,不适用,L2机械母集；未挂格,"四件套：URL=source_url；检索日=2026-08-28；命中引语=""公司代號 6654""；判定类别=L2机械母集/待人工裁决。原始出表日期=1150828；完整发行人母集不推定PCB主营、中国大陆厂址或物理产能。"
cand:l2-tpex-6661,issuer,issuer:TW:6661,issuer:TW:6661,-,-,-,威健生技,L2,TPEx OpenAPI 上櫃股票基本資料（完整母集）,https://www.tpex.org.tw/openapi/v1/mopsfin_t187ap03_O,2026-08-28,待核,l2:TPEX:6661,无,不适用,L2机械母集；未挂格,"四件套：URL=source_url；检索日=2026-08-28；命中引语=""公司代號 6661""；判定类别=L2机械母集/待人工裁决。原始出表日期=1150828；完整发行人母集不推定PCB主营、中国大陆厂址或物理产能。"
cand:l2-tpex-6662,issuer,issuer:TW:6662,issuer:TW:6662,-,-,-,樂斯科,L2,TPEx OpenAPI 上櫃股票基本資料（完整母集）,https://www.tpex.org.tw/openapi/v1/mopsfin_t187ap03_O,2026-08-28,待核,l2:TPEX:6662,无,不适用,L2机械母集；未挂格,"四件套：URL=source_url；检索日=2026-08-28；命中引语=""公司代號 6662""；判定类别=L2机械母集/待人工裁决。原始出表日期=1150828；完整发行人母集不推定PCB主营、中国大陆厂址或物理产能。"
cand:l2-tpex-6664,issuer,issuer:TW:6664,issuer:TW:6664,-,-,-,群翊,L2,TPEx OpenAPI 上櫃股票基本資料（完整母集）,https://www.tpex.org.tw/openapi/v1/mopsfin_t187ap03_O,2026-08-28,待核,l2:TPEX:6664,无,不适用,L2机械母集；未挂格,"四件套：URL=source_url；检索日=2026-08-28；命中引语=""公司代號 6664""；判定类别=L2机械母集/待人工裁决。原始出表日期=1150828；完整发行人母集不推定PCB主营、中国大陆厂址或物理产能。"
cand:l2-tpex-6667,issuer,issuer:TW:6667,issuer:TW:6667,-,-,-,信紘科,L2,TPEx OpenAPI 上櫃股票基本資料（完整母集）,https://www.tpex.org.tw/openapi/v1/mopsfin_t187ap03_O,2026-08-28,待核,l2:TPEX:6667,无,不适用,L2机械母集；未挂格,"四件套：URL=source_url；检索日=2026-08-28；命中引语=""公司代號 6667""；判定类别=L2机械母集/待人工裁决。原始出表日期=1150828；完整发行人母集不推定PCB主营、中国大陆厂址或物理产能。"
cand:l2-tpex-6679,issuer,issuer:TW:6679,issuer:TW:6679,-,-,-,鈺太,L2,TPEx OpenAPI 上櫃股票基本資料（完整母集）,https://www.tpex.org.tw/openapi/v1/mopsfin_t187ap03_O,2026-08-28,待核,l2:TPEX:6679,无,不适用,L2机械母集；未挂格,"四件套：URL=source_url；检索日=2026-08-28；命中引语=""公司代號 6679""；判定类别=L2机械母集/待人工裁决。原始出表日期=1150828；完整发行人母集不推定PCB主营、中国大陆厂址或物理产能。"
cand:l2-tpex-6680,issuer,issuer:TW:6680,issuer:TW:6680,-,-,-,鑫創電子,L2,TPEx OpenAPI 上櫃股票基本資料（完整母集）,https://www.tpex.org.tw/openapi/v1/mopsfin_t187ap03_O,2026-08-28,待核,l2:TPEX:6680,无,不适用,L2机械母集；未挂格,"四件套：URL=source_url；检索日=2026-08-28；命中引语=""公司代號 6680""；判定类别=L2机械母集/待人工裁决。原始出表日期=1150828；完整发行人母集不推定PCB主营、中国大陆厂址或物理产能。"
cand:l2-tpex-6683,issuer,issuer:TW:6683,issuer:TW:6683,-,-,-,雍智科技,L2,TPEx OpenAPI 上櫃股票基本資料（完整母集）,https://www.tpex.org.tw/openapi/v1/mopsfin_t187ap03_O,2026-08-28,待核,l2:TPEX:6683,无,不适用,L2机械母集；未挂格,"四件套：URL=source_url；检索日=2026-08-28；命中引语=""公司代號 6683""；判定类别=L2机械母集/待人工裁决。原始出表日期=1150828；完整发行人母集不推定PCB主营、中国大陆厂址或物理产能。"
cand:l2-tpex-6684,issuer,issuer:TW:6684,issuer:TW:6684,-,-,-,安格,L2,TPEx OpenAPI 上櫃股票基本資料（完整母集）,https://www.tpex.org.tw/openapi/v1/mopsfin_t187ap03_O,2026-08-28,待核,l2:TPEX:6684,无,不适用,L2机械母集；未挂格,"四件套：URL=source_url；检索日=2026-08-28；命中引语=""公司代號 6684""；判定类别=L2机械母集/待人工裁决。原始出表日期=1150828；完整发行人母集不推定PCB主营、中国大陆厂址或物理产能。"
cand:l2-tpex-6690,issuer,issuer:TW:6690,issuer:TW:6690,-,-,-,安碁資訊,L2,TPEx OpenAPI 上櫃股票基本資料（完整母集）,https://www.tpex.org.tw/openapi/v1/mopsfin_t187ap03_O,2026-08-28,待核,l2:TPEX:6690,无,不适用,L2机械母集；未挂格,"四件套：URL=source_url；检索日=2026-08-28；命中引语=""公司代號 6690""；判定类别=L2机械母集/待人工裁决。原始出表日期=1150828；完整发行人母集不推定PCB主营、中国大陆厂址或物理产能。"
cand:l2-tpex-6692,issuer,issuer:TW:6692,issuer:TW:6692,-,-,-,進能服,L2,TPEx OpenAPI 上櫃股票基本資料（完整母集）,https://www.tpex.org.tw/openapi/v1/mopsfin_t187ap03_O,2026-08-28,待核,l2:TPEX:6692,无,不适用,L2机械母集；未挂格,"四件套：URL=source_url；检索日=2026-08-28；命中引语=""公司代號 6692""；判定类别=L2机械母集/待人工裁决。原始出表日期=1150828；完整发行人母集不推定PCB主营、中国大陆厂址或物理产能。"
cand:l2-tpex-6693,issuer,issuer:TW:6693,issuer:TW:6693,-,-,-,廣閎科,L2,TPEx OpenAPI 上櫃股票基本資料（完整母集）,https://www.tpex.org.tw/openapi/v1/mopsfin_t187ap03_O,2026-08-28,待核,l2:TPEX:6693,无,不适用,L2机械母集；未挂格,"四件套：URL=source_url；检索日=2026-08-28；命中引语=""公司代號 6693""；判定类别=L2机械母集/待人工裁决。原始出表日期=1150828；完整发行人母集不推定PCB主营、中国大陆厂址或物理产能。"
cand:l2-tpex-6697,issuer,issuer:TW:6697,issuer:TW:6697,-,-,-,東捷資訊,L2,TPEx OpenAPI 上櫃股票基本資料（完整母集）,https://www.tpex.org.tw/openapi/v1/mopsfin_t187ap03_O,2026-08-28,待核,l2:TPEX:6697,无,不适用,L2机械母集；未挂格,"四件套：URL=source_url；检索日=2026-08-28；命中引语=""公司代號 6697""；判定类别=L2机械母集/待人工裁决。原始出表日期=1150828；完整发行人母集不推定PCB主营、中国大陆厂址或物理产能。"
cand:l2-tpex-6703,issuer,issuer:TW:6703,issuer:TW:6703,-,-,-,軒郁,L2,TPEx OpenAPI 上櫃股票基本資料（完整母集）,https://www.tpex.org.tw/openapi/v1/mopsfin_t187ap03_O,2026-08-28,待核,l2:TPEX:6703,无,不适用,L2机械母集；未挂格,"四件套：URL=source_url；检索日=2026-08-28；命中引语=""公司代號 6703""；判定类别=L2机械母集/待人工裁决。原始出表日期=1150828；完整发行人母集不推定PCB主营、中国大陆厂址或物理产能。"
cand:l2-tpex-6708,issuer,issuer:TW:6708,issuer:TW:6708,-,-,-,天擎,L2,TPEx OpenAPI 上櫃股票基本資料（完整母集）,https://www.tpex.org.tw/openapi/v1/mopsfin_t187ap03_O,2026-08-28,待核,l2:TPEX:6708,无,不适用,L2机械母集；未挂格,"四件套：URL=source_url；检索日=2026-08-28；命中引语=""公司代號 6708""；判定类别=L2机械母集/待人工裁决。原始出表日期=1150828；完整发行人母集不推定PCB主营、中国大陆厂址或物理产能。"
cand:l2-tpex-6712,issuer,issuer:TW:6712,issuer:TW:6712,-,-,-,長聖,L2,TPEx OpenAPI 上櫃股票基本資料（完整母集）,https://www.tpex.org.tw/openapi/v1/mopsfin_t187ap03_O,2026-08-28,待核,l2:TPEX:6712,无,不适用,L2机械母集；未挂格,"四件套：URL=source_url；检索日=2026-08-28；命中引语=""公司代號 6712""；判定类别=L2机械母集/待人工裁决。原始出表日期=1150828；完整发行人母集不推定PCB主营、中国大陆厂址或物理产能。"
cand:l2-tpex-6716,issuer,issuer:TW:6716,issuer:TW:6716,-,-,-,應廣,L2,TPEx OpenAPI 上櫃股票基本資料（完整母集）,https://www.tpex.org.tw/openapi/v1/mopsfin_t187ap03_O,2026-08-28,待核,l2:TPEX:6716,无,不适用,L2机械母集；未挂格,"四件套：URL=source_url；检索日=2026-08-28；命中引语=""公司代號 6716""；判定类别=L2机械母集/待人工裁决。原始出表日期=1150828；完整发行人母集不推定PCB主营、中国大陆厂址或物理产能。"
cand:l2-tpex-6720,issuer,issuer:TW:6720,issuer:TW:6720,-,-,-,久昌,L2,TPEx OpenAPI 上櫃股票基本資料（完整母集）,https://www.tpex.org.tw/openapi/v1/mopsfin_t187ap03_O,2026-08-28,待核,l2:TPEX:6720,无,不适用,L2机械母集；未挂格,"四件套：URL=source_url；检索日=2026-08-28；命中引语=""公司代號 6720""；判定类别=L2机械母集/待人工裁决。原始出表日期=1150828；完整发行人母集不推定PCB主营、中国大陆厂址或物理产能。"
cand:l2-tpex-6721,issuer,issuer:TW:6721,issuer:TW:6721,-,-,-,信實,L2,TPEx OpenAPI 上櫃股票基本資料（完整母集）,https://www.tpex.org.tw/openapi/v1/mopsfin_t187ap03_O,2026-08-28,待核,l2:TPEX:6721,无,不适用,L2机械母集；未挂格,"四件套：URL=source_url；检索日=2026-08-28；命中引语=""公司代號 6721""；判定类别=L2机械母集/待人工裁决。原始出表日期=1150828；完整发行人母集不推定PCB主营、中国大陆厂址或物理产能。"
cand:l2-tpex-6725,issuer,issuer:TW:6725,issuer:TW:6725,-,-,-,矽科宏晟,L2,TPEx OpenAPI 上櫃股票基本資料（完整母集）,https://www.tpex.org.tw/openapi/v1/mopsfin_t187ap03_O,2026-08-28,待核,l2:TPEX:6725,无,不适用,L2机械母集；未挂格,"四件套：URL=source_url；检索日=2026-08-28；命中引语=""公司代號 6725""；判定类别=L2机械母集/待人工裁决。原始出表日期=1150828；完整发行人母集不推定PCB主营、中国大陆厂址或物理产能。"
cand:l2-tpex-6727,issuer,issuer:TW:6727,issuer:TW:6727,-,-,-,亞泰金屬,L2,TPEx OpenAPI 上櫃股票基本資料（完整母集）,https://www.tpex.org.tw/openapi/v1/mopsfin_t187ap03_O,2026-08-28,待核,l2:TPEX:6727,无,不适用,L2机械母集；未挂格,"四件套：URL=source_url；检索日=2026-08-28；命中引语=""公司代號 6727""；判定类别=L2机械母集/待人工裁决。原始出表日期=1150828；完整发行人母集不推定PCB主营、中国大陆厂址或物理产能。"
cand:l2-tpex-6728,issuer,issuer:TW:6728,issuer:TW:6728,-,-,-,上洋,L2,TPEx OpenAPI 上櫃股票基本資料（完整母集）,https://www.tpex.org.tw/openapi/v1/mopsfin_t187ap03_O,2026-08-28,待核,l2:TPEX:6728,无,不适用,L2机械母集；未挂格,"四件套：URL=source_url；检索日=2026-08-28；命中引语=""公司代號 6728""；判定类别=L2机械母集/待人工裁决。原始出表日期=1150828；完整发行人母集不推定PCB主营、中国大陆厂址或物理产能。"
cand:l2-tpex-6730,issuer,issuer:TW:6730,issuer:TW:6730,-,-,-,常廣,L2,TPEx OpenAPI 上櫃股票基本資料（完整母集）,https://www.tpex.org.tw/openapi/v1/mopsfin_t187ap03_O,2026-08-28,待核,l2:TPEX:6730,无,不适用,L2机械母集；未挂格,"四件套：URL=source_url；检索日=2026-08-28；命中引语=""公司代號 6730""；判定类别=L2机械母集/待人工裁决。原始出表日期=1150828；完整发行人母集不推定PCB主营、中国大陆厂址或物理产能。"
cand:l2-tpex-6732,issuer,issuer:TW:6732,issuer:TW:6732,-,-,-,昇佳電子,L2,TPEx OpenAPI 上櫃股票基本資料（完整母集）,https://www.tpex.org.tw/openapi/v1/mopsfin_t187ap03_O,2026-08-28,待核,l2:TPEX:6732,无,不适用,L2机械母集；未挂格,"四件套：URL=source_url；检索日=2026-08-28；命中引语=""公司代號 6732""；判定类别=L2机械母集/待人工裁决。原始出表日期=1150828；完整发行人母集不推定PCB主营、中国大陆厂址或物理产能。"
cand:l2-tpex-6733,issuer,issuer:TW:6733,issuer:TW:6733,-,-,-,博晟生醫,L2,TPEx OpenAPI 上櫃股票基本資料（完整母集）,https://www.tpex.org.tw/openapi/v1/mopsfin_t187ap03_O,2026-08-28,待核,l2:TPEX:6733,无,不适用,L2机械母集；未挂格,"四件套：URL=source_url；检索日=2026-08-28；命中引语=""公司代號 6733""；判定类别=L2机械母集/待人工裁决。原始出表日期=1150828；完整发行人母集不推定PCB主营、中国大陆厂址或物理产能。"
cand:l2-tpex-6735,issuer,issuer:TW:6735,issuer:TW:6735,-,-,-,美達科技,L2,TPEx OpenAPI 上櫃股票基本資料（完整母集）,https://www.tpex.org.tw/openapi/v1/mopsfin_t187ap03_O,2026-08-28,待核,l2:TPEX:6735,无,不适用,L2机械母集；未挂格,"四件套：URL=source_url；检索日=2026-08-28；命中引语=""公司代號 6735""；判定类别=L2机械母集/待人工裁决。原始出表日期=1150828；完整发行人母集不推定PCB主营、中国大陆厂址或物理产能。"
cand:l2-tpex-6739,issuer,issuer:TW:6739,issuer:TW:6739,-,-,-,竹陞科技,L2,TPEx OpenAPI 上櫃股票基本資料（完整母集）,https://www.tpex.org.tw/openapi/v1/mopsfin_t187ap03_O,2026-08-28,待核,l2:TPEX:6739,无,不适用,L2机械母集；未挂格,"四件套：URL=source_url；检索日=2026-08-28；命中引语=""公司代號 6739""；判定类别=L2机械母集/待人工裁决。原始出表日期=1150828；完整发行人母集不推定PCB主营、中国大陆厂址或物理产能。"
cand:l2-tpex-6741,issuer,issuer:TW:6741,issuer:TW:6741,-,-,-,91APP*-KY,L2,TPEx OpenAPI 上櫃股票基本資料（完整母集）,https://www.tpex.org.tw/openapi/v1/mopsfin_t187ap03_O,2026-08-28,待核,l2:TPEX:6741,无,不适用,L2机械母集；未挂格,"四件套：URL=source_url；检索日=2026-08-28；命中引语=""公司代號 6741""；判定类别=L2机械母集/待人工裁决。原始出表日期=1150828；完整发行人母集不推定PCB主营、中国大陆厂址或物理产能。"
cand:l2-tpex-6751,issuer,issuer:TW:6751,issuer:TW:6751,-,-,-,智聯服務,L2,TPEx OpenAPI 上櫃股票基本資料（完整母集）,https://www.tpex.org.tw/openapi/v1/mopsfin_t187ap03_O,2026-08-28,待核,l2:TPEX:6751,无,不适用,L2机械母集；未挂格,"四件套：URL=source_url；检索日=2026-08-28；命中引语=""公司代號 6751""；判定类别=L2机械母集/待人工裁决。原始出表日期=1150828；完整发行人母集不推定PCB主营、中国大陆厂址或物理产能。"
cand:l2-tpex-6752,issuer,issuer:TW:6752,issuer:TW:6752,-,-,-,叡揚,L2,TPEx OpenAPI 上櫃股票基本資料（完整母集）,https://www.tpex.org.tw/openapi/v1/mopsfin_t187ap03_O,2026-08-28,待核,l2:TPEX:6752,无,不适用,L2机械母集；未挂格,"四件套：URL=source_url；检索日=2026-08-28；命中引语=""公司代號 6752""；判定类别=L2机械母集/待人工裁决。原始出表日期=1150828；完整发行人母集不推定PCB主营、中国大陆厂址或物理产能。"
cand:l2-tpex-6761,issuer,issuer:TW:6761,issuer:TW:6761,-,-,-,穩得,L2,TPEx OpenAPI 上櫃股票基本資料（完整母集）,https://www.tpex.org.tw/openapi/v1/mopsfin_t187ap03_O,2026-08-28,待核,l2:TPEX:6761,无,不适用,L2机械母集；未挂格,"四件套：URL=source_url；检索日=2026-08-28；命中引语=""公司代號 6761""；判定类别=L2机械母集/待人工裁决。原始出表日期=1150828；完整发行人母集不推定PCB主营、中国大陆厂址或物理产能。"
cand:l2-tpex-6762,issuer,issuer:TW:6762,issuer:TW:6762,-,-,-,達亞,L2,TPEx OpenAPI 上櫃股票基本資料（完整母集）,https://www.tpex.org.tw/openapi/v1/mopsfin_t187ap03_O,2026-08-28,待核,l2:TPEX:6762,无,不适用,L2机械母集；未挂格,"四件套：URL=source_url；检索日=2026-08-28；命中引语=""公司代號 6762""；判定类别=L2机械母集/待人工裁决。原始出表日期=1150828；完整发行人母集不推定PCB主营、中国大陆厂址或物理产能。"
cand:l2-tpex-6763,issuer,issuer:TW:6763,issuer:TW:6763,-,-,-,綠界科技*,L2,TPEx OpenAPI 上櫃股票基本資料（完整母集）,https://www.tpex.org.tw/openapi/v1/mopsfin_t187ap03_O,2026-08-28,待核,l2:TPEX:6763,无,不适用,L2机械母集；未挂格,"四件套：URL=source_url；检索日=2026-08-28；命中引语=""公司代號 6763""；判定类别=L2机械母集/待人工裁决。原始出表日期=1150828；完整发行人母集不推定PCB主营、中国大陆厂址或物理产能。"
cand:l2-tpex-6767,issuer,issuer:TW:6767,issuer:TW:6767,-,-,-,台微醫,L2,TPEx OpenAPI 上櫃股票基本資料（完整母集）,https://www.tpex.org.tw/openapi/v1/mopsfin_t187ap03_O,2026-08-28,待核,l2:TPEX:6767,无,不适用,L2机械母集；未挂格,"四件套：URL=source_url；检索日=2026-08-28；命中引语=""公司代號 6767""；判定类别=L2机械母集/待人工裁决。原始出表日期=1150828；完整发行人母集不推定PCB主营、中国大陆厂址或物理产能。"
cand:l2-tpex-6785,issuer,issuer:TW:6785,issuer:TW:6785,-,-,-,昱展新藥,L2,TPEx OpenAPI 上櫃股票基本資料（完整母集）,https://www.tpex.org.tw/openapi/v1/mopsfin_t187ap03_O,2026-08-28,待核,l2:TPEX:6785,无,不适用,L2机械母集；未挂格,"四件套：URL=source_url；检索日=2026-08-28；命中引语=""公司代號 6785""；判定类别=L2机械母集/待人工裁决。原始出表日期=1150828；完整发行人母集不推定PCB主营、中国大陆厂址或物理产能。"
cand:l2-tpex-6788,issuer,issuer:TW:6788,issuer:TW:6788,-,-,-,華景電,L2,TPEx OpenAPI 上櫃股票基本資料（完整母集）,https://www.tpex.org.tw/openapi/v1/mopsfin_t187ap03_O,2026-08-28,待核,l2:TPEX:6788,无,不适用,L2机械母集；未挂格,"四件套：URL=source_url；检索日=2026-08-28；命中引语=""公司代號 6788""；判定类别=L2机械母集/待人工裁决。原始出表日期=1150828；完整发行人母集不推定PCB主营、中国大陆厂址或物理产能。"
cand:l2-tpex-6791,issuer,issuer:TW:6791,issuer:TW:6791,-,-,-,虎門科技,L2,TPEx OpenAPI 上櫃股票基本資料（完整母集）,https://www.tpex.org.tw/openapi/v1/mopsfin_t187ap03_O,2026-08-28,待核,l2:TPEX:6791,无,不适用,L2机械母集；未挂格,"四件套：URL=source_url；检索日=2026-08-28；命中引语=""公司代號 6791""；判定类别=L2机械母集/待人工裁决。原始出表日期=1150828；完整发行人母集不推定PCB主营、中国大陆厂址或物理产能。"
cand:l2-tpex-6803,issuer,issuer:TW:6803,issuer:TW:6803,-,-,-,崑鼎,L2,TPEx OpenAPI 上櫃股票基本資料（完整母集）,https://www.tpex.org.tw/openapi/v1/mopsfin_t187ap03_O,2026-08-28,待核,l2:TPEX:6803,无,不适用,L2机械母集；未挂格,"四件套：URL=source_url；检索日=2026-08-28；命中引语=""公司代號 6803""；判定类别=L2机械母集/待人工裁决。原始出表日期=1150828；完整发行人母集不推定PCB主营、中国大陆厂址或物理产能。"
cand:l2-tpex-6804,issuer,issuer:TW:6804,issuer:TW:6804,-,-,-,明係,L2,TPEx OpenAPI 上櫃股票基本資料（完整母集）,https://www.tpex.org.tw/openapi/v1/mopsfin_t187ap03_O,2026-08-28,待核,l2:TPEX:6804,无,不适用,L2机械母集；未挂格,"四件套：URL=source_url；检索日=2026-08-28；命中引语=""公司代號 6804""；判定类别=L2机械母集/待人工裁决。原始出表日期=1150828；完整发行人母集不推定PCB主营、中国大陆厂址或物理产能。"
cand:l2-tpex-6811,issuer,issuer:TW:6811,issuer:TW:6811,-,-,-,宏碁資訊,L2,TPEx OpenAPI 上櫃股票基本資料（完整母集）,https://www.tpex.org.tw/openapi/v1/mopsfin_t187ap03_O,2026-08-28,待核,l2:TPEX:6811,无,不适用,L2机械母集；未挂格,"四件套：URL=source_url；检索日=2026-08-28；命中引语=""公司代號 6811""；判定类别=L2机械母集/待人工裁决。原始出表日期=1150828；完整发行人母集不推定PCB主营、中国大陆厂址或物理产能。"
cand:l2-tpex-6821,issuer,issuer:TW:6821,issuer:TW:6821,-,-,-,聯寶,L2,TPEx OpenAPI 上櫃股票基本資料（完整母集）,https://www.tpex.org.tw/openapi/v1/mopsfin_t187ap03_O,2026-08-28,待核,l2:TPEX:6821,无,不适用,L2机械母集；未挂格,"四件套：URL=source_url；检索日=2026-08-28；命中引语=""公司代號 6821""；判定类别=L2机械母集/待人工裁决。原始出表日期=1150828；完整发行人母集不推定PCB主营、中国大陆厂址或物理产能。"
cand:l2-tpex-6823,issuer,issuer:TW:6823,issuer:TW:6823,-,-,-,濾能,L2,TPEx OpenAPI 上櫃股票基本資料（完整母集）,https://www.tpex.org.tw/openapi/v1/mopsfin_t187ap03_O,2026-08-28,待核,l2:TPEX:6823,无,不适用,L2机械母集；未挂格,"四件套：URL=source_url；检索日=2026-08-28；命中引语=""公司代號 6823""；判定类别=L2机械母集/待人工裁决。原始出表日期=1150828；完整发行人母集不推定PCB主营、中国大陆厂址或物理产能。"
cand:l2-tpex-6829,issuer,issuer:TW:6829,issuer:TW:6829,-,-,-,千附精密,L2,TPEx OpenAPI 上櫃股票基本資料（完整母集）,https://www.tpex.org.tw/openapi/v1/mopsfin_t187ap03_O,2026-08-28,待核,l2:TPEX:6829,无,不适用,L2机械母集；未挂格,"四件套：URL=source_url；检索日=2026-08-28；命中引语=""公司代號 6829""；判定类别=L2机械母集/待人工裁决。原始出表日期=1150828；完整发行人母集不推定PCB主营、中国大陆厂址或物理产能。"
cand:l2-tpex-6840,issuer,issuer:TW:6840,issuer:TW:6840,-,-,-,東研信超,L2,TPEx OpenAPI 上櫃股票基本資料（完整母集）,https://www.tpex.org.tw/openapi/v1/mopsfin_t187ap03_O,2026-08-28,待核,l2:TPEX:6840,无,不适用,L2机械母集；未挂格,"四件套：URL=source_url；检索日=2026-08-28；命中引语=""公司代號 6840""；判定类别=L2机械母集/待人工裁决。原始出表日期=1150828；完整发行人母集不推定PCB主营、中国大陆厂址或物理产能。"
cand:l2-tpex-6841,issuer,issuer:TW:6841,issuer:TW:6841,-,-,-,長佳智能,L2,TPEx OpenAPI 上櫃股票基本資料（完整母集）,https://www.tpex.org.tw/openapi/v1/mopsfin_t187ap03_O,2026-08-28,待核,l2:TPEX:6841,无,不适用,L2机械母集；未挂格,"四件套：URL=source_url；检索日=2026-08-28；命中引语=""公司代號 6841""；判定类别=L2机械母集/待人工裁决。原始出表日期=1150828；完整发行人母集不推定PCB主营、中国大陆厂址或物理产能。"
cand:l2-tpex-6843,issuer,issuer:TW:6843,issuer:TW:6843,-,-,-,進典,L2,TPEx OpenAPI 上櫃股票基本資料（完整母集）,https://www.tpex.org.tw/openapi/v1/mopsfin_t187ap03_O,2026-08-28,待核,l2:TPEX:6843,无,不适用,L2机械母集；未挂格,"四件套：URL=source_url；检索日=2026-08-28；命中引语=""公司代號 6843""；判定类别=L2机械母集/待人工裁决。原始出表日期=1150828；完整发行人母集不推定PCB主营、中国大陆厂址或物理产能。"
cand:l2-tpex-6844,issuer,issuer:TW:6844,issuer:TW:6844,-,-,-,諾貝兒,L2,TPEx OpenAPI 上櫃股票基本資料（完整母集）,https://www.tpex.org.tw/openapi/v1/mopsfin_t187ap03_O,2026-08-28,待核,l2:TPEX:6844,无,不适用,L2机械母集；未挂格,"四件套：URL=source_url；检索日=2026-08-28；命中引语=""公司代號 6844""；判定类别=L2机械母集/待人工裁决。原始出表日期=1150828；完整发行人母集不推定PCB主营、中国大陆厂址或物理产能。"
cand:l2-tpex-6846,issuer,issuer:TW:6846,issuer:TW:6846,-,-,-,綠茵,L2,TPEx OpenAPI 上櫃股票基本資料（完整母集）,https://www.tpex.org.tw/openapi/v1/mopsfin_t187ap03_O,2026-08-28,待核,l2:TPEX:6846,无,不适用,L2机械母集；未挂格,"四件套：URL=source_url；检索日=2026-08-28；命中引语=""公司代號 6846""；判定类别=L2机械母集/待人工裁决。原始出表日期=1150828；完整发行人母集不推定PCB主营、中国大陆厂址或物理产能。"
cand:l2-tpex-6855,issuer,issuer:TW:6855,issuer:TW:6855,-,-,-,數泓科,L2,TPEx OpenAPI 上櫃股票基本資料（完整母集）,https://www.tpex.org.tw/openapi/v1/mopsfin_t187ap03_O,2026-08-28,待核,l2:TPEX:6855,无,不适用,L2机械母集；未挂格,"四件套：URL=source_url；检索日=2026-08-28；命中引语=""公司代號 6855""；判定类别=L2机械母集/待人工裁决。原始出表日期=1150828；完整发行人母集不推定PCB主营、中国大陆厂址或物理产能。"
cand:l2-tpex-6856,issuer,issuer:TW:6856,issuer:TW:6856,-,-,-,鑫傳,L2,TPEx OpenAPI 上櫃股票基本資料（完整母集）,https://www.tpex.org.tw/openapi/v1/mopsfin_t187ap03_O,2026-08-28,待核,l2:TPEX:6856,无,不适用,L2机械母集；未挂格,"四件套：URL=source_url；检索日=2026-08-28；命中引语=""公司代號 6856""；判定类别=L2机械母集/待人工裁决。原始出表日期=1150828；完整发行人母集不推定PCB主营、中国大陆厂址或物理产能。"
cand:l2-tpex-6859,issuer,issuer:TW:6859,issuer:TW:6859,-,-,-,伯特光,L2,TPEx OpenAPI 上櫃股票基本資料（完整母集）,https://www.tpex.org.tw/openapi/v1/mopsfin_t187ap03_O,2026-08-28,待核,l2:TPEX:6859,无,不适用,L2机械母集；未挂格,"四件套：URL=source_url；检索日=2026-08-28；命中引语=""公司代號 6859""；判定类别=L2机械母集/待人工裁决。原始出表日期=1150828；完整发行人母集不推定PCB主营、中国大陆厂址或物理产能。"
cand:l2-tpex-6865,issuer,issuer:TW:6865,issuer:TW:6865,-,-,-,偉康科技,L2,TPEx OpenAPI 上櫃股票基本資料（完整母集）,https://www.tpex.org.tw/openapi/v1/mopsfin_t187ap03_O,2026-08-28,待核,l2:TPEX:6865,无,不适用,L2机械母集；未挂格,"四件套：URL=source_url；检索日=2026-08-28；命中引语=""公司代號 6865""；判定类别=L2机械母集/待人工裁决。原始出表日期=1150828；完整发行人母集不推定PCB主营、中国大陆厂址或物理产能。"
cand:l2-tpex-6870,issuer,issuer:TW:6870,issuer:TW:6870,-,-,-,騰雲,L2,TPEx OpenAPI 上櫃股票基本資料（完整母集）,https://www.tpex.org.tw/openapi/v1/mopsfin_t187ap03_O,2026-08-28,待核,l2:TPEX:6870,无,不适用,L2机械母集；未挂格,"四件套：URL=source_url；检索日=2026-08-28；命中引语=""公司代號 6870""；判定类别=L2机械母集/待人工裁决。原始出表日期=1150828；完整发行人母集不推定PCB主营、中国大陆厂址或物理产能。"
cand:l2-tpex-6872,issuer,issuer:TW:6872,issuer:TW:6872,-,-,-,浩宇生醫,L2,TPEx OpenAPI 上櫃股票基本資料（完整母集）,https://www.tpex.org.tw/openapi/v1/mopsfin_t187ap03_O,2026-08-28,待核,l2:TPEX:6872,无,不适用,L2机械母集；未挂格,"四件套：URL=source_url；检索日=2026-08-28；命中引语=""公司代號 6872""；判定类别=L2机械母集/待人工裁决。原始出表日期=1150828；完整发行人母集不推定PCB主营、中国大陆厂址或物理产能。"
cand:l2-tpex-6874,issuer,issuer:TW:6874,issuer:TW:6874,-,-,-,倍力,L2,TPEx OpenAPI 上櫃股票基本資料（完整母集）,https://www.tpex.org.tw/openapi/v1/mopsfin_t187ap03_O,2026-08-28,待核,l2:TPEX:6874,无,不适用,L2机械母集；未挂格,"四件套：URL=source_url；检索日=2026-08-28；命中引语=""公司代號 6874""；判定类别=L2机械母集/待人工裁决。原始出表日期=1150828；完整发行人母集不推定PCB主营、中国大陆厂址或物理产能。"
cand:l2-tpex-6875,issuer,issuer:TW:6875,issuer:TW:6875,-,-,-,國邑*,L2,TPEx OpenAPI 上櫃股票基本資料（完整母集）,https://www.tpex.org.tw/openapi/v1/mopsfin_t187ap03_O,2026-08-28,待核,l2:TPEX:6875,无,不适用,L2机械母集；未挂格,"四件套：URL=source_url；检索日=2026-08-28；命中引语=""公司代號 6875""；判定类别=L2机械母集/待人工裁决。原始出表日期=1150828；完整发行人母集不推定PCB主营、中国大陆厂址或物理产能。"
cand:l2-tpex-6877,issuer,issuer:TW:6877,issuer:TW:6877,-,-,-,鏵友益,L2,TPEx OpenAPI 上櫃股票基本資料（完整母集）,https://www.tpex.org.tw/openapi/v1/mopsfin_t187ap03_O,2026-08-28,待核,l2:TPEX:6877,无,不适用,L2机械母集；未挂格,"四件套：URL=source_url；检索日=2026-08-28；命中引语=""公司代號 6877""；判定类别=L2机械母集/待人工裁决。原始出表日期=1150828；完整发行人母集不推定PCB主营、中国大陆厂址或物理产能。"
cand:l2-tpex-6881,issuer,issuer:TW:6881,issuer:TW:6881,-,-,-,潤德,L2,TPEx OpenAPI 上櫃股票基本資料（完整母集）,https://www.tpex.org.tw/openapi/v1/mopsfin_t187ap03_O,2026-08-28,待核,l2:TPEX:6881,无,不适用,L2机械母集；未挂格,"四件套：URL=source_url；检索日=2026-08-28；命中引语=""公司代號 6881""；判定类别=L2机械母集/待人工裁决。原始出表日期=1150828；完整发行人母集不推定PCB主营、中国大陆厂址或物理产能。"
cand:l2-tpex-6884,issuer,issuer:TW:6884,issuer:TW:6884,-,-,-,海柏特,L2,TPEx OpenAPI 上櫃股票基本資料（完整母集）,https://www.tpex.org.tw/openapi/v1/mopsfin_t187ap03_O,2026-08-28,待核,l2:TPEX:6884,无,不适用,L2机械母集；未挂格,"四件套：URL=source_url；检索日=2026-08-28；命中引语=""公司代號 6884""；判定类别=L2机械母集/待人工裁决。原始出表日期=1150828；完整发行人母集不推定PCB主营、中国大陆厂址或物理产能。"
cand:l2-tpex-6894,issuer,issuer:TW:6894,issuer:TW:6894,-,-,-,衛司特,L2,TPEx OpenAPI 上櫃股票基本資料（完整母集）,https://www.tpex.org.tw/openapi/v1/mopsfin_t187ap03_O,2026-08-28,待核,l2:TPEX:6894,无,不适用,L2机械母集；未挂格,"四件套：URL=source_url；检索日=2026-08-28；命中引语=""公司代號 6894""；判定类别=L2机械母集/待人工裁决。原始出表日期=1150828；完整发行人母集不推定PCB主营、中国大陆厂址或物理产能。"
cand:l2-tpex-6895,issuer,issuer:TW:6895,issuer:TW:6895,-,-,-,宏碩系統,L2,TPEx OpenAPI 上櫃股票基本資料（完整母集）,https://www.tpex.org.tw/openapi/v1/mopsfin_t187ap03_O,2026-08-28,待核,l2:TPEX:6895,无,不适用,L2机械母集；未挂格,"四件套：URL=source_url；检索日=2026-08-28；命中引语=""公司代號 6895""；判定类别=L2机械母集/待人工裁决。原始出表日期=1150828；完整发行人母集不推定PCB主营、中国大陆厂址或物理产能。"
cand:l2-tpex-6899,issuer,issuer:TW:6899,issuer:TW:6899,-,-,-,創為精密,L2,TPEx OpenAPI 上櫃股票基本資料（完整母集）,https://www.tpex.org.tw/openapi/v1/mopsfin_t187ap03_O,2026-08-28,待核,l2:TPEX:6899,无,不适用,L2机械母集；未挂格,"四件套：URL=source_url；检索日=2026-08-28；命中引语=""公司代號 6899""；判定类别=L2机械母集/待人工裁决。原始出表日期=1150828；完整发行人母集不推定PCB主营、中国大陆厂址或物理产能。"
cand:l2-tpex-6903,issuer,issuer:TW:6903,issuer:TW:6903,-,-,-,巨漢,L2,TPEx OpenAPI 上櫃股票基本資料（完整母集）,https://www.tpex.org.tw/openapi/v1/mopsfin_t187ap03_O,2026-08-28,待核,l2:TPEX:6903,无,不适用,L2机械母集；未挂格,"四件套：URL=source_url；检索日=2026-08-28；命中引语=""公司代號 6903""；判定类别=L2机械母集/待人工裁决。原始出表日期=1150828；完整发行人母集不推定PCB主营、中国大陆厂址或物理产能。"
cand:l2-tpex-6904,issuer,issuer:TW:6904,issuer:TW:6904,-,-,-,伯鑫,L2,TPEx OpenAPI 上櫃股票基本資料（完整母集）,https://www.tpex.org.tw/openapi/v1/mopsfin_t187ap03_O,2026-08-28,待核,l2:TPEX:6904,无,不适用,L2机械母集；未挂格,"四件套：URL=source_url；检索日=2026-08-28；命中引语=""公司代號 6904""；判定类别=L2机械母集/待人工裁决。原始出表日期=1150828；完整发行人母集不推定PCB主营、中国大陆厂址或物理产能。"
cand:l2-tpex-6907,issuer,issuer:TW:6907,issuer:TW:6907,-,-,-,雅特力-KY,L2,TPEx OpenAPI 上櫃股票基本資料（完整母集）,https://www.tpex.org.tw/openapi/v1/mopsfin_t187ap03_O,2026-08-28,待核,l2:TPEX:6907,无,不适用,L2机械母集；未挂格,"四件套：URL=source_url；检索日=2026-08-28；命中引语=""公司代號 6907""；判定类别=L2机械母集/待人工裁决。原始出表日期=1150828；完整发行人母集不推定PCB主营、中国大陆厂址或物理产能。"
cand:l2-tpex-6910,issuer,issuer:TW:6910,issuer:TW:6910,-,-,-,德鴻,L2,TPEx OpenAPI 上櫃股票基本資料（完整母集）,https://www.tpex.org.tw/openapi/v1/mopsfin_t187ap03_O,2026-08-28,待核,l2:TPEX:6910,无,不适用,L2机械母集；未挂格,"四件套：URL=source_url；检索日=2026-08-28；命中引语=""公司代號 6910""；判定类别=L2机械母集/待人工裁决。原始出表日期=1150828；完整发行人母集不推定PCB主营、中国大陆厂址或物理产能。"
cand:l2-tpex-6913,issuer,issuer:TW:6913,issuer:TW:6913,-,-,-,鴻呈,L2,TPEx OpenAPI 上櫃股票基本資料（完整母集）,https://www.tpex.org.tw/openapi/v1/mopsfin_t187ap03_O,2026-08-28,待核,l2:TPEX:6913,无,不适用,L2机械母集；未挂格,"四件套：URL=source_url；检索日=2026-08-28；命中引语=""公司代號 6913""；判定类别=L2机械母集/待人工裁决。原始出表日期=1150828；完整发行人母集不推定PCB主营、中国大陆厂址或物理产能。"
cand:l2-tpex-6922,issuer,issuer:TW:6922,issuer:TW:6922,-,-,-,宸曜,L2,TPEx OpenAPI 上櫃股票基本資料（完整母集）,https://www.tpex.org.tw/openapi/v1/mopsfin_t187ap03_O,2026-08-28,待核,l2:TPEX:6922,无,不适用,L2机械母集；未挂格,"四件套：URL=source_url；检索日=2026-08-28；命中引语=""公司代號 6922""；判定类别=L2机械母集/待人工裁决。原始出表日期=1150828；完整发行人母集不推定PCB主营、中国大陆厂址或物理产能。"
cand:l2-tpex-6925,issuer,issuer:TW:6925,issuer:TW:6925,-,-,-,意藍,L2,TPEx OpenAPI 上櫃股票基本資料（完整母集）,https://www.tpex.org.tw/openapi/v1/mopsfin_t187ap03_O,2026-08-28,待核,l2:TPEX:6925,无,不适用,L2机械母集；未挂格,"四件套：URL=source_url；检索日=2026-08-28；命中引语=""公司代號 6925""；判定类别=L2机械母集/待人工裁决。原始出表日期=1150828；完整发行人母集不推定PCB主营、中国大陆厂址或物理产能。"
cand:l2-tpex-6929,issuer,issuer:TW:6929,issuer:TW:6929,-,-,-,佑全,L2,TPEx OpenAPI 上櫃股票基本資料（完整母集）,https://www.tpex.org.tw/openapi/v1/mopsfin_t187ap03_O,2026-08-28,待核,l2:TPEX:6929,无,不适用,L2机械母集；未挂格,"四件套：URL=source_url；检索日=2026-08-28；命中引语=""公司代號 6929""；判定类别=L2机械母集/待人工裁决。原始出表日期=1150828；完整发行人母集不推定PCB主营、中国大陆厂址或物理产能。"
cand:l2-tpex-6945,issuer,issuer:TW:6945,issuer:TW:6945,-,-,-,圓祥生技,L2,TPEx OpenAPI 上櫃股票基本資料（完整母集）,https://www.tpex.org.tw/openapi/v1/mopsfin_t187ap03_O,2026-08-28,待核,l2:TPEX:6945,无,不适用,L2机械母集；未挂格,"四件套：URL=source_url；检索日=2026-08-28；命中引语=""公司代號 6945""；判定类别=L2机械母集/待人工裁决。原始出表日期=1150828；完整发行人母集不推定PCB主营、中国大陆厂址或物理产能。"
cand:l2-tpex-6953,issuer,issuer:TW:6953,issuer:TW:6953,-,-,-,家碩,L2,TPEx OpenAPI 上櫃股票基本資料（完整母集）,https://www.tpex.org.tw/openapi/v1/mopsfin_t187ap03_O,2026-08-28,待核,l2:TPEX:6953,无,不适用,L2机械母集；未挂格,"四件套：URL=source_url；检索日=2026-08-28；命中引语=""公司代號 6953""；判定类别=L2机械母集/待人工裁决。原始出表日期=1150828；完整发行人母集不推定PCB主营、中国大陆厂址或物理产能。"
cand:l2-tpex-6961,issuer,issuer:TW:6961,issuer:TW:6961,-,-,-,旅天下,L2,TPEx OpenAPI 上櫃股票基本資料（完整母集）,https://www.tpex.org.tw/openapi/v1/mopsfin_t187ap03_O,2026-08-28,待核,l2:TPEX:6961,无,不适用,L2机械母集；未挂格,"四件套：URL=source_url；检索日=2026-08-28；命中引语=""公司代號 6961""；判定类别=L2机械母集/待人工裁决。原始出表日期=1150828；完整发行人母集不推定PCB主营、中国大陆厂址或物理产能。"
cand:l2-tpex-6967,issuer,issuer:TW:6967,issuer:TW:6967,-,-,-,汎瑋材料,L2,TPEx OpenAPI 上櫃股票基本資料（完整母集）,https://www.tpex.org.tw/openapi/v1/mopsfin_t187ap03_O,2026-08-28,待核,l2:TPEX:6967,无,不适用,L2机械母集；未挂格,"四件套：URL=source_url；检索日=2026-08-28；命中引语=""公司代號 6967""；判定类别=L2机械母集/待人工裁决。原始出表日期=1150828；完整发行人母集不推定PCB主营、中国大陆厂址或物理产能。"
cand:l2-tpex-6968,issuer,issuer:TW:6968,issuer:TW:6968,-,-,-,萬達寵物,L2,TPEx OpenAPI 上櫃股票基本資料（完整母集）,https://www.tpex.org.tw/openapi/v1/mopsfin_t187ap03_O,2026-08-28,待核,l2:TPEX:6968,无,不适用,L2机械母集；未挂格,"四件套：URL=source_url；检索日=2026-08-28；命中引语=""公司代號 6968""；判定类别=L2机械母集/待人工裁决。原始出表日期=1150828；完整发行人母集不推定PCB主营、中国大陆厂址或物理产能。"
cand:l2-tpex-6971,issuer,issuer:TW:6971,issuer:TW:6971,-,-,-,惠民實業,L2,TPEx OpenAPI 上櫃股票基本資料（完整母集）,https://www.tpex.org.tw/openapi/v1/mopsfin_t187ap03_O,2026-08-28,待核,l2:TPEX:6971,无,不适用,L2机械母集；未挂格,"四件套：URL=source_url；检索日=2026-08-28；命中引语=""公司代號 6971""；判定类别=L2机械母集/待人工裁决。原始出表日期=1150828；完整发行人母集不推定PCB主营、中国大陆厂址或物理产能。"
cand:l2-tpex-6982,issuer,issuer:TW:6982,issuer:TW:6982,-,-,-,大井泵浦,L2,TPEx OpenAPI 上櫃股票基本資料（完整母集）,https://www.tpex.org.tw/openapi/v1/mopsfin_t187ap03_O,2026-08-28,待核,l2:TPEX:6982,无,不适用,L2机械母集；未挂格,"四件套：URL=source_url；检索日=2026-08-28；命中引语=""公司代號 6982""；判定类别=L2机械母集/待人工裁决。原始出表日期=1150828；完整发行人母集不推定PCB主营、中国大陆厂址或物理产能。"
cand:l2-tpex-6983,issuer,issuer:TW:6983,issuer:TW:6983,-,-,-,華洋精機,L2,TPEx OpenAPI 上櫃股票基本資料（完整母集）,https://www.tpex.org.tw/openapi/v1/mopsfin_t187ap03_O,2026-08-28,待核,l2:TPEX:6983,无,不适用,L2机械母集；未挂格,"四件套：URL=source_url；检索日=2026-08-28；命中引语=""公司代號 6983""；判定类别=L2机械母集/待人工裁决。原始出表日期=1150828；完整发行人母集不推定PCB主营、中国大陆厂址或物理产能。"
cand:l2-tpex-6986,issuer,issuer:TW:6986,issuer:TW:6986,-,-,-,和迅,L2,TPEx OpenAPI 上櫃股票基本資料（完整母集）,https://www.tpex.org.tw/openapi/v1/mopsfin_t187ap03_O,2026-08-28,待核,l2:TPEX:6986,无,不适用,L2机械母集；未挂格,"四件套：URL=source_url；检索日=2026-08-28；命中引语=""公司代號 6986""；判定类别=L2机械母集/待人工裁决。原始出表日期=1150828；完整发行人母集不推定PCB主营、中国大陆厂址或物理产能。"
cand:l2-tpex-6996,issuer,issuer:TW:6996,issuer:TW:6996,-,-,-,力領科技,L2,TPEx OpenAPI 上櫃股票基本資料（完整母集）,https://www.tpex.org.tw/openapi/v1/mopsfin_t187ap03_O,2026-08-28,待核,l2:TPEX:6996,无,不适用,L2机械母集；未挂格,"四件套：URL=source_url；检索日=2026-08-28；命中引语=""公司代號 6996""；判定类别=L2机械母集/待人工裁决。原始出表日期=1150828；完整发行人母集不推定PCB主营、中国大陆厂址或物理产能。"
cand:l2-tpex-6997,issuer,issuer:TW:6997,issuer:TW:6997,-,-,-,博弘,L2,TPEx OpenAPI 上櫃股票基本資料（完整母集）,https://www.tpex.org.tw/openapi/v1/mopsfin_t187ap03_O,2026-08-28,待核,l2:TPEX:6997,无,不适用,L2机械母集；未挂格,"四件套：URL=source_url；检索日=2026-08-28；命中引语=""公司代號 6997""；判定类别=L2机械母集/待人工裁决。原始出表日期=1150828；完整发行人母集不推定PCB主营、中国大陆厂址或物理产能。"
cand:l2-tpex-7402,issuer,issuer:TW:7402,issuer:TW:7402,-,-,-,邑錡,L2,TPEx OpenAPI 上櫃股票基本資料（完整母集）,https://www.tpex.org.tw/openapi/v1/mopsfin_t187ap03_O,2026-08-28,待核,l2:TPEX:7402,无,不适用,L2机械母集；未挂格,"四件套：URL=source_url；检索日=2026-08-28；命中引语=""公司代號 7402""；判定类别=L2机械母集/待人工裁决。原始出表日期=1150828；完整发行人母集不推定PCB主营、中国大陆厂址或物理产能。"
cand:l2-tpex-7547,issuer,issuer:TW:7547,issuer:TW:7547,-,-,-,碩網,L2,TPEx OpenAPI 上櫃股票基本資料（完整母集）,https://www.tpex.org.tw/openapi/v1/mopsfin_t187ap03_O,2026-08-28,待核,l2:TPEX:7547,无,不适用,L2机械母集；未挂格,"四件套：URL=source_url；检索日=2026-08-28；命中引语=""公司代號 7547""；判定类别=L2机械母集/待人工裁决。原始出表日期=1150828；完整发行人母集不推定PCB主营、中国大陆厂址或物理产能。"
cand:l2-tpex-7556,issuer,issuer:TW:7556,issuer:TW:7556,-,-,-,意德士科技,L2,TPEx OpenAPI 上櫃股票基本資料（完整母集）,https://www.tpex.org.tw/openapi/v1/mopsfin_t187ap03_O,2026-08-28,待核,l2:TPEX:7556,无,不适用,L2机械母集；未挂格,"四件套：URL=source_url；检索日=2026-08-28；命中引语=""公司代號 7556""；判定类别=L2机械母集/待人工裁决。原始出表日期=1150828；完整发行人母集不推定PCB主营、中国大陆厂址或物理产能。"
cand:l2-tpex-7584,issuer,issuer:TW:7584,issuer:TW:7584,-,-,-,樂意,L2,TPEx OpenAPI 上櫃股票基本資料（完整母集）,https://www.tpex.org.tw/openapi/v1/mopsfin_t187ap03_O,2026-08-28,待核,l2:TPEX:7584,无,不适用,L2机械母集；未挂格,"四件套：URL=source_url；检索日=2026-08-28；命中引语=""公司代號 7584""；判定类别=L2机械母集/待人工裁决。原始出表日期=1150828；完整发行人母集不推定PCB主营、中国大陆厂址或物理产能。"
cand:l2-tpex-7642,issuer,issuer:TW:7642,issuer:TW:7642,-,-,-,昶瑞機電,L2,TPEx OpenAPI 上櫃股票基本資料（完整母集）,https://www.tpex.org.tw/openapi/v1/mopsfin_t187ap03_O,2026-08-28,待核,l2:TPEX:7642,无,不适用,L2机械母集；未挂格,"四件套：URL=source_url；检索日=2026-08-28；命中引语=""公司代號 7642""；判定类别=L2机械母集/待人工裁决。原始出表日期=1150828；完整发行人母集不推定PCB主营、中国大陆厂址或物理产能。"
cand:l2-tpex-7703,issuer,issuer:TW:7703,issuer:TW:7703,-,-,-,銳澤,L2,TPEx OpenAPI 上櫃股票基本資料（完整母集）,https://www.tpex.org.tw/openapi/v1/mopsfin_t187ap03_O,2026-08-28,待核,l2:TPEX:7703,无,不适用,L2机械母集；未挂格,"四件套：URL=source_url；检索日=2026-08-28；命中引语=""公司代號 7703""；判定类别=L2机械母集/待人工裁决。原始出表日期=1150828；完整发行人母集不推定PCB主营、中国大陆厂址或物理产能。"
cand:l2-tpex-7704,issuer,issuer:TW:7704,issuer:TW:7704,-,-,-,明遠精密,L2,TPEx OpenAPI 上櫃股票基本資料（完整母集）,https://www.tpex.org.tw/openapi/v1/mopsfin_t187ap03_O,2026-08-28,待核,l2:TPEX:7704,无,不适用,L2机械母集；未挂格,"四件套：URL=source_url；检索日=2026-08-28；命中引语=""公司代號 7704""；判定类别=L2机械母集/待人工裁决。原始出表日期=1150828；完整发行人母集不推定PCB主营、中国大陆厂址或物理产能。"
cand:l2-tpex-7708,issuer,issuer:TW:7708,issuer:TW:7708,-,-,-,全家餐飲,L2,TPEx OpenAPI 上櫃股票基本資料（完整母集）,https://www.tpex.org.tw/openapi/v1/mopsfin_t187ap03_O,2026-08-28,待核,l2:TPEX:7708,无,不适用,L2机械母集；未挂格,"四件套：URL=source_url；检索日=2026-08-28；命中引语=""公司代號 7708""；判定类别=L2机械母集/待人工裁决。原始出表日期=1150828；完整发行人母集不推定PCB主营、中国大陆厂址或物理产能。"
cand:l2-tpex-7709,issuer,issuer:TW:7709,issuer:TW:7709,-,-,-,榮田,L2,TPEx OpenAPI 上櫃股票基本資料（完整母集）,https://www.tpex.org.tw/openapi/v1/mopsfin_t187ap03_O,2026-08-28,待核,l2:TPEX:7709,无,不适用,L2机械母集；未挂格,"四件套：URL=source_url；检索日=2026-08-28；命中引语=""公司代號 7709""；判定类别=L2机械母集/待人工裁决。原始出表日期=1150828；完整发行人母集不推定PCB主营、中国大陆厂址或物理产能。"
cand:l2-tpex-7712,issuer,issuer:TW:7712,issuer:TW:7712,-,-,-,博盛半導體,L2,TPEx OpenAPI 上櫃股票基本資料（完整母集）,https://www.tpex.org.tw/openapi/v1/mopsfin_t187ap03_O,2026-08-28,待核,l2:TPEX:7712,无,不适用,L2机械母集；未挂格,"四件套：URL=source_url；检索日=2026-08-28；命中引语=""公司代號 7712""；判定类别=L2机械母集/待人工裁决。原始出表日期=1150828；完整发行人母集不推定PCB主营、中国大陆厂址或物理产能。"
cand:l2-tpex-7713,issuer,issuer:TW:7713,issuer:TW:7713,-,-,-,威力德生醫,L2,TPEx OpenAPI 上櫃股票基本資料（完整母集）,https://www.tpex.org.tw/openapi/v1/mopsfin_t187ap03_O,2026-08-28,待核,l2:TPEX:7713,无,不适用,L2机械母集；未挂格,"四件套：URL=source_url；检索日=2026-08-28；命中引语=""公司代號 7713""；判定类别=L2机械母集/待人工裁决。原始出表日期=1150828；完整发行人母集不推定PCB主营、中国大陆厂址或物理产能。"
cand:l2-tpex-7714,issuer,issuer:TW:7714,issuer:TW:7714,-,-,-,創泓科技,L2,TPEx OpenAPI 上櫃股票基本資料（完整母集）,https://www.tpex.org.tw/openapi/v1/mopsfin_t187ap03_O,2026-08-28,待核,l2:TPEX:7714,无,不适用,L2机械母集；未挂格,"四件套：URL=source_url；检索日=2026-08-28；命中引语=""公司代號 7714""；判定类别=L2机械母集/待人工裁决。原始出表日期=1150828；完整发行人母集不推定PCB主营、中国大陆厂址或物理产能。"
cand:l2-tpex-7715,issuer,issuer:TW:7715,issuer:TW:7715,-,-,-,裕山,L2,TPEx OpenAPI 上櫃股票基本資料（完整母集）,https://www.tpex.org.tw/openapi/v1/mopsfin_t187ap03_O,2026-08-28,待核,l2:TPEX:7715,无,不适用,L2机械母集；未挂格,"四件套：URL=source_url；检索日=2026-08-28；命中引语=""公司代號 7715""；判定类别=L2机械母集/待人工裁决。原始出表日期=1150828；完整发行人母集不推定PCB主营、中国大陆厂址或物理产能。"
cand:l2-tpex-7716,issuer,issuer:TW:7716,issuer:TW:7716,-,-,-,昱臺國際,L2,TPEx OpenAPI 上櫃股票基本資料（完整母集）,https://www.tpex.org.tw/openapi/v1/mopsfin_t187ap03_O,2026-08-28,待核,l2:TPEX:7716,无,不适用,L2机械母集；未挂格,"四件套：URL=source_url；检索日=2026-08-28；命中引语=""公司代號 7716""；判定类别=L2机械母集/待人工裁决。原始出表日期=1150828；完整发行人母集不推定PCB主营、中国大陆厂址或物理产能。"
cand:l2-tpex-7717,issuer,issuer:TW:7717,issuer:TW:7717,-,-,-,萊德光電-KY,L2,TPEx OpenAPI 上櫃股票基本資料（完整母集）,https://www.tpex.org.tw/openapi/v1/mopsfin_t187ap03_O,2026-08-28,待核,l2:TPEX:7717,无,不适用,L2机械母集；未挂格,"四件套：URL=source_url；检索日=2026-08-28；命中引语=""公司代號 7717""；判定类别=L2机械母集/待人工裁决。原始出表日期=1150828；完整发行人母集不推定PCB主营、中国大陆厂址或物理产能。"
cand:l2-tpex-7718,issuer,issuer:TW:7718,issuer:TW:7718,-,-,-,友鋮,L2,TPEx OpenAPI 上櫃股票基本資料（完整母集）,https://www.tpex.org.tw/openapi/v1/mopsfin_t187ap03_O,2026-08-28,待核,l2:TPEX:7718,无,不适用,L2机械母集；未挂格,"四件套：URL=source_url；检索日=2026-08-28；命中引语=""公司代號 7718""；判定类别=L2机械母集/待人工裁决。原始出表日期=1150828；完整发行人母集不推定PCB主营、中国大陆厂址或物理产能。"
cand:l2-tpex-7723,issuer,issuer:TW:7723,issuer:TW:7723,-,-,-,築間,L2,TPEx OpenAPI 上櫃股票基本資料（完整母集）,https://www.tpex.org.tw/openapi/v1/mopsfin_t187ap03_O,2026-08-28,待核,l2:TPEX:7723,无,不适用,L2机械母集；未挂格,"四件套：URL=source_url；检索日=2026-08-28；命中引语=""公司代號 7723""；判定类别=L2机械母集/待人工裁决。原始出表日期=1150828；完整发行人母集不推定PCB主营、中国大陆厂址或物理产能。"
cand:l2-tpex-7728,issuer,issuer:TW:7728,issuer:TW:7728,-,-,-,光焱科技,L2,TPEx OpenAPI 上櫃股票基本資料（完整母集）,https://www.tpex.org.tw/openapi/v1/mopsfin_t187ap03_O,2026-08-28,待核,l2:TPEX:7728,无,不适用,L2机械母集；未挂格,"四件套：URL=source_url；检索日=2026-08-28；命中引语=""公司代號 7728""；判定类别=L2机械母集/待人工裁决。原始出表日期=1150828；完整发行人母集不推定PCB主营、中国大陆厂址或物理产能。"
cand:l2-tpex-7734,issuer,issuer:TW:7734,issuer:TW:7734,-,-,-,印能科技,L2,TPEx OpenAPI 上櫃股票基本資料（完整母集）,https://www.tpex.org.tw/openapi/v1/mopsfin_t187ap03_O,2026-08-28,待核,l2:TPEX:7734,无,不适用,L2机械母集；未挂格,"四件套：URL=source_url；检索日=2026-08-28；命中引语=""公司代號 7734""；判定类别=L2机械母集/待人工裁决。原始出表日期=1150828；完整发行人母集不推定PCB主营、中国大陆厂址或物理产能。"
cand:l2-tpex-7738,issuer,issuer:TW:7738,issuer:TW:7738,-,-,-,東聯互動,L2,TPEx OpenAPI 上櫃股票基本資料（完整母集）,https://www.tpex.org.tw/openapi/v1/mopsfin_t187ap03_O,2026-08-28,待核,l2:TPEX:7738,无,不适用,L2机械母集；未挂格,"四件套：URL=source_url；检索日=2026-08-28；命中引语=""公司代號 7738""；判定类别=L2机械母集/待人工裁决。原始出表日期=1150828；完整发行人母集不推定PCB主营、中国大陆厂址或物理产能。"
cand:l2-tpex-7743,issuer,issuer:TW:7743,issuer:TW:7743,-,-,-,金利食安,L2,TPEx OpenAPI 上櫃股票基本資料（完整母集）,https://www.tpex.org.tw/openapi/v1/mopsfin_t187ap03_O,2026-08-28,待核,l2:TPEX:7743,无,不适用,L2机械母集；未挂格,"四件套：URL=source_url；检索日=2026-08-28；命中引语=""公司代號 7743""；判定类别=L2机械母集/待人工裁决。原始出表日期=1150828；完整发行人母集不推定PCB主营、中国大陆厂址或物理产能。"
cand:l2-tpex-7744,issuer,issuer:TW:7744,issuer:TW:7744,-,-,-,崴寶,L2,TPEx OpenAPI 上櫃股票基本資料（完整母集）,https://www.tpex.org.tw/openapi/v1/mopsfin_t187ap03_O,2026-08-28,待核,l2:TPEX:7744,无,不适用,L2机械母集；未挂格,"四件套：URL=source_url；检索日=2026-08-28；命中引语=""公司代號 7744""；判定类别=L2机械母集/待人工裁决。原始出表日期=1150828；完整发行人母集不推定PCB主营、中国大陆厂址或物理产能。"
cand:l2-tpex-7747,issuer,issuer:TW:7747,issuer:TW:7747,-,-,-,昕奇雲端,L2,TPEx OpenAPI 上櫃股票基本資料（完整母集）,https://www.tpex.org.tw/openapi/v1/mopsfin_t187ap03_O,2026-08-28,待核,l2:TPEX:7747,无,不适用,L2机械母集；未挂格,"四件套：URL=source_url；检索日=2026-08-28；命中引语=""公司代號 7747""；判定类别=L2机械母集/待人工裁决。原始出表日期=1150828；完整发行人母集不推定PCB主营、中国大陆厂址或物理产能。"
cand:l2-tpex-7751,issuer,issuer:TW:7751,issuer:TW:7751,-,-,-,竑騰,L2,TPEx OpenAPI 上櫃股票基本資料（完整母集）,https://www.tpex.org.tw/openapi/v1/mopsfin_t187ap03_O,2026-08-28,待核,l2:TPEX:7751,无,不适用,L2机械母集；未挂格,"四件套：URL=source_url；检索日=2026-08-28；命中引语=""公司代號 7751""；判定类别=L2机械母集/待人工裁决。原始出表日期=1150828；完整发行人母集不推定PCB主营、中国大陆厂址或物理产能。"
cand:l2-tpex-7753,issuer,issuer:TW:7753,issuer:TW:7753,-,-,-,星亞,L2,TPEx OpenAPI 上櫃股票基本資料（完整母集）,https://www.tpex.org.tw/openapi/v1/mopsfin_t187ap03_O,2026-08-28,待核,l2:TPEX:7753,无,不适用,L2机械母集；未挂格,"四件套：URL=source_url；检索日=2026-08-28；命中引语=""公司代號 7753""；判定类别=L2机械母集/待人工裁决。原始出表日期=1150828；完整发行人母集不推定PCB主营、中国大陆厂址或物理产能。"
cand:l2-tpex-7757,issuer,issuer:TW:7757,issuer:TW:7757,-,-,-,金色三麥,L2,TPEx OpenAPI 上櫃股票基本資料（完整母集）,https://www.tpex.org.tw/openapi/v1/mopsfin_t187ap03_O,2026-08-28,待核,l2:TPEX:7757,无,不适用,L2机械母集；未挂格,"四件套：URL=source_url；检索日=2026-08-28；命中引语=""公司代號 7757""；判定类别=L2机械母集/待人工裁决。原始出表日期=1150828；完整发行人母集不推定PCB主营、中国大陆厂址或物理产能。"
cand:l2-tpex-7767,issuer,issuer:TW:7767,issuer:TW:7767,-,-,-,仁大資訊,L2,TPEx OpenAPI 上櫃股票基本資料（完整母集）,https://www.tpex.org.tw/openapi/v1/mopsfin_t187ap03_O,2026-08-28,待核,l2:TPEX:7767,无,不适用,L2机械母集；未挂格,"四件套：URL=source_url；检索日=2026-08-28；命中引语=""公司代號 7767""；判定类别=L2机械母集/待人工裁决。原始出表日期=1150828；完整发行人母集不推定PCB主营、中国大陆厂址或物理产能。"
cand:l2-tpex-7770,issuer,issuer:TW:7770,issuer:TW:7770,-,-,-,君曜,L2,TPEx OpenAPI 上櫃股票基本資料（完整母集）,https://www.tpex.org.tw/openapi/v1/mopsfin_t187ap03_O,2026-08-28,待核,l2:TPEX:7770,无,不适用,L2机械母集；未挂格,"四件套：URL=source_url；检索日=2026-08-28；命中引语=""公司代號 7770""；判定类别=L2机械母集/待人工裁决。原始出表日期=1150828；完整发行人母集不推定PCB主营、中国大陆厂址或物理产能。"
cand:l2-tpex-7772,issuer,issuer:TW:7772,issuer:TW:7772,-,-,-,耀穎,L2,TPEx OpenAPI 上櫃股票基本資料（完整母集）,https://www.tpex.org.tw/openapi/v1/mopsfin_t187ap03_O,2026-08-28,待核,l2:TPEX:7772,无,不适用,L2机械母集；未挂格,"四件套：URL=source_url；检索日=2026-08-28；命中引语=""公司代號 7772""；判定类别=L2机械母集/待人工裁决。原始出表日期=1150828；完整发行人母集不推定PCB主营、中国大陆厂址或物理产能。"
cand:l2-tpex-7777,issuer,issuer:TW:7777,issuer:TW:7777,-,-,-,能率亞洲,L2,TPEx OpenAPI 上櫃股票基本資料（完整母集）,https://www.tpex.org.tw/openapi/v1/mopsfin_t187ap03_O,2026-08-28,待核,l2:TPEX:7777,无,不适用,L2机械母集；未挂格,"四件套：URL=source_url；检索日=2026-08-28；命中引语=""公司代號 7777""；判定类别=L2机械母集/待人工裁决。原始出表日期=1150828；完整发行人母集不推定PCB主营、中国大陆厂址或物理产能。"
cand:l2-tpex-7782,issuer,issuer:TW:7782,issuer:TW:7782,-,-,-,光速火箭,L2,TPEx OpenAPI 上櫃股票基本資料（完整母集）,https://www.tpex.org.tw/openapi/v1/mopsfin_t187ap03_O,2026-08-28,待核,l2:TPEX:7782,无,不适用,L2机械母集；未挂格,"四件套：URL=source_url；检索日=2026-08-28；命中引语=""公司代號 7782""；判定类别=L2机械母集/待人工裁决。原始出表日期=1150828；完整发行人母集不推定PCB主营、中国大陆厂址或物理产能。"
cand:l2-tpex-7792,issuer,issuer:TW:7792,issuer:TW:7792,-,-,-,安葆,L2,TPEx OpenAPI 上櫃股票基本資料（完整母集）,https://www.tpex.org.tw/openapi/v1/mopsfin_t187ap03_O,2026-08-28,待核,l2:TPEX:7792,无,不适用,L2机械母集；未挂格,"四件套：URL=source_url；检索日=2026-08-28；命中引语=""公司代號 7792""；判定类别=L2机械母集/待人工裁决。原始出表日期=1150828；完整发行人母集不推定PCB主营、中国大陆厂址或物理产能。"
cand:l2-tpex-7794,issuer,issuer:TW:7794,issuer:TW:7794,-,-,-,宏碁智新,L2,TPEx OpenAPI 上櫃股票基本資料（完整母集）,https://www.tpex.org.tw/openapi/v1/mopsfin_t187ap03_O,2026-08-28,待核,l2:TPEX:7794,无,不适用,L2机械母集；未挂格,"四件套：URL=source_url；检索日=2026-08-28；命中引语=""公司代號 7794""；判定类别=L2机械母集/待人工裁决。原始出表日期=1150828；完整发行人母集不推定PCB主营、中国大陆厂址或物理产能。"
cand:l2-tpex-7805,issuer,issuer:TW:7805,issuer:TW:7805,-,-,-,威聯通,L2,TPEx OpenAPI 上櫃股票基本資料（完整母集）,https://www.tpex.org.tw/openapi/v1/mopsfin_t187ap03_O,2026-08-28,待核,l2:TPEX:7805,无,不适用,L2机械母集；未挂格,"四件套：URL=source_url；检索日=2026-08-28；命中引语=""公司代號 7805""；判定类别=L2机械母集/待人工裁决。原始出表日期=1150828；完整发行人母集不推定PCB主营、中国大陆厂址或物理产能。"
cand:l2-tpex-7810,issuer,issuer:TW:7810,issuer:TW:7810,-,-,-,捷創科技,L2,TPEx OpenAPI 上櫃股票基本資料（完整母集）,https://www.tpex.org.tw/openapi/v1/mopsfin_t187ap03_O,2026-08-28,待核,l2:TPEX:7810,无,不适用,L2机械母集；未挂格,"四件套：URL=source_url；检索日=2026-08-28；命中引语=""公司代號 7810""；判定类别=L2机械母集/待人工裁决。原始出表日期=1150828；完整发行人母集不推定PCB主营、中国大陆厂址或物理产能。"
cand:l2-tpex-7811,issuer,issuer:TW:7811,issuer:TW:7811,-,-,-,民盛,L2,TPEx OpenAPI 上櫃股票基本資料（完整母集）,https://www.tpex.org.tw/openapi/v1/mopsfin_t187ap03_O,2026-08-28,待核,l2:TPEX:7811,无,不适用,L2机械母集；未挂格,"四件套：URL=source_url；检索日=2026-08-28；命中引语=""公司代號 7811""；判定类别=L2机械母集/待人工裁决。原始出表日期=1150828；完整发行人母集不推定PCB主营、中国大陆厂址或物理产能。"
cand:l2-tpex-7814,issuer,issuer:TW:7814,issuer:TW:7814,-,-,-,海昌生技,L2,TPEx OpenAPI 上櫃股票基本資料（完整母集）,https://www.tpex.org.tw/openapi/v1/mopsfin_t187ap03_O,2026-08-28,待核,l2:TPEX:7814,无,不适用,L2机械母集；未挂格,"四件套：URL=source_url；检索日=2026-08-28；命中引语=""公司代號 7814""；判定类别=L2机械母集/待人工裁决。原始出表日期=1150828；完整发行人母集不推定PCB主营、中国大陆厂址或物理产能。"
cand:l2-tpex-7819,issuer,issuer:TW:7819,issuer:TW:7819,-,-,-,精誠金融,L2,TPEx OpenAPI 上櫃股票基本資料（完整母集）,https://www.tpex.org.tw/openapi/v1/mopsfin_t187ap03_O,2026-08-28,待核,l2:TPEX:7819,无,不适用,L2机械母集；未挂格,"四件套：URL=source_url；检索日=2026-08-28；命中引语=""公司代號 7819""；判定类别=L2机械母集/待人工裁决。原始出表日期=1150828；完整发行人母集不推定PCB主营、中国大陆厂址或物理产能。"
cand:l2-tpex-7820,issuer,issuer:TW:7820,issuer:TW:7820,-,-,-,立盈,L2,TPEx OpenAPI 上櫃股票基本資料（完整母集）,https://www.tpex.org.tw/openapi/v1/mopsfin_t187ap03_O,2026-08-28,待核,l2:TPEX:7820,无,不适用,L2机械母集；未挂格,"四件套：URL=source_url；检索日=2026-08-28；命中引语=""公司代號 7820""；判定类别=L2机械母集/待人工裁决。原始出表日期=1150828；完整发行人母集不推定PCB主营、中国大陆厂址或物理产能。"
cand:l2-tpex-7828,issuer,issuer:TW:7828,issuer:TW:7828,-,-,-,創新服務,L2,TPEx OpenAPI 上櫃股票基本資料（完整母集）,https://www.tpex.org.tw/openapi/v1/mopsfin_t187ap03_O,2026-08-28,待核,l2:TPEX:7828,无,不适用,L2机械母集；未挂格,"四件套：URL=source_url；检索日=2026-08-28；命中引语=""公司代號 7828""；判定类别=L2机械母集/待人工裁决。原始出表日期=1150828；完整发行人母集不推定PCB主营、中国大陆厂址或物理产能。"
cand:l2-tpex-7839,issuer,issuer:TW:7839,issuer:TW:7839,-,-,-,達人網,L2,TPEx OpenAPI 上櫃股票基本資料（完整母集）,https://www.tpex.org.tw/openapi/v1/mopsfin_t187ap03_O,2026-08-28,待核,l2:TPEX:7839,无,不适用,L2机械母集；未挂格,"四件套：URL=source_url；检索日=2026-08-28；命中引语=""公司代號 7839""；判定类别=L2机械母集/待人工裁决。原始出表日期=1150828；完整发行人母集不推定PCB主营、中国大陆厂址或物理产能。"
cand:l2-tpex-7842,issuer,issuer:TW:7842,issuer:TW:7842,-,-,-,天能綠電,L2,TPEx OpenAPI 上櫃股票基本資料（完整母集）,https://www.tpex.org.tw/openapi/v1/mopsfin_t187ap03_O,2026-08-28,待核,l2:TPEX:7842,无,不适用,L2机械母集；未挂格,"四件套：URL=source_url；检索日=2026-08-28；命中引语=""公司代號 7842""；判定类别=L2机械母集/待人工裁决。原始出表日期=1150828；完整发行人母集不推定PCB主营、中国大陆厂址或物理产能。"
cand:l2-tpex-8024,issuer,issuer:TW:8024,issuer:TW:8024,-,-,-,佑華,L2,TPEx OpenAPI 上櫃股票基本資料（完整母集）,https://www.tpex.org.tw/openapi/v1/mopsfin_t187ap03_O,2026-08-28,待核,l2:TPEX:8024,无,不适用,L2机械母集；未挂格,"四件套：URL=source_url；检索日=2026-08-28；命中引语=""公司代號 8024""；判定类别=L2机械母集/待人工裁决。原始出表日期=1150828；完整发行人母集不推定PCB主营、中国大陆厂址或物理产能。"
cand:l2-tpex-8027,issuer,issuer:TW:8027,issuer:TW:8027,-,-,-,鈦昇,L2,TPEx OpenAPI 上櫃股票基本資料（完整母集）,https://www.tpex.org.tw/openapi/v1/mopsfin_t187ap03_O,2026-08-28,待核,l2:TPEX:8027,无,不适用,L2机械母集；未挂格,"四件套：URL=source_url；检索日=2026-08-28；命中引语=""公司代號 8027""；判定类别=L2机械母集/待人工裁决。原始出表日期=1150828；完整发行人母集不推定PCB主营、中国大陆厂址或物理产能。"
cand:l2-tpex-8032,issuer,issuer:TW:8032,issuer:TW:8032,-,-,-,光菱,L2,TPEx OpenAPI 上櫃股票基本資料（完整母集）,https://www.tpex.org.tw/openapi/v1/mopsfin_t187ap03_O,2026-08-28,待核,l2:TPEX:8032,无,不适用,L2机械母集；未挂格,"四件套：URL=source_url；检索日=2026-08-28；命中引语=""公司代號 8032""；判定类别=L2机械母集/待人工裁决。原始出表日期=1150828；完整发行人母集不推定PCB主营、中国大陆厂址或物理产能。"
cand:l2-tpex-8034,issuer,issuer:TW:8034,issuer:TW:8034,-,-,-,榮群,L2,TPEx OpenAPI 上櫃股票基本資料（完整母集）,https://www.tpex.org.tw/openapi/v1/mopsfin_t187ap03_O,2026-08-28,待核,l2:TPEX:8034,无,不适用,L2机械母集；未挂格,"四件套：URL=source_url；检索日=2026-08-28；命中引语=""公司代號 8034""；判定类别=L2机械母集/待人工裁决。原始出表日期=1150828；完整发行人母集不推定PCB主营、中国大陆厂址或物理产能。"
cand:l2-tpex-8038,issuer,issuer:TW:8038,issuer:TW:8038,-,-,-,長園科,L2,TPEx OpenAPI 上櫃股票基本資料（完整母集）,https://www.tpex.org.tw/openapi/v1/mopsfin_t187ap03_O,2026-08-28,待核,l2:TPEX:8038,无,不适用,L2机械母集；未挂格,"四件套：URL=source_url；检索日=2026-08-28；命中引语=""公司代號 8038""；判定类别=L2机械母集/待人工裁决。原始出表日期=1150828；完整发行人母集不推定PCB主营、中国大陆厂址或物理产能。"
cand:l2-tpex-8040,issuer,issuer:TW:8040,issuer:TW:8040,-,-,-,九暘,L2,TPEx OpenAPI 上櫃股票基本資料（完整母集）,https://www.tpex.org.tw/openapi/v1/mopsfin_t187ap03_O,2026-08-28,待核,l2:TPEX:8040,无,不适用,L2机械母集；未挂格,"四件套：URL=source_url；检索日=2026-08-28；命中引语=""公司代號 8040""；判定类别=L2机械母集/待人工裁决。原始出表日期=1150828；完整发行人母集不推定PCB主营、中国大陆厂址或物理产能。"
cand:l2-tpex-8042,issuer,issuer:TW:8042,issuer:TW:8042,-,-,-,金山電,L2,TPEx OpenAPI 上櫃股票基本資料（完整母集）,https://www.tpex.org.tw/openapi/v1/mopsfin_t187ap03_O,2026-08-28,待核,l2:TPEX:8042,无,不适用,L2机械母集；未挂格,"四件套：URL=source_url；检索日=2026-08-28；命中引语=""公司代號 8042""；判定类别=L2机械母集/待人工裁决。原始出表日期=1150828；完整发行人母集不推定PCB主营、中国大陆厂址或物理产能。"
cand:l2-tpex-8043,issuer,issuer:TW:8043,issuer:TW:8043,-,-,-,蜜望實,L2,TPEx OpenAPI 上櫃股票基本資料（完整母集）,https://www.tpex.org.tw/openapi/v1/mopsfin_t187ap03_O,2026-08-28,待核,l2:TPEX:8043,无,不适用,L2机械母集；未挂格,"四件套：URL=source_url；检索日=2026-08-28；命中引语=""公司代號 8043""；判定类别=L2机械母集/待人工裁决。原始出表日期=1150828；完整发行人母集不推定PCB主营、中国大陆厂址或物理产能。"
cand:l2-tpex-8044,issuer,issuer:TW:8044,issuer:TW:8044,-,-,-,網家,L2,TPEx OpenAPI 上櫃股票基本資料（完整母集）,https://www.tpex.org.tw/openapi/v1/mopsfin_t187ap03_O,2026-08-28,待核,l2:TPEX:8044,无,不适用,L2机械母集；未挂格,"四件套：URL=source_url；检索日=2026-08-28；命中引语=""公司代號 8044""；判定类别=L2机械母集/待人工裁决。原始出表日期=1150828；完整发行人母集不推定PCB主营、中国大陆厂址或物理产能。"
cand:l2-tpex-8047,issuer,issuer:TW:8047,issuer:TW:8047,-,-,-,星雲,L2,TPEx OpenAPI 上櫃股票基本資料（完整母集）,https://www.tpex.org.tw/openapi/v1/mopsfin_t187ap03_O,2026-08-28,待核,l2:TPEX:8047,无,不适用,L2机械母集；未挂格,"四件套：URL=source_url；检索日=2026-08-28；命中引语=""公司代號 8047""；判定类别=L2机械母集/待人工裁决。原始出表日期=1150828；完整发行人母集不推定PCB主营、中国大陆厂址或物理产能。"
cand:l2-tpex-8048,issuer,issuer:TW:8048,issuer:TW:8048,-,-,-,德勝,L2,TPEx OpenAPI 上櫃股票基本資料（完整母集）,https://www.tpex.org.tw/openapi/v1/mopsfin_t187ap03_O,2026-08-28,待核,l2:TPEX:8048,无,不适用,L2机械母集；未挂格,"四件套：URL=source_url；检索日=2026-08-28；命中引语=""公司代號 8048""；判定类别=L2机械母集/待人工裁决。原始出表日期=1150828；完整发行人母集不推定PCB主营、中国大陆厂址或物理产能。"
cand:l2-tpex-8049,issuer,issuer:TW:8049,issuer:TW:8049,-,-,-,晶采,L2,TPEx OpenAPI 上櫃股票基本資料（完整母集）,https://www.tpex.org.tw/openapi/v1/mopsfin_t187ap03_O,2026-08-28,待核,l2:TPEX:8049,无,不适用,L2机械母集；未挂格,"四件套：URL=source_url；检索日=2026-08-28；命中引语=""公司代號 8049""；判定类别=L2机械母集/待人工裁决。原始出表日期=1150828；完整发行人母集不推定PCB主营、中国大陆厂址或物理产能。"
cand:l2-tpex-8050,issuer,issuer:TW:8050,issuer:TW:8050,-,-,-,廣積,L2,TPEx OpenAPI 上櫃股票基本資料（完整母集）,https://www.tpex.org.tw/openapi/v1/mopsfin_t187ap03_O,2026-08-28,待核,l2:TPEX:8050,无,不适用,L2机械母集；未挂格,"四件套：URL=source_url；检索日=2026-08-28；命中引语=""公司代號 8050""；判定类别=L2机械母集/待人工裁决。原始出表日期=1150828；完整发行人母集不推定PCB主营、中国大陆厂址或物理产能。"
cand:l2-tpex-8054,issuer,issuer:TW:8054,issuer:TW:8054,-,-,-,安國,L2,TPEx OpenAPI 上櫃股票基本資料（完整母集）,https://www.tpex.org.tw/openapi/v1/mopsfin_t187ap03_O,2026-08-28,待核,l2:TPEX:8054,无,不适用,L2机械母集；未挂格,"四件套：URL=source_url；检索日=2026-08-28；命中引语=""公司代號 8054""；判定类别=L2机械母集/待人工裁决。原始出表日期=1150828；完整发行人母集不推定PCB主营、中国大陆厂址或物理产能。"
cand:l2-tpex-8059,issuer,issuer:TW:8059,issuer:TW:8059,-,-,-,凱碩,L2,TPEx OpenAPI 上櫃股票基本資料（完整母集）,https://www.tpex.org.tw/openapi/v1/mopsfin_t187ap03_O,2026-08-28,待核,l2:TPEX:8059,无,不适用,L2机械母集；未挂格,"四件套：URL=source_url；检索日=2026-08-28；命中引语=""公司代號 8059""；判定类别=L2机械母集/待人工裁决。原始出表日期=1150828；完整发行人母集不推定PCB主营、中国大陆厂址或物理产能。"
cand:l2-tpex-8064,issuer,issuer:TW:8064,issuer:TW:8064,-,-,-,東捷,L2,TPEx OpenAPI 上櫃股票基本資料（完整母集）,https://www.tpex.org.tw/openapi/v1/mopsfin_t187ap03_O,2026-08-28,待核,l2:TPEX:8064,无,不适用,L2机械母集；未挂格,"四件套：URL=source_url；检索日=2026-08-28；命中引语=""公司代號 8064""；判定类别=L2机械母集/待人工裁决。原始出表日期=1150828；完整发行人母集不推定PCB主营、中国大陆厂址或物理产能。"
cand:l2-tpex-8066,issuer,issuer:TW:8066,issuer:TW:8066,-,-,-,來思達,L2,TPEx OpenAPI 上櫃股票基本資料（完整母集）,https://www.tpex.org.tw/openapi/v1/mopsfin_t187ap03_O,2026-08-28,待核,l2:TPEX:8066,无,不适用,L2机械母集；未挂格,"四件套：URL=source_url；检索日=2026-08-28；命中引语=""公司代號 8066""；判定类别=L2机械母集/待人工裁决。原始出表日期=1150828；完整发行人母集不推定PCB主营、中国大陆厂址或物理产能。"
cand:l2-tpex-8067,issuer,issuer:TW:8067,issuer:TW:8067,-,-,-,志旭,L2,TPEx OpenAPI 上櫃股票基本資料（完整母集）,https://www.tpex.org.tw/openapi/v1/mopsfin_t187ap03_O,2026-08-28,待核,l2:TPEX:8067,无,不适用,L2机械母集；未挂格,"四件套：URL=source_url；检索日=2026-08-28；命中引语=""公司代號 8067""；判定类别=L2机械母集/待人工裁决。原始出表日期=1150828；完整发行人母集不推定PCB主营、中国大陆厂址或物理产能。"
cand:l2-tpex-8068,issuer,issuer:TW:8068,issuer:TW:8068,-,-,-,全達,L2,TPEx OpenAPI 上櫃股票基本資料（完整母集）,https://www.tpex.org.tw/openapi/v1/mopsfin_t187ap03_O,2026-08-28,待核,l2:TPEX:8068,无,不适用,L2机械母集；未挂格,"四件套：URL=source_url；检索日=2026-08-28；命中引语=""公司代號 8068""；判定类别=L2机械母集/待人工裁决。原始出表日期=1150828；完整发行人母集不推定PCB主营、中国大陆厂址或物理产能。"
cand:l2-tpex-8069,issuer,issuer:TW:8069,issuer:TW:8069,-,-,-,元太,L2,TPEx OpenAPI 上櫃股票基本資料（完整母集）,https://www.tpex.org.tw/openapi/v1/mopsfin_t187ap03_O,2026-08-28,待核,l2:TPEX:8069,无,不适用,L2机械母集；未挂格,"四件套：URL=source_url；检索日=2026-08-28；命中引语=""公司代號 8069""；判定类别=L2机械母集/待人工裁决。原始出表日期=1150828；完整发行人母集不推定PCB主营、中国大陆厂址或物理产能。"
cand:l2-tpex-8071,issuer,issuer:TW:8071,issuer:TW:8071,-,-,-,能率網通,L2,TPEx OpenAPI 上櫃股票基本資料（完整母集）,https://www.tpex.org.tw/openapi/v1/mopsfin_t187ap03_O,2026-08-28,待核,l2:TPEX:8071,无,不适用,L2机械母集；未挂格,"四件套：URL=source_url；检索日=2026-08-28；命中引语=""公司代號 8071""；判定类别=L2机械母集/待人工裁决。原始出表日期=1150828；完整发行人母集不推定PCB主营、中国大陆厂址或物理产能。"
cand:l2-tpex-8074,issuer,issuer:TW:8074,issuer:TW:8074,-,-,-,鉅橡,L2,TPEx OpenAPI 上櫃股票基本資料（完整母集）,https://www.tpex.org.tw/openapi/v1/mopsfin_t187ap03_O,2026-08-28,待核,l2:TPEX:8074,无,不适用,L2机械母集；未挂格,"四件套：URL=source_url；检索日=2026-08-28；命中引语=""公司代號 8074""；判定类别=L2机械母集/待人工裁决。原始出表日期=1150828；完整发行人母集不推定PCB主营、中国大陆厂址或物理产能。"
cand:l2-tpex-8076,issuer,issuer:TW:8076,issuer:TW:8076,-,-,-,伍豐,L2,TPEx OpenAPI 上櫃股票基本資料（完整母集）,https://www.tpex.org.tw/openapi/v1/mopsfin_t187ap03_O,2026-08-28,待核,l2:TPEX:8076,无,不适用,L2机械母集；未挂格,"四件套：URL=source_url；检索日=2026-08-28；命中引语=""公司代號 8076""；判定类别=L2机械母集/待人工裁决。原始出表日期=1150828；完整发行人母集不推定PCB主营、中国大陆厂址或物理产能。"
cand:l2-tpex-8077,issuer,issuer:TW:8077,issuer:TW:8077,-,-,-,洛碁,L2,TPEx OpenAPI 上櫃股票基本資料（完整母集）,https://www.tpex.org.tw/openapi/v1/mopsfin_t187ap03_O,2026-08-28,待核,l2:TPEX:8077,无,不适用,L2机械母集；未挂格,"四件套：URL=source_url；检索日=2026-08-28；命中引语=""公司代號 8077""；判定类别=L2机械母集/待人工裁决。原始出表日期=1150828；完整发行人母集不推定PCB主营、中国大陆厂址或物理产能。"
cand:l2-tpex-8080,issuer,issuer:TW:8080,issuer:TW:8080,-,-,-,泰霖,L2,TPEx OpenAPI 上櫃股票基本資料（完整母集）,https://www.tpex.org.tw/openapi/v1/mopsfin_t187ap03_O,2026-08-28,待核,l2:TPEX:8080,无,不适用,L2机械母集；未挂格,"四件套：URL=source_url；检索日=2026-08-28；命中引语=""公司代號 8080""；判定类别=L2机械母集/待人工裁决。原始出表日期=1150828；完整发行人母集不推定PCB主营、中国大陆厂址或物理产能。"
cand:l2-tpex-8083,issuer,issuer:TW:8083,issuer:TW:8083,-,-,-,瑞穎,L2,TPEx OpenAPI 上櫃股票基本資料（完整母集）,https://www.tpex.org.tw/openapi/v1/mopsfin_t187ap03_O,2026-08-28,待核,l2:TPEX:8083,无,不适用,L2机械母集；未挂格,"四件套：URL=source_url；检索日=2026-08-28；命中引语=""公司代號 8083""；判定类别=L2机械母集/待人工裁决。原始出表日期=1150828；完整发行人母集不推定PCB主营、中国大陆厂址或物理产能。"
cand:l2-tpex-8084,issuer,issuer:TW:8084,issuer:TW:8084,-,-,-,巨虹,L2,TPEx OpenAPI 上櫃股票基本資料（完整母集）,https://www.tpex.org.tw/openapi/v1/mopsfin_t187ap03_O,2026-08-28,待核,l2:TPEX:8084,无,不适用,L2机械母集；未挂格,"四件套：URL=source_url；检索日=2026-08-28；命中引语=""公司代號 8084""；判定类别=L2机械母集/待人工裁决。原始出表日期=1150828；完整发行人母集不推定PCB主营、中国大陆厂址或物理产能。"
cand:l2-tpex-8085,issuer,issuer:TW:8085,issuer:TW:8085,-,-,-,福華,L2,TPEx OpenAPI 上櫃股票基本資料（完整母集）,https://www.tpex.org.tw/openapi/v1/mopsfin_t187ap03_O,2026-08-28,待核,l2:TPEX:8085,无,不适用,L2机械母集；未挂格,"四件套：URL=source_url；检索日=2026-08-28；命中引语=""公司代號 8085""；判定类别=L2机械母集/待人工裁决。原始出表日期=1150828；完整发行人母集不推定PCB主营、中国大陆厂址或物理产能。"
cand:l2-tpex-8086,issuer,issuer:TW:8086,issuer:TW:8086,-,-,-,宏捷科,L2,TPEx OpenAPI 上櫃股票基本資料（完整母集）,https://www.tpex.org.tw/openapi/v1/mopsfin_t187ap03_O,2026-08-28,待核,l2:TPEX:8086,无,不适用,L2机械母集；未挂格,"四件套：URL=source_url；检索日=2026-08-28；命中引语=""公司代號 8086""；判定类别=L2机械母集/待人工裁决。原始出表日期=1150828；完整发行人母集不推定PCB主营、中国大陆厂址或物理产能。"
cand:l2-tpex-8087,issuer,issuer:TW:8087,issuer:TW:8087,-,-,-,麗升能源,L2,TPEx OpenAPI 上櫃股票基本資料（完整母集）,https://www.tpex.org.tw/openapi/v1/mopsfin_t187ap03_O,2026-08-28,待核,l2:TPEX:8087,无,不适用,L2机械母集；未挂格,"四件套：URL=source_url；检索日=2026-08-28；命中引语=""公司代號 8087""；判定类别=L2机械母集/待人工裁决。原始出表日期=1150828；完整发行人母集不推定PCB主营、中国大陆厂址或物理产能。"
cand:l2-tpex-8088,issuer,issuer:TW:8088,issuer:TW:8088,-,-,-,品安,L2,TPEx OpenAPI 上櫃股票基本資料（完整母集）,https://www.tpex.org.tw/openapi/v1/mopsfin_t187ap03_O,2026-08-28,待核,l2:TPEX:8088,无,不适用,L2机械母集；未挂格,"四件套：URL=source_url；检索日=2026-08-28；命中引语=""公司代號 8088""；判定类别=L2机械母集/待人工裁决。原始出表日期=1150828；完整发行人母集不推定PCB主营、中国大陆厂址或物理产能。"
cand:l2-tpex-8089,issuer,issuer:TW:8089,issuer:TW:8089,-,-,-,康全電訊,L2,TPEx OpenAPI 上櫃股票基本資料（完整母集）,https://www.tpex.org.tw/openapi/v1/mopsfin_t187ap03_O,2026-08-28,待核,l2:TPEX:8089,无,不适用,L2机械母集；未挂格,"四件套：URL=source_url；检索日=2026-08-28；命中引语=""公司代號 8089""；判定类别=L2机械母集/待人工裁决。原始出表日期=1150828；完整发行人母集不推定PCB主营、中国大陆厂址或物理产能。"
cand:l2-tpex-8091,issuer,issuer:TW:8091,issuer:TW:8091,-,-,-,翔名,L2,TPEx OpenAPI 上櫃股票基本資料（完整母集）,https://www.tpex.org.tw/openapi/v1/mopsfin_t187ap03_O,2026-08-28,待核,l2:TPEX:8091,无,不适用,L2机械母集；未挂格,"四件套：URL=source_url；检索日=2026-08-28；命中引语=""公司代號 8091""；判定类别=L2机械母集/待人工裁决。原始出表日期=1150828；完整发行人母集不推定PCB主营、中国大陆厂址或物理产能。"
cand:l2-tpex-8092,issuer,issuer:TW:8092,issuer:TW:8092,-,-,-,建暐,L2,TPEx OpenAPI 上櫃股票基本資料（完整母集）,https://www.tpex.org.tw/openapi/v1/mopsfin_t187ap03_O,2026-08-28,待核,l2:TPEX:8092,无,不适用,L2机械母集；未挂格,"四件套：URL=source_url；检索日=2026-08-28；命中引语=""公司代號 8092""；判定类别=L2机械母集/待人工裁决。原始出表日期=1150828；完整发行人母集不推定PCB主营、中国大陆厂址或物理产能。"
cand:l2-tpex-8093,issuer,issuer:TW:8093,issuer:TW:8093,-,-,-,保銳,L2,TPEx OpenAPI 上櫃股票基本資料（完整母集）,https://www.tpex.org.tw/openapi/v1/mopsfin_t187ap03_O,2026-08-28,待核,l2:TPEX:8093,无,不适用,L2机械母集；未挂格,"四件套：URL=source_url；检索日=2026-08-28；命中引语=""公司代號 8093""；判定类别=L2机械母集/待人工裁决。原始出表日期=1150828；完整发行人母集不推定PCB主营、中国大陆厂址或物理产能。"
cand:l2-tpex-8096,issuer,issuer:TW:8096,issuer:TW:8096,-,-,-,擎亞,L2,TPEx OpenAPI 上櫃股票基本資料（完整母集）,https://www.tpex.org.tw/openapi/v1/mopsfin_t187ap03_O,2026-08-28,待核,l2:TPEX:8096,无,不适用,L2机械母集；未挂格,"四件套：URL=source_url；检索日=2026-08-28；命中引语=""公司代號 8096""；判定类别=L2机械母集/待人工裁决。原始出表日期=1150828；完整发行人母集不推定PCB主营、中国大陆厂址或物理产能。"
cand:l2-tpex-8097,issuer,issuer:TW:8097,issuer:TW:8097,-,-,-,常珵,L2,TPEx OpenAPI 上櫃股票基本資料（完整母集）,https://www.tpex.org.tw/openapi/v1/mopsfin_t187ap03_O,2026-08-28,待核,l2:TPEX:8097,无,不适用,L2机械母集；未挂格,"四件套：URL=source_url；检索日=2026-08-28；命中引语=""公司代號 8097""；判定类别=L2机械母集/待人工裁决。原始出表日期=1150828；完整发行人母集不推定PCB主营、中国大陆厂址或物理产能。"
cand:l2-tpex-8099,issuer,issuer:TW:8099,issuer:TW:8099,-,-,-,大世科,L2,TPEx OpenAPI 上櫃股票基本資料（完整母集）,https://www.tpex.org.tw/openapi/v1/mopsfin_t187ap03_O,2026-08-28,待核,l2:TPEX:8099,无,不适用,L2机械母集；未挂格,"四件套：URL=source_url；检索日=2026-08-28；命中引语=""公司代號 8099""；判定类别=L2机械母集/待人工裁决。原始出表日期=1150828；完整发行人母集不推定PCB主营、中国大陆厂址或物理产能。"
cand:l2-tpex-8102,issuer,issuer:TW:8102,issuer:TW:8102,-,-,-,傑霖科技,L2,TPEx OpenAPI 上櫃股票基本資料（完整母集）,https://www.tpex.org.tw/openapi/v1/mopsfin_t187ap03_O,2026-08-28,待核,l2:TPEX:8102,无,不适用,L2机械母集；未挂格,"四件套：URL=source_url；检索日=2026-08-28；命中引语=""公司代號 8102""；判定类别=L2机械母集/待人工裁决。原始出表日期=1150828；完整发行人母集不推定PCB主营、中国大陆厂址或物理产能。"
cand:l2-tpex-8107,issuer,issuer:TW:8107,issuer:TW:8107,-,-,-,大億金茂,L2,TPEx OpenAPI 上櫃股票基本資料（完整母集）,https://www.tpex.org.tw/openapi/v1/mopsfin_t187ap03_O,2026-08-28,待核,l2:TPEX:8107,无,不适用,L2机械母集；未挂格,"四件套：URL=source_url；检索日=2026-08-28；命中引语=""公司代號 8107""；判定类别=L2机械母集/待人工裁决。原始出表日期=1150828；完整发行人母集不推定PCB主营、中国大陆厂址或物理产能。"
cand:l2-tpex-8109,issuer,issuer:TW:8109,issuer:TW:8109,-,-,-,博大,L2,TPEx OpenAPI 上櫃股票基本資料（完整母集）,https://www.tpex.org.tw/openapi/v1/mopsfin_t187ap03_O,2026-08-28,待核,l2:TPEX:8109,无,不适用,L2机械母集；未挂格,"四件套：URL=source_url；检索日=2026-08-28；命中引语=""公司代號 8109""；判定类别=L2机械母集/待人工裁决。原始出表日期=1150828；完整发行人母集不推定PCB主营、中国大陆厂址或物理产能。"
cand:l2-tpex-8111,issuer,issuer:TW:8111,issuer:TW:8111,-,-,-,立碁,L2,TPEx OpenAPI 上櫃股票基本資料（完整母集）,https://www.tpex.org.tw/openapi/v1/mopsfin_t187ap03_O,2026-08-28,待核,l2:TPEX:8111,无,不适用,L2机械母集；未挂格,"四件套：URL=source_url；检索日=2026-08-28；命中引语=""公司代號 8111""；判定类别=L2机械母集/待人工裁决。原始出表日期=1150828；完整发行人母集不推定PCB主营、中国大陆厂址或物理产能。"
cand:l2-tpex-8121,issuer,issuer:TW:8121,issuer:TW:8121,-,-,-,越峰,L2,TPEx OpenAPI 上櫃股票基本資料（完整母集）,https://www.tpex.org.tw/openapi/v1/mopsfin_t187ap03_O,2026-08-28,待核,l2:TPEX:8121,无,不适用,L2机械母集；未挂格,"四件套：URL=source_url；检索日=2026-08-28；命中引语=""公司代號 8121""；判定类别=L2机械母集/待人工裁决。原始出表日期=1150828；完整发行人母集不推定PCB主营、中国大陆厂址或物理产能。"
cand:l2-tpex-8147,issuer,issuer:TW:8147,issuer:TW:8147,-,-,-,正淩,L2,TPEx OpenAPI 上櫃股票基本資料（完整母集）,https://www.tpex.org.tw/openapi/v1/mopsfin_t187ap03_O,2026-08-28,待核,l2:TPEX:8147,无,不适用,L2机械母集；未挂格,"四件套：URL=source_url；检索日=2026-08-28；命中引语=""公司代號 8147""；判定类别=L2机械母集/待人工裁决。原始出表日期=1150828；完整发行人母集不推定PCB主营、中国大陆厂址或物理产能。"
cand:l2-tpex-8155,issuer,issuer:TW:8155,issuer:TW:8155,-,-,-,博智,L2,TPEx OpenAPI 上櫃股票基本資料（完整母集）,https://www.tpex.org.tw/openapi/v1/mopsfin_t187ap03_O,2026-08-28,待核,l2:TPEX:8155,无,不适用,L2机械母集；未挂格,"四件套：URL=source_url；检索日=2026-08-28；命中引语=""公司代號 8155""；判定类别=L2机械母集/待人工裁决。原始出表日期=1150828；完整发行人母集不推定PCB主营、中国大陆厂址或物理产能。"
cand:l2-tpex-8171,issuer,issuer:TW:8171,issuer:TW:8171,-,-,-,天宇,L2,TPEx OpenAPI 上櫃股票基本資料（完整母集）,https://www.tpex.org.tw/openapi/v1/mopsfin_t187ap03_O,2026-08-28,待核,l2:TPEX:8171,无,不适用,L2机械母集；未挂格,"四件套：URL=source_url；检索日=2026-08-28；命中引语=""公司代號 8171""；判定类别=L2机械母集/待人工裁决。原始出表日期=1150828；完整发行人母集不推定PCB主营、中国大陆厂址或物理产能。"
cand:l2-tpex-8176,issuer,issuer:TW:8176,issuer:TW:8176,-,-,-,智捷,L2,TPEx OpenAPI 上櫃股票基本資料（完整母集）,https://www.tpex.org.tw/openapi/v1/mopsfin_t187ap03_O,2026-08-28,待核,l2:TPEX:8176,无,不适用,L2机械母集；未挂格,"四件套：URL=source_url；检索日=2026-08-28；命中引语=""公司代號 8176""；判定类别=L2机械母集/待人工裁决。原始出表日期=1150828；完整发行人母集不推定PCB主营、中国大陆厂址或物理产能。"
cand:l2-tpex-8182,issuer,issuer:TW:8182,issuer:TW:8182,-,-,-,加高,L2,TPEx OpenAPI 上櫃股票基本資料（完整母集）,https://www.tpex.org.tw/openapi/v1/mopsfin_t187ap03_O,2026-08-28,待核,l2:TPEX:8182,无,不适用,L2机械母集；未挂格,"四件套：URL=source_url；检索日=2026-08-28；命中引语=""公司代號 8182""；判定类别=L2机械母集/待人工裁决。原始出表日期=1150828；完整发行人母集不推定PCB主营、中国大陆厂址或物理产能。"
cand:l2-tpex-8183,issuer,issuer:TW:8183,issuer:TW:8183,-,-,-,精星,L2,TPEx OpenAPI 上櫃股票基本資料（完整母集）,https://www.tpex.org.tw/openapi/v1/mopsfin_t187ap03_O,2026-08-28,待核,l2:TPEX:8183,无,不适用,L2机械母集；未挂格,"四件套：URL=source_url；检索日=2026-08-28；命中引语=""公司代號 8183""；判定类别=L2机械母集/待人工裁决。原始出表日期=1150828；完整发行人母集不推定PCB主营、中国大陆厂址或物理产能。"
cand:l2-tpex-8227,issuer,issuer:TW:8227,issuer:TW:8227,-,-,-,巨有科技,L2,TPEx OpenAPI 上櫃股票基本資料（完整母集）,https://www.tpex.org.tw/openapi/v1/mopsfin_t187ap03_O,2026-08-28,待核,l2:TPEX:8227,无,不适用,L2机械母集；未挂格,"四件套：URL=source_url；检索日=2026-08-28；命中引语=""公司代號 8227""；判定类别=L2机械母集/待人工裁决。原始出表日期=1150828；完整发行人母集不推定PCB主营、中国大陆厂址或物理产能。"
cand:l2-tpex-8234,issuer,issuer:TW:8234,issuer:TW:8234,-,-,-,新漢,L2,TPEx OpenAPI 上櫃股票基本資料（完整母集）,https://www.tpex.org.tw/openapi/v1/mopsfin_t187ap03_O,2026-08-28,待核,l2:TPEX:8234,无,不适用,L2机械母集；未挂格,"四件套：URL=source_url；检索日=2026-08-28；命中引语=""公司代號 8234""；判定类别=L2机械母集/待人工裁决。原始出表日期=1150828；完整发行人母集不推定PCB主营、中国大陆厂址或物理产能。"
cand:l2-tpex-8240,issuer,issuer:TW:8240,issuer:TW:8240,-,-,-,華宏,L2,TPEx OpenAPI 上櫃股票基本資料（完整母集）,https://www.tpex.org.tw/openapi/v1/mopsfin_t187ap03_O,2026-08-28,待核,l2:TPEX:8240,无,不适用,L2机械母集；未挂格,"四件套：URL=source_url；检索日=2026-08-28；命中引语=""公司代號 8240""；判定类别=L2机械母集/待人工裁决。原始出表日期=1150828；完整发行人母集不推定PCB主营、中国大陆厂址或物理产能。"
cand:l2-tpex-8255,issuer,issuer:TW:8255,issuer:TW:8255,-,-,-,朋程,L2,TPEx OpenAPI 上櫃股票基本資料（完整母集）,https://www.tpex.org.tw/openapi/v1/mopsfin_t187ap03_O,2026-08-28,待核,l2:TPEX:8255,无,不适用,L2机械母集；未挂格,"四件套：URL=source_url；检索日=2026-08-28；命中引语=""公司代號 8255""；判定类别=L2机械母集/待人工裁决。原始出表日期=1150828；完整发行人母集不推定PCB主营、中国大陆厂址或物理产能。"
cand:l2-tpex-8272,issuer,issuer:TW:8272,issuer:TW:8272,-,-,-,全景軟體,L2,TPEx OpenAPI 上櫃股票基本資料（完整母集）,https://www.tpex.org.tw/openapi/v1/mopsfin_t187ap03_O,2026-08-28,待核,l2:TPEX:8272,无,不适用,L2机械母集；未挂格,"四件套：URL=source_url；检索日=2026-08-28；命中引语=""公司代號 8272""；判定类别=L2机械母集/待人工裁决。原始出表日期=1150828；完整发行人母集不推定PCB主营、中国大陆厂址或物理产能。"
cand:l2-tpex-8277,issuer,issuer:TW:8277,issuer:TW:8277,-,-,-,商丞,L2,TPEx OpenAPI 上櫃股票基本資料（完整母集）,https://www.tpex.org.tw/openapi/v1/mopsfin_t187ap03_O,2026-08-28,待核,l2:TPEX:8277,无,不适用,L2机械母集；未挂格,"四件套：URL=source_url；检索日=2026-08-28；命中引语=""公司代號 8277""；判定类别=L2机械母集/待人工裁决。原始出表日期=1150828；完整发行人母集不推定PCB主营、中国大陆厂址或物理产能。"
cand:l2-tpex-8279,issuer,issuer:TW:8279,issuer:TW:8279,-,-,-,生展,L2,TPEx OpenAPI 上櫃股票基本資料（完整母集）,https://www.tpex.org.tw/openapi/v1/mopsfin_t187ap03_O,2026-08-28,待核,l2:TPEX:8279,无,不适用,L2机械母集；未挂格,"四件套：URL=source_url；检索日=2026-08-28；命中引语=""公司代號 8279""；判定类别=L2机械母集/待人工裁决。原始出表日期=1150828；完整发行人母集不推定PCB主营、中国大陆厂址或物理产能。"
cand:l2-tpex-8284,issuer,issuer:TW:8284,issuer:TW:8284,-,-,-,三竹,L2,TPEx OpenAPI 上櫃股票基本資料（完整母集）,https://www.tpex.org.tw/openapi/v1/mopsfin_t187ap03_O,2026-08-28,待核,l2:TPEX:8284,无,不适用,L2机械母集；未挂格,"四件套：URL=source_url；检索日=2026-08-28；命中引语=""公司代號 8284""；判定类别=L2机械母集/待人工裁决。原始出表日期=1150828；完整发行人母集不推定PCB主营、中国大陆厂址或物理产能。"
cand:l2-tpex-8289,issuer,issuer:TW:8289,issuer:TW:8289,-,-,-,泰藝,L2,TPEx OpenAPI 上櫃股票基本資料（完整母集）,https://www.tpex.org.tw/openapi/v1/mopsfin_t187ap03_O,2026-08-28,待核,l2:TPEX:8289,无,不适用,L2机械母集；未挂格,"四件套：URL=source_url；检索日=2026-08-28；命中引语=""公司代號 8289""；判定类别=L2机械母集/待人工裁决。原始出表日期=1150828；完整发行人母集不推定PCB主营、中国大陆厂址或物理产能。"
cand:l2-tpex-8291,issuer,issuer:TW:8291,issuer:TW:8291,-,-,-,尚茂,L2,TPEx OpenAPI 上櫃股票基本資料（完整母集）,https://www.tpex.org.tw/openapi/v1/mopsfin_t187ap03_O,2026-08-28,待核,l2:TPEX:8291,无,不适用,L2机械母集；未挂格,"四件套：URL=source_url；检索日=2026-08-28；命中引语=""公司代號 8291""；判定类别=L2机械母集/待人工裁决。原始出表日期=1150828；完整发行人母集不推定PCB主营、中国大陆厂址或物理产能。"
cand:l2-tpex-8299,issuer,issuer:TW:8299,issuer:TW:8299,-,-,-,群聯,L2,TPEx OpenAPI 上櫃股票基本資料（完整母集）,https://www.tpex.org.tw/openapi/v1/mopsfin_t187ap03_O,2026-08-28,待核,l2:TPEX:8299,无,不适用,L2机械母集；未挂格,"四件套：URL=source_url；检索日=2026-08-28；命中引语=""公司代號 8299""；判定类别=L2机械母集/待人工裁决。原始出表日期=1150828；完整发行人母集不推定PCB主营、中国大陆厂址或物理产能。"
cand:l2-tpex-8342,issuer,issuer:TW:8342,issuer:TW:8342,-,-,-,益張,L2,TPEx OpenAPI 上櫃股票基本資料（完整母集）,https://www.tpex.org.tw/openapi/v1/mopsfin_t187ap03_O,2026-08-28,待核,l2:TPEX:8342,无,不适用,L2机械母集；未挂格,"四件套：URL=source_url；检索日=2026-08-28；命中引语=""公司代號 8342""；判定类别=L2机械母集/待人工裁决。原始出表日期=1150828；完整发行人母集不推定PCB主营、中国大陆厂址或物理产能。"
cand:l2-tpex-8349,issuer,issuer:TW:8349,issuer:TW:8349,-,-,-,恒耀國際,L2,TPEx OpenAPI 上櫃股票基本資料（完整母集）,https://www.tpex.org.tw/openapi/v1/mopsfin_t187ap03_O,2026-08-28,待核,l2:TPEX:8349,无,不适用,L2机械母集；未挂格,"四件套：URL=source_url；检索日=2026-08-28；命中引语=""公司代號 8349""；判定类别=L2机械母集/待人工裁决。原始出表日期=1150828；完整发行人母集不推定PCB主营、中国大陆厂址或物理产能。"
cand:l2-tpex-8354,issuer,issuer:TW:8354,issuer:TW:8354,-,-,-,冠好,L2,TPEx OpenAPI 上櫃股票基本資料（完整母集）,https://www.tpex.org.tw/openapi/v1/mopsfin_t187ap03_O,2026-08-28,待核,l2:TPEX:8354,无,不适用,L2机械母集；未挂格,"四件套：URL=source_url；检索日=2026-08-28；命中引语=""公司代號 8354""；判定类别=L2机械母集/待人工裁决。原始出表日期=1150828；完整发行人母集不推定PCB主营、中国大陆厂址或物理产能。"
cand:l2-tpex-8358,issuer,issuer:TW:8358,issuer:TW:8358,-,-,-,金居,L2,TPEx OpenAPI 上櫃股票基本資料（完整母集）,https://www.tpex.org.tw/openapi/v1/mopsfin_t187ap03_O,2026-08-28,待核,l2:TPEX:8358,无,不适用,L2机械母集；未挂格,"四件套：URL=source_url；检索日=2026-08-28；命中引语=""公司代號 8358""；判定类别=L2机械母集/待人工裁决。原始出表日期=1150828；完整发行人母集不推定PCB主营、中国大陆厂址或物理产能。"
cand:l2-tpex-8383,issuer,issuer:TW:8383,issuer:TW:8383,-,-,-,千附,L2,TPEx OpenAPI 上櫃股票基本資料（完整母集）,https://www.tpex.org.tw/openapi/v1/mopsfin_t187ap03_O,2026-08-28,待核,l2:TPEX:8383,无,不适用,L2机械母集；未挂格,"四件套：URL=source_url；检索日=2026-08-28；命中引语=""公司代號 8383""；判定类别=L2机械母集/待人工裁决。原始出表日期=1150828；完整发行人母集不推定PCB主营、中国大陆厂址或物理产能。"
cand:l2-tpex-8390,issuer,issuer:TW:8390,issuer:TW:8390,-,-,-,金益鼎,L2,TPEx OpenAPI 上櫃股票基本資料（完整母集）,https://www.tpex.org.tw/openapi/v1/mopsfin_t187ap03_O,2026-08-28,待核,l2:TPEX:8390,无,不适用,L2机械母集；未挂格,"四件套：URL=source_url；检索日=2026-08-28；命中引语=""公司代號 8390""；判定类别=L2机械母集/待人工裁决。原始出表日期=1150828；完整发行人母集不推定PCB主营、中国大陆厂址或物理产能。"
cand:l2-tpex-8401,issuer,issuer:TW:8401,issuer:TW:8401,-,-,-,白紗科,L2,TPEx OpenAPI 上櫃股票基本資料（完整母集）,https://www.tpex.org.tw/openapi/v1/mopsfin_t187ap03_O,2026-08-28,待核,l2:TPEX:8401,无,不适用,L2机械母集；未挂格,"四件套：URL=source_url；检索日=2026-08-28；命中引语=""公司代號 8401""；判定类别=L2机械母集/待人工裁决。原始出表日期=1150828；完整发行人母集不推定PCB主营、中国大陆厂址或物理产能。"
cand:l2-tpex-8403,issuer,issuer:TW:8403,issuer:TW:8403,-,-,-,盛弘,L2,TPEx OpenAPI 上櫃股票基本資料（完整母集）,https://www.tpex.org.tw/openapi/v1/mopsfin_t187ap03_O,2026-08-28,待核,l2:TPEX:8403,无,不适用,L2机械母集；未挂格,"四件套：URL=source_url；检索日=2026-08-28；命中引语=""公司代號 8403""；判定类别=L2机械母集/待人工裁决。原始出表日期=1150828；完整发行人母集不推定PCB主营、中国大陆厂址或物理产能。"
cand:l2-tpex-8409,issuer,issuer:TW:8409,issuer:TW:8409,-,-,-,商之器,L2,TPEx OpenAPI 上櫃股票基本資料（完整母集）,https://www.tpex.org.tw/openapi/v1/mopsfin_t187ap03_O,2026-08-28,待核,l2:TPEX:8409,无,不适用,L2机械母集；未挂格,"四件套：URL=source_url；检索日=2026-08-28；命中引语=""公司代號 8409""；判定类别=L2机械母集/待人工裁决。原始出表日期=1150828；完整发行人母集不推定PCB主营、中国大陆厂址或物理产能。"
cand:l2-tpex-8410,issuer,issuer:TW:8410,issuer:TW:8410,-,-,-,森田,L2,TPEx OpenAPI 上櫃股票基本資料（完整母集）,https://www.tpex.org.tw/openapi/v1/mopsfin_t187ap03_O,2026-08-28,待核,l2:TPEX:8410,无,不适用,L2机械母集；未挂格,"四件套：URL=source_url；检索日=2026-08-28；命中引语=""公司代號 8410""；判定类别=L2机械母集/待人工裁决。原始出表日期=1150828；完整发行人母集不推定PCB主营、中国大陆厂址或物理产能。"
cand:l2-tpex-8415,issuer,issuer:TW:8415,issuer:TW:8415,-,-,-,大國鋼,L2,TPEx OpenAPI 上櫃股票基本資料（完整母集）,https://www.tpex.org.tw/openapi/v1/mopsfin_t187ap03_O,2026-08-28,待核,l2:TPEX:8415,无,不适用,L2机械母集；未挂格,"四件套：URL=source_url；检索日=2026-08-28；命中引语=""公司代號 8415""；判定类别=L2机械母集/待人工裁决。原始出表日期=1150828；完整发行人母集不推定PCB主营、中国大陆厂址或物理产能。"
cand:l2-tpex-8416,issuer,issuer:TW:8416,issuer:TW:8416,-,-,-,實威,L2,TPEx OpenAPI 上櫃股票基本資料（完整母集）,https://www.tpex.org.tw/openapi/v1/mopsfin_t187ap03_O,2026-08-28,待核,l2:TPEX:8416,无,不适用,L2机械母集；未挂格,"四件套：URL=source_url；检索日=2026-08-28；命中引语=""公司代號 8416""；判定类别=L2机械母集/待人工裁决。原始出表日期=1150828；完整发行人母集不推定PCB主营、中国大陆厂址或物理产能。"
cand:l2-tpex-8421,issuer,issuer:TW:8421,issuer:TW:8421,-,-,-,旭源,L2,TPEx OpenAPI 上櫃股票基本資料（完整母集）,https://www.tpex.org.tw/openapi/v1/mopsfin_t187ap03_O,2026-08-28,待核,l2:TPEX:8421,无,不适用,L2机械母集；未挂格,"四件套：URL=source_url；检索日=2026-08-28；命中引语=""公司代號 8421""；判定类别=L2机械母集/待人工裁决。原始出表日期=1150828；完整发行人母集不推定PCB主营、中国大陆厂址或物理产能。"
cand:l2-tpex-8423,issuer,issuer:TW:8423,issuer:TW:8423,-,-,-,保綠-KY,L2,TPEx OpenAPI 上櫃股票基本資料（完整母集）,https://www.tpex.org.tw/openapi/v1/mopsfin_t187ap03_O,2026-08-28,待核,l2:TPEX:8423,无,不适用,L2机械母集；未挂格,"四件套：URL=source_url；检索日=2026-08-28；命中引语=""公司代號 8423""；判定类别=L2机械母集/待人工裁决。原始出表日期=1150828；完整发行人母集不推定PCB主营、中国大陆厂址或物理产能。"
cand:l2-tpex-8424,issuer,issuer:TW:8424,issuer:TW:8424,-,-,-,惠普,L2,TPEx OpenAPI 上櫃股票基本資料（完整母集）,https://www.tpex.org.tw/openapi/v1/mopsfin_t187ap03_O,2026-08-28,待核,l2:TPEX:8424,无,不适用,L2机械母集；未挂格,"四件套：URL=source_url；检索日=2026-08-28；命中引语=""公司代號 8424""；判定类别=L2机械母集/待人工裁决。原始出表日期=1150828；完整发行人母集不推定PCB主营、中国大陆厂址或物理产能。"
cand:l2-tpex-8426,issuer,issuer:TW:8426,issuer:TW:8426,-,-,-,紅木-KY,L2,TPEx OpenAPI 上櫃股票基本資料（完整母集）,https://www.tpex.org.tw/openapi/v1/mopsfin_t187ap03_O,2026-08-28,待核,l2:TPEX:8426,无,不适用,L2机械母集；未挂格,"四件套：URL=source_url；检索日=2026-08-28；命中引语=""公司代號 8426""；判定类别=L2机械母集/待人工裁决。原始出表日期=1150828；完整发行人母集不推定PCB主营、中国大陆厂址或物理产能。"
cand:l2-tpex-8431,issuer,issuer:TW:8431,issuer:TW:8431,-,-,-,匯鑽科,L2,TPEx OpenAPI 上櫃股票基本資料（完整母集）,https://www.tpex.org.tw/openapi/v1/mopsfin_t187ap03_O,2026-08-28,待核,l2:TPEX:8431,无,不适用,L2机械母集；未挂格,"四件套：URL=source_url；检索日=2026-08-28；命中引语=""公司代號 8431""；判定类别=L2机械母集/待人工裁决。原始出表日期=1150828；完整发行人母集不推定PCB主营、中国大陆厂址或物理产能。"
cand:l2-tpex-8432,issuer,issuer:TW:8432,issuer:TW:8432,-,-,-,東生華,L2,TPEx OpenAPI 上櫃股票基本資料（完整母集）,https://www.tpex.org.tw/openapi/v1/mopsfin_t187ap03_O,2026-08-28,待核,l2:TPEX:8432,无,不适用,L2机械母集；未挂格,"四件套：URL=source_url；检索日=2026-08-28；命中引语=""公司代號 8432""；判定类别=L2机械母集/待人工裁决。原始出表日期=1150828；完整发行人母集不推定PCB主营、中国大陆厂址或物理产能。"
cand:l2-tpex-8433,issuer,issuer:TW:8433,issuer:TW:8433,-,-,-,弘帆,L2,TPEx OpenAPI 上櫃股票基本資料（完整母集）,https://www.tpex.org.tw/openapi/v1/mopsfin_t187ap03_O,2026-08-28,待核,l2:TPEX:8433,无,不适用,L2机械母集；未挂格,"四件套：URL=source_url；检索日=2026-08-28；命中引语=""公司代號 8433""；判定类别=L2机械母集/待人工裁决。原始出表日期=1150828；完整发行人母集不推定PCB主营、中国大陆厂址或物理产能。"
cand:l2-tpex-8435,issuer,issuer:TW:8435,issuer:TW:8435,-,-,-,鉅邁,L2,TPEx OpenAPI 上櫃股票基本資料（完整母集）,https://www.tpex.org.tw/openapi/v1/mopsfin_t187ap03_O,2026-08-28,待核,l2:TPEX:8435,无,不适用,L2机械母集；未挂格,"四件套：URL=source_url；检索日=2026-08-28；命中引语=""公司代號 8435""；判定类别=L2机械母集/待人工裁决。原始出表日期=1150828；完整发行人母集不推定PCB主营、中国大陆厂址或物理产能。"
cand:l2-tpex-8436,issuer,issuer:TW:8436,issuer:TW:8436,-,-,-,大江,L2,TPEx OpenAPI 上櫃股票基本資料（完整母集）,https://www.tpex.org.tw/openapi/v1/mopsfin_t187ap03_O,2026-08-28,待核,l2:TPEX:8436,无,不适用,L2机械母集；未挂格,"四件套：URL=source_url；检索日=2026-08-28；命中引语=""公司代號 8436""；判定类别=L2机械母集/待人工裁决。原始出表日期=1150828；完整发行人母集不推定PCB主营、中国大陆厂址或物理产能。"
cand:l2-tpex-8437,issuer,issuer:TW:8437,issuer:TW:8437,-,-,-,大地-KY,L2,TPEx OpenAPI 上櫃股票基本資料（完整母集）,https://www.tpex.org.tw/openapi/v1/mopsfin_t187ap03_O,2026-08-28,待核,l2:TPEX:8437,无,不适用,L2机械母集；未挂格,"四件套：URL=source_url；检索日=2026-08-28；命中引语=""公司代號 8437""；判定类别=L2机械母集/待人工裁决。原始出表日期=1150828；完整发行人母集不推定PCB主营、中国大陆厂址或物理产能。"
cand:l2-tpex-8440,issuer,issuer:TW:8440,issuer:TW:8440,-,-,-,綠電,L2,TPEx OpenAPI 上櫃股票基本資料（完整母集）,https://www.tpex.org.tw/openapi/v1/mopsfin_t187ap03_O,2026-08-28,待核,l2:TPEX:8440,无,不适用,L2机械母集；未挂格,"四件套：URL=source_url；检索日=2026-08-28；命中引语=""公司代號 8440""；判定类别=L2机械母集/待人工裁决。原始出表日期=1150828；完整发行人母集不推定PCB主营、中国大陆厂址或物理产能。"
cand:l2-tpex-8444,issuer,issuer:TW:8444,issuer:TW:8444,-,-,-,綠河-KY,L2,TPEx OpenAPI 上櫃股票基本資料（完整母集）,https://www.tpex.org.tw/openapi/v1/mopsfin_t187ap03_O,2026-08-28,待核,l2:TPEX:8444,无,不适用,L2机械母集；未挂格,"四件套：URL=source_url；检索日=2026-08-28；命中引语=""公司代號 8444""；判定类别=L2机械母集/待人工裁决。原始出表日期=1150828；完整发行人母集不推定PCB主营、中国大陆厂址或物理产能。"
cand:l2-tpex-8446,issuer,issuer:TW:8446,issuer:TW:8446,-,-,-,華研,L2,TPEx OpenAPI 上櫃股票基本資料（完整母集）,https://www.tpex.org.tw/openapi/v1/mopsfin_t187ap03_O,2026-08-28,待核,l2:TPEX:8446,无,不适用,L2机械母集；未挂格,"四件套：URL=source_url；检索日=2026-08-28；命中引语=""公司代號 8446""；判定类别=L2机械母集/待人工裁决。原始出表日期=1150828；完整发行人母集不推定PCB主营、中国大陆厂址或物理产能。"
cand:l2-tpex-8450,issuer,issuer:TW:8450,issuer:TW:8450,-,-,-,霹靂,L2,TPEx OpenAPI 上櫃股票基本資料（完整母集）,https://www.tpex.org.tw/openapi/v1/mopsfin_t187ap03_O,2026-08-28,待核,l2:TPEX:8450,无,不适用,L2机械母集；未挂格,"四件套：URL=source_url；检索日=2026-08-28；命中引语=""公司代號 8450""；判定类别=L2机械母集/待人工裁决。原始出表日期=1150828；完整发行人母集不推定PCB主营、中国大陆厂址或物理产能。"
cand:l2-tpex-8455,issuer,issuer:TW:8455,issuer:TW:8455,-,-,-,大拓-KY,L2,TPEx OpenAPI 上櫃股票基本資料（完整母集）,https://www.tpex.org.tw/openapi/v1/mopsfin_t187ap03_O,2026-08-28,待核,l2:TPEX:8455,无,不适用,L2机械母集；未挂格,"四件套：URL=source_url；检索日=2026-08-28；命中引语=""公司代號 8455""；判定类别=L2机械母集/待人工裁决。原始出表日期=1150828；完整发行人母集不推定PCB主营、中国大陆厂址或物理产能。"
cand:l2-tpex-8472,issuer,issuer:TW:8472,issuer:TW:8472,-,-,-,納維康,L2,TPEx OpenAPI 上櫃股票基本資料（完整母集）,https://www.tpex.org.tw/openapi/v1/mopsfin_t187ap03_O,2026-08-28,待核,l2:TPEX:8472,无,不适用,L2机械母集；未挂格,"四件套：URL=source_url；检索日=2026-08-28；命中引语=""公司代號 8472""；判定类别=L2机械母集/待人工裁决。原始出表日期=1150828；完整发行人母集不推定PCB主营、中国大陆厂址或物理产能。"
cand:l2-tpex-8477,issuer,issuer:TW:8477,issuer:TW:8477,-,-,-,創業家,L2,TPEx OpenAPI 上櫃股票基本資料（完整母集）,https://www.tpex.org.tw/openapi/v1/mopsfin_t187ap03_O,2026-08-28,待核,l2:TPEX:8477,无,不适用,L2机械母集；未挂格,"四件套：URL=source_url；检索日=2026-08-28；命中引语=""公司代號 8477""；判定类别=L2机械母集/待人工裁决。原始出表日期=1150828；完整发行人母集不推定PCB主营、中国大陆厂址或物理产能。"
cand:l2-tpex-8489,issuer,issuer:TW:8489,issuer:TW:8489,-,-,-,三貝德,L2,TPEx OpenAPI 上櫃股票基本資料（完整母集）,https://www.tpex.org.tw/openapi/v1/mopsfin_t187ap03_O,2026-08-28,待核,l2:TPEX:8489,无,不适用,L2机械母集；未挂格,"四件套：URL=source_url；检索日=2026-08-28；命中引语=""公司代號 8489""；判定类别=L2机械母集/待人工裁决。原始出表日期=1150828；完整发行人母集不推定PCB主营、中国大陆厂址或物理产能。"
cand:l2-tpex-8905,issuer,issuer:TW:8905,issuer:TW:8905,-,-,-,裕國,L2,TPEx OpenAPI 上櫃股票基本資料（完整母集）,https://www.tpex.org.tw/openapi/v1/mopsfin_t187ap03_O,2026-08-28,待核,l2:TPEX:8905,无,不适用,L2机械母集；未挂格,"四件套：URL=source_url；检索日=2026-08-28；命中引语=""公司代號 8905""；判定类别=L2机械母集/待人工裁决。原始出表日期=1150828；完整发行人母集不推定PCB主营、中国大陆厂址或物理产能。"
cand:l2-tpex-8906,issuer,issuer:TW:8906,issuer:TW:8906,-,-,-,花王,L2,TPEx OpenAPI 上櫃股票基本資料（完整母集）,https://www.tpex.org.tw/openapi/v1/mopsfin_t187ap03_O,2026-08-28,待核,l2:TPEX:8906,无,不适用,L2机械母集；未挂格,"四件套：URL=source_url；检索日=2026-08-28；命中引语=""公司代號 8906""；判定类别=L2机械母集/待人工裁决。原始出表日期=1150828；完整发行人母集不推定PCB主营、中国大陆厂址或物理产能。"
cand:l2-tpex-8908,issuer,issuer:TW:8908,issuer:TW:8908,-,-,-,欣雄,L2,TPEx OpenAPI 上櫃股票基本資料（完整母集）,https://www.tpex.org.tw/openapi/v1/mopsfin_t187ap03_O,2026-08-28,待核,l2:TPEX:8908,无,不适用,L2机械母集；未挂格,"四件套：URL=source_url；检索日=2026-08-28；命中引语=""公司代號 8908""；判定类别=L2机械母集/待人工裁决。原始出表日期=1150828；完整发行人母集不推定PCB主营、中国大陆厂址或物理产能。"
cand:l2-tpex-8916,issuer,issuer:TW:8916,issuer:TW:8916,-,-,-,光隆,L2,TPEx OpenAPI 上櫃股票基本資料（完整母集）,https://www.tpex.org.tw/openapi/v1/mopsfin_t187ap03_O,2026-08-28,待核,l2:TPEX:8916,无,不适用,L2机械母集；未挂格,"四件套：URL=source_url；检索日=2026-08-28；命中引语=""公司代號 8916""；判定类别=L2机械母集/待人工裁决。原始出表日期=1150828；完整发行人母集不推定PCB主营、中国大陆厂址或物理产能。"
cand:l2-tpex-8917,issuer,issuer:TW:8917,issuer:TW:8917,-,-,-,欣泰,L2,TPEx OpenAPI 上櫃股票基本資料（完整母集）,https://www.tpex.org.tw/openapi/v1/mopsfin_t187ap03_O,2026-08-28,待核,l2:TPEX:8917,无,不适用,L2机械母集；未挂格,"四件套：URL=source_url；检索日=2026-08-28；命中引语=""公司代號 8917""；判定类别=L2机械母集/待人工裁决。原始出表日期=1150828；完整发行人母集不推定PCB主营、中国大陆厂址或物理产能。"
cand:l2-tpex-8921,issuer,issuer:TW:8921,issuer:TW:8921,-,-,-,沈氏,L2,TPEx OpenAPI 上櫃股票基本資料（完整母集）,https://www.tpex.org.tw/openapi/v1/mopsfin_t187ap03_O,2026-08-28,待核,l2:TPEX:8921,无,不适用,L2机械母集；未挂格,"四件套：URL=source_url；检索日=2026-08-28；命中引语=""公司代號 8921""；判定类别=L2机械母集/待人工裁决。原始出表日期=1150828；完整发行人母集不推定PCB主营、中国大陆厂址或物理产能。"
cand:l2-tpex-8923,issuer,issuer:TW:8923,issuer:TW:8923,-,-,-,時報,L2,TPEx OpenAPI 上櫃股票基本資料（完整母集）,https://www.tpex.org.tw/openapi/v1/mopsfin_t187ap03_O,2026-08-28,待核,l2:TPEX:8923,无,不适用,L2机械母集；未挂格,"四件套：URL=source_url；检索日=2026-08-28；命中引语=""公司代號 8923""；判定类别=L2机械母集/待人工裁决。原始出表日期=1150828；完整发行人母集不推定PCB主营、中国大陆厂址或物理产能。"
cand:l2-tpex-8924,issuer,issuer:TW:8924,issuer:TW:8924,-,-,-,大田,L2,TPEx OpenAPI 上櫃股票基本資料（完整母集）,https://www.tpex.org.tw/openapi/v1/mopsfin_t187ap03_O,2026-08-28,待核,l2:TPEX:8924,无,不适用,L2机械母集；未挂格,"四件套：URL=source_url；检索日=2026-08-28；命中引语=""公司代號 8924""；判定类别=L2机械母集/待人工裁决。原始出表日期=1150828；完整发行人母集不推定PCB主营、中国大陆厂址或物理产能。"
cand:l2-tpex-8927,issuer,issuer:TW:8927,issuer:TW:8927,-,-,-,北基,L2,TPEx OpenAPI 上櫃股票基本資料（完整母集）,https://www.tpex.org.tw/openapi/v1/mopsfin_t187ap03_O,2026-08-28,待核,l2:TPEX:8927,无,不适用,L2机械母集；未挂格,"四件套：URL=source_url；检索日=2026-08-28；命中引语=""公司代號 8927""；判定类别=L2机械母集/待人工裁决。原始出表日期=1150828；完整发行人母集不推定PCB主营、中国大陆厂址或物理产能。"
cand:l2-tpex-8928,issuer,issuer:TW:8928,issuer:TW:8928,-,-,-,鉅明,L2,TPEx OpenAPI 上櫃股票基本資料（完整母集）,https://www.tpex.org.tw/openapi/v1/mopsfin_t187ap03_O,2026-08-28,待核,l2:TPEX:8928,无,不适用,L2机械母集；未挂格,"四件套：URL=source_url；检索日=2026-08-28；命中引语=""公司代號 8928""；判定类别=L2机械母集/待人工裁决。原始出表日期=1150828；完整发行人母集不推定PCB主营、中国大陆厂址或物理产能。"
cand:l2-tpex-8929,issuer,issuer:TW:8929,issuer:TW:8929,-,-,-,富堡,L2,TPEx OpenAPI 上櫃股票基本資料（完整母集）,https://www.tpex.org.tw/openapi/v1/mopsfin_t187ap03_O,2026-08-28,待核,l2:TPEX:8929,无,不适用,L2机械母集；未挂格,"四件套：URL=source_url；检索日=2026-08-28；命中引语=""公司代號 8929""；判定类别=L2机械母集/待人工裁决。原始出表日期=1150828；完整发行人母集不推定PCB主营、中国大陆厂址或物理产能。"
cand:l2-tpex-8930,issuer,issuer:TW:8930,issuer:TW:8930,-,-,-,青鋼,L2,TPEx OpenAPI 上櫃股票基本資料（完整母集）,https://www.tpex.org.tw/openapi/v1/mopsfin_t187ap03_O,2026-08-28,待核,l2:TPEX:8930,无,不适用,L2机械母集；未挂格,"四件套：URL=source_url；检索日=2026-08-28；命中引语=""公司代號 8930""；判定类别=L2机械母集/待人工裁决。原始出表日期=1150828；完整发行人母集不推定PCB主营、中国大陆厂址或物理产能。"
cand:l2-tpex-8931,issuer,issuer:TW:8931,issuer:TW:8931,-,-,-,大汽電,L2,TPEx OpenAPI 上櫃股票基本資料（完整母集）,https://www.tpex.org.tw/openapi/v1/mopsfin_t187ap03_O,2026-08-28,待核,l2:TPEX:8931,无,不适用,L2机械母集；未挂格,"四件套：URL=source_url；检索日=2026-08-28；命中引语=""公司代號 8931""；判定类别=L2机械母集/待人工裁决。原始出表日期=1150828；完整发行人母集不推定PCB主营、中国大陆厂址或物理产能。"
cand:l2-tpex-8932,issuer,issuer:TW:8932,issuer:TW:8932,-,-,-,智通*,L2,TPEx OpenAPI 上櫃股票基本資料（完整母集）,https://www.tpex.org.tw/openapi/v1/mopsfin_t187ap03_O,2026-08-28,待核,l2:TPEX:8932,无,不适用,L2机械母集；未挂格,"四件套：URL=source_url；检索日=2026-08-28；命中引语=""公司代號 8932""；判定类别=L2机械母集/待人工裁决。原始出表日期=1150828；完整发行人母集不推定PCB主营、中国大陆厂址或物理产能。"
cand:l2-tpex-8933,issuer,issuer:TW:8933,issuer:TW:8933,-,-,-,愛地雅,L2,TPEx OpenAPI 上櫃股票基本資料（完整母集）,https://www.tpex.org.tw/openapi/v1/mopsfin_t187ap03_O,2026-08-28,待核,l2:TPEX:8933,无,不适用,L2机械母集；未挂格,"四件套：URL=source_url；检索日=2026-08-28；命中引语=""公司代號 8933""；判定类别=L2机械母集/待人工裁决。原始出表日期=1150828；完整发行人母集不推定PCB主营、中国大陆厂址或物理产能。"
cand:l2-tpex-8935,issuer,issuer:TW:8935,issuer:TW:8935,-,-,-,邦泰,L2,TPEx OpenAPI 上櫃股票基本資料（完整母集）,https://www.tpex.org.tw/openapi/v1/mopsfin_t187ap03_O,2026-08-28,待核,l2:TPEX:8935,无,不适用,L2机械母集；未挂格,"四件套：URL=source_url；检索日=2026-08-28；命中引语=""公司代號 8935""；判定类别=L2机械母集/待人工裁决。原始出表日期=1150828；完整发行人母集不推定PCB主营、中国大陆厂址或物理产能。"
cand:l2-tpex-8936,issuer,issuer:TW:8936,issuer:TW:8936,-,-,-,國統,L2,TPEx OpenAPI 上櫃股票基本資料（完整母集）,https://www.tpex.org.tw/openapi/v1/mopsfin_t187ap03_O,2026-08-28,待核,l2:TPEX:8936,无,不适用,L2机械母集；未挂格,"四件套：URL=source_url；检索日=2026-08-28；命中引语=""公司代號 8936""；判定类别=L2机械母集/待人工裁决。原始出表日期=1150828；完整发行人母集不推定PCB主营、中国大陆厂址或物理产能。"
cand:l2-tpex-8937,issuer,issuer:TW:8937,issuer:TW:8937,-,-,-,合騏*,L2,TPEx OpenAPI 上櫃股票基本資料（完整母集）,https://www.tpex.org.tw/openapi/v1/mopsfin_t187ap03_O,2026-08-28,待核,l2:TPEX:8937,无,不适用,L2机械母集；未挂格,"四件套：URL=source_url；检索日=2026-08-28；命中引语=""公司代號 8937""；判定类别=L2机械母集/待人工裁决。原始出表日期=1150828；完整发行人母集不推定PCB主营、中国大陆厂址或物理产能。"
cand:l2-tpex-8938,issuer,issuer:TW:8938,issuer:TW:8938,-,-,-,明安,L2,TPEx OpenAPI 上櫃股票基本資料（完整母集）,https://www.tpex.org.tw/openapi/v1/mopsfin_t187ap03_O,2026-08-28,待核,l2:TPEX:8938,无,不适用,L2机械母集；未挂格,"四件套：URL=source_url；检索日=2026-08-28；命中引语=""公司代號 8938""；判定类别=L2机械母集/待人工裁决。原始出表日期=1150828；完整发行人母集不推定PCB主营、中国大陆厂址或物理产能。"
cand:l2-tpex-8941,issuer,issuer:TW:8941,issuer:TW:8941,-,-,-,關中,L2,TPEx OpenAPI 上櫃股票基本資料（完整母集）,https://www.tpex.org.tw/openapi/v1/mopsfin_t187ap03_O,2026-08-28,待核,l2:TPEX:8941,无,不适用,L2机械母集；未挂格,"四件套：URL=source_url；检索日=2026-08-28；命中引语=""公司代號 8941""；判定类别=L2机械母集/待人工裁决。原始出表日期=1150828；完整发行人母集不推定PCB主营、中国大陆厂址或物理产能。"
cand:l2-tpex-8942,issuer,issuer:TW:8942,issuer:TW:8942,-,-,-,森鉅,L2,TPEx OpenAPI 上櫃股票基本資料（完整母集）,https://www.tpex.org.tw/openapi/v1/mopsfin_t187ap03_O,2026-08-28,待核,l2:TPEX:8942,无,不适用,L2机械母集；未挂格,"四件套：URL=source_url；检索日=2026-08-28；命中引语=""公司代號 8942""；判定类别=L2机械母集/待人工裁决。原始出表日期=1150828；完整发行人母集不推定PCB主营、中国大陆厂址或物理产能。"
cand:l2-tpex-9949,issuer,issuer:TW:9949,issuer:TW:9949,-,-,-,琉園,L2,TPEx OpenAPI 上櫃股票基本資料（完整母集）,https://www.tpex.org.tw/openapi/v1/mopsfin_t187ap03_O,2026-08-28,待核,l2:TPEX:9949,无,不适用,L2机械母集；未挂格,"四件套：URL=source_url；检索日=2026-08-28；命中引语=""公司代號 9949""；判定类别=L2机械母集/待人工裁决。原始出表日期=1150828；完整发行人母集不推定PCB主营、中国大陆厂址或物理产能。"
cand:l2-tpex-9950,issuer,issuer:TW:9950,issuer:TW:9950,-,-,-,萬國通,L2,TPEx OpenAPI 上櫃股票基本資料（完整母集）,https://www.tpex.org.tw/openapi/v1/mopsfin_t187ap03_O,2026-08-28,待核,l2:TPEX:9950,无,不适用,L2机械母集；未挂格,"四件套：URL=source_url；检索日=2026-08-28；命中引语=""公司代號 9950""；判定类别=L2机械母集/待人工裁决。原始出表日期=1150828；完整发行人母集不推定PCB主营、中国大陆厂址或物理产能。"
cand:l2-tpex-9951,issuer,issuer:TW:9951,issuer:TW:9951,-,-,-,皇田,L2,TPEx OpenAPI 上櫃股票基本資料（完整母集）,https://www.tpex.org.tw/openapi/v1/mopsfin_t187ap03_O,2026-08-28,待核,l2:TPEX:9951,无,不适用,L2机械母集；未挂格,"四件套：URL=source_url；检索日=2026-08-28；命中引语=""公司代號 9951""；判定类别=L2机械母集/待人工裁决。原始出表日期=1150828；完整发行人母集不推定PCB主营、中国大陆厂址或物理产能。"
cand:l2-tpex-9960,issuer,issuer:TW:9960,issuer:TW:9960,-,-,-,邁達康,L2,TPEx OpenAPI 上櫃股票基本資料（完整母集）,https://www.tpex.org.tw/openapi/v1/mopsfin_t187ap03_O,2026-08-28,待核,l2:TPEX:9960,无,不适用,L2机械母集；未挂格,"四件套：URL=source_url；检索日=2026-08-28；命中引语=""公司代號 9960""；判定类别=L2机械母集/待人工裁决。原始出表日期=1150828；完整发行人母集不推定PCB主营、中国大陆厂址或物理产能。"
cand:l2-tpex-9962,issuer,issuer:TW:9962,issuer:TW:9962,-,-,-,有益,L2,TPEx OpenAPI 上櫃股票基本資料（完整母集）,https://www.tpex.org.tw/openapi/v1/mopsfin_t187ap03_O,2026-08-28,待核,l2:TPEX:9962,无,不适用,L2机械母集；未挂格,"四件套：URL=source_url；检索日=2026-08-28；命中引语=""公司代號 9962""；判定类别=L2机械母集/待人工裁决。原始出表日期=1150828；完整发行人母集不推定PCB主营、中国大陆厂址或物理产能。"
cand:l3-hk-00148,issuer,issuer:HK:00148,issuer:HK:00148,-,-,-,建滔集团,L3,HKEXnews 标题检索（法定披露）,https://www1.hkexnews.hk/search/titlesearch.xhtml?category=0&market=SEHK&stockId=256,2026-08-28,待核,l3:HK:00148,无,不适用,L3手工候选；未挂格,"四件套：URL=source_url；检索日=2026-08-28；命中引语=""Stock Code: 00148""；判定类别=L3手工候选/待人工裁决。仅证明证券身份；主营、物理厂址、中国大陆产能及母子口径均待人工复核。"
cand:l3-hk-01888,issuer,issuer:HK:01888,issuer:HK:01888,-,-,-,建滔积层板,L3,HKEX 披露权益检索（法定申报）,https://di.hkex.com.hk/filing/di/NSSrchCorpList.aspx?cn=1&cname=Kingboard+Laminates+Holdings+Ltd.&g_lang=en&lang=EN&sa1=cl&sced=11%2F06%2F2026&scsd=11%2F06%2F2025&src=Main,2026-08-28,待核,l3:HK:01888,无,不适用,L3手工候选；未挂格,"四件套：URL=source_url；检索日=2026-08-28；命中引语=""01888 Kingboard""；判定类别=L3手工候选/待人工裁决。仅证明证券身份；主营、物理厂址、中国大陆产能及母子口径均待人工复核。"
cand:l4-cn-shenlian,legal_entity,legal_entity:CN:91440300790479166G,-,legal_entity:CN:91440300790479166G,-,-,深圳市深联电路有限公司,L4,深圳市生态环境局2025年环境监管重点单位名录,https://www.sz.gov.cn/attachment/1/1618/1618140/12340920.pdf,2026-08-28,待核,l4:CN:91440300790479166G,无,不适用,L4未上市候选；FAB范围待核,"四件套：URL=source_url；检索日=2026-08-28；命中引语=""深圳市深联电路""；判定类别=L4手工候选/待人工裁决。来源列示统一社会信用代码及电子电路制造；未上市状态、裸板/载板边界、厂址和产能仍待人工核验。"
