decision_id,decision_type,action,entity_type,entity_id,issuer_id,legal_entity_id,plant_id,group_id,name,layer,registration_source,inclusion_reason,exclusion_reason,evidence_anchor,source_url,query_date,decision_owner,decision_date,decision_status,double_count_key,notes
h1-include-0001,manual_include,include,issuer,issuer:TW:1101,issuer:TW:1101,-,-,-,台泥,L2,TWSE OpenAPI 上市公司基本資料（完整母集）,冻结 2026-08-28 TWSE+TPEx（不含兴柜）L2 机械母集,-,human-gate://2026-08-28/H1/issuer:TW:1101,https://openapi.twse.com.tw/v1/opendata/t187ap03_L,2026-08-28,user,2026-08-28,已裁决,l2:TWSE:1101,H1 人闸批准；仅在本行 product_scope 内有效。
h1-include-0002,manual_include,include,issuer,issuer:TW:1102,issuer:TW:1102,-,-,-,亞泥,L2,TWSE OpenAPI 上市公司基本資料（完整母集）,冻结 2026-08-28 TWSE+TPEx（不含兴柜）L2 机械母集,-,human-gate://2026-08-28/H1/issuer:TW:1102,https://openapi.twse.com.tw/v1/opendata/t187ap03_L,2026-08-28,user,2026-08-28,已裁决,l2:TWSE:1102,H1 人闸批准；仅在本行 product_scope 内有效。
h1-include-0003,manual_include,include,issuer,issuer:TW:1103,issuer:TW:1103,-,-,-,嘉泥,L2,TWSE OpenAPI 上市公司基本資料（完整母集）,冻结 2026-08-28 TWSE+TPEx（不含兴柜）L2 机械母集,-,human-gate://2026-08-28/H1/issuer:TW:1103,https://openapi.twse.com.tw/v1/opendata/t187ap03_L,2026-08-28,user,2026-08-28,已裁决,l2:TWSE:1103,H1 人闸批准；仅在本行 product_scope 内有效。
h1-include-0004,manual_include,include,issuer,issuer:TW:1104,issuer:TW:1104,-,-,-,環泥,L2,TWSE OpenAPI 上市公司基本資料（完整母集）,冻结 2026-08-28 TWSE+TPEx（不含兴柜）L2 机械母集,-,human-gate://2026-08-28/H1/issuer:TW:1104,https://openapi.twse.com.tw/v1/opendata/t187ap03_L,2026-08-28,user,2026-08-28,已裁决,l2:TWSE:1104,H1 人闸批准；仅在本行 product_scope 内有效。
h1-include-0005,manual_include,include,issuer,issuer:TW:1108,issuer:TW:1108,-,-,-,幸福,L2,TWSE OpenAPI 上市公司基本資料（完整母集）,冻结 2026-08-28 TWSE+TPEx（不含兴柜）L2 机械母集,-,human-gate://2026-08-28/H1/issuer:TW:1108,https://openapi.twse.com.tw/v1/opendata/t187ap03_L,2026-08-28,user,2026-08-28,已裁决,l2:TWSE:1108,H1 人闸批准；仅在本行 product_scope 内有效。
h1-include-0006,manual_include,include,issuer,issuer:TW:1109,issuer:TW:1109,-,-,-,信大,L2,TWSE OpenAPI 上市公司基本資料（完整母集）,冻结 2026-08-28 TWSE+TPEx（不含兴柜）L2 机械母集,-,human-gate://2026-08-28/H1/issuer:TW:1109,https://openapi.twse.com.tw/v1/opendata/t187ap03_L,2026-08-28,user,2026-08-28,已裁决,l2:TWSE:1109,H1 人闸批准；仅在本行 product_scope 内有效。
h1-include-0007,manual_include,include,issuer,issuer:TW:1110,issuer:TW:1110,-,-,-,東泥,L2,TWSE OpenAPI 上市公司基本資料（完整母集）,冻结 2026-08-28 TWSE+TPEx（不含兴柜）L2 机械母集,-,human-gate://2026-08-28/H1/issuer:TW:1110,https://openapi.twse.com.tw/v1/opendata/t187ap03_L,2026-08-28,user,2026-08-28,已裁决,l2:TWSE:1110,H1 人闸批准；仅在本行 product_scope 内有效。
h1-include-0008,manual_include,include,issuer,issuer:TW:1201,issuer:TW:1201,-,-,-,味全,L2,TWSE OpenAPI 上市公司基本資料（完整母集）,冻结 2026-08-28 TWSE+TPEx（不含兴柜）L2 机械母集,-,human-gate://2026-08-28/H1/issuer:TW:1201,https://openapi.twse.com.tw/v1/opendata/t187ap03_L,2026-08-28,user,2026-08-28,已裁决,l2:TWSE:1201,H1 人闸批准；仅在本行 product_scope 内有效。
h1-include-0009,manual_include,include,issuer,issuer:TW:1203,issuer:TW:1203,-,-,-,味王,L2,TWSE OpenAPI 上市公司基本資料（完整母集）,冻结 2026-08-28 TWSE+TPEx（不含兴柜）L2 机械母集,-,human-gate://2026-08-28/H1/issuer:TW:1203,https://openapi.twse.com.tw/v1/opendata/t187ap03_L,2026-08-28,user,2026-08-28,已裁决,l2:TWSE:1203,H1 人闸批准；仅在本行 product_scope 内有效。
h1-include-0010,manual_include,include,issuer,issuer:TW:1210,issuer:TW:1210,-,-,-,大成,L2,TWSE OpenAPI 上市公司基本資料（完整母集）,冻结 2026-08-28 TWSE+TPEx（不含兴柜）L2 机械母集,-,human-gate://2026-08-28/H1/issuer:TW:1210,https://openapi.twse.com.tw/v1/opendata/t187ap03_L,2026-08-28,user,2026-08-28,已裁决,l2:TWSE:1210,H1 人闸批准；仅在本行 product_scope 内有效。
h1-include-0011,manual_include,include,issuer,issuer:TW:1213,issuer:TW:1213,-,-,-,大飲,L2,TWSE OpenAPI 上市公司基本資料（完整母集）,冻结 2026-08-28 TWSE+TPEx（不含兴柜）L2 机械母集,-,human-gate://2026-08-28/H1/issuer:TW:1213,https://openapi.twse.com.tw/v1/opendata/t187ap03_L,2026-08-28,user,2026-08-28,已裁决,l2:TWSE:1213,H1 人闸批准；仅在本行 product_scope 内有效。
h1-include-0012,manual_include,include,issuer,issuer:TW:1215,issuer:TW:1215,-,-,-,卜蜂,L2,TWSE OpenAPI 上市公司基本資料（完整母集）,冻结 2026-08-28 TWSE+TPEx（不含兴柜）L2 机械母集,-,human-gate://2026-08-28/H1/issuer:TW:1215,https://openapi.twse.com.tw/v1/opendata/t187ap03_L,2026-08-28,user,2026-08-28,已裁决,l2:TWSE:1215,H1 人闸批准；仅在本行 product_scope 内有效。
h1-include-0013,manual_include,include,issuer,issuer:TW:1216,issuer:TW:1216,-,-,-,統一,L2,TWSE OpenAPI 上市公司基本資料（完整母集）,冻结 2026-08-28 TWSE+TPEx（不含兴柜）L2 机械母集,-,human-gate://2026-08-28/H1/issuer:TW:1216,https://openapi.twse.com.tw/v1/opendata/t187ap03_L,2026-08-28,user,2026-08-28,已裁决,l2:TWSE:1216,H1 人闸批准；仅在本行 product_scope 内有效。
h1-include-0014,manual_include,include,issuer,issuer:TW:1217,issuer:TW:1217,-,-,-,愛之味,L2,TWSE OpenAPI 上市公司基本資料（完整母集）,冻结 2026-08-28 TWSE+TPEx（不含兴柜）L2 机械母集,-,human-gate://2026-08-28/H1/issuer:TW:1217,https://openapi.twse.com.tw/v1/opendata/t187ap03_L,2026-08-28,user,2026-08-28,已裁决,l2:TWSE:1217,H1 人闸批准；仅在本行 product_scope 内有效。
h1-include-0015,manual_include,include,issuer,issuer:TW:1218,issuer:TW:1218,-,-,-,泰山,L2,TWSE OpenAPI 上市公司基本資料（完整母集）,冻结 2026-08-28 TWSE+TPEx（不含兴柜）L2 机械母集,-,human-gate://2026-08-28/H1/issuer:TW:1218,https://openapi.twse.com.tw/v1/opendata/t187ap03_L,2026-08-28,user,2026-08-28,已裁决,l2:TWSE:1218,H1 人闸批准；仅在本行 product_scope 内有效。
h1-include-0016,manual_include,include,issuer,issuer:TW:1219,issuer:TW:1219,-,-,-,福壽,L2,TWSE OpenAPI 上市公司基本資料（完整母集）,冻结 2026-08-28 TWSE+TPEx（不含兴柜）L2 机械母集,-,human-gate://2026-08-28/H1/issuer:TW:1219,https://openapi.twse.com.tw/v1/opendata/t187ap03_L,2026-08-28,user,2026-08-28,已裁决,l2:TWSE:1219,H1 人闸批准；仅在本行 product_scope 内有效。
h1-include-0017,manual_include,include,issuer,issuer:TW:1220,issuer:TW:1220,-,-,-,台榮,L2,TWSE OpenAPI 上市公司基本資料（完整母集）,冻结 2026-08-28 TWSE+TPEx（不含兴柜）L2 机械母集,-,human-gate://2026-08-28/H1/issuer:TW:1220,https://openapi.twse.com.tw/v1/opendata/t187ap03_L,2026-08-28,user,2026-08-28,已裁决,l2:TWSE:1220,H1 人闸批准；仅在本行 product_scope 内有效。
h1-include-0018,manual_include,include,issuer,issuer:TW:1225,issuer:TW:1225,-,-,-,福懋油,L2,TWSE OpenAPI 上市公司基本資料（完整母集）,冻结 2026-08-28 TWSE+TPEx（不含兴柜）L2 机械母集,-,human-gate://2026-08-28/H1/issuer:TW:1225,https://openapi.twse.com.tw/v1/opendata/t187ap03_L,2026-08-28,user,2026-08-28,已裁决,l2:TWSE:1225,H1 人闸批准；仅在本行 product_scope 内有效。
h1-include-0019,manual_include,include,issuer,issuer:TW:1227,issuer:TW:1227,-,-,-,佳格,L2,TWSE OpenAPI 上市公司基本資料（完整母集）,冻结 2026-08-28 TWSE+TPEx（不含兴柜）L2 机械母集,-,human-gate://2026-08-28/H1/issuer:TW:1227,https://openapi.twse.com.tw/v1/opendata/t187ap03_L,2026-08-28,user,2026-08-28,已裁决,l2:TWSE:1227,H1 人闸批准；仅在本行 product_scope 内有效。
h1-include-0020,manual_include,include,issuer,issuer:TW:1229,issuer:TW:1229,-,-,-,聯華,L2,TWSE OpenAPI 上市公司基本資料（完整母集）,冻结 2026-08-28 TWSE+TPEx（不含兴柜）L2 机械母集,-,human-gate://2026-08-28/H1/issuer:TW:1229,https://openapi.twse.com.tw/v1/opendata/t187ap03_L,2026-08-28,user,2026-08-28,已裁决,l2:TWSE:1229,H1 人闸批准；仅在本行 product_scope 内有效。
h1-include-0021,manual_include,include,issuer,issuer:TW:1231,issuer:TW:1231,-,-,-,聯華食,L2,TWSE OpenAPI 上市公司基本資料（完整母集）,冻结 2026-08-28 TWSE+TPEx（不含兴柜）L2 机械母集,-,human-gate://2026-08-28/H1/issuer:TW:1231,https://openapi.twse.com.tw/v1/opendata/t187ap03_L,2026-08-28,user,2026-08-28,已裁决,l2:TWSE:1231,H1 人闸批准；仅在本行 product_scope 内有效。
h1-include-0022,manual_include,include,issuer,issuer:TW:1232,issuer:TW:1232,-,-,-,大統益,L2,TWSE OpenAPI 上市公司基本資料（完整母集）,冻结 2026-08-28 TWSE+TPEx（不含兴柜）L2 机械母集,-,human-gate://2026-08-28/H1/issuer:TW:1232,https://openapi.twse.com.tw/v1/opendata/t187ap03_L,2026-08-28,user,2026-08-28,已裁决,l2:TWSE:1232,H1 人闸批准；仅在本行 product_scope 内有效。
h1-include-0023,manual_include,include,issuer,issuer:TW:1233,issuer:TW:1233,-,-,-,天仁,L2,TWSE OpenAPI 上市公司基本資料（完整母集）,冻结 2026-08-28 TWSE+TPEx（不含兴柜）L2 机械母集,-,human-gate://2026-08-28/H1/issuer:TW:1233,https://openapi.twse.com.tw/v1/opendata/t187ap03_L,2026-08-28,user,2026-08-28,已裁决,l2:TWSE:1233,H1 人闸批准；仅在本行 product_scope 内有效。
h1-include-0024,manual_include,include,issuer,issuer:TW:1234,issuer:TW:1234,-,-,-,黑松,L2,TWSE OpenAPI 上市公司基本資料（完整母集）,冻结 2026-08-28 TWSE+TPEx（不含兴柜）L2 机械母集,-,human-gate://2026-08-28/H1/issuer:TW:1234,https://openapi.twse.com.tw/v1/opendata/t187ap03_L,2026-08-28,user,2026-08-28,已裁决,l2:TWSE:1234,H1 人闸批准；仅在本行 product_scope 内有效。
h1-include-0025,manual_include,include,issuer,issuer:TW:1235,issuer:TW:1235,-,-,-,興泰,L2,TWSE OpenAPI 上市公司基本資料（完整母集）,冻结 2026-08-28 TWSE+TPEx（不含兴柜）L2 机械母集,-,human-gate://2026-08-28/H1/issuer:TW:1235,https://openapi.twse.com.tw/v1/opendata/t187ap03_L,2026-08-28,user,2026-08-28,已裁决,l2:TWSE:1235,H1 人闸批准；仅在本行 product_scope 内有效。
h1-include-0026,manual_include,include,issuer,issuer:TW:1236,issuer:TW:1236,-,-,-,宏亞,L2,TWSE OpenAPI 上市公司基本資料（完整母集）,冻结 2026-08-28 TWSE+TPEx（不含兴柜）L2 机械母集,-,human-gate://2026-08-28/H1/issuer:TW:1236,https://openapi.twse.com.tw/v1/opendata/t187ap03_L,2026-08-28,user,2026-08-28,已裁决,l2:TWSE:1236,H1 人闸批准；仅在本行 product_scope 内有效。
h1-include-0027,manual_include,include,issuer,issuer:TW:1256,issuer:TW:1256,-,-,-,鮮活果汁-KY,L2,TWSE OpenAPI 上市公司基本資料（完整母集）,冻结 2026-08-28 TWSE+TPEx（不含兴柜）L2 机械母集,-,human-gate://2026-08-28/H1/issuer:TW:1256,https://openapi.twse.com.tw/v1/opendata/t187ap03_L,2026-08-28,user,2026-08-28,已裁决,l2:TWSE:1256,H1 人闸批准；仅在本行 product_scope 内有效。
h1-include-0028,manual_include,include,issuer,issuer:TW:1301,issuer:TW:1301,-,-,-,台塑,L2,TWSE OpenAPI 上市公司基本資料（完整母集）,冻结 2026-08-28 TWSE+TPEx（不含兴柜）L2 机械母集,-,human-gate://2026-08-28/H1/issuer:TW:1301,https://openapi.twse.com.tw/v1/opendata/t187ap03_L,2026-08-28,user,2026-08-28,已裁决,l2:TWSE:1301,H1 人闸批准；仅在本行 product_scope 内有效。
h1-include-0029,manual_include,include,issuer,issuer:TW:1303,issuer:TW:1303,-,-,-,南亞,L2,TWSE OpenAPI 上市公司基本資料（完整母集）,冻结 2026-08-28 TWSE+TPEx（不含兴柜）L2 机械母集,-,human-gate://2026-08-28/H1/issuer:TW:1303,https://openapi.twse.com.tw/v1/opendata/t187ap03_L,2026-08-28,user,2026-08-28,已裁决,l2:TWSE:1303,H1 人闸批准；仅在本行 product_scope 内有效。
h1-include-0030,manual_include,include,issuer,issuer:TW:1304,issuer:TW:1304,-,-,-,台聚,L2,TWSE OpenAPI 上市公司基本資料（完整母集）,冻结 2026-08-28 TWSE+TPEx（不含兴柜）L2 机械母集,-,human-gate://2026-08-28/H1/issuer:TW:1304,https://openapi.twse.com.tw/v1/opendata/t187ap03_L,2026-08-28,user,2026-08-28,已裁决,l2:TWSE:1304,H1 人闸批准；仅在本行 product_scope 内有效。
h1-include-0031,manual_include,include,issuer,issuer:TW:1305,issuer:TW:1305,-,-,-,華夏,L2,TWSE OpenAPI 上市公司基本資料（完整母集）,冻结 2026-08-28 TWSE+TPEx（不含兴柜）L2 机械母集,-,human-gate://2026-08-28/H1/issuer:TW:1305,https://openapi.twse.com.tw/v1/opendata/t187ap03_L,2026-08-28,user,2026-08-28,已裁决,l2:TWSE:1305,H1 人闸批准；仅在本行 product_scope 内有效。
h1-include-0032,manual_include,include,issuer,issuer:TW:1307,issuer:TW:1307,-,-,-,三芳,L2,TWSE OpenAPI 上市公司基本資料（完整母集）,冻结 2026-08-28 TWSE+TPEx（不含兴柜）L2 机械母集,-,human-gate://2026-08-28/H1/issuer:TW:1307,https://openapi.twse.com.tw/v1/opendata/t187ap03_L,2026-08-28,user,2026-08-28,已裁决,l2:TWSE:1307,H1 人闸批准；仅在本行 product_scope 内有效。
h1-include-0033,manual_include,include,issuer,issuer:TW:1308,issuer:TW:1308,-,-,-,亞聚,L2,TWSE OpenAPI 上市公司基本資料（完整母集）,冻结 2026-08-28 TWSE+TPEx（不含兴柜）L2 机械母集,-,human-gate://2026-08-28/H1/issuer:TW:1308,https://openapi.twse.com.tw/v1/opendata/t187ap03_L,2026-08-28,user,2026-08-28,已裁决,l2:TWSE:1308,H1 人闸批准；仅在本行 product_scope 内有效。
h1-include-0034,manual_include,include,issuer,issuer:TW:1309,issuer:TW:1309,-,-,-,台達化,L2,TWSE OpenAPI 上市公司基本資料（完整母集）,冻结 2026-08-28 TWSE+TPEx（不含兴柜）L2 机械母集,-,human-gate://2026-08-28/H1/issuer:TW:1309,https://openapi.twse.com.tw/v1/opendata/t187ap03_L,2026-08-28,user,2026-08-28,已裁决,l2:TWSE:1309,H1 人闸批准；仅在本行 product_scope 内有效。
h1-include-0035,manual_include,include,issuer,issuer:TW:1310,issuer:TW:1310,-,-,-,台苯,L2,TWSE OpenAPI 上市公司基本資料（完整母集）,冻结 2026-08-28 TWSE+TPEx（不含兴柜）L2 机械母集,-,human-gate://2026-08-28/H1/issuer:TW:1310,https://openapi.twse.com.tw/v1/opendata/t187ap03_L,2026-08-28,user,2026-08-28,已裁决,l2:TWSE:1310,H1 人闸批准；仅在本行 product_scope 内有效。
h1-include-0036,manual_include,include,issuer,issuer:TW:1312,issuer:TW:1312,-,-,-,國喬,L2,TWSE OpenAPI 上市公司基本資料（完整母集）,冻结 2026-08-28 TWSE+TPEx（不含兴柜）L2 机械母集,-,human-gate://2026-08-28/H1/issuer:TW:1312,https://openapi.twse.com.tw/v1/opendata/t187ap03_L,2026-08-28,user,2026-08-28,已裁决,l2:TWSE:1312,H1 人闸批准；仅在本行 product_scope 内有效。
h1-include-0037,manual_include,include,issuer,issuer:TW:1313,issuer:TW:1313,-,-,-,聯成,L2,TWSE OpenAPI 上市公司基本資料（完整母集）,冻结 2026-08-28 TWSE+TPEx（不含兴柜）L2 机械母集,-,human-gate://2026-08-28/H1/issuer:TW:1313,https://openapi.twse.com.tw/v1/opendata/t187ap03_L,2026-08-28,user,2026-08-28,已裁决,l2:TWSE:1313,H1 人闸批准；仅在本行 product_scope 内有效。
h1-include-0038,manual_include,include,issuer,issuer:TW:1314,issuer:TW:1314,-,-,-,中石化,L2,TWSE OpenAPI 上市公司基本資料（完整母集）,冻结 2026-08-28 TWSE+TPEx（不含兴柜）L2 机械母集,-,human-gate://2026-08-28/H1/issuer:TW:1314,https://openapi.twse.com.tw/v1/opendata/t187ap03_L,2026-08-28,user,2026-08-28,已裁决,l2:TWSE:1314,H1 人闸批准；仅在本行 product_scope 内有效。
h1-include-0039,manual_include,include,issuer,issuer:TW:1315,issuer:TW:1315,-,-,-,達新,L2,TWSE OpenAPI 上市公司基本資料（完整母集）,冻结 2026-08-28 TWSE+TPEx（不含兴柜）L2 机械母集,-,human-gate://2026-08-28/H1/issuer:TW:1315,https://openapi.twse.com.tw/v1/opendata/t187ap03_L,2026-08-28,user,2026-08-28,已裁决,l2:TWSE:1315,H1 人闸批准；仅在本行 product_scope 内有效。
h1-include-0040,manual_include,include,issuer,issuer:TW:1316,issuer:TW:1316,-,-,-,上曜,L2,TWSE OpenAPI 上市公司基本資料（完整母集）,冻结 2026-08-28 TWSE+TPEx（不含兴柜）L2 机械母集,-,human-gate://2026-08-28/H1/issuer:TW:1316,https://openapi.twse.com.tw/v1/opendata/t187ap03_L,2026-08-28,user,2026-08-28,已裁决,l2:TWSE:1316,H1 人闸批准；仅在本行 product_scope 内有效。
h1-include-0041,manual_include,include,issuer,issuer:TW:1319,issuer:TW:1319,-,-,-,東陽,L2,TWSE OpenAPI 上市公司基本資料（完整母集）,冻结 2026-08-28 TWSE+TPEx（不含兴柜）L2 机械母集,-,human-gate://2026-08-28/H1/issuer:TW:1319,https://openapi.twse.com.tw/v1/opendata/t187ap03_L,2026-08-28,user,2026-08-28,已裁决,l2:TWSE:1319,H1 人闸批准；仅在本行 product_scope 内有效。
h1-include-0042,manual_include,include,issuer,issuer:TW:1321,issuer:TW:1321,-,-,-,大洋,L2,TWSE OpenAPI 上市公司基本資料（完整母集）,冻结 2026-08-28 TWSE+TPEx（不含兴柜）L2 机械母集,-,human-gate://2026-08-28/H1/issuer:TW:1321,https://openapi.twse.com.tw/v1/opendata/t187ap03_L,2026-08-28,user,2026-08-28,已裁决,l2:TWSE:1321,H1 人闸批准；仅在本行 product_scope 内有效。
h1-include-0043,manual_include,include,issuer,issuer:TW:1323,issuer:TW:1323,-,-,-,永裕,L2,TWSE OpenAPI 上市公司基本資料（完整母集）,冻结 2026-08-28 TWSE+TPEx（不含兴柜）L2 机械母集,-,human-gate://2026-08-28/H1/issuer:TW:1323,https://openapi.twse.com.tw/v1/opendata/t187ap03_L,2026-08-28,user,2026-08-28,已裁决,l2:TWSE:1323,H1 人闸批准；仅在本行 product_scope 内有效。
h1-include-0044,manual_include,include,issuer,issuer:TW:1324,issuer:TW:1324,-,-,-,地球,L2,TWSE OpenAPI 上市公司基本資料（完整母集）,冻结 2026-08-28 TWSE+TPEx（不含兴柜）L2 机械母集,-,human-gate://2026-08-28/H1/issuer:TW:1324,https://openapi.twse.com.tw/v1/opendata/t187ap03_L,2026-08-28,user,2026-08-28,已裁决,l2:TWSE:1324,H1 人闸批准；仅在本行 product_scope 内有效。
h1-include-0045,manual_include,include,issuer,issuer:TW:1325,issuer:TW:1325,-,-,-,恆大,L2,TWSE OpenAPI 上市公司基本資料（完整母集）,冻结 2026-08-28 TWSE+TPEx（不含兴柜）L2 机械母集,-,human-gate://2026-08-28/H1/issuer:TW:1325,https://openapi.twse.com.tw/v1/opendata/t187ap03_L,2026-08-28,user,2026-08-28,已裁决,l2:TWSE:1325,H1 人闸批准；仅在本行 product_scope 内有效。
h1-include-0046,manual_include,include,issuer,issuer:TW:1326,issuer:TW:1326,-,-,-,台化,L2,TWSE OpenAPI 上市公司基本資料（完整母集）,冻结 2026-08-28 TWSE+TPEx（不含兴柜）L2 机械母集,-,human-gate://2026-08-28/H1/issuer:TW:1326,https://openapi.twse.com.tw/v1/opendata/t187ap03_L,2026-08-28,user,2026-08-28,已裁决,l2:TWSE:1326,H1 人闸批准；仅在本行 product_scope 内有效。
h1-include-0047,manual_include,include,issuer,issuer:TW:1337,issuer:TW:1337,-,-,-,再生-KY,L2,TWSE OpenAPI 上市公司基本資料（完整母集）,冻结 2026-08-28 TWSE+TPEx（不含兴柜）L2 机械母集,-,human-gate://2026-08-28/H1/issuer:TW:1337,https://openapi.twse.com.tw/v1/opendata/t187ap03_L,2026-08-28,user,2026-08-28,已裁决,l2:TWSE:1337,H1 人闸批准；仅在本行 product_scope 内有效。
h1-include-0048,manual_include,include,issuer,issuer:TW:1338,issuer:TW:1338,-,-,-,廣華-KY,L2,TWSE OpenAPI 上市公司基本資料（完整母集）,冻结 2026-08-28 TWSE+TPEx（不含兴柜）L2 机械母集,-,human-gate://2026-08-28/H1/issuer:TW:1338,https://openapi.twse.com.tw/v1/opendata/t187ap03_L,2026-08-28,user,2026-08-28,已裁决,l2:TWSE:1338,H1 人闸批准；仅在本行 product_scope 内有效。
h1-include-0049,manual_include,include,issuer,issuer:TW:1339,issuer:TW:1339,-,-,-,昭輝,L2,TWSE OpenAPI 上市公司基本資料（完整母集）,冻结 2026-08-28 TWSE+TPEx（不含兴柜）L2 机械母集,-,human-gate://2026-08-28/H1/issuer:TW:1339,https://openapi.twse.com.tw/v1/opendata/t187ap03_L,2026-08-28,user,2026-08-28,已裁决,l2:TWSE:1339,H1 人闸批准；仅在本行 product_scope 内有效。
h1-include-0050,manual_include,include,issuer,issuer:TW:1340,issuer:TW:1340,-,-,-,勝悅-KY,L2,TWSE OpenAPI 上市公司基本資料（完整母集）,冻结 2026-08-28 TWSE+TPEx（不含兴柜）L2 机械母集,-,human-gate://2026-08-28/H1/issuer:TW:1340,https://openapi.twse.com.tw/v1/opendata/t187ap03_L,2026-08-28,user,2026-08-28,已裁决,l2:TWSE:1340,H1 人闸批准；仅在本行 product_scope 内有效。
h1-include-0051,manual_include,include,issuer,issuer:TW:1341,issuer:TW:1341,-,-,-,富林-KY,L2,TWSE OpenAPI 上市公司基本資料（完整母集）,冻结 2026-08-28 TWSE+TPEx（不含兴柜）L2 机械母集,-,human-gate://2026-08-28/H1/issuer:TW:1341,https://openapi.twse.com.tw/v1/opendata/t187ap03_L,2026-08-28,user,2026-08-28,已裁决,l2:TWSE:1341,H1 人闸批准；仅在本行 product_scope 内有效。
h1-include-0052,manual_include,include,issuer,issuer:TW:1342,issuer:TW:1342,-,-,-,八貫,L2,TWSE OpenAPI 上市公司基本資料（完整母集）,冻结 2026-08-28 TWSE+TPEx（不含兴柜）L2 机械母集,-,human-gate://2026-08-28/H1/issuer:TW:1342,https://openapi.twse.com.tw/v1/opendata/t187ap03_L,2026-08-28,user,2026-08-28,已裁决,l2:TWSE:1342,H1 人闸批准；仅在本行 product_scope 内有效。
h1-include-0053,manual_include,include,issuer,issuer:TW:1402,issuer:TW:1402,-,-,-,遠東新,L2,TWSE OpenAPI 上市公司基本資料（完整母集）,冻结 2026-08-28 TWSE+TPEx（不含兴柜）L2 机械母集,-,human-gate://2026-08-28/H1/issuer:TW:1402,https://openapi.twse.com.tw/v1/opendata/t187ap03_L,2026-08-28,user,2026-08-28,已裁决,l2:TWSE:1402,H1 人闸批准；仅在本行 product_scope 内有效。
h1-include-0054,manual_include,include,issuer,issuer:TW:1409,issuer:TW:1409,-,-,-,新纖,L2,TWSE OpenAPI 上市公司基本資料（完整母集）,冻结 2026-08-28 TWSE+TPEx（不含兴柜）L2 机械母集,-,human-gate://2026-08-28/H1/issuer:TW:1409,https://openapi.twse.com.tw/v1/opendata/t187ap03_L,2026-08-28,user,2026-08-28,已裁决,l2:TWSE:1409,H1 人闸批准；仅在本行 product_scope 内有效。
h1-include-0055,manual_include,include,issuer,issuer:TW:1410,issuer:TW:1410,-,-,-,南染,L2,TWSE OpenAPI 上市公司基本資料（完整母集）,冻结 2026-08-28 TWSE+TPEx（不含兴柜）L2 机械母集,-,human-gate://2026-08-28/H1/issuer:TW:1410,https://openapi.twse.com.tw/v1/opendata/t187ap03_L,2026-08-28,user,2026-08-28,已裁决,l2:TWSE:1410,H1 人闸批准；仅在本行 product_scope 内有效。
h1-include-0056,manual_include,include,issuer,issuer:TW:1413,issuer:TW:1413,-,-,-,宏洲,L2,TWSE OpenAPI 上市公司基本資料（完整母集）,冻结 2026-08-28 TWSE+TPEx（不含兴柜）L2 机械母集,-,human-gate://2026-08-28/H1/issuer:TW:1413,https://openapi.twse.com.tw/v1/opendata/t187ap03_L,2026-08-28,user,2026-08-28,已裁决,l2:TWSE:1413,H1 人闸批准；仅在本行 product_scope 内有效。
h1-include-0057,manual_include,include,issuer,issuer:TW:1414,issuer:TW:1414,-,-,-,東和,L2,TWSE OpenAPI 上市公司基本資料（完整母集）,冻结 2026-08-28 TWSE+TPEx（不含兴柜）L2 机械母集,-,human-gate://2026-08-28/H1/issuer:TW:1414,https://openapi.twse.com.tw/v1/opendata/t187ap03_L,2026-08-28,user,2026-08-28,已裁决,l2:TWSE:1414,H1 人闸批准；仅在本行 product_scope 内有效。
h1-include-0058,manual_include,include,issuer,issuer:TW:1416,issuer:TW:1416,-,-,-,廣豐,L2,TWSE OpenAPI 上市公司基本資料（完整母集）,冻结 2026-08-28 TWSE+TPEx（不含兴柜）L2 机械母集,-,human-gate://2026-08-28/H1/issuer:TW:1416,https://openapi.twse.com.tw/v1/opendata/t187ap03_L,2026-08-28,user,2026-08-28,已裁决,l2:TWSE:1416,H1 人闸批准；仅在本行 product_scope 内有效。
h1-include-0059,manual_include,include,issuer,issuer:TW:1417,issuer:TW:1417,-,-,-,嘉裕,L2,TWSE OpenAPI 上市公司基本資料（完整母集）,冻结 2026-08-28 TWSE+TPEx（不含兴柜）L2 机械母集,-,human-gate://2026-08-28/H1/issuer:TW:1417,https://openapi.twse.com.tw/v1/opendata/t187ap03_L,2026-08-28,user,2026-08-28,已裁决,l2:TWSE:1417,H1 人闸批准；仅在本行 product_scope 内有效。
h1-include-0060,manual_include,include,issuer,issuer:TW:1418,issuer:TW:1418,-,-,-,東華,L2,TWSE OpenAPI 上市公司基本資料（完整母集）,冻结 2026-08-28 TWSE+TPEx（不含兴柜）L2 机械母集,-,human-gate://2026-08-28/H1/issuer:TW:1418,https://openapi.twse.com.tw/v1/opendata/t187ap03_L,2026-08-28,user,2026-08-28,已裁决,l2:TWSE:1418,H1 人闸批准；仅在本行 product_scope 内有效。
h1-include-0061,manual_include,include,issuer,issuer:TW:1419,issuer:TW:1419,-,-,-,新紡,L2,TWSE OpenAPI 上市公司基本資料（完整母集）,冻结 2026-08-28 TWSE+TPEx（不含兴柜）L2 机械母集,-,human-gate://2026-08-28/H1/issuer:TW:1419,https://openapi.twse.com.tw/v1/opendata/t187ap03_L,2026-08-28,user,2026-08-28,已裁决,l2:TWSE:1419,H1 人闸批准；仅在本行 product_scope 内有效。
h1-include-0062,manual_include,include,issuer,issuer:TW:1423,issuer:TW:1423,-,-,-,利華,L2,TWSE OpenAPI 上市公司基本資料（完整母集）,冻结 2026-08-28 TWSE+TPEx（不含兴柜）L2 机械母集,-,human-gate://2026-08-28/H1/issuer:TW:1423,https://openapi.twse.com.tw/v1/opendata/t187ap03_L,2026-08-28,user,2026-08-28,已裁决,l2:TWSE:1423,H1 人闸批准；仅在本行 product_scope 内有效。
h1-include-0063,manual_include,include,issuer,issuer:TW:1432,issuer:TW:1432,-,-,-,大魯閣,L2,TWSE OpenAPI 上市公司基本資料（完整母集）,冻结 2026-08-28 TWSE+TPEx（不含兴柜）L2 机械母集,-,human-gate://2026-08-28/H1/issuer:TW:1432,https://openapi.twse.com.tw/v1/opendata/t187ap03_L,2026-08-28,user,2026-08-28,已裁决,l2:TWSE:1432,H1 人闸批准；仅在本行 product_scope 内有效。
h1-include-0064,manual_include,include,issuer,issuer:TW:1434,issuer:TW:1434,-,-,-,福懋,L2,TWSE OpenAPI 上市公司基本資料（完整母集）,冻结 2026-08-28 TWSE+TPEx（不含兴柜）L2 机械母集,-,human-gate://2026-08-28/H1/issuer:TW:1434,https://openapi.twse.com.tw/v1/opendata/t187ap03_L,2026-08-28,user,2026-08-28,已裁决,l2:TWSE:1434,H1 人闸批准；仅在本行 product_scope 内有效。
h1-include-0065,manual_include,include,issuer,issuer:TW:1435,issuer:TW:1435,-,-,-,中福,L2,TWSE OpenAPI 上市公司基本資料（完整母集）,冻结 2026-08-28 TWSE+TPEx（不含兴柜）L2 机械母集,-,human-gate://2026-08-28/H1/issuer:TW:1435,https://openapi.twse.com.tw/v1/opendata/t187ap03_L,2026-08-28,user,2026-08-28,已裁决,l2:TWSE:1435,H1 人闸批准；仅在本行 product_scope 内有效。
h1-include-0066,manual_include,include,issuer,issuer:TW:1436,issuer:TW:1436,-,-,-,華友聯,L2,TWSE OpenAPI 上市公司基本資料（完整母集）,冻结 2026-08-28 TWSE+TPEx（不含兴柜）L2 机械母集,-,human-gate://2026-08-28/H1/issuer:TW:1436,https://openapi.twse.com.tw/v1/opendata/t187ap03_L,2026-08-28,user,2026-08-28,已裁决,l2:TWSE:1436,H1 人闸批准；仅在本行 product_scope 内有效。
h1-include-0067,manual_include,include,issuer,issuer:TW:1437,issuer:TW:1437,-,-,-,勤益控,L2,TWSE OpenAPI 上市公司基本資料（完整母集）,冻结 2026-08-28 TWSE+TPEx（不含兴柜）L2 机械母集,-,human-gate://2026-08-28/H1/issuer:TW:1437,https://openapi.twse.com.tw/v1/opendata/t187ap03_L,2026-08-28,user,2026-08-28,已裁决,l2:TWSE:1437,H1 人闸批准；仅在本行 product_scope 内有效。
h1-include-0068,manual_include,include,issuer,issuer:TW:1438,issuer:TW:1438,-,-,-,三地開發,L2,TWSE OpenAPI 上市公司基本資料（完整母集）,冻结 2026-08-28 TWSE+TPEx（不含兴柜）L2 机械母集,-,human-gate://2026-08-28/H1/issuer:TW:1438,https://openapi.twse.com.tw/v1/opendata/t187ap03_L,2026-08-28,user,2026-08-28,已裁决,l2:TWSE:1438,H1 人闸批准；仅在本行 product_scope 内有效。
h1-include-0069,manual_include,include,issuer,issuer:TW:1439,issuer:TW:1439,-,-,-,雋揚,L2,TWSE OpenAPI 上市公司基本資料（完整母集）,冻结 2026-08-28 TWSE+TPEx（不含兴柜）L2 机械母集,-,human-gate://2026-08-28/H1/issuer:TW:1439,https://openapi.twse.com.tw/v1/opendata/t187ap03_L,2026-08-28,user,2026-08-28,已裁决,l2:TWSE:1439,H1 人闸批准；仅在本行 product_scope 内有效。
h1-include-0070,manual_include,include,issuer,issuer:TW:1440,issuer:TW:1440,-,-,-,南紡,L2,TWSE OpenAPI 上市公司基本資料（完整母集）,冻结 2026-08-28 TWSE+TPEx（不含兴柜）L2 机械母集,-,human-gate://2026-08-28/H1/issuer:TW:1440,https://openapi.twse.com.tw/v1/opendata/t187ap03_L,2026-08-28,user,2026-08-28,已裁决,l2:TWSE:1440,H1 人闸批准；仅在本行 product_scope 内有效。
h1-include-0071,manual_include,include,issuer,issuer:TW:1441,issuer:TW:1441,-,-,-,大東,L2,TWSE OpenAPI 上市公司基本資料（完整母集）,冻结 2026-08-28 TWSE+TPEx（不含兴柜）L2 机械母集,-,human-gate://2026-08-28/H1/issuer:TW:1441,https://openapi.twse.com.tw/v1/opendata/t187ap03_L,2026-08-28,user,2026-08-28,已裁决,l2:TWSE:1441,H1 人闸批准；仅在本行 product_scope 内有效。
h1-include-0072,manual_include,include,issuer,issuer:TW:1442,issuer:TW:1442,-,-,-,名軒,L2,TWSE OpenAPI 上市公司基本資料（完整母集）,冻结 2026-08-28 TWSE+TPEx（不含兴柜）L2 机械母集,-,human-gate://2026-08-28/H1/issuer:TW:1442,https://openapi.twse.com.tw/v1/opendata/t187ap03_L,2026-08-28,user,2026-08-28,已裁决,l2:TWSE:1442,H1 人闸批准；仅在本行 product_scope 内有效。
h1-include-0073,manual_include,include,issuer,issuer:TW:1443,issuer:TW:1443,-,-,-,立益物流,L2,TWSE OpenAPI 上市公司基本資料（完整母集）,冻结 2026-08-28 TWSE+TPEx（不含兴柜）L2 机械母集,-,human-gate://2026-08-28/H1/issuer:TW:1443,https://openapi.twse.com.tw/v1/opendata/t187ap03_L,2026-08-28,user,2026-08-28,已裁决,l2:TWSE:1443,H1 人闸批准；仅在本行 product_scope 内有效。
h1-include-0074,manual_include,include,issuer,issuer:TW:1444,issuer:TW:1444,-,-,-,力麗,L2,TWSE OpenAPI 上市公司基本資料（完整母集）,冻结 2026-08-28 TWSE+TPEx（不含兴柜）L2 机械母集,-,human-gate://2026-08-28/H1/issuer:TW:1444,https://openapi.twse.com.tw/v1/opendata/t187ap03_L,2026-08-28,user,2026-08-28,已裁决,l2:TWSE:1444,H1 人闸批准；仅在本行 product_scope 内有效。
h1-include-0075,manual_include,include,issuer,issuer:TW:1445,issuer:TW:1445,-,-,-,大宇,L2,TWSE OpenAPI 上市公司基本資料（完整母集）,冻结 2026-08-28 TWSE+TPEx（不含兴柜）L2 机械母集,-,human-gate://2026-08-28/H1/issuer:TW:1445,https://openapi.twse.com.tw/v1/opendata/t187ap03_L,2026-08-28,user,2026-08-28,已裁决,l2:TWSE:1445,H1 人闸批准；仅在本行 product_scope 内有效。
h1-include-0076,manual_include,include,issuer,issuer:TW:1446,issuer:TW:1446,-,-,-,宏和,L2,TWSE OpenAPI 上市公司基本資料（完整母集）,冻结 2026-08-28 TWSE+TPEx（不含兴柜）L2 机械母集,-,human-gate://2026-08-28/H1/issuer:TW:1446,https://openapi.twse.com.tw/v1/opendata/t187ap03_L,2026-08-28,user,2026-08-28,已裁决,l2:TWSE:1446,H1 人闸批准；仅在本行 product_scope 内有效。
h1-include-0077,manual_include,include,issuer,issuer:TW:1447,issuer:TW:1447,-,-,-,力鵬,L2,TWSE OpenAPI 上市公司基本資料（完整母集）,冻结 2026-08-28 TWSE+TPEx（不含兴柜）L2 机械母集,-,human-gate://2026-08-28/H1/issuer:TW:1447,https://openapi.twse.com.tw/v1/opendata/t187ap03_L,2026-08-28,user,2026-08-28,已裁决,l2:TWSE:1447,H1 人闸批准；仅在本行 product_scope 内有效。
h1-include-0078,manual_include,include,issuer,issuer:TW:1449,issuer:TW:1449,-,-,-,佳和,L2,TWSE OpenAPI 上市公司基本資料（完整母集）,冻结 2026-08-28 TWSE+TPEx（不含兴柜）L2 机械母集,-,human-gate://2026-08-28/H1/issuer:TW:1449,https://openapi.twse.com.tw/v1/opendata/t187ap03_L,2026-08-28,user,2026-08-28,已裁决,l2:TWSE:1449,H1 人闸批准；仅在本行 product_scope 内有效。
h1-include-0079,manual_include,include,issuer,issuer:TW:1451,issuer:TW:1451,-,-,-,年興,L2,TWSE OpenAPI 上市公司基本資料（完整母集）,冻结 2026-08-28 TWSE+TPEx（不含兴柜）L2 机械母集,-,human-gate://2026-08-28/H1/issuer:TW:1451,https://openapi.twse.com.tw/v1/opendata/t187ap03_L,2026-08-28,user,2026-08-28,已裁决,l2:TWSE:1451,H1 人闸批准；仅在本行 product_scope 内有效。
h1-include-0080,manual_include,include,issuer,issuer:TW:1452,issuer:TW:1452,-,-,-,宏益,L2,TWSE OpenAPI 上市公司基本資料（完整母集）,冻结 2026-08-28 TWSE+TPEx（不含兴柜）L2 机械母集,-,human-gate://2026-08-28/H1/issuer:TW:1452,https://openapi.twse.com.tw/v1/opendata/t187ap03_L,2026-08-28,user,2026-08-28,已裁决,l2:TWSE:1452,H1 人闸批准；仅在本行 product_scope 内有效。
h1-include-0081,manual_include,include,issuer,issuer:TW:1453,issuer:TW:1453,-,-,-,大將,L2,TWSE OpenAPI 上市公司基本資料（完整母集）,冻结 2026-08-28 TWSE+TPEx（不含兴柜）L2 机械母集,-,human-gate://2026-08-28/H1/issuer:TW:1453,https://openapi.twse.com.tw/v1/opendata/t187ap03_L,2026-08-28,user,2026-08-28,已裁决,l2:TWSE:1453,H1 人闸批准；仅在本行 product_scope 内有效。
h1-include-0082,manual_include,include,issuer,issuer:TW:1454,issuer:TW:1454,-,-,-,台富,L2,TWSE OpenAPI 上市公司基本資料（完整母集）,冻结 2026-08-28 TWSE+TPEx（不含兴柜）L2 机械母集,-,human-gate://2026-08-28/H1/issuer:TW:1454,https://openapi.twse.com.tw/v1/opendata/t187ap03_L,2026-08-28,user,2026-08-28,已裁决,l2:TWSE:1454,H1 人闸批准；仅在本行 product_scope 内有效。
h1-include-0083,manual_include,include,issuer,issuer:TW:1455,issuer:TW:1455,-,-,-,集盛,L2,TWSE OpenAPI 上市公司基本資料（完整母集）,冻结 2026-08-28 TWSE+TPEx（不含兴柜）L2 机械母集,-,human-gate://2026-08-28/H1/issuer:TW:1455,https://openapi.twse.com.tw/v1/opendata/t187ap03_L,2026-08-28,user,2026-08-28,已裁决,l2:TWSE:1455,H1 人闸批准；仅在本行 product_scope 内有效。
h1-include-0084,manual_include,include,issuer,issuer:TW:1456,issuer:TW:1456,-,-,-,怡華,L2,TWSE OpenAPI 上市公司基本資料（完整母集）,冻结 2026-08-28 TWSE+TPEx（不含兴柜）L2 机械母集,-,human-gate://2026-08-28/H1/issuer:TW:1456,https://openapi.twse.com.tw/v1/opendata/t187ap03_L,2026-08-28,user,2026-08-28,已裁决,l2:TWSE:1456,H1 人闸批准；仅在本行 product_scope 内有效。
h1-include-0085,manual_include,include,issuer,issuer:TW:1457,issuer:TW:1457,-,-,-,宜進,L2,TWSE OpenAPI 上市公司基本資料（完整母集）,冻结 2026-08-28 TWSE+TPEx（不含兴柜）L2 机械母集,-,human-gate://2026-08-28/H1/issuer:TW:1457,https://openapi.twse.com.tw/v1/opendata/t187ap03_L,2026-08-28,user,2026-08-28,已裁决,l2:TWSE:1457,H1 人闸批准；仅在本行 product_scope 内有效。
h1-include-0086,manual_include,include,issuer,issuer:TW:1459,issuer:TW:1459,-,-,-,聯發,L2,TWSE OpenAPI 上市公司基本資料（完整母集）,冻结 2026-08-28 TWSE+TPEx（不含兴柜）L2 机械母集,-,human-gate://2026-08-28/H1/issuer:TW:1459,https://openapi.twse.com.tw/v1/opendata/t187ap03_L,2026-08-28,user,2026-08-28,已裁决,l2:TWSE:1459,H1 人闸批准；仅在本行 product_scope 内有效。
h1-include-0087,manual_include,include,issuer,issuer:TW:1460,issuer:TW:1460,-,-,-,宏遠,L2,TWSE OpenAPI 上市公司基本資料（完整母集）,冻结 2026-08-28 TWSE+TPEx（不含兴柜）L2 机械母集,-,human-gate://2026-08-28/H1/issuer:TW:1460,https://openapi.twse.com.tw/v1/opendata/t187ap03_L,2026-08-28,user,2026-08-28,已裁决,l2:TWSE:1460,H1 人闸批准；仅在本行 product_scope 内有效。
h1-include-0088,manual_include,include,issuer,issuer:TW:1463,issuer:TW:1463,-,-,-,強盛新,L2,TWSE OpenAPI 上市公司基本資料（完整母集）,冻结 2026-08-28 TWSE+TPEx（不含兴柜）L2 机械母集,-,human-gate://2026-08-28/H1/issuer:TW:1463,https://openapi.twse.com.tw/v1/opendata/t187ap03_L,2026-08-28,user,2026-08-28,已裁决,l2:TWSE:1463,H1 人闸批准；仅在本行 product_scope 内有效。
h1-include-0089,manual_include,include,issuer,issuer:TW:1464,issuer:TW:1464,-,-,-,得力,L2,TWSE OpenAPI 上市公司基本資料（完整母集）,冻结 2026-08-28 TWSE+TPEx（不含兴柜）L2 机械母集,-,human-gate://2026-08-28/H1/issuer:TW:1464,https://openapi.twse.com.tw/v1/opendata/t187ap03_L,2026-08-28,user,2026-08-28,已裁决,l2:TWSE:1464,H1 人闸批准；仅在本行 product_scope 内有效。
h1-include-0090,manual_include,include,issuer,issuer:TW:1465,issuer:TW:1465,-,-,-,偉全,L2,TWSE OpenAPI 上市公司基本資料（完整母集）,冻结 2026-08-28 TWSE+TPEx（不含兴柜）L2 机械母集,-,human-gate://2026-08-28/H1/issuer:TW:1465,https://openapi.twse.com.tw/v1/opendata/t187ap03_L,2026-08-28,user,2026-08-28,已裁决,l2:TWSE:1465,H1 人闸批准；仅在本行 product_scope 内有效。
h1-include-0091,manual_include,include,issuer,issuer:TW:1466,issuer:TW:1466,-,-,-,聚隆,L2,TWSE OpenAPI 上市公司基本資料（完整母集）,冻结 2026-08-28 TWSE+TPEx（不含兴柜）L2 机械母集,-,human-gate://2026-08-28/H1/issuer:TW:1466,https://openapi.twse.com.tw/v1/opendata/t187ap03_L,2026-08-28,user,2026-08-28,已裁决,l2:TWSE:1466,H1 人闸批准；仅在本行 product_scope 内有效。
h1-include-0092,manual_include,include,issuer,issuer:TW:1467,issuer:TW:1467,-,-,-,南緯,L2,TWSE OpenAPI 上市公司基本資料（完整母集）,冻结 2026-08-28 TWSE+TPEx（不含兴柜）L2 机械母集,-,human-gate://2026-08-28/H1/issuer:TW:1467,https://openapi.twse.com.tw/v1/opendata/t187ap03_L,2026-08-28,user,2026-08-28,已裁决,l2:TWSE:1467,H1 人闸批准；仅在本行 product_scope 内有效。
h1-include-0093,manual_include,include,issuer,issuer:TW:1468,issuer:TW:1468,-,-,-,昶和,L2,TWSE OpenAPI 上市公司基本資料（完整母集）,冻结 2026-08-28 TWSE+TPEx（不含兴柜）L2 机械母集,-,human-gate://2026-08-28/H1/issuer:TW:1468,https://openapi.twse.com.tw/v1/opendata/t187ap03_L,2026-08-28,user,2026-08-28,已裁决,l2:TWSE:1468,H1 人闸批准；仅在本行 product_scope 内有效。
h1-include-0094,manual_include,include,issuer,issuer:TW:1470,issuer:TW:1470,-,-,-,大統新創,L2,TWSE OpenAPI 上市公司基本資料（完整母集）,冻结 2026-08-28 TWSE+TPEx（不含兴柜）L2 机械母集,-,human-gate://2026-08-28/H1/issuer:TW:1470,https://openapi.twse.com.tw/v1/opendata/t187ap03_L,2026-08-28,user,2026-08-28,已裁决,l2:TWSE:1470,H1 人闸批准；仅在本行 product_scope 内有效。
h1-include-0095,manual_include,include,issuer,issuer:TW:1471,issuer:TW:1471,-,-,-,首利,L2,TWSE OpenAPI 上市公司基本資料（完整母集）,冻结 2026-08-28 TWSE+TPEx（不含兴柜）L2 机械母集,-,human-gate://2026-08-28/H1/issuer:TW:1471,https://openapi.twse.com.tw/v1/opendata/t187ap03_L,2026-08-28,user,2026-08-28,已裁决,l2:TWSE:1471,H1 人闸批准；仅在本行 product_scope 内有效。
h1-include-0096,manual_include,include,issuer,issuer:TW:1472,issuer:TW:1472,-,-,-,三洋實業,L2,TWSE OpenAPI 上市公司基本資料（完整母集）,冻结 2026-08-28 TWSE+TPEx（不含兴柜）L2 机械母集,-,human-gate://2026-08-28/H1/issuer:TW:1472,https://openapi.twse.com.tw/v1/opendata/t187ap03_L,2026-08-28,user,2026-08-28,已裁决,l2:TWSE:1472,H1 人闸批准；仅在本行 product_scope 内有效。
h1-include-0097,manual_include,include,issuer,issuer:TW:1473,issuer:TW:1473,-,-,-,台南,L2,TWSE OpenAPI 上市公司基本資料（完整母集）,冻结 2026-08-28 TWSE+TPEx（不含兴柜）L2 机械母集,-,human-gate://2026-08-28/H1/issuer:TW:1473,https://openapi.twse.com.tw/v1/opendata/t187ap03_L,2026-08-28,user,2026-08-28,已裁决,l2:TWSE:1473,H1 人闸批准；仅在本行 product_scope 内有效。
h1-include-0098,manual_include,include,issuer,issuer:TW:1474,issuer:TW:1474,-,-,-,弘裕,L2,TWSE OpenAPI 上市公司基本資料（完整母集）,冻结 2026-08-28 TWSE+TPEx（不含兴柜）L2 机械母集,-,human-gate://2026-08-28/H1/issuer:TW:1474,https://openapi.twse.com.tw/v1/opendata/t187ap03_L,2026-08-28,user,2026-08-28,已裁决,l2:TWSE:1474,H1 人闸批准；仅在本行 product_scope 内有效。
h1-include-0099,manual_include,include,issuer,issuer:TW:1475,issuer:TW:1475,-,-,-,業旺,L2,TWSE OpenAPI 上市公司基本資料（完整母集）,冻结 2026-08-28 TWSE+TPEx（不含兴柜）L2 机械母集,-,human-gate://2026-08-28/H1/issuer:TW:1475,https://openapi.twse.com.tw/v1/opendata/t187ap03_L,2026-08-28,user,2026-08-28,已裁决,l2:TWSE:1475,H1 人闸批准；仅在本行 product_scope 内有效。
h1-include-0100,manual_include,include,issuer,issuer:TW:1476,issuer:TW:1476,-,-,-,儒鴻,L2,TWSE OpenAPI 上市公司基本資料（完整母集）,冻结 2026-08-28 TWSE+TPEx（不含兴柜）L2 机械母集,-,human-gate://2026-08-28/H1/issuer:TW:1476,https://openapi.twse.com.tw/v1/opendata/t187ap03_L,2026-08-28,user,2026-08-28,已裁决,l2:TWSE:1476,H1 人闸批准；仅在本行 product_scope 内有效。
h1-include-0101,manual_include,include,issuer,issuer:TW:1477,issuer:TW:1477,-,-,-,聚陽,L2,TWSE OpenAPI 上市公司基本資料（完整母集）,冻结 2026-08-28 TWSE+TPEx（不含兴柜）L2 机械母集,-,human-gate://2026-08-28/H1/issuer:TW:1477,https://openapi.twse.com.tw/v1/opendata/t187ap03_L,2026-08-28,user,2026-08-28,已裁决,l2:TWSE:1477,H1 人闸批准；仅在本行 product_scope 内有效。
h1-include-0102,manual_include,include,issuer,issuer:TW:1503,issuer:TW:1503,-,-,-,士電,L2,TWSE OpenAPI 上市公司基本資料（完整母集）,冻结 2026-08-28 TWSE+TPEx（不含兴柜）L2 机械母集,-,human-gate://2026-08-28/H1/issuer:TW:1503,https://openapi.twse.com.tw/v1/opendata/t187ap03_L,2026-08-28,user,2026-08-28,已裁决,l2:TWSE:1503,H1 人闸批准；仅在本行 product_scope 内有效。
h1-include-0103,manual_include,include,issuer,issuer:TW:1504,issuer:TW:1504,-,-,-,東元,L2,TWSE OpenAPI 上市公司基本資料（完整母集）,冻结 2026-08-28 TWSE+TPEx（不含兴柜）L2 机械母集,-,human-gate://2026-08-28/H1/issuer:TW:1504,https://openapi.twse.com.tw/v1/opendata/t187ap03_L,2026-08-28,user,2026-08-28,已裁决,l2:TWSE:1504,H1 人闸批准；仅在本行 product_scope 内有效。
h1-include-0104,manual_include,include,issuer,issuer:TW:1506,issuer:TW:1506,-,-,-,正道,L2,TWSE OpenAPI 上市公司基本資料（完整母集）,冻结 2026-08-28 TWSE+TPEx（不含兴柜）L2 机械母集,-,human-gate://2026-08-28/H1/issuer:TW:1506,https://openapi.twse.com.tw/v1/opendata/t187ap03_L,2026-08-28,user,2026-08-28,已裁决,l2:TWSE:1506,H1 人闸批准；仅在本行 product_scope 内有效。
h1-include-0105,manual_include,include,issuer,issuer:TW:1512,issuer:TW:1512,-,-,-,瑞利,L2,TWSE OpenAPI 上市公司基本資料（完整母集）,冻结 2026-08-28 TWSE+TPEx（不含兴柜）L2 机械母集,-,human-gate://2026-08-28/H1/issuer:TW:1512,https://openapi.twse.com.tw/v1/opendata/t187ap03_L,2026-08-28,user,2026-08-28,已裁决,l2:TWSE:1512,H1 人闸批准；仅在本行 product_scope 内有效。
h1-include-0106,manual_include,include,issuer,issuer:TW:1513,issuer:TW:1513,-,-,-,中興電,L2,TWSE OpenAPI 上市公司基本資料（完整母集）,冻结 2026-08-28 TWSE+TPEx（不含兴柜）L2 机械母集,-,human-gate://2026-08-28/H1/issuer:TW:1513,https://openapi.twse.com.tw/v1/opendata/t187ap03_L,2026-08-28,user,2026-08-28,已裁决,l2:TWSE:1513,H1 人闸批准；仅在本行 product_scope 内有效。
h1-include-0107,manual_include,include,issuer,issuer:TW:1514,issuer:TW:1514,-,-,-,亞力,L2,TWSE OpenAPI 上市公司基本資料（完整母集）,冻结 2026-08-28 TWSE+TPEx（不含兴柜）L2 机械母集,-,human-gate://2026-08-28/H1/issuer:TW:1514,https://openapi.twse.com.tw/v1/opendata/t187ap03_L,2026-08-28,user,2026-08-28,已裁决,l2:TWSE:1514,H1 人闸批准；仅在本行 product_scope 内有效。
h1-include-0108,manual_include,include,issuer,issuer:TW:1515,issuer:TW:1515,-,-,-,力山,L2,TWSE OpenAPI 上市公司基本資料（完整母集）,冻结 2026-08-28 TWSE+TPEx（不含兴柜）L2 机械母集,-,human-gate://2026-08-28/H1/issuer:TW:1515,https://openapi.twse.com.tw/v1/opendata/t187ap03_L,2026-08-28,user,2026-08-28,已裁决,l2:TWSE:1515,H1 人闸批准；仅在本行 product_scope 内有效。
h1-include-0109,manual_include,include,issuer,issuer:TW:1516,issuer:TW:1516,-,-,-,川飛,L2,TWSE OpenAPI 上市公司基本資料（完整母集）,冻结 2026-08-28 TWSE+TPEx（不含兴柜）L2 机械母集,-,human-gate://2026-08-28/H1/issuer:TW:1516,https://openapi.twse.com.tw/v1/opendata/t187ap03_L,2026-08-28,user,2026-08-28,已裁决,l2:TWSE:1516,H1 人闸批准；仅在本行 product_scope 内有效。
h1-include-0110,manual_include,include,issuer,issuer:TW:1517,issuer:TW:1517,-,-,-,利奇,L2,TWSE OpenAPI 上市公司基本資料（完整母集）,冻结 2026-08-28 TWSE+TPEx（不含兴柜）L2 机械母集,-,human-gate://2026-08-28/H1/issuer:TW:1517,https://openapi.twse.com.tw/v1/opendata/t187ap03_L,2026-08-28,user,2026-08-28,已裁决,l2:TWSE:1517,H1 人闸批准；仅在本行 product_scope 内有效。
h1-include-0111,manual_include,include,issuer,issuer:TW:1519,issuer:TW:1519,-,-,-,華城,L2,TWSE OpenAPI 上市公司基本資料（完整母集）,冻结 2026-08-28 TWSE+TPEx（不含兴柜）L2 机械母集,-,human-gate://2026-08-28/H1/issuer:TW:1519,https://openapi.twse.com.tw/v1/opendata/t187ap03_L,2026-08-28,user,2026-08-28,已裁决,l2:TWSE:1519,H1 人闸批准；仅在本行 product_scope 内有效。
h1-include-0112,manual_include,include,issuer,issuer:TW:1521,issuer:TW:1521,-,-,-,大億,L2,TWSE OpenAPI 上市公司基本資料（完整母集）,冻结 2026-08-28 TWSE+TPEx（不含兴柜）L2 机械母集,-,human-gate://2026-08-28/H1/issuer:TW:1521,https://openapi.twse.com.tw/v1/opendata/t187ap03_L,2026-08-28,user,2026-08-28,已裁决,l2:TWSE:1521,H1 人闸批准；仅在本行 product_scope 内有效。
h1-include-0113,manual_include,include,issuer,issuer:TW:1522,issuer:TW:1522,-,-,-,堤維西,L2,TWSE OpenAPI 上市公司基本資料（完整母集）,冻结 2026-08-28 TWSE+TPEx（不含兴柜）L2 机械母集,-,human-gate://2026-08-28/H1/issuer:TW:1522,https://openapi.twse.com.tw/v1/opendata/t187ap03_L,2026-08-28,user,2026-08-28,已裁决,l2:TWSE:1522,H1 人闸批准；仅在本行 product_scope 内有效。
h1-include-0114,manual_include,include,issuer,issuer:TW:1524,issuer:TW:1524,-,-,-,耿鼎,L2,TWSE OpenAPI 上市公司基本資料（完整母集）,冻结 2026-08-28 TWSE+TPEx（不含兴柜）L2 机械母集,-,human-gate://2026-08-28/H1/issuer:TW:1524,https://openapi.twse.com.tw/v1/opendata/t187ap03_L,2026-08-28,user,2026-08-28,已裁决,l2:TWSE:1524,H1 人闸批准；仅在本行 product_scope 内有效。
h1-include-0115,manual_include,include,issuer,issuer:TW:1525,issuer:TW:1525,-,-,-,江申,L2,TWSE OpenAPI 上市公司基本資料（完整母集）,冻结 2026-08-28 TWSE+TPEx（不含兴柜）L2 机械母集,-,human-gate://2026-08-28/H1/issuer:TW:1525,https://openapi.twse.com.tw/v1/opendata/t187ap03_L,2026-08-28,user,2026-08-28,已裁决,l2:TWSE:1525,H1 人闸批准；仅在本行 product_scope 内有效。
h1-include-0116,manual_include,include,issuer,issuer:TW:1526,issuer:TW:1526,-,-,-,日馳,L2,TWSE OpenAPI 上市公司基本資料（完整母集）,冻结 2026-08-28 TWSE+TPEx（不含兴柜）L2 机械母集,-,human-gate://2026-08-28/H1/issuer:TW:1526,https://openapi.twse.com.tw/v1/opendata/t187ap03_L,2026-08-28,user,2026-08-28,已裁决,l2:TWSE:1526,H1 人闸批准；仅在本行 product_scope 内有效。
h1-include-0117,manual_include,include,issuer,issuer:TW:1527,issuer:TW:1527,-,-,-,鑽全,L2,TWSE OpenAPI 上市公司基本資料（完整母集）,冻结 2026-08-28 TWSE+TPEx（不含兴柜）L2 机械母集,-,human-gate://2026-08-28/H1/issuer:TW:1527,https://openapi.twse.com.tw/v1/opendata/t187ap03_L,2026-08-28,user,2026-08-28,已裁决,l2:TWSE:1527,H1 人闸批准；仅在本行 product_scope 内有效。
h1-include-0118,manual_include,include,issuer,issuer:TW:1528,issuer:TW:1528,-,-,-,恩德,L2,TWSE OpenAPI 上市公司基本資料（完整母集）,冻结 2026-08-28 TWSE+TPEx（不含兴柜）L2 机械母集,-,human-gate://2026-08-28/H1/issuer:TW:1528,https://openapi.twse.com.tw/v1/opendata/t187ap03_L,2026-08-28,user,2026-08-28,已裁决,l2:TWSE:1528,H1 人闸批准；仅在本行 product_scope 内有效。
h1-include-0119,manual_include,include,issuer,issuer:TW:1529,issuer:TW:1529,-,-,-,樂事綠能,L2,TWSE OpenAPI 上市公司基本資料（完整母集）,冻结 2026-08-28 TWSE+TPEx（不含兴柜）L2 机械母集,-,human-gate://2026-08-28/H1/issuer:TW:1529,https://openapi.twse.com.tw/v1/opendata/t187ap03_L,2026-08-28,user,2026-08-28,已裁决,l2:TWSE:1529,H1 人闸批准；仅在本行 product_scope 内有效。
h1-include-0120,manual_include,include,issuer,issuer:TW:1530,issuer:TW:1530,-,-,-,亞崴,L2,TWSE OpenAPI 上市公司基本資料（完整母集）,冻结 2026-08-28 TWSE+TPEx（不含兴柜）L2 机械母集,-,human-gate://2026-08-28/H1/issuer:TW:1530,https://openapi.twse.com.tw/v1/opendata/t187ap03_L,2026-08-28,user,2026-08-28,已裁决,l2:TWSE:1530,H1 人闸批准；仅在本行 product_scope 内有效。
h1-include-0121,manual_include,include,issuer,issuer:TW:1531,issuer:TW:1531,-,-,-,高林股,L2,TWSE OpenAPI 上市公司基本資料（完整母集）,冻结 2026-08-28 TWSE+TPEx（不含兴柜）L2 机械母集,-,human-gate://2026-08-28/H1/issuer:TW:1531,https://openapi.twse.com.tw/v1/opendata/t187ap03_L,2026-08-28,user,2026-08-28,已裁决,l2:TWSE:1531,H1 人闸批准；仅在本行 product_scope 内有效。
h1-include-0122,manual_include,include,issuer,issuer:TW:1532,issuer:TW:1532,-,-,-,勤美,L2,TWSE OpenAPI 上市公司基本資料（完整母集）,冻结 2026-08-28 TWSE+TPEx（不含兴柜）L2 机械母集,-,human-gate://2026-08-28/H1/issuer:TW:1532,https://openapi.twse.com.tw/v1/opendata/t187ap03_L,2026-08-28,user,2026-08-28,已裁决,l2:TWSE:1532,H1 人闸批准；仅在本行 product_scope 内有效。
h1-include-0123,manual_include,include,issuer,issuer:TW:1533,issuer:TW:1533,-,-,-,車王電,L2,TWSE OpenAPI 上市公司基本資料（完整母集）,冻结 2026-08-28 TWSE+TPEx（不含兴柜）L2 机械母集,-,human-gate://2026-08-28/H1/issuer:TW:1533,https://openapi.twse.com.tw/v1/opendata/t187ap03_L,2026-08-28,user,2026-08-28,已裁决,l2:TWSE:1533,H1 人闸批准；仅在本行 product_scope 内有效。
h1-include-0124,manual_include,include,issuer,issuer:TW:1535,issuer:TW:1535,-,-,-,中宇,L2,TWSE OpenAPI 上市公司基本資料（完整母集）,冻结 2026-08-28 TWSE+TPEx（不含兴柜）L2 机械母集,-,human-gate://2026-08-28/H1/issuer:TW:1535,https://openapi.twse.com.tw/v1/opendata/t187ap03_L,2026-08-28,user,2026-08-28,已裁决,l2:TWSE:1535,H1 人闸批准；仅在本行 product_scope 内有效。
h1-include-0125,manual_include,include,issuer,issuer:TW:1536,issuer:TW:1536,-,-,-,和大,L2,TWSE OpenAPI 上市公司基本資料（完整母集）,冻结 2026-08-28 TWSE+TPEx（不含兴柜）L2 机械母集,-,human-gate://2026-08-28/H1/issuer:TW:1536,https://openapi.twse.com.tw/v1/opendata/t187ap03_L,2026-08-28,user,2026-08-28,已裁决,l2:TWSE:1536,H1 人闸批准；仅在本行 product_scope 内有效。
h1-include-0126,manual_include,include,issuer,issuer:TW:1537,issuer:TW:1537,-,-,-,廣隆,L2,TWSE OpenAPI 上市公司基本資料（完整母集）,冻结 2026-08-28 TWSE+TPEx（不含兴柜）L2 机械母集,-,human-gate://2026-08-28/H1/issuer:TW:1537,https://openapi.twse.com.tw/v1/opendata/t187ap03_L,2026-08-28,user,2026-08-28,已裁决,l2:TWSE:1537,H1 人闸批准；仅在本行 product_scope 内有效。
h1-include-0127,manual_include,include,issuer,issuer:TW:1538,issuer:TW:1538,-,-,-,正峰,L2,TWSE OpenAPI 上市公司基本資料（完整母集）,冻结 2026-08-28 TWSE+TPEx（不含兴柜）L2 机械母集,-,human-gate://2026-08-28/H1/issuer:TW:1538,https://openapi.twse.com.tw/v1/opendata/t187ap03_L,2026-08-28,user,2026-08-28,已裁决,l2:TWSE:1538,H1 人闸批准；仅在本行 product_scope 内有效。
h1-include-0128,manual_include,include,issuer,issuer:TW:1539,issuer:TW:1539,-,-,-,巨庭,L2,TWSE OpenAPI 上市公司基本資料（完整母集）,冻结 2026-08-28 TWSE+TPEx（不含兴柜）L2 机械母集,-,human-gate://2026-08-28/H1/issuer:TW:1539,https://openapi.twse.com.tw/v1/opendata/t187ap03_L,2026-08-28,user,2026-08-28,已裁决,l2:TWSE:1539,H1 人闸批准；仅在本行 product_scope 内有效。
h1-include-0129,manual_include,include,issuer,issuer:TW:1540,issuer:TW:1540,-,-,-,喬福,L2,TWSE OpenAPI 上市公司基本資料（完整母集）,冻结 2026-08-28 TWSE+TPEx（不含兴柜）L2 机械母集,-,human-gate://2026-08-28/H1/issuer:TW:1540,https://openapi.twse.com.tw/v1/opendata/t187ap03_L,2026-08-28,user,2026-08-28,已裁决,l2:TWSE:1540,H1 人闸批准；仅在本行 product_scope 内有效。
h1-include-0130,manual_include,include,issuer,issuer:TW:1541,issuer:TW:1541,-,-,-,錩泰,L2,TWSE OpenAPI 上市公司基本資料（完整母集）,冻结 2026-08-28 TWSE+TPEx（不含兴柜）L2 机械母集,-,human-gate://2026-08-28/H1/issuer:TW:1541,https://openapi.twse.com.tw/v1/opendata/t187ap03_L,2026-08-28,user,2026-08-28,已裁决,l2:TWSE:1541,H1 人闸批准；仅在本行 product_scope 内有效。
h1-include-0131,manual_include,include,issuer,issuer:TW:1558,issuer:TW:1558,-,-,-,伸興,L2,TWSE OpenAPI 上市公司基本資料（完整母集）,冻结 2026-08-28 TWSE+TPEx（不含兴柜）L2 机械母集,-,human-gate://2026-08-28/H1/issuer:TW:1558,https://openapi.twse.com.tw/v1/opendata/t187ap03_L,2026-08-28,user,2026-08-28,已裁决,l2:TWSE:1558,H1 人闸批准；仅在本行 product_scope 内有效。
h1-include-0132,manual_include,include,issuer,issuer:TW:1560,issuer:TW:1560,-,-,-,中砂,L2,TWSE OpenAPI 上市公司基本資料（完整母集）,冻结 2026-08-28 TWSE+TPEx（不含兴柜）L2 机械母集,-,human-gate://2026-08-28/H1/issuer:TW:1560,https://openapi.twse.com.tw/v1/opendata/t187ap03_L,2026-08-28,user,2026-08-28,已裁决,l2:TWSE:1560,H1 人闸批准；仅在本行 product_scope 内有效。
h1-include-0133,manual_include,include,issuer,issuer:TW:1563,issuer:TW:1563,-,-,-,巧新,L2,TWSE OpenAPI 上市公司基本資料（完整母集）,冻结 2026-08-28 TWSE+TPEx（不含兴柜）L2 机械母集,-,human-gate://2026-08-28/H1/issuer:TW:1563,https://openapi.twse.com.tw/v1/opendata/t187ap03_L,2026-08-28,user,2026-08-28,已裁决,l2:TWSE:1563,H1 人闸批准；仅在本行 product_scope 内有效。
h1-include-0134,manual_include,include,issuer,issuer:TW:1568,issuer:TW:1568,-,-,-,倉佑,L2,TWSE OpenAPI 上市公司基本資料（完整母集）,冻结 2026-08-28 TWSE+TPEx（不含兴柜）L2 机械母集,-,human-gate://2026-08-28/H1/issuer:TW:1568,https://openapi.twse.com.tw/v1/opendata/t187ap03_L,2026-08-28,user,2026-08-28,已裁决,l2:TWSE:1568,H1 人闸批准；仅在本行 product_scope 内有效。
h1-include-0135,manual_include,include,issuer,issuer:TW:1582,issuer:TW:1582,-,-,-,信錦,L2,TWSE OpenAPI 上市公司基本資料（完整母集）,冻结 2026-08-28 TWSE+TPEx（不含兴柜）L2 机械母集,-,human-gate://2026-08-28/H1/issuer:TW:1582,https://openapi.twse.com.tw/v1/opendata/t187ap03_L,2026-08-28,user,2026-08-28,已裁决,l2:TWSE:1582,H1 人闸批准；仅在本行 product_scope 内有效。
h1-include-0136,manual_include,include,issuer,issuer:TW:1583,issuer:TW:1583,-,-,-,程泰,L2,TWSE OpenAPI 上市公司基本資料（完整母集）,冻结 2026-08-28 TWSE+TPEx（不含兴柜）L2 机械母集,-,human-gate://2026-08-28/H1/issuer:TW:1583,https://openapi.twse.com.tw/v1/opendata/t187ap03_L,2026-08-28,user,2026-08-28,已裁决,l2:TWSE:1583,H1 人闸批准；仅在本行 product_scope 内有效。
h1-include-0137,manual_include,include,issuer,issuer:TW:1587,issuer:TW:1587,-,-,-,吉茂,L2,TWSE OpenAPI 上市公司基本資料（完整母集）,冻结 2026-08-28 TWSE+TPEx（不含兴柜）L2 机械母集,-,human-gate://2026-08-28/H1/issuer:TW:1587,https://openapi.twse.com.tw/v1/opendata/t187ap03_L,2026-08-28,user,2026-08-28,已裁决,l2:TWSE:1587,H1 人闸批准；仅在本行 product_scope 内有效。
h1-include-0138,manual_include,include,issuer,issuer:TW:1589,issuer:TW:1589,-,-,-,永冠-KY,L2,TWSE OpenAPI 上市公司基本資料（完整母集）,冻结 2026-08-28 TWSE+TPEx（不含兴柜）L2 机械母集,-,human-gate://2026-08-28/H1/issuer:TW:1589,https://openapi.twse.com.tw/v1/opendata/t187ap03_L,2026-08-28,user,2026-08-28,已裁决,l2:TWSE:1589,H1 人闸批准；仅在本行 product_scope 内有效。
h1-include-0139,manual_include,include,issuer,issuer:TW:1590,issuer:TW:1590,-,-,-,亞德客-KY,L2,TWSE OpenAPI 上市公司基本資料（完整母集）,冻结 2026-08-28 TWSE+TPEx（不含兴柜）L2 机械母集,-,human-gate://2026-08-28/H1/issuer:TW:1590,https://openapi.twse.com.tw/v1/opendata/t187ap03_L,2026-08-28,user,2026-08-28,已裁决,l2:TWSE:1590,H1 人闸批准；仅在本行 product_scope 内有效。
h1-include-0140,manual_include,include,issuer,issuer:TW:1597,issuer:TW:1597,-,-,-,直得,L2,TWSE OpenAPI 上市公司基本資料（完整母集）,冻结 2026-08-28 TWSE+TPEx（不含兴柜）L2 机械母集,-,human-gate://2026-08-28/H1/issuer:TW:1597,https://openapi.twse.com.tw/v1/opendata/t187ap03_L,2026-08-28,user,2026-08-28,已裁决,l2:TWSE:1597,H1 人闸批准；仅在本行 product_scope 内有效。
h1-include-0141,manual_include,include,issuer,issuer:TW:1598,issuer:TW:1598,-,-,-,岱宇,L2,TWSE OpenAPI 上市公司基本資料（完整母集）,冻结 2026-08-28 TWSE+TPEx（不含兴柜）L2 机械母集,-,human-gate://2026-08-28/H1/issuer:TW:1598,https://openapi.twse.com.tw/v1/opendata/t187ap03_L,2026-08-28,user,2026-08-28,已裁决,l2:TWSE:1598,H1 人闸批准；仅在本行 product_scope 内有效。
h1-include-0142,manual_include,include,issuer,issuer:TW:1603,issuer:TW:1603,-,-,-,華電,L2,TWSE OpenAPI 上市公司基本資料（完整母集）,冻结 2026-08-28 TWSE+TPEx（不含兴柜）L2 机械母集,-,human-gate://2026-08-28/H1/issuer:TW:1603,https://openapi.twse.com.tw/v1/opendata/t187ap03_L,2026-08-28,user,2026-08-28,已裁决,l2:TWSE:1603,H1 人闸批准；仅在本行 product_scope 内有效。
h1-include-0143,manual_include,include,issuer,issuer:TW:1604,issuer:TW:1604,-,-,-,聲寶,L2,TWSE OpenAPI 上市公司基本資料（完整母集）,冻结 2026-08-28 TWSE+TPEx（不含兴柜）L2 机械母集,-,human-gate://2026-08-28/H1/issuer:TW:1604,https://openapi.twse.com.tw/v1/opendata/t187ap03_L,2026-08-28,user,2026-08-28,已裁决,l2:TWSE:1604,H1 人闸批准；仅在本行 product_scope 内有效。
h1-include-0144,manual_include,include,issuer,issuer:TW:1605,issuer:TW:1605,-,-,-,華新,L2,TWSE OpenAPI 上市公司基本資料（完整母集）,冻结 2026-08-28 TWSE+TPEx（不含兴柜）L2 机械母集,-,human-gate://2026-08-28/H1/issuer:TW:1605,https://openapi.twse.com.tw/v1/opendata/t187ap03_L,2026-08-28,user,2026-08-28,已裁决,l2:TWSE:1605,H1 人闸批准；仅在本行 product_scope 内有效。
h1-include-0145,manual_include,include,issuer,issuer:TW:1608,issuer:TW:1608,-,-,-,華榮,L2,TWSE OpenAPI 上市公司基本資料（完整母集）,冻结 2026-08-28 TWSE+TPEx（不含兴柜）L2 机械母集,-,human-gate://2026-08-28/H1/issuer:TW:1608,https://openapi.twse.com.tw/v1/opendata/t187ap03_L,2026-08-28,user,2026-08-28,已裁决,l2:TWSE:1608,H1 人闸批准；仅在本行 product_scope 内有效。
h1-include-0146,manual_include,include,issuer,issuer:TW:1609,issuer:TW:1609,-,-,-,大亞,L2,TWSE OpenAPI 上市公司基本資料（完整母集）,冻结 2026-08-28 TWSE+TPEx（不含兴柜）L2 机械母集,-,human-gate://2026-08-28/H1/issuer:TW:1609,https://openapi.twse.com.tw/v1/opendata/t187ap03_L,2026-08-28,user,2026-08-28,已裁决,l2:TWSE:1609,H1 人闸批准；仅在本行 product_scope 内有效。
h1-include-0147,manual_include,include,issuer,issuer:TW:1611,issuer:TW:1611,-,-,-,中電,L2,TWSE OpenAPI 上市公司基本資料（完整母集）,冻结 2026-08-28 TWSE+TPEx（不含兴柜）L2 机械母集,-,human-gate://2026-08-28/H1/issuer:TW:1611,https://openapi.twse.com.tw/v1/opendata/t187ap03_L,2026-08-28,user,2026-08-28,已裁决,l2:TWSE:1611,H1 人闸批准；仅在本行 product_scope 内有效。
h1-include-0148,manual_include,include,issuer,issuer:TW:1612,issuer:TW:1612,-,-,-,宏泰,L2,TWSE OpenAPI 上市公司基本資料（完整母集）,冻结 2026-08-28 TWSE+TPEx（不含兴柜）L2 机械母集,-,human-gate://2026-08-28/H1/issuer:TW:1612,https://openapi.twse.com.tw/v1/opendata/t187ap03_L,2026-08-28,user,2026-08-28,已裁决,l2:TWSE:1612,H1 人闸批准；仅在本行 product_scope 内有效。
h1-include-0149,manual_include,include,issuer,issuer:TW:1614,issuer:TW:1614,-,-,-,三洋電,L2,TWSE OpenAPI 上市公司基本資料（完整母集）,冻结 2026-08-28 TWSE+TPEx（不含兴柜）L2 机械母集,-,human-gate://2026-08-28/H1/issuer:TW:1614,https://openapi.twse.com.tw/v1/opendata/t187ap03_L,2026-08-28,user,2026-08-28,已裁决,l2:TWSE:1614,H1 人闸批准；仅在本行 product_scope 内有效。
h1-include-0150,manual_include,include,issuer,issuer:TW:1615,issuer:TW:1615,-,-,-,大山,L2,TWSE OpenAPI 上市公司基本資料（完整母集）,冻结 2026-08-28 TWSE+TPEx（不含兴柜）L2 机械母集,-,human-gate://2026-08-28/H1/issuer:TW:1615,https://openapi.twse.com.tw/v1/opendata/t187ap03_L,2026-08-28,user,2026-08-28,已裁决,l2:TWSE:1615,H1 人闸批准；仅在本行 product_scope 内有效。
h1-include-0151,manual_include,include,issuer,issuer:TW:1616,issuer:TW:1616,-,-,-,億泰,L2,TWSE OpenAPI 上市公司基本資料（完整母集）,冻结 2026-08-28 TWSE+TPEx（不含兴柜）L2 机械母集,-,human-gate://2026-08-28/H1/issuer:TW:1616,https://openapi.twse.com.tw/v1/opendata/t187ap03_L,2026-08-28,user,2026-08-28,已裁决,l2:TWSE:1616,H1 人闸批准；仅在本行 product_scope 内有效。
h1-include-0152,manual_include,include,issuer,issuer:TW:1617,issuer:TW:1617,-,-,-,榮星,L2,TWSE OpenAPI 上市公司基本資料（完整母集）,冻结 2026-08-28 TWSE+TPEx（不含兴柜）L2 机械母集,-,human-gate://2026-08-28/H1/issuer:TW:1617,https://openapi.twse.com.tw/v1/opendata/t187ap03_L,2026-08-28,user,2026-08-28,已裁决,l2:TWSE:1617,H1 人闸批准；仅在本行 product_scope 内有效。
h1-include-0153,manual_include,include,issuer,issuer:TW:1618,issuer:TW:1618,-,-,-,合機,L2,TWSE OpenAPI 上市公司基本資料（完整母集）,冻结 2026-08-28 TWSE+TPEx（不含兴柜）L2 机械母集,-,human-gate://2026-08-28/H1/issuer:TW:1618,https://openapi.twse.com.tw/v1/opendata/t187ap03_L,2026-08-28,user,2026-08-28,已裁决,l2:TWSE:1618,H1 人闸批准；仅在本行 product_scope 内有效。
h1-include-0154,manual_include,include,issuer,issuer:TW:1623,issuer:TW:1623,-,-,-,大東電,L2,TWSE OpenAPI 上市公司基本資料（完整母集）,冻结 2026-08-28 TWSE+TPEx（不含兴柜）L2 机械母集,-,human-gate://2026-08-28/H1/issuer:TW:1623,https://openapi.twse.com.tw/v1/opendata/t187ap03_L,2026-08-28,user,2026-08-28,已裁决,l2:TWSE:1623,H1 人闸批准；仅在本行 product_scope 内有效。
h1-include-0155,manual_include,include,issuer,issuer:TW:1626,issuer:TW:1626,-,-,-,艾美特-KY,L2,TWSE OpenAPI 上市公司基本資料（完整母集）,冻结 2026-08-28 TWSE+TPEx（不含兴柜）L2 机械母集,-,human-gate://2026-08-28/H1/issuer:TW:1626,https://openapi.twse.com.tw/v1/opendata/t187ap03_L,2026-08-28,user,2026-08-28,已裁决,l2:TWSE:1626,H1 人闸批准；仅在本行 product_scope 内有效。
h1-include-0156,manual_include,include,issuer,issuer:TW:1702,issuer:TW:1702,-,-,-,南僑,L2,TWSE OpenAPI 上市公司基本資料（完整母集）,冻结 2026-08-28 TWSE+TPEx（不含兴柜）L2 机械母集,-,human-gate://2026-08-28/H1/issuer:TW:1702,https://openapi.twse.com.tw/v1/opendata/t187ap03_L,2026-08-28,user,2026-08-28,已裁决,l2:TWSE:1702,H1 人闸批准；仅在本行 product_scope 内有效。
h1-include-0157,manual_include,include,issuer,issuer:TW:1707,issuer:TW:1707,-,-,-,葡萄王,L2,TWSE OpenAPI 上市公司基本資料（完整母集）,冻结 2026-08-28 TWSE+TPEx（不含兴柜）L2 机械母集,-,human-gate://2026-08-28/H1/issuer:TW:1707,https://openapi.twse.com.tw/v1/opendata/t187ap03_L,2026-08-28,user,2026-08-28,已裁决,l2:TWSE:1707,H1 人闸批准；仅在本行 product_scope 内有效。
h1-include-0158,manual_include,include,issuer,issuer:TW:1708,issuer:TW:1708,-,-,-,東鹼,L2,TWSE OpenAPI 上市公司基本資料（完整母集）,冻结 2026-08-28 TWSE+TPEx（不含兴柜）L2 机械母集,-,human-gate://2026-08-28/H1/issuer:TW:1708,https://openapi.twse.com.tw/v1/opendata/t187ap03_L,2026-08-28,user,2026-08-28,已裁决,l2:TWSE:1708,H1 人闸批准；仅在本行 product_scope 内有效。
h1-include-0159,manual_include,include,issuer,issuer:TW:1709,issuer:TW:1709,-,-,-,和益,L2,TWSE OpenAPI 上市公司基本資料（完整母集）,冻结 2026-08-28 TWSE+TPEx（不含兴柜）L2 机械母集,-,human-gate://2026-08-28/H1/issuer:TW:1709,https://openapi.twse.com.tw/v1/opendata/t187ap03_L,2026-08-28,user,2026-08-28,已裁决,l2:TWSE:1709,H1 人闸批准；仅在本行 product_scope 内有效。
h1-include-0160,manual_include,include,issuer,issuer:TW:1710,issuer:TW:1710,-,-,-,東聯,L2,TWSE OpenAPI 上市公司基本資料（完整母集）,冻结 2026-08-28 TWSE+TPEx（不含兴柜）L2 机械母集,-,human-gate://2026-08-28/H1/issuer:TW:1710,https://openapi.twse.com.tw/v1/opendata/t187ap03_L,2026-08-28,user,2026-08-28,已裁决,l2:TWSE:1710,H1 人闸批准；仅在本行 product_scope 内有效。
h1-include-0161,manual_include,include,issuer,issuer:TW:1711,issuer:TW:1711,-,-,-,永光,L2,TWSE OpenAPI 上市公司基本資料（完整母集）,冻结 2026-08-28 TWSE+TPEx（不含兴柜）L2 机械母集,-,human-gate://2026-08-28/H1/issuer:TW:1711,https://openapi.twse.com.tw/v1/opendata/t187ap03_L,2026-08-28,user,2026-08-28,已裁决,l2:TWSE:1711,H1 人闸批准；仅在本行 product_scope 内有效。
h1-include-0162,manual_include,include,issuer,issuer:TW:1712,issuer:TW:1712,-,-,-,興農,L2,TWSE OpenAPI 上市公司基本資料（完整母集）,冻结 2026-08-28 TWSE+TPEx（不含兴柜）L2 机械母集,-,human-gate://2026-08-28/H1/issuer:TW:1712,https://openapi.twse.com.tw/v1/opendata/t187ap03_L,2026-08-28,user,2026-08-28,已裁决,l2:TWSE:1712,H1 人闸批准；仅在本行 product_scope 内有效。
h1-include-0163,manual_include,include,issuer,issuer:TW:1713,issuer:TW:1713,-,-,-,國化,L2,TWSE OpenAPI 上市公司基本資料（完整母集）,冻结 2026-08-28 TWSE+TPEx（不含兴柜）L2 机械母集,-,human-gate://2026-08-28/H1/issuer:TW:1713,https://openapi.twse.com.tw/v1/opendata/t187ap03_L,2026-08-28,user,2026-08-28,已裁决,l2:TWSE:1713,H1 人闸批准；仅在本行 product_scope 内有效。
h1-include-0164,manual_include,include,issuer,issuer:TW:1714,issuer:TW:1714,-,-,-,和桐,L2,TWSE OpenAPI 上市公司基本資料（完整母集）,冻结 2026-08-28 TWSE+TPEx（不含兴柜）L2 机械母集,-,human-gate://2026-08-28/H1/issuer:TW:1714,https://openapi.twse.com.tw/v1/opendata/t187ap03_L,2026-08-28,user,2026-08-28,已裁决,l2:TWSE:1714,H1 人闸批准；仅在本行 product_scope 内有效。
h1-include-0165,manual_include,include,issuer,issuer:TW:1717,issuer:TW:1717,-,-,-,長興,L2,TWSE OpenAPI 上市公司基本資料（完整母集）,冻结 2026-08-28 TWSE+TPEx（不含兴柜）L2 机械母集,-,human-gate://2026-08-28/H1/issuer:TW:1717,https://openapi.twse.com.tw/v1/opendata/t187ap03_L,2026-08-28,user,2026-08-28,已裁决,l2:TWSE:1717,H1 人闸批准；仅在本行 product_scope 内有效。
h1-include-0166,manual_include,include,issuer,issuer:TW:1718,issuer:TW:1718,-,-,-,中纖,L2,TWSE OpenAPI 上市公司基本資料（完整母集）,冻结 2026-08-28 TWSE+TPEx（不含兴柜）L2 机械母集,-,human-gate://2026-08-28/H1/issuer:TW:1718,https://openapi.twse.com.tw/v1/opendata/t187ap03_L,2026-08-28,user,2026-08-28,已裁决,l2:TWSE:1718,H1 人闸批准；仅在本行 product_scope 内有效。
h1-include-0167,manual_include,include,issuer,issuer:TW:1720,issuer:TW:1720,-,-,-,生達,L2,TWSE OpenAPI 上市公司基本資料（完整母集）,冻结 2026-08-28 TWSE+TPEx（不含兴柜）L2 机械母集,-,human-gate://2026-08-28/H1/issuer:TW:1720,https://openapi.twse.com.tw/v1/opendata/t187ap03_L,2026-08-28,user,2026-08-28,已裁决,l2:TWSE:1720,H1 人闸批准；仅在本行 product_scope 内有效。
h1-include-0168,manual_include,include,issuer,issuer:TW:1721,issuer:TW:1721,-,-,-,三晃,L2,TWSE OpenAPI 上市公司基本資料（完整母集）,冻结 2026-08-28 TWSE+TPEx（不含兴柜）L2 机械母集,-,human-gate://2026-08-28/H1/issuer:TW:1721,https://openapi.twse.com.tw/v1/opendata/t187ap03_L,2026-08-28,user,2026-08-28,已裁决,l2:TWSE:1721,H1 人闸批准；仅在本行 product_scope 内有效。
h1-include-0169,manual_include,include,issuer,issuer:TW:1722,issuer:TW:1722,-,-,-,台肥,L2,TWSE OpenAPI 上市公司基本資料（完整母集）,冻结 2026-08-28 TWSE+TPEx（不含兴柜）L2 机械母集,-,human-gate://2026-08-28/H1/issuer:TW:1722,https://openapi.twse.com.tw/v1/opendata/t187ap03_L,2026-08-28,user,2026-08-28,已裁决,l2:TWSE:1722,H1 人闸批准；仅在本行 product_scope 内有效。
h1-include-0170,manual_include,include,issuer,issuer:TW:1723,issuer:TW:1723,-,-,-,中碳,L2,TWSE OpenAPI 上市公司基本資料（完整母集）,冻结 2026-08-28 TWSE+TPEx（不含兴柜）L2 机械母集,-,human-gate://2026-08-28/H1/issuer:TW:1723,https://openapi.twse.com.tw/v1/opendata/t187ap03_L,2026-08-28,user,2026-08-28,已裁决,l2:TWSE:1723,H1 人闸批准；仅在本行 product_scope 内有效。
h1-include-0171,manual_include,include,issuer,issuer:TW:1725,issuer:TW:1725,-,-,-,元禎,L2,TWSE OpenAPI 上市公司基本資料（完整母集）,冻结 2026-08-28 TWSE+TPEx（不含兴柜）L2 机械母集,-,human-gate://2026-08-28/H1/issuer:TW:1725,https://openapi.twse.com.tw/v1/opendata/t187ap03_L,2026-08-28,user,2026-08-28,已裁决,l2:TWSE:1725,H1 人闸批准；仅在本行 product_scope 内有效。
h1-include-0172,manual_include,include,issuer,issuer:TW:1726,issuer:TW:1726,-,-,-,永記,L2,TWSE OpenAPI 上市公司基本資料（完整母集）,冻结 2026-08-28 TWSE+TPEx（不含兴柜）L2 机械母集,-,human-gate://2026-08-28/H1/issuer:TW:1726,https://openapi.twse.com.tw/v1/opendata/t187ap03_L,2026-08-28,user,2026-08-28,已裁决,l2:TWSE:1726,H1 人闸批准；仅在本行 product_scope 内有效。
h1-include-0173,manual_include,include,issuer,issuer:TW:1727,issuer:TW:1727,-,-,-,中華化,L2,TWSE OpenAPI 上市公司基本資料（完整母集）,冻结 2026-08-28 TWSE+TPEx（不含兴柜）L2 机械母集,-,human-gate://2026-08-28/H1/issuer:TW:1727,https://openapi.twse.com.tw/v1/opendata/t187ap03_L,2026-08-28,user,2026-08-28,已裁决,l2:TWSE:1727,H1 人闸批准；仅在本行 product_scope 内有效。
h1-include-0174,manual_include,include,issuer,issuer:TW:1730,issuer:TW:1730,-,-,-,花仙子,L2,TWSE OpenAPI 上市公司基本資料（完整母集）,冻结 2026-08-28 TWSE+TPEx（不含兴柜）L2 机械母集,-,human-gate://2026-08-28/H1/issuer:TW:1730,https://openapi.twse.com.tw/v1/opendata/t187ap03_L,2026-08-28,user,2026-08-28,已裁决,l2:TWSE:1730,H1 人闸批准；仅在本行 product_scope 内有效。
h1-include-0175,manual_include,include,issuer,issuer:TW:1731,issuer:TW:1731,-,-,-,美吾華,L2,TWSE OpenAPI 上市公司基本資料（完整母集）,冻结 2026-08-28 TWSE+TPEx（不含兴柜）L2 机械母集,-,human-gate://2026-08-28/H1/issuer:TW:1731,https://openapi.twse.com.tw/v1/opendata/t187ap03_L,2026-08-28,user,2026-08-28,已裁决,l2:TWSE:1731,H1 人闸批准；仅在本行 product_scope 内有效。
h1-include-0176,manual_include,include,issuer,issuer:TW:1732,issuer:TW:1732,-,-,-,毛寶,L2,TWSE OpenAPI 上市公司基本資料（完整母集）,冻结 2026-08-28 TWSE+TPEx（不含兴柜）L2 机械母集,-,human-gate://2026-08-28/H1/issuer:TW:1732,https://openapi.twse.com.tw/v1/opendata/t187ap03_L,2026-08-28,user,2026-08-28,已裁决,l2:TWSE:1732,H1 人闸批准；仅在本行 product_scope 内有效。
h1-include-0177,manual_include,include,issuer,issuer:TW:1733,issuer:TW:1733,-,-,-,五鼎,L2,TWSE OpenAPI 上市公司基本資料（完整母集）,冻结 2026-08-28 TWSE+TPEx（不含兴柜）L2 机械母集,-,human-gate://2026-08-28/H1/issuer:TW:1733,https://openapi.twse.com.tw/v1/opendata/t187ap03_L,2026-08-28,user,2026-08-28,已裁决,l2:TWSE:1733,H1 人闸批准；仅在本行 product_scope 内有效。
h1-include-0178,manual_include,include,issuer,issuer:TW:1734,issuer:TW:1734,-,-,-,杏輝,L2,TWSE OpenAPI 上市公司基本資料（完整母集）,冻结 2026-08-28 TWSE+TPEx（不含兴柜）L2 机械母集,-,human-gate://2026-08-28/H1/issuer:TW:1734,https://openapi.twse.com.tw/v1/opendata/t187ap03_L,2026-08-28,user,2026-08-28,已裁决,l2:TWSE:1734,H1 人闸批准；仅在本行 product_scope 内有效。
h1-include-0179,manual_include,include,issuer,issuer:TW:1735,issuer:TW:1735,-,-,-,日勝化,L2,TWSE OpenAPI 上市公司基本資料（完整母集）,冻结 2026-08-28 TWSE+TPEx（不含兴柜）L2 机械母集,-,human-gate://2026-08-28/H1/issuer:TW:1735,https://openapi.twse.com.tw/v1/opendata/t187ap03_L,2026-08-28,user,2026-08-28,已裁决,l2:TWSE:1735,H1 人闸批准；仅在本行 product_scope 内有效。
h1-include-0180,manual_include,include,issuer,issuer:TW:1736,issuer:TW:1736,-,-,-,喬山,L2,TWSE OpenAPI 上市公司基本資料（完整母集）,冻结 2026-08-28 TWSE+TPEx（不含兴柜）L2 机械母集,-,human-gate://2026-08-28/H1/issuer:TW:1736,https://openapi.twse.com.tw/v1/opendata/t187ap03_L,2026-08-28,user,2026-08-28,已裁决,l2:TWSE:1736,H1 人闸批准；仅在本行 product_scope 内有效。
h1-include-0181,manual_include,include,issuer,issuer:TW:1737,issuer:TW:1737,-,-,-,臺鹽,L2,TWSE OpenAPI 上市公司基本資料（完整母集）,冻结 2026-08-28 TWSE+TPEx（不含兴柜）L2 机械母集,-,human-gate://2026-08-28/H1/issuer:TW:1737,https://openapi.twse.com.tw/v1/opendata/t187ap03_L,2026-08-28,user,2026-08-28,已裁决,l2:TWSE:1737,H1 人闸批准；仅在本行 product_scope 内有效。
h1-include-0182,manual_include,include,issuer,issuer:TW:1752,issuer:TW:1752,-,-,-,南光,L2,TWSE OpenAPI 上市公司基本資料（完整母集）,冻结 2026-08-28 TWSE+TPEx（不含兴柜）L2 机械母集,-,human-gate://2026-08-28/H1/issuer:TW:1752,https://openapi.twse.com.tw/v1/opendata/t187ap03_L,2026-08-28,user,2026-08-28,已裁决,l2:TWSE:1752,H1 人闸批准；仅在本行 product_scope 内有效。
h1-include-0183,manual_include,include,issuer,issuer:TW:1760,issuer:TW:1760,-,-,-,寶齡富錦,L2,TWSE OpenAPI 上市公司基本資料（完整母集）,冻结 2026-08-28 TWSE+TPEx（不含兴柜）L2 机械母集,-,human-gate://2026-08-28/H1/issuer:TW:1760,https://openapi.twse.com.tw/v1/opendata/t187ap03_L,2026-08-28,user,2026-08-28,已裁决,l2:TWSE:1760,H1 人闸批准；仅在本行 product_scope 内有效。
h1-include-0184,manual_include,include,issuer,issuer:TW:1762,issuer:TW:1762,-,-,-,中化生,L2,TWSE OpenAPI 上市公司基本資料（完整母集）,冻结 2026-08-28 TWSE+TPEx（不含兴柜）L2 机械母集,-,human-gate://2026-08-28/H1/issuer:TW:1762,https://openapi.twse.com.tw/v1/opendata/t187ap03_L,2026-08-28,user,2026-08-28,已裁决,l2:TWSE:1762,H1 人闸批准；仅在本行 product_scope 内有效。
h1-include-0185,manual_include,include,issuer,issuer:TW:1773,issuer:TW:1773,-,-,-,勝一,L2,TWSE OpenAPI 上市公司基本資料（完整母集）,冻结 2026-08-28 TWSE+TPEx（不含兴柜）L2 机械母集,-,human-gate://2026-08-28/H1/issuer:TW:1773,https://openapi.twse.com.tw/v1/opendata/t187ap03_L,2026-08-28,user,2026-08-28,已裁决,l2:TWSE:1773,H1 人闸批准；仅在本行 product_scope 内有效。
h1-include-0186,manual_include,include,issuer,issuer:TW:1776,issuer:TW:1776,-,-,-,展宇,L2,TWSE OpenAPI 上市公司基本資料（完整母集）,冻结 2026-08-28 TWSE+TPEx（不含兴柜）L2 机械母集,-,human-gate://2026-08-28/H1/issuer:TW:1776,https://openapi.twse.com.tw/v1/opendata/t187ap03_L,2026-08-28,user,2026-08-28,已裁决,l2:TWSE:1776,H1 人闸批准；仅在本行 product_scope 内有效。
h1-include-0187,manual_include,include,issuer,issuer:TW:1783,issuer:TW:1783,-,-,-,和康生,L2,TWSE OpenAPI 上市公司基本資料（完整母集）,冻结 2026-08-28 TWSE+TPEx（不含兴柜）L2 机械母集,-,human-gate://2026-08-28/H1/issuer:TW:1783,https://openapi.twse.com.tw/v1/opendata/t187ap03_L,2026-08-28,user,2026-08-28,已裁决,l2:TWSE:1783,H1 人闸批准；仅在本行 product_scope 内有效。
h1-include-0188,manual_include,include,issuer,issuer:TW:1786,issuer:TW:1786,-,-,-,科妍,L2,TWSE OpenAPI 上市公司基本資料（完整母集）,冻结 2026-08-28 TWSE+TPEx（不含兴柜）L2 机械母集,-,human-gate://2026-08-28/H1/issuer:TW:1786,https://openapi.twse.com.tw/v1/opendata/t187ap03_L,2026-08-28,user,2026-08-28,已裁决,l2:TWSE:1786,H1 人闸批准；仅在本行 product_scope 内有效。
h1-include-0189,manual_include,include,issuer,issuer:TW:1789,issuer:TW:1789,-,-,-,神隆,L2,TWSE OpenAPI 上市公司基本資料（完整母集）,冻结 2026-08-28 TWSE+TPEx（不含兴柜）L2 机械母集,-,human-gate://2026-08-28/H1/issuer:TW:1789,https://openapi.twse.com.tw/v1/opendata/t187ap03_L,2026-08-28,user,2026-08-28,已裁决,l2:TWSE:1789,H1 人闸批准；仅在本行 product_scope 内有效。
h1-include-0190,manual_include,include,issuer,issuer:TW:1795,issuer:TW:1795,-,-,-,美時,L2,TWSE OpenAPI 上市公司基本資料（完整母集）,冻结 2026-08-28 TWSE+TPEx（不含兴柜）L2 机械母集,-,human-gate://2026-08-28/H1/issuer:TW:1795,https://openapi.twse.com.tw/v1/opendata/t187ap03_L,2026-08-28,user,2026-08-28,已裁决,l2:TWSE:1795,H1 人闸批准；仅在本行 product_scope 内有效。
h1-include-0191,manual_include,include,issuer,issuer:TW:1802,issuer:TW:1802,-,-,-,台玻,L2,TWSE OpenAPI 上市公司基本資料（完整母集）,冻结 2026-08-28 TWSE+TPEx（不含兴柜）L2 机械母集,-,human-gate://2026-08-28/H1/issuer:TW:1802,https://openapi.twse.com.tw/v1/opendata/t187ap03_L,2026-08-28,user,2026-08-28,已裁决,l2:TWSE:1802,H1 人闸批准；仅在本行 product_scope 内有效。
h1-include-0192,manual_include,include,issuer,issuer:TW:1805,issuer:TW:1805,-,-,-,寶徠,L2,TWSE OpenAPI 上市公司基本資料（完整母集）,冻结 2026-08-28 TWSE+TPEx（不含兴柜）L2 机械母集,-,human-gate://2026-08-28/H1/issuer:TW:1805,https://openapi.twse.com.tw/v1/opendata/t187ap03_L,2026-08-28,user,2026-08-28,已裁决,l2:TWSE:1805,H1 人闸批准；仅在本行 product_scope 内有效。
h1-include-0193,manual_include,include,issuer,issuer:TW:1806,issuer:TW:1806,-,-,-,冠軍,L2,TWSE OpenAPI 上市公司基本資料（完整母集）,冻结 2026-08-28 TWSE+TPEx（不含兴柜）L2 机械母集,-,human-gate://2026-08-28/H1/issuer:TW:1806,https://openapi.twse.com.tw/v1/opendata/t187ap03_L,2026-08-28,user,2026-08-28,已裁决,l2:TWSE:1806,H1 人闸批准；仅在本行 product_scope 内有效。
h1-include-0194,manual_include,include,issuer,issuer:TW:1808,issuer:TW:1808,-,-,-,潤隆,L2,TWSE OpenAPI 上市公司基本資料（完整母集）,冻结 2026-08-28 TWSE+TPEx（不含兴柜）L2 机械母集,-,human-gate://2026-08-28/H1/issuer:TW:1808,https://openapi.twse.com.tw/v1/opendata/t187ap03_L,2026-08-28,user,2026-08-28,已裁决,l2:TWSE:1808,H1 人闸批准；仅在本行 product_scope 内有效。
h1-include-0195,manual_include,include,issuer,issuer:TW:1809,issuer:TW:1809,-,-,-,中釉,L2,TWSE OpenAPI 上市公司基本資料（完整母集）,冻结 2026-08-28 TWSE+TPEx（不含兴柜）L2 机械母集,-,human-gate://2026-08-28/H1/issuer:TW:1809,https://openapi.twse.com.tw/v1/opendata/t187ap03_L,2026-08-28,user,2026-08-28,已裁决,l2:TWSE:1809,H1 人闸批准；仅在本行 product_scope 内有效。
h1-include-0196,manual_include,include,issuer,issuer:TW:1810,issuer:TW:1810,-,-,-,和成,L2,TWSE OpenAPI 上市公司基本資料（完整母集）,冻结 2026-08-28 TWSE+TPEx（不含兴柜）L2 机械母集,-,human-gate://2026-08-28/H1/issuer:TW:1810,https://openapi.twse.com.tw/v1/opendata/t187ap03_L,2026-08-28,user,2026-08-28,已裁决,l2:TWSE:1810,H1 人闸批准；仅在本行 product_scope 内有效。
h1-include-0197,manual_include,include,issuer,issuer:TW:1817,issuer:TW:1817,-,-,-,凱撒衛,L2,TWSE OpenAPI 上市公司基本資料（完整母集）,冻结 2026-08-28 TWSE+TPEx（不含兴柜）L2 机械母集,-,human-gate://2026-08-28/H1/issuer:TW:1817,https://openapi.twse.com.tw/v1/opendata/t187ap03_L,2026-08-28,user,2026-08-28,已裁决,l2:TWSE:1817,H1 人闸批准；仅在本行 product_scope 内有效。
h1-include-0198,manual_include,include,issuer,issuer:TW:1903,issuer:TW:1903,-,-,-,士紙,L2,TWSE OpenAPI 上市公司基本資料（完整母集）,冻结 2026-08-28 TWSE+TPEx（不含兴柜）L2 机械母集,-,human-gate://2026-08-28/H1/issuer:TW:1903,https://openapi.twse.com.tw/v1/opendata/t187ap03_L,2026-08-28,user,2026-08-28,已裁决,l2:TWSE:1903,H1 人闸批准；仅在本行 product_scope 内有效。
h1-include-0199,manual_include,include,issuer,issuer:TW:1904,issuer:TW:1904,-,-,-,正隆,L2,TWSE OpenAPI 上市公司基本資料（完整母集）,冻结 2026-08-28 TWSE+TPEx（不含兴柜）L2 机械母集,-,human-gate://2026-08-28/H1/issuer:TW:1904,https://openapi.twse.com.tw/v1/opendata/t187ap03_L,2026-08-28,user,2026-08-28,已裁决,l2:TWSE:1904,H1 人闸批准；仅在本行 product_scope 内有效。
h1-include-0200,manual_include,include,issuer,issuer:TW:1905,issuer:TW:1905,-,-,-,華紙,L2,TWSE OpenAPI 上市公司基本資料（完整母集）,冻结 2026-08-28 TWSE+TPEx（不含兴柜）L2 机械母集,-,human-gate://2026-08-28/H1/issuer:TW:1905,https://openapi.twse.com.tw/v1/opendata/t187ap03_L,2026-08-28,user,2026-08-28,已裁决,l2:TWSE:1905,H1 人闸批准；仅在本行 product_scope 内有效。
h1-include-0201,manual_include,include,issuer,issuer:TW:1906,issuer:TW:1906,-,-,-,寶隆,L2,TWSE OpenAPI 上市公司基本資料（完整母集）,冻结 2026-08-28 TWSE+TPEx（不含兴柜）L2 机械母集,-,human-gate://2026-08-28/H1/issuer:TW:1906,https://openapi.twse.com.tw/v1/opendata/t187ap03_L,2026-08-28,user,2026-08-28,已裁决,l2:TWSE:1906,H1 人闸批准；仅在本行 product_scope 内有效。
h1-include-0202,manual_include,include,issuer,issuer:TW:1907,issuer:TW:1907,-,-,-,永豐餘,L2,TWSE OpenAPI 上市公司基本資料（完整母集）,冻结 2026-08-28 TWSE+TPEx（不含兴柜）L2 机械母集,-,human-gate://2026-08-28/H1/issuer:TW:1907,https://openapi.twse.com.tw/v1/opendata/t187ap03_L,2026-08-28,user,2026-08-28,已裁决,l2:TWSE:1907,H1 人闸批准；仅在本行 product_scope 内有效。
h1-include-0203,manual_include,include,issuer,issuer:TW:1909,issuer:TW:1909,-,-,-,榮成,L2,TWSE OpenAPI 上市公司基本資料（完整母集）,冻结 2026-08-28 TWSE+TPEx（不含兴柜）L2 机械母集,-,human-gate://2026-08-28/H1/issuer:TW:1909,https://openapi.twse.com.tw/v1/opendata/t187ap03_L,2026-08-28,user,2026-08-28,已裁决,l2:TWSE:1909,H1 人闸批准；仅在本行 product_scope 内有效。
h1-include-0204,manual_include,include,issuer,issuer:TW:2002,issuer:TW:2002,-,-,-,中鋼,L2,TWSE OpenAPI 上市公司基本資料（完整母集）,冻结 2026-08-28 TWSE+TPEx（不含兴柜）L2 机械母集,-,human-gate://2026-08-28/H1/issuer:TW:2002,https://openapi.twse.com.tw/v1/opendata/t187ap03_L,2026-08-28,user,2026-08-28,已裁决,l2:TWSE:2002,H1 人闸批准；仅在本行 product_scope 内有效。
h1-include-0205,manual_include,include,issuer,issuer:TW:2006,issuer:TW:2006,-,-,-,東和鋼鐵,L2,TWSE OpenAPI 上市公司基本資料（完整母集）,冻结 2026-08-28 TWSE+TPEx（不含兴柜）L2 机械母集,-,human-gate://2026-08-28/H1/issuer:TW:2006,https://openapi.twse.com.tw/v1/opendata/t187ap03_L,2026-08-28,user,2026-08-28,已裁决,l2:TWSE:2006,H1 人闸批准；仅在本行 product_scope 内有效。
h1-include-0206,manual_include,include,issuer,issuer:TW:2007,issuer:TW:2007,-,-,-,燁興,L2,TWSE OpenAPI 上市公司基本資料（完整母集）,冻结 2026-08-28 TWSE+TPEx（不含兴柜）L2 机械母集,-,human-gate://2026-08-28/H1/issuer:TW:2007,https://openapi.twse.com.tw/v1/opendata/t187ap03_L,2026-08-28,user,2026-08-28,已裁决,l2:TWSE:2007,H1 人闸批准；仅在本行 product_scope 内有效。
h1-include-0207,manual_include,include,issuer,issuer:TW:2008,issuer:TW:2008,-,-,-,高興昌,L2,TWSE OpenAPI 上市公司基本資料（完整母集）,冻结 2026-08-28 TWSE+TPEx（不含兴柜）L2 机械母集,-,human-gate://2026-08-28/H1/issuer:TW:2008,https://openapi.twse.com.tw/v1/opendata/t187ap03_L,2026-08-28,user,2026-08-28,已裁决,l2:TWSE:2008,H1 人闸批准；仅在本行 product_scope 内有效。
h1-include-0208,manual_include,include,issuer,issuer:TW:2009,issuer:TW:2009,-,-,-,第一銅,L2,TWSE OpenAPI 上市公司基本資料（完整母集）,冻结 2026-08-28 TWSE+TPEx（不含兴柜）L2 机械母集,-,human-gate://2026-08-28/H1/issuer:TW:2009,https://openapi.twse.com.tw/v1/opendata/t187ap03_L,2026-08-28,user,2026-08-28,已裁决,l2:TWSE:2009,H1 人闸批准；仅在本行 product_scope 内有效。
h1-include-0209,manual_include,include,issuer,issuer:TW:2010,issuer:TW:2010,-,-,-,春源,L2,TWSE OpenAPI 上市公司基本資料（完整母集）,冻结 2026-08-28 TWSE+TPEx（不含兴柜）L2 机械母集,-,human-gate://2026-08-28/H1/issuer:TW:2010,https://openapi.twse.com.tw/v1/opendata/t187ap03_L,2026-08-28,user,2026-08-28,已裁决,l2:TWSE:2010,H1 人闸批准；仅在本行 product_scope 内有效。
h1-include-0210,manual_include,include,issuer,issuer:TW:2012,issuer:TW:2012,-,-,-,春雨,L2,TWSE OpenAPI 上市公司基本資料（完整母集）,冻结 2026-08-28 TWSE+TPEx（不含兴柜）L2 机械母集,-,human-gate://2026-08-28/H1/issuer:TW:2012,https://openapi.twse.com.tw/v1/opendata/t187ap03_L,2026-08-28,user,2026-08-28,已裁决,l2:TWSE:2012,H1 人闸批准；仅在本行 product_scope 内有效。
h1-include-0211,manual_include,include,issuer,issuer:TW:2013,issuer:TW:2013,-,-,-,中鋼構,L2,TWSE OpenAPI 上市公司基本資料（完整母集）,冻结 2026-08-28 TWSE+TPEx（不含兴柜）L2 机械母集,-,human-gate://2026-08-28/H1/issuer:TW:2013,https://openapi.twse.com.tw/v1/opendata/t187ap03_L,2026-08-28,user,2026-08-28,已裁决,l2:TWSE:2013,H1 人闸批准；仅在本行 product_scope 内有效。
h1-include-0212,manual_include,include,issuer,issuer:TW:2014,issuer:TW:2014,-,-,-,中鴻,L2,TWSE OpenAPI 上市公司基本資料（完整母集）,冻结 2026-08-28 TWSE+TPEx（不含兴柜）L2 机械母集,-,human-gate://2026-08-28/H1/issuer:TW:2014,https://openapi.twse.com.tw/v1/opendata/t187ap03_L,2026-08-28,user,2026-08-28,已裁决,l2:TWSE:2014,H1 人闸批准；仅在本行 product_scope 内有效。
h1-include-0213,manual_include,include,issuer,issuer:TW:2015,issuer:TW:2015,-,-,-,豐興,L2,TWSE OpenAPI 上市公司基本資料（完整母集）,冻结 2026-08-28 TWSE+TPEx（不含兴柜）L2 机械母集,-,human-gate://2026-08-28/H1/issuer:TW:2015,https://openapi.twse.com.tw/v1/opendata/t187ap03_L,2026-08-28,user,2026-08-28,已裁决,l2:TWSE:2015,H1 人闸批准；仅在本行 product_scope 内有效。
h1-include-0214,manual_include,include,issuer,issuer:TW:2017,issuer:TW:2017,-,-,-,官田鋼,L2,TWSE OpenAPI 上市公司基本資料（完整母集）,冻结 2026-08-28 TWSE+TPEx（不含兴柜）L2 机械母集,-,human-gate://2026-08-28/H1/issuer:TW:2017,https://openapi.twse.com.tw/v1/opendata/t187ap03_L,2026-08-28,user,2026-08-28,已裁决,l2:TWSE:2017,H1 人闸批准；仅在本行 product_scope 内有效。
h1-include-0215,manual_include,include,issuer,issuer:TW:2020,issuer:TW:2020,-,-,-,美亞,L2,TWSE OpenAPI 上市公司基本資料（完整母集）,冻结 2026-08-28 TWSE+TPEx（不含兴柜）L2 机械母集,-,human-gate://2026-08-28/H1/issuer:TW:2020,https://openapi.twse.com.tw/v1/opendata/t187ap03_L,2026-08-28,user,2026-08-28,已裁决,l2:TWSE:2020,H1 人闸批准；仅在本行 product_scope 内有效。
h1-include-0216,manual_include,include,issuer,issuer:TW:2022,issuer:TW:2022,-,-,-,聚亨,L2,TWSE OpenAPI 上市公司基本資料（完整母集）,冻结 2026-08-28 TWSE+TPEx（不含兴柜）L2 机械母集,-,human-gate://2026-08-28/H1/issuer:TW:2022,https://openapi.twse.com.tw/v1/opendata/t187ap03_L,2026-08-28,user,2026-08-28,已裁决,l2:TWSE:2022,H1 人闸批准；仅在本行 product_scope 内有效。
h1-include-0217,manual_include,include,issuer,issuer:TW:2023,issuer:TW:2023,-,-,-,燁輝,L2,TWSE OpenAPI 上市公司基本資料（完整母集）,冻结 2026-08-28 TWSE+TPEx（不含兴柜）L2 机械母集,-,human-gate://2026-08-28/H1/issuer:TW:2023,https://openapi.twse.com.tw/v1/opendata/t187ap03_L,2026-08-28,user,2026-08-28,已裁决,l2:TWSE:2023,H1 人闸批准；仅在本行 product_scope 内有效。
h1-include-0218,manual_include,include,issuer,issuer:TW:2024,issuer:TW:2024,-,-,-,志聯,L2,TWSE OpenAPI 上市公司基本資料（完整母集）,冻结 2026-08-28 TWSE+TPEx（不含兴柜）L2 机械母集,-,human-gate://2026-08-28/H1/issuer:TW:2024,https://openapi.twse.com.tw/v1/opendata/t187ap03_L,2026-08-28,user,2026-08-28,已裁决,l2:TWSE:2024,H1 人闸批准；仅在本行 product_scope 内有效。
h1-include-0219,manual_include,include,issuer,issuer:TW:2025,issuer:TW:2025,-,-,-,千興,L2,TWSE OpenAPI 上市公司基本資料（完整母集）,冻结 2026-08-28 TWSE+TPEx（不含兴柜）L2 机械母集,-,human-gate://2026-08-28/H1/issuer:TW:2025,https://openapi.twse.com.tw/v1/opendata/t187ap03_L,2026-08-28,user,2026-08-28,已裁决,l2:TWSE:2025,H1 人闸批准；仅在本行 product_scope 内有效。
h1-include-0220,manual_include,include,issuer,issuer:TW:2027,issuer:TW:2027,-,-,-,大成鋼,L2,TWSE OpenAPI 上市公司基本資料（完整母集）,冻结 2026-08-28 TWSE+TPEx（不含兴柜）L2 机械母集,-,human-gate://2026-08-28/H1/issuer:TW:2027,https://openapi.twse.com.tw/v1/opendata/t187ap03_L,2026-08-28,user,2026-08-28,已裁决,l2:TWSE:2027,H1 人闸批准；仅在本行 product_scope 内有效。
h1-include-0221,manual_include,include,issuer,issuer:TW:2028,issuer:TW:2028,-,-,-,威致,L2,TWSE OpenAPI 上市公司基本資料（完整母集）,冻结 2026-08-28 TWSE+TPEx（不含兴柜）L2 机械母集,-,human-gate://2026-08-28/H1/issuer:TW:2028,https://openapi.twse.com.tw/v1/opendata/t187ap03_L,2026-08-28,user,2026-08-28,已裁决,l2:TWSE:2028,H1 人闸批准；仅在本行 product_scope 内有效。
h1-include-0222,manual_include,include,issuer,issuer:TW:2029,issuer:TW:2029,-,-,-,盛餘,L2,TWSE OpenAPI 上市公司基本資料（完整母集）,冻结 2026-08-28 TWSE+TPEx（不含兴柜）L2 机械母集,-,human-gate://2026-08-28/H1/issuer:TW:2029,https://openapi.twse.com.tw/v1/opendata/t187ap03_L,2026-08-28,user,2026-08-28,已裁决,l2:TWSE:2029,H1 人闸批准；仅在本行 product_scope 内有效。
h1-include-0223,manual_include,include,issuer,issuer:TW:2030,issuer:TW:2030,-,-,-,彰源,L2,TWSE OpenAPI 上市公司基本資料（完整母集）,冻结 2026-08-28 TWSE+TPEx（不含兴柜）L2 机械母集,-,human-gate://2026-08-28/H1/issuer:TW:2030,https://openapi.twse.com.tw/v1/opendata/t187ap03_L,2026-08-28,user,2026-08-28,已裁决,l2:TWSE:2030,H1 人闸批准；仅在本行 product_scope 内有效。
h1-include-0224,manual_include,include,issuer,issuer:TW:2031,issuer:TW:2031,-,-,-,新光鋼,L2,TWSE OpenAPI 上市公司基本資料（完整母集）,冻结 2026-08-28 TWSE+TPEx（不含兴柜）L2 机械母集,-,human-gate://2026-08-28/H1/issuer:TW:2031,https://openapi.twse.com.tw/v1/opendata/t187ap03_L,2026-08-28,user,2026-08-28,已裁决,l2:TWSE:2031,H1 人闸批准；仅在本行 product_scope 内有效。
h1-include-0225,manual_include,include,issuer,issuer:TW:2032,issuer:TW:2032,-,-,-,新鋼,L2,TWSE OpenAPI 上市公司基本資料（完整母集）,冻结 2026-08-28 TWSE+TPEx（不含兴柜）L2 机械母集,-,human-gate://2026-08-28/H1/issuer:TW:2032,https://openapi.twse.com.tw/v1/opendata/t187ap03_L,2026-08-28,user,2026-08-28,已裁决,l2:TWSE:2032,H1 人闸批准；仅在本行 product_scope 内有效。
h1-include-0226,manual_include,include,issuer,issuer:TW:2033,issuer:TW:2033,-,-,-,佳大,L2,TWSE OpenAPI 上市公司基本資料（完整母集）,冻结 2026-08-28 TWSE+TPEx（不含兴柜）L2 机械母集,-,human-gate://2026-08-28/H1/issuer:TW:2033,https://openapi.twse.com.tw/v1/opendata/t187ap03_L,2026-08-28,user,2026-08-28,已裁决,l2:TWSE:2033,H1 人闸批准；仅在本行 product_scope 内有效。
h1-include-0227,manual_include,include,issuer,issuer:TW:2034,issuer:TW:2034,-,-,-,允強,L2,TWSE OpenAPI 上市公司基本資料（完整母集）,冻结 2026-08-28 TWSE+TPEx（不含兴柜）L2 机械母集,-,human-gate://2026-08-28/H1/issuer:TW:2034,https://openapi.twse.com.tw/v1/opendata/t187ap03_L,2026-08-28,user,2026-08-28,已裁决,l2:TWSE:2034,H1 人闸批准；仅在本行 product_scope 内有效。
h1-include-0228,manual_include,include,issuer,issuer:TW:2038,issuer:TW:2038,-,-,-,海光,L2,TWSE OpenAPI 上市公司基本資料（完整母集）,冻结 2026-08-28 TWSE+TPEx（不含兴柜）L2 机械母集,-,human-gate://2026-08-28/H1/issuer:TW:2038,https://openapi.twse.com.tw/v1/opendata/t187ap03_L,2026-08-28,user,2026-08-28,已裁决,l2:TWSE:2038,H1 人闸批准；仅在本行 product_scope 内有效。
h1-include-0229,manual_include,include,issuer,issuer:TW:2049,issuer:TW:2049,-,-,-,上銀,L2,TWSE OpenAPI 上市公司基本資料（完整母集）,冻结 2026-08-28 TWSE+TPEx（不含兴柜）L2 机械母集,-,human-gate://2026-08-28/H1/issuer:TW:2049,https://openapi.twse.com.tw/v1/opendata/t187ap03_L,2026-08-28,user,2026-08-28,已裁决,l2:TWSE:2049,H1 人闸批准；仅在本行 product_scope 内有效。
h1-include-0230,manual_include,include,issuer,issuer:TW:2059,issuer:TW:2059,-,-,-,川湖,L2,TWSE OpenAPI 上市公司基本資料（完整母集）,冻结 2026-08-28 TWSE+TPEx（不含兴柜）L2 机械母集,-,human-gate://2026-08-28/H1/issuer:TW:2059,https://openapi.twse.com.tw/v1/opendata/t187ap03_L,2026-08-28,user,2026-08-28,已裁决,l2:TWSE:2059,H1 人闸批准；仅在本行 product_scope 内有效。
h1-include-0231,manual_include,include,issuer,issuer:TW:2062,issuer:TW:2062,-,-,-,橋椿,L2,TWSE OpenAPI 上市公司基本資料（完整母集）,冻结 2026-08-28 TWSE+TPEx（不含兴柜）L2 机械母集,-,human-gate://2026-08-28/H1/issuer:TW:2062,https://openapi.twse.com.tw/v1/opendata/t187ap03_L,2026-08-28,user,2026-08-28,已裁决,l2:TWSE:2062,H1 人闸批准；仅在本行 product_scope 内有效。
h1-include-0232,manual_include,include,issuer,issuer:TW:2069,issuer:TW:2069,-,-,-,運錩,L2,TWSE OpenAPI 上市公司基本資料（完整母集）,冻结 2026-08-28 TWSE+TPEx（不含兴柜）L2 机械母集,-,human-gate://2026-08-28/H1/issuer:TW:2069,https://openapi.twse.com.tw/v1/opendata/t187ap03_L,2026-08-28,user,2026-08-28,已裁决,l2:TWSE:2069,H1 人闸批准；仅在本行 product_scope 内有效。
h1-include-0233,manual_include,include,issuer,issuer:TW:2072,issuer:TW:2072,-,-,-,世紀風電,L2,TWSE OpenAPI 上市公司基本資料（完整母集）,冻结 2026-08-28 TWSE+TPEx（不含兴柜）L2 机械母集,-,human-gate://2026-08-28/H1/issuer:TW:2072,https://openapi.twse.com.tw/v1/opendata/t187ap03_L,2026-08-28,user,2026-08-28,已裁决,l2:TWSE:2072,H1 人闸批准；仅在本行 product_scope 内有效。
h1-include-0234,manual_include,include,issuer,issuer:TW:2101,issuer:TW:2101,-,-,-,南港,L2,TWSE OpenAPI 上市公司基本資料（完整母集）,冻结 2026-08-28 TWSE+TPEx（不含兴柜）L2 机械母集,-,human-gate://2026-08-28/H1/issuer:TW:2101,https://openapi.twse.com.tw/v1/opendata/t187ap03_L,2026-08-28,user,2026-08-28,已裁决,l2:TWSE:2101,H1 人闸批准；仅在本行 product_scope 内有效。
h1-include-0235,manual_include,include,issuer,issuer:TW:2102,issuer:TW:2102,-,-,-,泰豐,L2,TWSE OpenAPI 上市公司基本資料（完整母集）,冻结 2026-08-28 TWSE+TPEx（不含兴柜）L2 机械母集,-,human-gate://2026-08-28/H1/issuer:TW:2102,https://openapi.twse.com.tw/v1/opendata/t187ap03_L,2026-08-28,user,2026-08-28,已裁决,l2:TWSE:2102,H1 人闸批准；仅在本行 product_scope 内有效。
h1-include-0236,manual_include,include,issuer,issuer:TW:2103,issuer:TW:2103,-,-,-,台橡,L2,TWSE OpenAPI 上市公司基本資料（完整母集）,冻结 2026-08-28 TWSE+TPEx（不含兴柜）L2 机械母集,-,human-gate://2026-08-28/H1/issuer:TW:2103,https://openapi.twse.com.tw/v1/opendata/t187ap03_L,2026-08-28,user,2026-08-28,已裁决,l2:TWSE:2103,H1 人闸批准；仅在本行 product_scope 内有效。
h1-include-0237,manual_include,include,issuer,issuer:TW:2104,issuer:TW:2104,-,-,-,國際中橡,L2,TWSE OpenAPI 上市公司基本資料（完整母集）,冻结 2026-08-28 TWSE+TPEx（不含兴柜）L2 机械母集,-,human-gate://2026-08-28/H1/issuer:TW:2104,https://openapi.twse.com.tw/v1/opendata/t187ap03_L,2026-08-28,user,2026-08-28,已裁决,l2:TWSE:2104,H1 人闸批准；仅在本行 product_scope 内有效。
h1-include-0238,manual_include,include,issuer,issuer:TW:2105,issuer:TW:2105,-,-,-,正新,L2,TWSE OpenAPI 上市公司基本資料（完整母集）,冻结 2026-08-28 TWSE+TPEx（不含兴柜）L2 机械母集,-,human-gate://2026-08-28/H1/issuer:TW:2105,https://openapi.twse.com.tw/v1/opendata/t187ap03_L,2026-08-28,user,2026-08-28,已裁决,l2:TWSE:2105,H1 人闸批准；仅在本行 product_scope 内有效。
h1-include-0239,manual_include,include,issuer,issuer:TW:2106,issuer:TW:2106,-,-,-,建大,L2,TWSE OpenAPI 上市公司基本資料（完整母集）,冻结 2026-08-28 TWSE+TPEx（不含兴柜）L2 机械母集,-,human-gate://2026-08-28/H1/issuer:TW:2106,https://openapi.twse.com.tw/v1/opendata/t187ap03_L,2026-08-28,user,2026-08-28,已裁决,l2:TWSE:2106,H1 人闸批准；仅在本行 product_scope 内有效。
h1-include-0240,manual_include,include,issuer,issuer:TW:2107,issuer:TW:2107,-,-,-,厚生,L2,TWSE OpenAPI 上市公司基本資料（完整母集）,冻结 2026-08-28 TWSE+TPEx（不含兴柜）L2 机械母集,-,human-gate://2026-08-28/H1/issuer:TW:2107,https://openapi.twse.com.tw/v1/opendata/t187ap03_L,2026-08-28,user,2026-08-28,已裁决,l2:TWSE:2107,H1 人闸批准；仅在本行 product_scope 内有效。
h1-include-0241,manual_include,include,issuer,issuer:TW:2108,issuer:TW:2108,-,-,-,南帝,L2,TWSE OpenAPI 上市公司基本資料（完整母集）,冻结 2026-08-28 TWSE+TPEx（不含兴柜）L2 机械母集,-,human-gate://2026-08-28/H1/issuer:TW:2108,https://openapi.twse.com.tw/v1/opendata/t187ap03_L,2026-08-28,user,2026-08-28,已裁决,l2:TWSE:2108,H1 人闸批准；仅在本行 product_scope 内有效。
h1-include-0242,manual_include,include,issuer,issuer:TW:2109,issuer:TW:2109,-,-,-,華豐,L2,TWSE OpenAPI 上市公司基本資料（完整母集）,冻结 2026-08-28 TWSE+TPEx（不含兴柜）L2 机械母集,-,human-gate://2026-08-28/H1/issuer:TW:2109,https://openapi.twse.com.tw/v1/opendata/t187ap03_L,2026-08-28,user,2026-08-28,已裁决,l2:TWSE:2109,H1 人闸批准；仅在本行 product_scope 内有效。
h1-include-0243,manual_include,include,issuer,issuer:TW:2114,issuer:TW:2114,-,-,-,鑫永銓,L2,TWSE OpenAPI 上市公司基本資料（完整母集）,冻结 2026-08-28 TWSE+TPEx（不含兴柜）L2 机械母集,-,human-gate://2026-08-28/H1/issuer:TW:2114,https://openapi.twse.com.tw/v1/opendata/t187ap03_L,2026-08-28,user,2026-08-28,已裁决,l2:TWSE:2114,H1 人闸批准；仅在本行 product_scope 内有效。
h1-include-0244,manual_include,include,issuer,issuer:TW:2115,issuer:TW:2115,-,-,-,六暉-KY,L2,TWSE OpenAPI 上市公司基本資料（完整母集）,冻结 2026-08-28 TWSE+TPEx（不含兴柜）L2 机械母集,-,human-gate://2026-08-28/H1/issuer:TW:2115,https://openapi.twse.com.tw/v1/opendata/t187ap03_L,2026-08-28,user,2026-08-28,已裁决,l2:TWSE:2115,H1 人闸批准；仅在本行 product_scope 内有效。
h1-include-0245,manual_include,include,issuer,issuer:TW:2201,issuer:TW:2201,-,-,-,裕隆,L2,TWSE OpenAPI 上市公司基本資料（完整母集）,冻结 2026-08-28 TWSE+TPEx（不含兴柜）L2 机械母集,-,human-gate://2026-08-28/H1/issuer:TW:2201,https://openapi.twse.com.tw/v1/opendata/t187ap03_L,2026-08-28,user,2026-08-28,已裁决,l2:TWSE:2201,H1 人闸批准；仅在本行 product_scope 内有效。
h1-include-0246,manual_include,include,issuer,issuer:TW:2204,issuer:TW:2204,-,-,-,中華,L2,TWSE OpenAPI 上市公司基本資料（完整母集）,冻结 2026-08-28 TWSE+TPEx（不含兴柜）L2 机械母集,-,human-gate://2026-08-28/H1/issuer:TW:2204,https://openapi.twse.com.tw/v1/opendata/t187ap03_L,2026-08-28,user,2026-08-28,已裁决,l2:TWSE:2204,H1 人闸批准；仅在本行 product_scope 内有效。
h1-include-0247,manual_include,include,issuer,issuer:TW:2206,issuer:TW:2206,-,-,-,三陽工業,L2,TWSE OpenAPI 上市公司基本資料（完整母集）,冻结 2026-08-28 TWSE+TPEx（不含兴柜）L2 机械母集,-,human-gate://2026-08-28/H1/issuer:TW:2206,https://openapi.twse.com.tw/v1/opendata/t187ap03_L,2026-08-28,user,2026-08-28,已裁决,l2:TWSE:2206,H1 人闸批准；仅在本行 product_scope 内有效。
h1-include-0248,manual_include,include,issuer,issuer:TW:2207,issuer:TW:2207,-,-,-,和泰車,L2,TWSE OpenAPI 上市公司基本資料（完整母集）,冻结 2026-08-28 TWSE+TPEx（不含兴柜）L2 机械母集,-,human-gate://2026-08-28/H1/issuer:TW:2207,https://openapi.twse.com.tw/v1/opendata/t187ap03_L,2026-08-28,user,2026-08-28,已裁决,l2:TWSE:2207,H1 人闸批准；仅在本行 product_scope 内有效。
h1-include-0249,manual_include,include,issuer,issuer:TW:2208,issuer:TW:2208,-,-,-,台船,L2,TWSE OpenAPI 上市公司基本資料（完整母集）,冻结 2026-08-28 TWSE+TPEx（不含兴柜）L2 机械母集,-,human-gate://2026-08-28/H1/issuer:TW:2208,https://openapi.twse.com.tw/v1/opendata/t187ap03_L,2026-08-28,user,2026-08-28,已裁决,l2:TWSE:2208,H1 人闸批准；仅在本行 product_scope 内有效。
h1-include-0250,manual_include,include,issuer,issuer:TW:2211,issuer:TW:2211,-,-,-,長榮鋼,L2,TWSE OpenAPI 上市公司基本資料（完整母集）,冻结 2026-08-28 TWSE+TPEx（不含兴柜）L2 机械母集,-,human-gate://2026-08-28/H1/issuer:TW:2211,https://openapi.twse.com.tw/v1/opendata/t187ap03_L,2026-08-28,user,2026-08-28,已裁决,l2:TWSE:2211,H1 人闸批准；仅在本行 product_scope 内有效。
h1-include-0251,manual_include,include,issuer,issuer:TW:2227,issuer:TW:2227,-,-,-,裕日車,L2,TWSE OpenAPI 上市公司基本資料（完整母集）,冻结 2026-08-28 TWSE+TPEx（不含兴柜）L2 机械母集,-,human-gate://2026-08-28/H1/issuer:TW:2227,https://openapi.twse.com.tw/v1/opendata/t187ap03_L,2026-08-28,user,2026-08-28,已裁决,l2:TWSE:2227,H1 人闸批准；仅在本行 product_scope 内有效。
h1-include-0252,manual_include,include,issuer,issuer:TW:2228,issuer:TW:2228,-,-,-,劍麟,L2,TWSE OpenAPI 上市公司基本資料（完整母集）,冻结 2026-08-28 TWSE+TPEx（不含兴柜）L2 机械母集,-,human-gate://2026-08-28/H1/issuer:TW:2228,https://openapi.twse.com.tw/v1/opendata/t187ap03_L,2026-08-28,user,2026-08-28,已裁决,l2:TWSE:2228,H1 人闸批准；仅在本行 product_scope 内有效。
h1-include-0253,manual_include,include,issuer,issuer:TW:2231,issuer:TW:2231,-,-,-,為升,L2,TWSE OpenAPI 上市公司基本資料（完整母集）,冻结 2026-08-28 TWSE+TPEx（不含兴柜）L2 机械母集,-,human-gate://2026-08-28/H1/issuer:TW:2231,https://openapi.twse.com.tw/v1/opendata/t187ap03_L,2026-08-28,user,2026-08-28,已裁决,l2:TWSE:2231,H1 人闸批准；仅在本行 product_scope 内有效。
h1-include-0254,manual_include,include,issuer,issuer:TW:2233,issuer:TW:2233,-,-,-,宇隆,L2,TWSE OpenAPI 上市公司基本資料（完整母集）,冻结 2026-08-28 TWSE+TPEx（不含兴柜）L2 机械母集,-,human-gate://2026-08-28/H1/issuer:TW:2233,https://openapi.twse.com.tw/v1/opendata/t187ap03_L,2026-08-28,user,2026-08-28,已裁决,l2:TWSE:2233,H1 人闸批准；仅在本行 product_scope 内有效。
h1-include-0255,manual_include,include,issuer,issuer:TW:2236,issuer:TW:2236,-,-,-,百達-KY,L2,TWSE OpenAPI 上市公司基本資料（完整母集）,冻结 2026-08-28 TWSE+TPEx（不含兴柜）L2 机械母集,-,human-gate://2026-08-28/H1/issuer:TW:2236,https://openapi.twse.com.tw/v1/opendata/t187ap03_L,2026-08-28,user,2026-08-28,已裁决,l2:TWSE:2236,H1 人闸批准；仅在本行 product_scope 内有效。
h1-include-0256,manual_include,include,issuer,issuer:TW:2237,issuer:TW:2237,-,-,-,華德動能-創,L2,TWSE OpenAPI 上市公司基本資料（完整母集）,冻结 2026-08-28 TWSE+TPEx（不含兴柜）L2 机械母集,-,human-gate://2026-08-28/H1/issuer:TW:2237,https://openapi.twse.com.tw/v1/opendata/t187ap03_L,2026-08-28,user,2026-08-28,已裁决,l2:TWSE:2237,H1 人闸批准；仅在本行 product_scope 内有效。
h1-include-0257,manual_include,include,issuer,issuer:TW:2239,issuer:TW:2239,-,-,-,英利-KY,L2,TWSE OpenAPI 上市公司基本資料（完整母集）,冻结 2026-08-28 TWSE+TPEx（不含兴柜）L2 机械母集,-,human-gate://2026-08-28/H1/issuer:TW:2239,https://openapi.twse.com.tw/v1/opendata/t187ap03_L,2026-08-28,user,2026-08-28,已裁决,l2:TWSE:2239,H1 人闸批准；仅在本行 product_scope 内有效。
h1-include-0258,manual_include,include,issuer,issuer:TW:2241,issuer:TW:2241,-,-,-,艾姆勒,L2,TWSE OpenAPI 上市公司基本資料（完整母集）,冻结 2026-08-28 TWSE+TPEx（不含兴柜）L2 机械母集,-,human-gate://2026-08-28/H1/issuer:TW:2241,https://openapi.twse.com.tw/v1/opendata/t187ap03_L,2026-08-28,user,2026-08-28,已裁决,l2:TWSE:2241,H1 人闸批准；仅在本行 product_scope 内有效。
h1-include-0259,manual_include,include,issuer,issuer:TW:2243,issuer:TW:2243,-,-,-,宏旭-KY,L2,TWSE OpenAPI 上市公司基本資料（完整母集）,冻结 2026-08-28 TWSE+TPEx（不含兴柜）L2 机械母集,-,human-gate://2026-08-28/H1/issuer:TW:2243,https://openapi.twse.com.tw/v1/opendata/t187ap03_L,2026-08-28,user,2026-08-28,已裁决,l2:TWSE:2243,H1 人闸批准；仅在本行 product_scope 内有效。
h1-include-0260,manual_include,include,issuer,issuer:TW:2247,issuer:TW:2247,-,-,-,汎德永業,L2,TWSE OpenAPI 上市公司基本資料（完整母集）,冻结 2026-08-28 TWSE+TPEx（不含兴柜）L2 机械母集,-,human-gate://2026-08-28/H1/issuer:TW:2247,https://openapi.twse.com.tw/v1/opendata/t187ap03_L,2026-08-28,user,2026-08-28,已裁决,l2:TWSE:2247,H1 人闸批准；仅在本行 product_scope 内有效。
h1-include-0261,manual_include,include,issuer,issuer:TW:2248,issuer:TW:2248,-,-,-,華勝-KY,L2,TWSE OpenAPI 上市公司基本資料（完整母集）,冻结 2026-08-28 TWSE+TPEx（不含兴柜）L2 机械母集,-,human-gate://2026-08-28/H1/issuer:TW:2248,https://openapi.twse.com.tw/v1/opendata/t187ap03_L,2026-08-28,user,2026-08-28,已裁决,l2:TWSE:2248,H1 人闸批准；仅在本行 product_scope 内有效。
h1-include-0262,manual_include,include,issuer,issuer:TW:2250,issuer:TW:2250,-,-,-,IKKA-KY,L2,TWSE OpenAPI 上市公司基本資料（完整母集）,冻结 2026-08-28 TWSE+TPEx（不含兴柜）L2 机械母集,-,human-gate://2026-08-28/H1/issuer:TW:2250,https://openapi.twse.com.tw/v1/opendata/t187ap03_L,2026-08-28,user,2026-08-28,已裁决,l2:TWSE:2250,H1 人闸批准；仅在本行 product_scope 内有效。
h1-include-0263,manual_include,include,issuer,issuer:TW:2254,issuer:TW:2254,-,-,-,巨鎧精密-創,L2,TWSE OpenAPI 上市公司基本資料（完整母集）,冻结 2026-08-28 TWSE+TPEx（不含兴柜）L2 机械母集,-,human-gate://2026-08-28/H1/issuer:TW:2254,https://openapi.twse.com.tw/v1/opendata/t187ap03_L,2026-08-28,user,2026-08-28,已裁决,l2:TWSE:2254,H1 人闸批准；仅在本行 product_scope 内有效。
h1-include-0264,manual_include,include,issuer,issuer:TW:2258,issuer:TW:2258,-,-,-,鴻華先進-創,L2,TWSE OpenAPI 上市公司基本資料（完整母集）,冻结 2026-08-28 TWSE+TPEx（不含兴柜）L2 机械母集,-,human-gate://2026-08-28/H1/issuer:TW:2258,https://openapi.twse.com.tw/v1/opendata/t187ap03_L,2026-08-28,user,2026-08-28,已裁决,l2:TWSE:2258,H1 人闸批准；仅在本行 product_scope 内有效。
h1-include-0265,manual_include,include,issuer,issuer:TW:2301,issuer:TW:2301,-,-,-,光寶科,L2,TWSE OpenAPI 上市公司基本資料（完整母集）,冻结 2026-08-28 TWSE+TPEx（不含兴柜）L2 机械母集,-,human-gate://2026-08-28/H1/issuer:TW:2301,https://openapi.twse.com.tw/v1/opendata/t187ap03_L,2026-08-28,user,2026-08-28,已裁决,l2:TWSE:2301,H1 人闸批准；仅在本行 product_scope 内有效。
h1-include-0266,manual_include,include,issuer,issuer:TW:2302,issuer:TW:2302,-,-,-,麗正,L2,TWSE OpenAPI 上市公司基本資料（完整母集）,冻结 2026-08-28 TWSE+TPEx（不含兴柜）L2 机械母集,-,human-gate://2026-08-28/H1/issuer:TW:2302,https://openapi.twse.com.tw/v1/opendata/t187ap03_L,2026-08-28,user,2026-08-28,已裁决,l2:TWSE:2302,H1 人闸批准；仅在本行 product_scope 内有效。
h1-include-0267,manual_include,include,issuer,issuer:TW:2303,issuer:TW:2303,-,-,-,聯電,L2,TWSE OpenAPI 上市公司基本資料（完整母集）,冻结 2026-08-28 TWSE+TPEx（不含兴柜）L2 机械母集,-,human-gate://2026-08-28/H1/issuer:TW:2303,https://openapi.twse.com.tw/v1/opendata/t187ap03_L,2026-08-28,user,2026-08-28,已裁决,l2:TWSE:2303,H1 人闸批准；仅在本行 product_scope 内有效。
h1-include-0268,manual_include,include,issuer,issuer:TW:2305,issuer:TW:2305,-,-,-,全友,L2,TWSE OpenAPI 上市公司基本資料（完整母集）,冻结 2026-08-28 TWSE+TPEx（不含兴柜）L2 机械母集,-,human-gate://2026-08-28/H1/issuer:TW:2305,https://openapi.twse.com.tw/v1/opendata/t187ap03_L,2026-08-28,user,2026-08-28,已裁决,l2:TWSE:2305,H1 人闸批准；仅在本行 product_scope 内有效。
h1-include-0269,manual_include,include,issuer,issuer:TW:2308,issuer:TW:2308,-,-,-,台達電,L2,TWSE OpenAPI 上市公司基本資料（完整母集）,冻结 2026-08-28 TWSE+TPEx（不含兴柜）L2 机械母集,-,human-gate://2026-08-28/H1/issuer:TW:2308,https://openapi.twse.com.tw/v1/opendata/t187ap03_L,2026-08-28,user,2026-08-28,已裁决,l2:TWSE:2308,H1 人闸批准；仅在本行 product_scope 内有效。
h1-include-0270,manual_include,include,issuer,issuer:TW:2312,issuer:TW:2312,-,-,-,金寶,L2,TWSE OpenAPI 上市公司基本資料（完整母集）,冻结 2026-08-28 TWSE+TPEx（不含兴柜）L2 机械母集,-,human-gate://2026-08-28/H1/issuer:TW:2312,https://openapi.twse.com.tw/v1/opendata/t187ap03_L,2026-08-28,user,2026-08-28,已裁决,l2:TWSE:2312,H1 人闸批准；仅在本行 product_scope 内有效。
h1-include-0271,manual_include,include,issuer,issuer:TW:2313,issuer:TW:2313,-,-,-,華通,L2,TWSE OpenAPI 上市公司基本資料（完整母集）,冻结 2026-08-28 TWSE+TPEx（不含兴柜）L2 机械母集,-,human-gate://2026-08-28/H1/issuer:TW:2313,https://openapi.twse.com.tw/v1/opendata/t187ap03_L,2026-08-28,user,2026-08-28,已裁决,l2:TWSE:2313,H1 人闸批准；仅在本行 product_scope 内有效。
h1-include-0272,manual_include,include,issuer,issuer:TW:2314,issuer:TW:2314,-,-,-,台揚,L2,TWSE OpenAPI 上市公司基本資料（完整母集）,冻结 2026-08-28 TWSE+TPEx（不含兴柜）L2 机械母集,-,human-gate://2026-08-28/H1/issuer:TW:2314,https://openapi.twse.com.tw/v1/opendata/t187ap03_L,2026-08-28,user,2026-08-28,已裁决,l2:TWSE:2314,H1 人闸批准；仅在本行 product_scope 内有效。
h1-include-0273,manual_include,include,issuer,issuer:TW:2316,issuer:TW:2316,-,-,-,楠梓電,L2,TWSE OpenAPI 上市公司基本資料（完整母集）,冻结 2026-08-28 TWSE+TPEx（不含兴柜）L2 机械母集,-,human-gate://2026-08-28/H1/issuer:TW:2316,https://openapi.twse.com.tw/v1/opendata/t187ap03_L,2026-08-28,user,2026-08-28,已裁决,l2:TWSE:2316,H1 人闸批准；仅在本行 product_scope 内有效。
h1-include-0274,manual_include,include,issuer,issuer:TW:2317,issuer:TW:2317,-,-,-,鴻海,L2,TWSE OpenAPI 上市公司基本資料（完整母集）,冻结 2026-08-28 TWSE+TPEx（不含兴柜）L2 机械母集,-,human-gate://2026-08-28/H1/issuer:TW:2317,https://openapi.twse.com.tw/v1/opendata/t187ap03_L,2026-08-28,user,2026-08-28,已裁决,l2:TWSE:2317,H1 人闸批准；仅在本行 product_scope 内有效。
h1-include-0275,manual_include,include,issuer,issuer:TW:2321,issuer:TW:2321,-,-,-,東訊,L2,TWSE OpenAPI 上市公司基本資料（完整母集）,冻结 2026-08-28 TWSE+TPEx（不含兴柜）L2 机械母集,-,human-gate://2026-08-28/H1/issuer:TW:2321,https://openapi.twse.com.tw/v1/opendata/t187ap03_L,2026-08-28,user,2026-08-28,已裁决,l2:TWSE:2321,H1 人闸批准；仅在本行 product_scope 内有效。
h1-include-0276,manual_include,include,issuer,issuer:TW:2323,issuer:TW:2323,-,-,-,中環,L2,TWSE OpenAPI 上市公司基本資料（完整母集）,冻结 2026-08-28 TWSE+TPEx（不含兴柜）L2 机械母集,-,human-gate://2026-08-28/H1/issuer:TW:2323,https://openapi.twse.com.tw/v1/opendata/t187ap03_L,2026-08-28,user,2026-08-28,已裁决,l2:TWSE:2323,H1 人闸批准；仅在本行 product_scope 内有效。
h1-include-0277,manual_include,include,issuer,issuer:TW:2324,issuer:TW:2324,-,-,-,仁寶,L2,TWSE OpenAPI 上市公司基本資料（完整母集）,冻结 2026-08-28 TWSE+TPEx（不含兴柜）L2 机械母集,-,human-gate://2026-08-28/H1/issuer:TW:2324,https://openapi.twse.com.tw/v1/opendata/t187ap03_L,2026-08-28,user,2026-08-28,已裁决,l2:TWSE:2324,H1 人闸批准；仅在本行 product_scope 内有效。
h1-include-0278,manual_include,include,issuer,issuer:TW:2327,issuer:TW:2327,-,-,-,國巨*,L2,TWSE OpenAPI 上市公司基本資料（完整母集）,冻结 2026-08-28 TWSE+TPEx（不含兴柜）L2 机械母集,-,human-gate://2026-08-28/H1/issuer:TW:2327,https://openapi.twse.com.tw/v1/opendata/t187ap03_L,2026-08-28,user,2026-08-28,已裁决,l2:TWSE:2327,H1 人闸批准；仅在本行 product_scope 内有效。
h1-include-0279,manual_include,include,issuer,issuer:TW:2328,issuer:TW:2328,-,-,-,廣宇,L2,TWSE OpenAPI 上市公司基本資料（完整母集）,冻结 2026-08-28 TWSE+TPEx（不含兴柜）L2 机械母集,-,human-gate://2026-08-28/H1/issuer:TW:2328,https://openapi.twse.com.tw/v1/opendata/t187ap03_L,2026-08-28,user,2026-08-28,已裁决,l2:TWSE:2328,H1 人闸批准；仅在本行 product_scope 内有效。
h1-include-0280,manual_include,include,issuer,issuer:TW:2329,issuer:TW:2329,-,-,-,華泰,L2,TWSE OpenAPI 上市公司基本資料（完整母集）,冻结 2026-08-28 TWSE+TPEx（不含兴柜）L2 机械母集,-,human-gate://2026-08-28/H1/issuer:TW:2329,https://openapi.twse.com.tw/v1/opendata/t187ap03_L,2026-08-28,user,2026-08-28,已裁决,l2:TWSE:2329,H1 人闸批准；仅在本行 product_scope 内有效。
h1-include-0281,manual_include,include,issuer,issuer:TW:2330,issuer:TW:2330,-,-,-,台積電,L2,TWSE OpenAPI 上市公司基本資料（完整母集）,冻结 2026-08-28 TWSE+TPEx（不含兴柜）L2 机械母集,-,human-gate://2026-08-28/H1/issuer:TW:2330,https://openapi.twse.com.tw/v1/opendata/t187ap03_L,2026-08-28,user,2026-08-28,已裁决,l2:TWSE:2330,H1 人闸批准；仅在本行 product_scope 内有效。
h1-include-0282,manual_include,include,issuer,issuer:TW:2331,issuer:TW:2331,-,-,-,精英,L2,TWSE OpenAPI 上市公司基本資料（完整母集）,冻结 2026-08-28 TWSE+TPEx（不含兴柜）L2 机械母集,-,human-gate://2026-08-28/H1/issuer:TW:2331,https://openapi.twse.com.tw/v1/opendata/t187ap03_L,2026-08-28,user,2026-08-28,已裁决,l2:TWSE:2331,H1 人闸批准；仅在本行 product_scope 内有效。
h1-include-0283,manual_include,include,issuer,issuer:TW:2332,issuer:TW:2332,-,-,-,友訊,L2,TWSE OpenAPI 上市公司基本資料（完整母集）,冻结 2026-08-28 TWSE+TPEx（不含兴柜）L2 机械母集,-,human-gate://2026-08-28/H1/issuer:TW:2332,https://openapi.twse.com.tw/v1/opendata/t187ap03_L,2026-08-28,user,2026-08-28,已裁决,l2:TWSE:2332,H1 人闸批准；仅在本行 product_scope 内有效。
h1-include-0284,manual_include,include,issuer,issuer:TW:2337,issuer:TW:2337,-,-,-,旺宏,L2,TWSE OpenAPI 上市公司基本資料（完整母集）,冻结 2026-08-28 TWSE+TPEx（不含兴柜）L2 机械母集,-,human-gate://2026-08-28/H1/issuer:TW:2337,https://openapi.twse.com.tw/v1/opendata/t187ap03_L,2026-08-28,user,2026-08-28,已裁决,l2:TWSE:2337,H1 人闸批准；仅在本行 product_scope 内有效。
h1-include-0285,manual_include,include,issuer,issuer:TW:2338,issuer:TW:2338,-,-,-,光罩,L2,TWSE OpenAPI 上市公司基本資料（完整母集）,冻结 2026-08-28 TWSE+TPEx（不含兴柜）L2 机械母集,-,human-gate://2026-08-28/H1/issuer:TW:2338,https://openapi.twse.com.tw/v1/opendata/t187ap03_L,2026-08-28,user,2026-08-28,已裁决,l2:TWSE:2338,H1 人闸批准；仅在本行 product_scope 内有效。
h1-include-0286,manual_include,include,issuer,issuer:TW:2340,issuer:TW:2340,-,-,-,台亞,L2,TWSE OpenAPI 上市公司基本資料（完整母集）,冻结 2026-08-28 TWSE+TPEx（不含兴柜）L2 机械母集,-,human-gate://2026-08-28/H1/issuer:TW:2340,https://openapi.twse.com.tw/v1/opendata/t187ap03_L,2026-08-28,user,2026-08-28,已裁决,l2:TWSE:2340,H1 人闸批准；仅在本行 product_scope 内有效。
h1-include-0287,manual_include,include,issuer,issuer:TW:2342,issuer:TW:2342,-,-,-,茂矽,L2,TWSE OpenAPI 上市公司基本資料（完整母集）,冻结 2026-08-28 TWSE+TPEx（不含兴柜）L2 机械母集,-,human-gate://2026-08-28/H1/issuer:TW:2342,https://openapi.twse.com.tw/v1/opendata/t187ap03_L,2026-08-28,user,2026-08-28,已裁决,l2:TWSE:2342,H1 人闸批准；仅在本行 product_scope 内有效。
h1-include-0288,manual_include,include,issuer,issuer:TW:2344,issuer:TW:2344,-,-,-,華邦電,L2,TWSE OpenAPI 上市公司基本資料（完整母集）,冻结 2026-08-28 TWSE+TPEx（不含兴柜）L2 机械母集,-,human-gate://2026-08-28/H1/issuer:TW:2344,https://openapi.twse.com.tw/v1/opendata/t187ap03_L,2026-08-28,user,2026-08-28,已裁决,l2:TWSE:2344,H1 人闸批准；仅在本行 product_scope 内有效。
h1-include-0289,manual_include,include,issuer,issuer:TW:2345,issuer:TW:2345,-,-,-,智邦,L2,TWSE OpenAPI 上市公司基本資料（完整母集）,冻结 2026-08-28 TWSE+TPEx（不含兴柜）L2 机械母集,-,human-gate://2026-08-28/H1/issuer:TW:2345,https://openapi.twse.com.tw/v1/opendata/t187ap03_L,2026-08-28,user,2026-08-28,已裁决,l2:TWSE:2345,H1 人闸批准；仅在本行 product_scope 内有效。
h1-include-0290,manual_include,include,issuer,issuer:TW:2347,issuer:TW:2347,-,-,-,聯強,L2,TWSE OpenAPI 上市公司基本資料（完整母集）,冻结 2026-08-28 TWSE+TPEx（不含兴柜）L2 机械母集,-,human-gate://2026-08-28/H1/issuer:TW:2347,https://openapi.twse.com.tw/v1/opendata/t187ap03_L,2026-08-28,user,2026-08-28,已裁决,l2:TWSE:2347,H1 人闸批准；仅在本行 product_scope 内有效。
h1-include-0291,manual_include,include,issuer,issuer:TW:2348,issuer:TW:2348,-,-,-,海悅,L2,TWSE OpenAPI 上市公司基本資料（完整母集）,冻结 2026-08-28 TWSE+TPEx（不含兴柜）L2 机械母集,-,human-gate://2026-08-28/H1/issuer:TW:2348,https://openapi.twse.com.tw/v1/opendata/t187ap03_L,2026-08-28,user,2026-08-28,已裁决,l2:TWSE:2348,H1 人闸批准；仅在本行 product_scope 内有效。
h1-include-0292,manual_include,include,issuer,issuer:TW:2349,issuer:TW:2349,-,-,-,錸德,L2,TWSE OpenAPI 上市公司基本資料（完整母集）,冻结 2026-08-28 TWSE+TPEx（不含兴柜）L2 机械母集,-,human-gate://2026-08-28/H1/issuer:TW:2349,https://openapi.twse.com.tw/v1/opendata/t187ap03_L,2026-08-28,user,2026-08-28,已裁决,l2:TWSE:2349,H1 人闸批准；仅在本行 product_scope 内有效。
h1-include-0293,manual_include,include,issuer,issuer:TW:2351,issuer:TW:2351,-,-,-,順德,L2,TWSE OpenAPI 上市公司基本資料（完整母集）,冻结 2026-08-28 TWSE+TPEx（不含兴柜）L2 机械母集,-,human-gate://2026-08-28/H1/issuer:TW:2351,https://openapi.twse.com.tw/v1/opendata/t187ap03_L,2026-08-28,user,2026-08-28,已裁决,l2:TWSE:2351,H1 人闸批准；仅在本行 product_scope 内有效。
h1-include-0294,manual_include,include,issuer,issuer:TW:2352,issuer:TW:2352,-,-,-,佳世達,L2,TWSE OpenAPI 上市公司基本資料（完整母集）,冻结 2026-08-28 TWSE+TPEx（不含兴柜）L2 机械母集,-,human-gate://2026-08-28/H1/issuer:TW:2352,https://openapi.twse.com.tw/v1/opendata/t187ap03_L,2026-08-28,user,2026-08-28,已裁决,l2:TWSE:2352,H1 人闸批准；仅在本行 product_scope 内有效。
h1-include-0295,manual_include,include,issuer,issuer:TW:2353,issuer:TW:2353,-,-,-,宏碁,L2,TWSE OpenAPI 上市公司基本資料（完整母集）,冻结 2026-08-28 TWSE+TPEx（不含兴柜）L2 机械母集,-,human-gate://2026-08-28/H1/issuer:TW:2353,https://openapi.twse.com.tw/v1/opendata/t187ap03_L,2026-08-28,user,2026-08-28,已裁决,l2:TWSE:2353,H1 人闸批准；仅在本行 product_scope 内有效。
h1-include-0296,manual_include,include,issuer,issuer:TW:2354,issuer:TW:2354,-,-,-,鴻準,L2,TWSE OpenAPI 上市公司基本資料（完整母集）,冻结 2026-08-28 TWSE+TPEx（不含兴柜）L2 机械母集,-,human-gate://2026-08-28/H1/issuer:TW:2354,https://openapi.twse.com.tw/v1/opendata/t187ap03_L,2026-08-28,user,2026-08-28,已裁决,l2:TWSE:2354,H1 人闸批准；仅在本行 product_scope 内有效。
h1-include-0297,manual_include,include,issuer,issuer:TW:2355,issuer:TW:2355,-,-,-,敬鵬,L2,TWSE OpenAPI 上市公司基本資料（完整母集）,冻结 2026-08-28 TWSE+TPEx（不含兴柜）L2 机械母集,-,human-gate://2026-08-28/H1/issuer:TW:2355,https://openapi.twse.com.tw/v1/opendata/t187ap03_L,2026-08-28,user,2026-08-28,已裁决,l2:TWSE:2355,H1 人闸批准；仅在本行 product_scope 内有效。
h1-include-0298,manual_include,include,issuer,issuer:TW:2356,issuer:TW:2356,-,-,-,英業達,L2,TWSE OpenAPI 上市公司基本資料（完整母集）,冻结 2026-08-28 TWSE+TPEx（不含兴柜）L2 机械母集,-,human-gate://2026-08-28/H1/issuer:TW:2356,https://openapi.twse.com.tw/v1/opendata/t187ap03_L,2026-08-28,user,2026-08-28,已裁决,l2:TWSE:2356,H1 人闸批准；仅在本行 product_scope 内有效。
h1-include-0299,manual_include,include,issuer,issuer:TW:2357,issuer:TW:2357,-,-,-,華碩,L2,TWSE OpenAPI 上市公司基本資料（完整母集）,冻结 2026-08-28 TWSE+TPEx（不含兴柜）L2 机械母集,-,human-gate://2026-08-28/H1/issuer:TW:2357,https://openapi.twse.com.tw/v1/opendata/t187ap03_L,2026-08-28,user,2026-08-28,已裁决,l2:TWSE:2357,H1 人闸批准；仅在本行 product_scope 内有效。
h1-include-0300,manual_include,include,issuer,issuer:TW:2359,issuer:TW:2359,-,-,-,所羅門,L2,TWSE OpenAPI 上市公司基本資料（完整母集）,冻结 2026-08-28 TWSE+TPEx（不含兴柜）L2 机械母集,-,human-gate://2026-08-28/H1/issuer:TW:2359,https://openapi.twse.com.tw/v1/opendata/t187ap03_L,2026-08-28,user,2026-08-28,已裁决,l2:TWSE:2359,H1 人闸批准；仅在本行 product_scope 内有效。
h1-include-0301,manual_include,include,issuer,issuer:TW:2360,issuer:TW:2360,-,-,-,致茂,L2,TWSE OpenAPI 上市公司基本資料（完整母集）,冻结 2026-08-28 TWSE+TPEx（不含兴柜）L2 机械母集,-,human-gate://2026-08-28/H1/issuer:TW:2360,https://openapi.twse.com.tw/v1/opendata/t187ap03_L,2026-08-28,user,2026-08-28,已裁决,l2:TWSE:2360,H1 人闸批准；仅在本行 product_scope 内有效。
h1-include-0302,manual_include,include,issuer,issuer:TW:2362,issuer:TW:2362,-,-,-,藍天,L2,TWSE OpenAPI 上市公司基本資料（完整母集）,冻结 2026-08-28 TWSE+TPEx（不含兴柜）L2 机械母集,-,human-gate://2026-08-28/H1/issuer:TW:2362,https://openapi.twse.com.tw/v1/opendata/t187ap03_L,2026-08-28,user,2026-08-28,已裁决,l2:TWSE:2362,H1 人闸批准；仅在本行 product_scope 内有效。
h1-include-0303,manual_include,include,issuer,issuer:TW:2363,issuer:TW:2363,-,-,-,矽統,L2,TWSE OpenAPI 上市公司基本資料（完整母集）,冻结 2026-08-28 TWSE+TPEx（不含兴柜）L2 机械母集,-,human-gate://2026-08-28/H1/issuer:TW:2363,https://openapi.twse.com.tw/v1/opendata/t187ap03_L,2026-08-28,user,2026-08-28,已裁决,l2:TWSE:2363,H1 人闸批准；仅在本行 product_scope 内有效。
h1-include-0304,manual_include,include,issuer,issuer:TW:2364,issuer:TW:2364,-,-,-,倫飛,L2,TWSE OpenAPI 上市公司基本資料（完整母集）,冻结 2026-08-28 TWSE+TPEx（不含兴柜）L2 机械母集,-,human-gate://2026-08-28/H1/issuer:TW:2364,https://openapi.twse.com.tw/v1/opendata/t187ap03_L,2026-08-28,user,2026-08-28,已裁决,l2:TWSE:2364,H1 人闸批准；仅在本行 product_scope 内有效。
h1-include-0305,manual_include,include,issuer,issuer:TW:2365,issuer:TW:2365,-,-,-,昆盈,L2,TWSE OpenAPI 上市公司基本資料（完整母集）,冻结 2026-08-28 TWSE+TPEx（不含兴柜）L2 机械母集,-,human-gate://2026-08-28/H1/issuer:TW:2365,https://openapi.twse.com.tw/v1/opendata/t187ap03_L,2026-08-28,user,2026-08-28,已裁决,l2:TWSE:2365,H1 人闸批准；仅在本行 product_scope 内有效。
h1-include-0306,manual_include,include,issuer,issuer:TW:2367,issuer:TW:2367,-,-,-,燿華,L2,TWSE OpenAPI 上市公司基本資料（完整母集）,冻结 2026-08-28 TWSE+TPEx（不含兴柜）L2 机械母集,-,human-gate://2026-08-28/H1/issuer:TW:2367,https://openapi.twse.com.tw/v1/opendata/t187ap03_L,2026-08-28,user,2026-08-28,已裁决,l2:TWSE:2367,H1 人闸批准；仅在本行 product_scope 内有效。
h1-include-0307,manual_include,include,issuer,issuer:TW:2368,issuer:TW:2368,-,-,-,金像電,L2,TWSE OpenAPI 上市公司基本資料（完整母集）,冻结 2026-08-28 TWSE+TPEx（不含兴柜）L2 机械母集,-,human-gate://2026-08-28/H1/issuer:TW:2368,https://openapi.twse.com.tw/v1/opendata/t187ap03_L,2026-08-28,user,2026-08-28,已裁决,l2:TWSE:2368,H1 人闸批准；仅在本行 product_scope 内有效。
h1-include-0308,manual_include,include,issuer,issuer:TW:2369,issuer:TW:2369,-,-,-,菱生,L2,TWSE OpenAPI 上市公司基本資料（完整母集）,冻结 2026-08-28 TWSE+TPEx（不含兴柜）L2 机械母集,-,human-gate://2026-08-28/H1/issuer:TW:2369,https://openapi.twse.com.tw/v1/opendata/t187ap03_L,2026-08-28,user,2026-08-28,已裁决,l2:TWSE:2369,H1 人闸批准；仅在本行 product_scope 内有效。
h1-include-0309,manual_include,include,issuer,issuer:TW:2371,issuer:TW:2371,-,-,-,大同,L2,TWSE OpenAPI 上市公司基本資料（完整母集）,冻结 2026-08-28 TWSE+TPEx（不含兴柜）L2 机械母集,-,human-gate://2026-08-28/H1/issuer:TW:2371,https://openapi.twse.com.tw/v1/opendata/t187ap03_L,2026-08-28,user,2026-08-28,已裁决,l2:TWSE:2371,H1 人闸批准；仅在本行 product_scope 内有效。
h1-include-0310,manual_include,include,issuer,issuer:TW:2373,issuer:TW:2373,-,-,-,震旦行,L2,TWSE OpenAPI 上市公司基本資料（完整母集）,冻结 2026-08-28 TWSE+TPEx（不含兴柜）L2 机械母集,-,human-gate://2026-08-28/H1/issuer:TW:2373,https://openapi.twse.com.tw/v1/opendata/t187ap03_L,2026-08-28,user,2026-08-28,已裁决,l2:TWSE:2373,H1 人闸批准；仅在本行 product_scope 内有效。
h1-include-0311,manual_include,include,issuer,issuer:TW:2374,issuer:TW:2374,-,-,-,佳能,L2,TWSE OpenAPI 上市公司基本資料（完整母集）,冻结 2026-08-28 TWSE+TPEx（不含兴柜）L2 机械母集,-,human-gate://2026-08-28/H1/issuer:TW:2374,https://openapi.twse.com.tw/v1/opendata/t187ap03_L,2026-08-28,user,2026-08-28,已裁决,l2:TWSE:2374,H1 人闸批准；仅在本行 product_scope 内有效。
h1-include-0312,manual_include,include,issuer,issuer:TW:2375,issuer:TW:2375,-,-,-,凱美,L2,TWSE OpenAPI 上市公司基本資料（完整母集）,冻结 2026-08-28 TWSE+TPEx（不含兴柜）L2 机械母集,-,human-gate://2026-08-28/H1/issuer:TW:2375,https://openapi.twse.com.tw/v1/opendata/t187ap03_L,2026-08-28,user,2026-08-28,已裁决,l2:TWSE:2375,H1 人闸批准；仅在本行 product_scope 内有效。
h1-include-0313,manual_include,include,issuer,issuer:TW:2376,issuer:TW:2376,-,-,-,技嘉,L2,TWSE OpenAPI 上市公司基本資料（完整母集）,冻结 2026-08-28 TWSE+TPEx（不含兴柜）L2 机械母集,-,human-gate://2026-08-28/H1/issuer:TW:2376,https://openapi.twse.com.tw/v1/opendata/t187ap03_L,2026-08-28,user,2026-08-28,已裁决,l2:TWSE:2376,H1 人闸批准；仅在本行 product_scope 内有效。
h1-include-0314,manual_include,include,issuer,issuer:TW:2377,issuer:TW:2377,-,-,-,微星,L2,TWSE OpenAPI 上市公司基本資料（完整母集）,冻结 2026-08-28 TWSE+TPEx（不含兴柜）L2 机械母集,-,human-gate://2026-08-28/H1/issuer:TW:2377,https://openapi.twse.com.tw/v1/opendata/t187ap03_L,2026-08-28,user,2026-08-28,已裁决,l2:TWSE:2377,H1 人闸批准；仅在本行 product_scope 内有效。
h1-include-0315,manual_include,include,issuer,issuer:TW:2379,issuer:TW:2379,-,-,-,瑞昱,L2,TWSE OpenAPI 上市公司基本資料（完整母集）,冻结 2026-08-28 TWSE+TPEx（不含兴柜）L2 机械母集,-,human-gate://2026-08-28/H1/issuer:TW:2379,https://openapi.twse.com.tw/v1/opendata/t187ap03_L,2026-08-28,user,2026-08-28,已裁决,l2:TWSE:2379,H1 人闸批准；仅在本行 product_scope 内有效。
h1-include-0316,manual_include,include,issuer,issuer:TW:2380,issuer:TW:2380,-,-,-,虹光,L2,TWSE OpenAPI 上市公司基本資料（完整母集）,冻结 2026-08-28 TWSE+TPEx（不含兴柜）L2 机械母集,-,human-gate://2026-08-28/H1/issuer:TW:2380,https://openapi.twse.com.tw/v1/opendata/t187ap03_L,2026-08-28,user,2026-08-28,已裁决,l2:TWSE:2380,H1 人闸批准；仅在本行 product_scope 内有效。
h1-include-0317,manual_include,include,issuer,issuer:TW:2382,issuer:TW:2382,-,-,-,廣達,L2,TWSE OpenAPI 上市公司基本資料（完整母集）,冻结 2026-08-28 TWSE+TPEx（不含兴柜）L2 机械母集,-,human-gate://2026-08-28/H1/issuer:TW:2382,https://openapi.twse.com.tw/v1/opendata/t187ap03_L,2026-08-28,user,2026-08-28,已裁决,l2:TWSE:2382,H1 人闸批准；仅在本行 product_scope 内有效。
h1-include-0318,manual_include,include,issuer,issuer:TW:2383,issuer:TW:2383,-,-,-,台光電,L2,TWSE OpenAPI 上市公司基本資料（完整母集）,冻结 2026-08-28 TWSE+TPEx（不含兴柜）L2 机械母集,-,human-gate://2026-08-28/H1/issuer:TW:2383,https://openapi.twse.com.tw/v1/opendata/t187ap03_L,2026-08-28,user,2026-08-28,已裁决,l2:TWSE:2383,H1 人闸批准；仅在本行 product_scope 内有效。
h1-include-0319,manual_include,include,issuer,issuer:TW:2385,issuer:TW:2385,-,-,-,群光,L2,TWSE OpenAPI 上市公司基本資料（完整母集）,冻结 2026-08-28 TWSE+TPEx（不含兴柜）L2 机械母集,-,human-gate://2026-08-28/H1/issuer:TW:2385,https://openapi.twse.com.tw/v1/opendata/t187ap03_L,2026-08-28,user,2026-08-28,已裁决,l2:TWSE:2385,H1 人闸批准；仅在本行 product_scope 内有效。
h1-include-0320,manual_include,include,issuer,issuer:TW:2387,issuer:TW:2387,-,-,-,精元,L2,TWSE OpenAPI 上市公司基本資料（完整母集）,冻结 2026-08-28 TWSE+TPEx（不含兴柜）L2 机械母集,-,human-gate://2026-08-28/H1/issuer:TW:2387,https://openapi.twse.com.tw/v1/opendata/t187ap03_L,2026-08-28,user,2026-08-28,已裁决,l2:TWSE:2387,H1 人闸批准；仅在本行 product_scope 内有效。
h1-include-0321,manual_include,include,issuer,issuer:TW:2388,issuer:TW:2388,-,-,-,威盛,L2,TWSE OpenAPI 上市公司基本資料（完整母集）,冻结 2026-08-28 TWSE+TPEx（不含兴柜）L2 机械母集,-,human-gate://2026-08-28/H1/issuer:TW:2388,https://openapi.twse.com.tw/v1/opendata/t187ap03_L,2026-08-28,user,2026-08-28,已裁决,l2:TWSE:2388,H1 人闸批准；仅在本行 product_scope 内有效。
h1-include-0322,manual_include,include,issuer,issuer:TW:2390,issuer:TW:2390,-,-,-,云辰,L2,TWSE OpenAPI 上市公司基本資料（完整母集）,冻结 2026-08-28 TWSE+TPEx（不含兴柜）L2 机械母集,-,human-gate://2026-08-28/H1/issuer:TW:2390,https://openapi.twse.com.tw/v1/opendata/t187ap03_L,2026-08-28,user,2026-08-28,已裁决,l2:TWSE:2390,H1 人闸批准；仅在本行 product_scope 内有效。
h1-include-0323,manual_include,include,issuer,issuer:TW:2392,issuer:TW:2392,-,-,-,正崴,L2,TWSE OpenAPI 上市公司基本資料（完整母集）,冻结 2026-08-28 TWSE+TPEx（不含兴柜）L2 机械母集,-,human-gate://2026-08-28/H1/issuer:TW:2392,https://openapi.twse.com.tw/v1/opendata/t187ap03_L,2026-08-28,user,2026-08-28,已裁决,l2:TWSE:2392,H1 人闸批准；仅在本行 product_scope 内有效。
h1-include-0324,manual_include,include,issuer,issuer:TW:2393,issuer:TW:2393,-,-,-,億光,L2,TWSE OpenAPI 上市公司基本資料（完整母集）,冻结 2026-08-28 TWSE+TPEx（不含兴柜）L2 机械母集,-,human-gate://2026-08-28/H1/issuer:TW:2393,https://openapi.twse.com.tw/v1/opendata/t187ap03_L,2026-08-28,user,2026-08-28,已裁决,l2:TWSE:2393,H1 人闸批准；仅在本行 product_scope 内有效。
h1-include-0325,manual_include,include,issuer,issuer:TW:2395,issuer:TW:2395,-,-,-,研華,L2,TWSE OpenAPI 上市公司基本資料（完整母集）,冻结 2026-08-28 TWSE+TPEx（不含兴柜）L2 机械母集,-,human-gate://2026-08-28/H1/issuer:TW:2395,https://openapi.twse.com.tw/v1/opendata/t187ap03_L,2026-08-28,user,2026-08-28,已裁决,l2:TWSE:2395,H1 人闸批准；仅在本行 product_scope 内有效。
h1-include-0326,manual_include,include,issuer,issuer:TW:2397,issuer:TW:2397,-,-,-,友通,L2,TWSE OpenAPI 上市公司基本資料（完整母集）,冻结 2026-08-28 TWSE+TPEx（不含兴柜）L2 机械母集,-,human-gate://2026-08-28/H1/issuer:TW:2397,https://openapi.twse.com.tw/v1/opendata/t187ap03_L,2026-08-28,user,2026-08-28,已裁决,l2:TWSE:2397,H1 人闸批准；仅在本行 product_scope 内有效。
h1-include-0327,manual_include,include,issuer,issuer:TW:2399,issuer:TW:2399,-,-,-,映泰,L2,TWSE OpenAPI 上市公司基本資料（完整母集）,冻结 2026-08-28 TWSE+TPEx（不含兴柜）L2 机械母集,-,human-gate://2026-08-28/H1/issuer:TW:2399,https://openapi.twse.com.tw/v1/opendata/t187ap03_L,2026-08-28,user,2026-08-28,已裁决,l2:TWSE:2399,H1 人闸批准；仅在本行 product_scope 内有效。
h1-include-0328,manual_include,include,issuer,issuer:TW:2401,issuer:TW:2401,-,-,-,凌陽,L2,TWSE OpenAPI 上市公司基本資料（完整母集）,冻结 2026-08-28 TWSE+TPEx（不含兴柜）L2 机械母集,-,human-gate://2026-08-28/H1/issuer:TW:2401,https://openapi.twse.com.tw/v1/opendata/t187ap03_L,2026-08-28,user,2026-08-28,已裁决,l2:TWSE:2401,H1 人闸批准；仅在本行 product_scope 内有效。
h1-include-0329,manual_include,include,issuer,issuer:TW:2402,issuer:TW:2402,-,-,-,毅嘉,L2,TWSE OpenAPI 上市公司基本資料（完整母集）,冻结 2026-08-28 TWSE+TPEx（不含兴柜）L2 机械母集,-,human-gate://2026-08-28/H1/issuer:TW:2402,https://openapi.twse.com.tw/v1/opendata/t187ap03_L,2026-08-28,user,2026-08-28,已裁决,l2:TWSE:2402,H1 人闸批准；仅在本行 product_scope 内有效。
h1-include-0330,manual_include,include,issuer,issuer:TW:2404,issuer:TW:2404,-,-,-,漢唐,L2,TWSE OpenAPI 上市公司基本資料（完整母集）,冻结 2026-08-28 TWSE+TPEx（不含兴柜）L2 机械母集,-,human-gate://2026-08-28/H1/issuer:TW:2404,https://openapi.twse.com.tw/v1/opendata/t187ap03_L,2026-08-28,user,2026-08-28,已裁决,l2:TWSE:2404,H1 人闸批准；仅在本行 product_scope 内有效。
h1-include-0331,manual_include,include,issuer,issuer:TW:2405,issuer:TW:2405,-,-,-,輔信,L2,TWSE OpenAPI 上市公司基本資料（完整母集）,冻结 2026-08-28 TWSE+TPEx（不含兴柜）L2 机械母集,-,human-gate://2026-08-28/H1/issuer:TW:2405,https://openapi.twse.com.tw/v1/opendata/t187ap03_L,2026-08-28,user,2026-08-28,已裁决,l2:TWSE:2405,H1 人闸批准；仅在本行 product_scope 内有效。
h1-include-0332,manual_include,include,issuer,issuer:TW:2406,issuer:TW:2406,-,-,-,國碩,L2,TWSE OpenAPI 上市公司基本資料（完整母集）,冻结 2026-08-28 TWSE+TPEx（不含兴柜）L2 机械母集,-,human-gate://2026-08-28/H1/issuer:TW:2406,https://openapi.twse.com.tw/v1/opendata/t187ap03_L,2026-08-28,user,2026-08-28,已裁决,l2:TWSE:2406,H1 人闸批准；仅在本行 product_scope 内有效。
h1-include-0333,manual_include,include,issuer,issuer:TW:2408,issuer:TW:2408,-,-,-,南亞科,L2,TWSE OpenAPI 上市公司基本資料（完整母集）,冻结 2026-08-28 TWSE+TPEx（不含兴柜）L2 机械母集,-,human-gate://2026-08-28/H1/issuer:TW:2408,https://openapi.twse.com.tw/v1/opendata/t187ap03_L,2026-08-28,user,2026-08-28,已裁决,l2:TWSE:2408,H1 人闸批准；仅在本行 product_scope 内有效。
h1-include-0334,manual_include,include,issuer,issuer:TW:2409,issuer:TW:2409,-,-,-,友達,L2,TWSE OpenAPI 上市公司基本資料（完整母集）,冻结 2026-08-28 TWSE+TPEx（不含兴柜）L2 机械母集,-,human-gate://2026-08-28/H1/issuer:TW:2409,https://openapi.twse.com.tw/v1/opendata/t187ap03_L,2026-08-28,user,2026-08-28,已裁决,l2:TWSE:2409,H1 人闸批准；仅在本行 product_scope 内有效。
h1-include-0335,manual_include,include,issuer,issuer:TW:2412,issuer:TW:2412,-,-,-,中華電,L2,TWSE OpenAPI 上市公司基本資料（完整母集）,冻结 2026-08-28 TWSE+TPEx（不含兴柜）L2 机械母集,-,human-gate://2026-08-28/H1/issuer:TW:2412,https://openapi.twse.com.tw/v1/opendata/t187ap03_L,2026-08-28,user,2026-08-28,已裁决,l2:TWSE:2412,H1 人闸批准；仅在本行 product_scope 内有效。
h1-include-0336,manual_include,include,issuer,issuer:TW:2413,issuer:TW:2413,-,-,-,環科,L2,TWSE OpenAPI 上市公司基本資料（完整母集）,冻结 2026-08-28 TWSE+TPEx（不含兴柜）L2 机械母集,-,human-gate://2026-08-28/H1/issuer:TW:2413,https://openapi.twse.com.tw/v1/opendata/t187ap03_L,2026-08-28,user,2026-08-28,已裁决,l2:TWSE:2413,H1 人闸批准；仅在本行 product_scope 内有效。
h1-include-0337,manual_include,include,issuer,issuer:TW:2414,issuer:TW:2414,-,-,-,精技,L2,TWSE OpenAPI 上市公司基本資料（完整母集）,冻结 2026-08-28 TWSE+TPEx（不含兴柜）L2 机械母集,-,human-gate://2026-08-28/H1/issuer:TW:2414,https://openapi.twse.com.tw/v1/opendata/t187ap03_L,2026-08-28,user,2026-08-28,已裁决,l2:TWSE:2414,H1 人闸批准；仅在本行 product_scope 内有效。
h1-include-0338,manual_include,include,issuer,issuer:TW:2415,issuer:TW:2415,-,-,-,錩新,L2,TWSE OpenAPI 上市公司基本資料（完整母集）,冻结 2026-08-28 TWSE+TPEx（不含兴柜）L2 机械母集,-,human-gate://2026-08-28/H1/issuer:TW:2415,https://openapi.twse.com.tw/v1/opendata/t187ap03_L,2026-08-28,user,2026-08-28,已裁决,l2:TWSE:2415,H1 人闸批准；仅在本行 product_scope 内有效。
h1-include-0339,manual_include,include,issuer,issuer:TW:2417,issuer:TW:2417,-,-,-,圓剛,L2,TWSE OpenAPI 上市公司基本資料（完整母集）,冻结 2026-08-28 TWSE+TPEx（不含兴柜）L2 机械母集,-,human-gate://2026-08-28/H1/issuer:TW:2417,https://openapi.twse.com.tw/v1/opendata/t187ap03_L,2026-08-28,user,2026-08-28,已裁决,l2:TWSE:2417,H1 人闸批准；仅在本行 product_scope 内有效。
h1-include-0340,manual_include,include,issuer,issuer:TW:2419,issuer:TW:2419,-,-,-,仲琦,L2,TWSE OpenAPI 上市公司基本資料（完整母集）,冻结 2026-08-28 TWSE+TPEx（不含兴柜）L2 机械母集,-,human-gate://2026-08-28/H1/issuer:TW:2419,https://openapi.twse.com.tw/v1/opendata/t187ap03_L,2026-08-28,user,2026-08-28,已裁决,l2:TWSE:2419,H1 人闸批准；仅在本行 product_scope 内有效。
h1-include-0341,manual_include,include,issuer,issuer:TW:2420,issuer:TW:2420,-,-,-,新巨,L2,TWSE OpenAPI 上市公司基本資料（完整母集）,冻结 2026-08-28 TWSE+TPEx（不含兴柜）L2 机械母集,-,human-gate://2026-08-28/H1/issuer:TW:2420,https://openapi.twse.com.tw/v1/opendata/t187ap03_L,2026-08-28,user,2026-08-28,已裁决,l2:TWSE:2420,H1 人闸批准；仅在本行 product_scope 内有效。
h1-include-0342,manual_include,include,issuer,issuer:TW:2421,issuer:TW:2421,-,-,-,建準,L2,TWSE OpenAPI 上市公司基本資料（完整母集）,冻结 2026-08-28 TWSE+TPEx（不含兴柜）L2 机械母集,-,human-gate://2026-08-28/H1/issuer:TW:2421,https://openapi.twse.com.tw/v1/opendata/t187ap03_L,2026-08-28,user,2026-08-28,已裁决,l2:TWSE:2421,H1 人闸批准；仅在本行 product_scope 内有效。
h1-include-0343,manual_include,include,issuer,issuer:TW:2423,issuer:TW:2423,-,-,-,固緯,L2,TWSE OpenAPI 上市公司基本資料（完整母集）,冻结 2026-08-28 TWSE+TPEx（不含兴柜）L2 机械母集,-,human-gate://2026-08-28/H1/issuer:TW:2423,https://openapi.twse.com.tw/v1/opendata/t187ap03_L,2026-08-28,user,2026-08-28,已裁决,l2:TWSE:2423,H1 人闸批准；仅在本行 product_scope 内有效。
h1-include-0344,manual_include,include,issuer,issuer:TW:2424,issuer:TW:2424,-,-,-,隴華,L2,TWSE OpenAPI 上市公司基本資料（完整母集）,冻结 2026-08-28 TWSE+TPEx（不含兴柜）L2 机械母集,-,human-gate://2026-08-28/H1/issuer:TW:2424,https://openapi.twse.com.tw/v1/opendata/t187ap03_L,2026-08-28,user,2026-08-28,已裁决,l2:TWSE:2424,H1 人闸批准；仅在本行 product_scope 内有效。
h1-include-0345,manual_include,include,issuer,issuer:TW:2425,issuer:TW:2425,-,-,-,承啟,L2,TWSE OpenAPI 上市公司基本資料（完整母集）,冻结 2026-08-28 TWSE+TPEx（不含兴柜）L2 机械母集,-,human-gate://2026-08-28/H1/issuer:TW:2425,https://openapi.twse.com.tw/v1/opendata/t187ap03_L,2026-08-28,user,2026-08-28,已裁决,l2:TWSE:2425,H1 人闸批准；仅在本行 product_scope 内有效。
h1-include-0346,manual_include,include,issuer,issuer:TW:2426,issuer:TW:2426,-,-,-,鼎元,L2,TWSE OpenAPI 上市公司基本資料（完整母集）,冻结 2026-08-28 TWSE+TPEx（不含兴柜）L2 机械母集,-,human-gate://2026-08-28/H1/issuer:TW:2426,https://openapi.twse.com.tw/v1/opendata/t187ap03_L,2026-08-28,user,2026-08-28,已裁决,l2:TWSE:2426,H1 人闸批准；仅在本行 product_scope 内有效。
h1-include-0347,manual_include,include,issuer,issuer:TW:2427,issuer:TW:2427,-,-,-,三商電,L2,TWSE OpenAPI 上市公司基本資料（完整母集）,冻结 2026-08-28 TWSE+TPEx（不含兴柜）L2 机械母集,-,human-gate://2026-08-28/H1/issuer:TW:2427,https://openapi.twse.com.tw/v1/opendata/t187ap03_L,2026-08-28,user,2026-08-28,已裁决,l2:TWSE:2427,H1 人闸批准；仅在本行 product_scope 内有效。
h1-include-0348,manual_include,include,issuer,issuer:TW:2428,issuer:TW:2428,-,-,-,興勤,L2,TWSE OpenAPI 上市公司基本資料（完整母集）,冻结 2026-08-28 TWSE+TPEx（不含兴柜）L2 机械母集,-,human-gate://2026-08-28/H1/issuer:TW:2428,https://openapi.twse.com.tw/v1/opendata/t187ap03_L,2026-08-28,user,2026-08-28,已裁决,l2:TWSE:2428,H1 人闸批准；仅在本行 product_scope 内有效。
h1-include-0349,manual_include,include,issuer,issuer:TW:2429,issuer:TW:2429,-,-,-,銘旺科,L2,TWSE OpenAPI 上市公司基本資料（完整母集）,冻结 2026-08-28 TWSE+TPEx（不含兴柜）L2 机械母集,-,human-gate://2026-08-28/H1/issuer:TW:2429,https://openapi.twse.com.tw/v1/opendata/t187ap03_L,2026-08-28,user,2026-08-28,已裁决,l2:TWSE:2429,H1 人闸批准；仅在本行 product_scope 内有效。
h1-include-0350,manual_include,include,issuer,issuer:TW:2430,issuer:TW:2430,-,-,-,燦坤,L2,TWSE OpenAPI 上市公司基本資料（完整母集）,冻结 2026-08-28 TWSE+TPEx（不含兴柜）L2 机械母集,-,human-gate://2026-08-28/H1/issuer:TW:2430,https://openapi.twse.com.tw/v1/opendata/t187ap03_L,2026-08-28,user,2026-08-28,已裁决,l2:TWSE:2430,H1 人闸批准；仅在本行 product_scope 内有效。
h1-include-0351,manual_include,include,issuer,issuer:TW:2431,issuer:TW:2431,-,-,-,聯昌,L2,TWSE OpenAPI 上市公司基本資料（完整母集）,冻结 2026-08-28 TWSE+TPEx（不含兴柜）L2 机械母集,-,human-gate://2026-08-28/H1/issuer:TW:2431,https://openapi.twse.com.tw/v1/opendata/t187ap03_L,2026-08-28,user,2026-08-28,已裁决,l2:TWSE:2431,H1 人闸批准；仅在本行 product_scope 内有效。
h1-include-0352,manual_include,include,issuer,issuer:TW:2432,issuer:TW:2432,-,-,-,倚天酷碁-創,L2,TWSE OpenAPI 上市公司基本資料（完整母集）,冻结 2026-08-28 TWSE+TPEx（不含兴柜）L2 机械母集,-,human-gate://2026-08-28/H1/issuer:TW:2432,https://openapi.twse.com.tw/v1/opendata/t187ap03_L,2026-08-28,user,2026-08-28,已裁决,l2:TWSE:2432,H1 人闸批准；仅在本行 product_scope 内有效。
h1-include-0353,manual_include,include,issuer,issuer:TW:2433,issuer:TW:2433,-,-,-,互盛電,L2,TWSE OpenAPI 上市公司基本資料（完整母集）,冻结 2026-08-28 TWSE+TPEx（不含兴柜）L2 机械母集,-,human-gate://2026-08-28/H1/issuer:TW:2433,https://openapi.twse.com.tw/v1/opendata/t187ap03_L,2026-08-28,user,2026-08-28,已裁决,l2:TWSE:2433,H1 人闸批准；仅在本行 product_scope 内有效。
h1-include-0354,manual_include,include,issuer,issuer:TW:2434,issuer:TW:2434,-,-,-,統懋,L2,TWSE OpenAPI 上市公司基本資料（完整母集）,冻结 2026-08-28 TWSE+TPEx（不含兴柜）L2 机械母集,-,human-gate://2026-08-28/H1/issuer:TW:2434,https://openapi.twse.com.tw/v1/opendata/t187ap03_L,2026-08-28,user,2026-08-28,已裁决,l2:TWSE:2434,H1 人闸批准；仅在本行 product_scope 内有效。
h1-include-0355,manual_include,include,issuer,issuer:TW:2436,issuer:TW:2436,-,-,-,偉詮電,L2,TWSE OpenAPI 上市公司基本資料（完整母集）,冻结 2026-08-28 TWSE+TPEx（不含兴柜）L2 机械母集,-,human-gate://2026-08-28/H1/issuer:TW:2436,https://openapi.twse.com.tw/v1/opendata/t187ap03_L,2026-08-28,user,2026-08-28,已裁决,l2:TWSE:2436,H1 人闸批准；仅在本行 product_scope 内有效。
h1-include-0356,manual_include,include,issuer,issuer:TW:2438,issuer:TW:2438,-,-,-,翔耀,L2,TWSE OpenAPI 上市公司基本資料（完整母集）,冻结 2026-08-28 TWSE+TPEx（不含兴柜）L2 机械母集,-,human-gate://2026-08-28/H1/issuer:TW:2438,https://openapi.twse.com.tw/v1/opendata/t187ap03_L,2026-08-28,user,2026-08-28,已裁决,l2:TWSE:2438,H1 人闸批准；仅在本行 product_scope 内有效。
h1-include-0357,manual_include,include,issuer,issuer:TW:2439,issuer:TW:2439,-,-,-,美律,L2,TWSE OpenAPI 上市公司基本資料（完整母集）,冻结 2026-08-28 TWSE+TPEx（不含兴柜）L2 机械母集,-,human-gate://2026-08-28/H1/issuer:TW:2439,https://openapi.twse.com.tw/v1/opendata/t187ap03_L,2026-08-28,user,2026-08-28,已裁决,l2:TWSE:2439,H1 人闸批准；仅在本行 product_scope 内有效。
h1-include-0358,manual_include,include,issuer,issuer:TW:2440,issuer:TW:2440,-,-,-,太空梭,L2,TWSE OpenAPI 上市公司基本資料（完整母集）,冻结 2026-08-28 TWSE+TPEx（不含兴柜）L2 机械母集,-,human-gate://2026-08-28/H1/issuer:TW:2440,https://openapi.twse.com.tw/v1/opendata/t187ap03_L,2026-08-28,user,2026-08-28,已裁决,l2:TWSE:2440,H1 人闸批准；仅在本行 product_scope 内有效。
h1-include-0359,manual_include,include,issuer,issuer:TW:2441,issuer:TW:2441,-,-,-,超豐,L2,TWSE OpenAPI 上市公司基本資料（完整母集）,冻结 2026-08-28 TWSE+TPEx（不含兴柜）L2 机械母集,-,human-gate://2026-08-28/H1/issuer:TW:2441,https://openapi.twse.com.tw/v1/opendata/t187ap03_L,2026-08-28,user,2026-08-28,已裁决,l2:TWSE:2441,H1 人闸批准；仅在本行 product_scope 内有效。
h1-include-0360,manual_include,include,issuer,issuer:TW:2442,issuer:TW:2442,-,-,-,新美齊,L2,TWSE OpenAPI 上市公司基本資料（完整母集）,冻结 2026-08-28 TWSE+TPEx（不含兴柜）L2 机械母集,-,human-gate://2026-08-28/H1/issuer:TW:2442,https://openapi.twse.com.tw/v1/opendata/t187ap03_L,2026-08-28,user,2026-08-28,已裁决,l2:TWSE:2442,H1 人闸批准；仅在本行 product_scope 内有效。
h1-include-0361,manual_include,include,issuer,issuer:TW:2444,issuer:TW:2444,-,-,-,兆勁,L2,TWSE OpenAPI 上市公司基本資料（完整母集）,冻结 2026-08-28 TWSE+TPEx（不含兴柜）L2 机械母集,-,human-gate://2026-08-28/H1/issuer:TW:2444,https://openapi.twse.com.tw/v1/opendata/t187ap03_L,2026-08-28,user,2026-08-28,已裁决,l2:TWSE:2444,H1 人闸批准；仅在本行 product_scope 内有效。
h1-include-0362,manual_include,include,issuer,issuer:TW:2449,issuer:TW:2449,-,-,-,京元電子,L2,TWSE OpenAPI 上市公司基本資料（完整母集）,冻结 2026-08-28 TWSE+TPEx（不含兴柜）L2 机械母集,-,human-gate://2026-08-28/H1/issuer:TW:2449,https://openapi.twse.com.tw/v1/opendata/t187ap03_L,2026-08-28,user,2026-08-28,已裁决,l2:TWSE:2449,H1 人闸批准；仅在本行 product_scope 内有效。
h1-include-0363,manual_include,include,issuer,issuer:TW:2450,issuer:TW:2450,-,-,-,神腦,L2,TWSE OpenAPI 上市公司基本資料（完整母集）,冻结 2026-08-28 TWSE+TPEx（不含兴柜）L2 机械母集,-,human-gate://2026-08-28/H1/issuer:TW:2450,https://openapi.twse.com.tw/v1/opendata/t187ap03_L,2026-08-28,user,2026-08-28,已裁决,l2:TWSE:2450,H1 人闸批准；仅在本行 product_scope 内有效。
h1-include-0364,manual_include,include,issuer,issuer:TW:2451,issuer:TW:2451,-,-,-,創見,L2,TWSE OpenAPI 上市公司基本資料（完整母集）,冻结 2026-08-28 TWSE+TPEx（不含兴柜）L2 机械母集,-,human-gate://2026-08-28/H1/issuer:TW:2451,https://openapi.twse.com.tw/v1/opendata/t187ap03_L,2026-08-28,user,2026-08-28,已裁决,l2:TWSE:2451,H1 人闸批准；仅在本行 product_scope 内有效。
h1-include-0365,manual_include,include,issuer,issuer:TW:2453,issuer:TW:2453,-,-,-,凌群,L2,TWSE OpenAPI 上市公司基本資料（完整母集）,冻结 2026-08-28 TWSE+TPEx（不含兴柜）L2 机械母集,-,human-gate://2026-08-28/H1/issuer:TW:2453,https://openapi.twse.com.tw/v1/opendata/t187ap03_L,2026-08-28,user,2026-08-28,已裁决,l2:TWSE:2453,H1 人闸批准；仅在本行 product_scope 内有效。
h1-include-0366,manual_include,include,issuer,issuer:TW:2454,issuer:TW:2454,-,-,-,聯發科,L2,TWSE OpenAPI 上市公司基本資料（完整母集）,冻结 2026-08-28 TWSE+TPEx（不含兴柜）L2 机械母集,-,human-gate://2026-08-28/H1/issuer:TW:2454,https://openapi.twse.com.tw/v1/opendata/t187ap03_L,2026-08-28,user,2026-08-28,已裁决,l2:TWSE:2454,H1 人闸批准；仅在本行 product_scope 内有效。
h1-include-0367,manual_include,include,issuer,issuer:TW:2455,issuer:TW:2455,-,-,-,全新,L2,TWSE OpenAPI 上市公司基本資料（完整母集）,冻结 2026-08-28 TWSE+TPEx（不含兴柜）L2 机械母集,-,human-gate://2026-08-28/H1/issuer:TW:2455,https://openapi.twse.com.tw/v1/opendata/t187ap03_L,2026-08-28,user,2026-08-28,已裁决,l2:TWSE:2455,H1 人闸批准；仅在本行 product_scope 内有效。
h1-include-0368,manual_include,include,issuer,issuer:TW:2457,issuer:TW:2457,-,-,-,飛宏,L2,TWSE OpenAPI 上市公司基本資料（完整母集）,冻结 2026-08-28 TWSE+TPEx（不含兴柜）L2 机械母集,-,human-gate://2026-08-28/H1/issuer:TW:2457,https://openapi.twse.com.tw/v1/opendata/t187ap03_L,2026-08-28,user,2026-08-28,已裁决,l2:TWSE:2457,H1 人闸批准；仅在本行 product_scope 内有效。
h1-include-0369,manual_include,include,issuer,issuer:TW:2458,issuer:TW:2458,-,-,-,義隆,L2,TWSE OpenAPI 上市公司基本資料（完整母集）,冻结 2026-08-28 TWSE+TPEx（不含兴柜）L2 机械母集,-,human-gate://2026-08-28/H1/issuer:TW:2458,https://openapi.twse.com.tw/v1/opendata/t187ap03_L,2026-08-28,user,2026-08-28,已裁决,l2:TWSE:2458,H1 人闸批准；仅在本行 product_scope 内有效。
h1-include-0370,manual_include,include,issuer,issuer:TW:2459,issuer:TW:2459,-,-,-,敦吉,L2,TWSE OpenAPI 上市公司基本資料（完整母集）,冻结 2026-08-28 TWSE+TPEx（不含兴柜）L2 机械母集,-,human-gate://2026-08-28/H1/issuer:TW:2459,https://openapi.twse.com.tw/v1/opendata/t187ap03_L,2026-08-28,user,2026-08-28,已裁决,l2:TWSE:2459,H1 人闸批准；仅在本行 product_scope 内有效。
h1-include-0371,manual_include,include,issuer,issuer:TW:2460,issuer:TW:2460,-,-,-,建通,L2,TWSE OpenAPI 上市公司基本資料（完整母集）,冻结 2026-08-28 TWSE+TPEx（不含兴柜）L2 机械母集,-,human-gate://2026-08-28/H1/issuer:TW:2460,https://openapi.twse.com.tw/v1/opendata/t187ap03_L,2026-08-28,user,2026-08-28,已裁决,l2:TWSE:2460,H1 人闸批准；仅在本行 product_scope 内有效。
h1-include-0372,manual_include,include,issuer,issuer:TW:2461,issuer:TW:2461,-,-,-,光群雷,L2,TWSE OpenAPI 上市公司基本資料（完整母集）,冻结 2026-08-28 TWSE+TPEx（不含兴柜）L2 机械母集,-,human-gate://2026-08-28/H1/issuer:TW:2461,https://openapi.twse.com.tw/v1/opendata/t187ap03_L,2026-08-28,user,2026-08-28,已裁决,l2:TWSE:2461,H1 人闸批准；仅在本行 product_scope 内有效。
h1-include-0373,manual_include,include,issuer,issuer:TW:2462,issuer:TW:2462,-,-,-,良得電,L2,TWSE OpenAPI 上市公司基本資料（完整母集）,冻结 2026-08-28 TWSE+TPEx（不含兴柜）L2 机械母集,-,human-gate://2026-08-28/H1/issuer:TW:2462,https://openapi.twse.com.tw/v1/opendata/t187ap03_L,2026-08-28,user,2026-08-28,已裁决,l2:TWSE:2462,H1 人闸批准；仅在本行 product_scope 内有效。
h1-include-0374,manual_include,include,issuer,issuer:TW:2464,issuer:TW:2464,-,-,-,盟立,L2,TWSE OpenAPI 上市公司基本資料（完整母集）,冻结 2026-08-28 TWSE+TPEx（不含兴柜）L2 机械母集,-,human-gate://2026-08-28/H1/issuer:TW:2464,https://openapi.twse.com.tw/v1/opendata/t187ap03_L,2026-08-28,user,2026-08-28,已裁决,l2:TWSE:2464,H1 人闸批准；仅在本行 product_scope 内有效。
h1-include-0375,manual_include,include,issuer,issuer:TW:2465,issuer:TW:2465,-,-,-,麗臺,L2,TWSE OpenAPI 上市公司基本資料（完整母集）,冻结 2026-08-28 TWSE+TPEx（不含兴柜）L2 机械母集,-,human-gate://2026-08-28/H1/issuer:TW:2465,https://openapi.twse.com.tw/v1/opendata/t187ap03_L,2026-08-28,user,2026-08-28,已裁决,l2:TWSE:2465,H1 人闸批准；仅在本行 product_scope 内有效。
h1-include-0376,manual_include,include,issuer,issuer:TW:2466,issuer:TW:2466,-,-,-,冠西電,L2,TWSE OpenAPI 上市公司基本資料（完整母集）,冻结 2026-08-28 TWSE+TPEx（不含兴柜）L2 机械母集,-,human-gate://2026-08-28/H1/issuer:TW:2466,https://openapi.twse.com.tw/v1/opendata/t187ap03_L,2026-08-28,user,2026-08-28,已裁决,l2:TWSE:2466,H1 人闸批准；仅在本行 product_scope 内有效。
h1-include-0377,manual_include,include,issuer,issuer:TW:2467,issuer:TW:2467,-,-,-,志聖,L2,TWSE OpenAPI 上市公司基本資料（完整母集）,冻结 2026-08-28 TWSE+TPEx（不含兴柜）L2 机械母集,-,human-gate://2026-08-28/H1/issuer:TW:2467,https://openapi.twse.com.tw/v1/opendata/t187ap03_L,2026-08-28,user,2026-08-28,已裁决,l2:TWSE:2467,H1 人闸批准；仅在本行 product_scope 内有效。
h1-include-0378,manual_include,include,issuer,issuer:TW:2468,issuer:TW:2468,-,-,-,華經,L2,TWSE OpenAPI 上市公司基本資料（完整母集）,冻结 2026-08-28 TWSE+TPEx（不含兴柜）L2 机械母集,-,human-gate://2026-08-28/H1/issuer:TW:2468,https://openapi.twse.com.tw/v1/opendata/t187ap03_L,2026-08-28,user,2026-08-28,已裁决,l2:TWSE:2468,H1 人闸批准；仅在本行 product_scope 内有效。
h1-include-0379,manual_include,include,issuer,issuer:TW:2471,issuer:TW:2471,-,-,-,資通,L2,TWSE OpenAPI 上市公司基本資料（完整母集）,冻结 2026-08-28 TWSE+TPEx（不含兴柜）L2 机械母集,-,human-gate://2026-08-28/H1/issuer:TW:2471,https://openapi.twse.com.tw/v1/opendata/t187ap03_L,2026-08-28,user,2026-08-28,已裁决,l2:TWSE:2471,H1 人闸批准；仅在本行 product_scope 内有效。
h1-include-0380,manual_include,include,issuer,issuer:TW:2472,issuer:TW:2472,-,-,-,立隆電,L2,TWSE OpenAPI 上市公司基本資料（完整母集）,冻结 2026-08-28 TWSE+TPEx（不含兴柜）L2 机械母集,-,human-gate://2026-08-28/H1/issuer:TW:2472,https://openapi.twse.com.tw/v1/opendata/t187ap03_L,2026-08-28,user,2026-08-28,已裁决,l2:TWSE:2472,H1 人闸批准；仅在本行 product_scope 内有效。
h1-include-0381,manual_include,include,issuer,issuer:TW:2474,issuer:TW:2474,-,-,-,可成,L2,TWSE OpenAPI 上市公司基本資料（完整母集）,冻结 2026-08-28 TWSE+TPEx（不含兴柜）L2 机械母集,-,human-gate://2026-08-28/H1/issuer:TW:2474,https://openapi.twse.com.tw/v1/opendata/t187ap03_L,2026-08-28,user,2026-08-28,已裁决,l2:TWSE:2474,H1 人闸批准；仅在本行 product_scope 内有效。
h1-include-0382,manual_include,include,issuer,issuer:TW:2476,issuer:TW:2476,-,-,-,鉅祥,L2,TWSE OpenAPI 上市公司基本資料（完整母集）,冻结 2026-08-28 TWSE+TPEx（不含兴柜）L2 机械母集,-,human-gate://2026-08-28/H1/issuer:TW:2476,https://openapi.twse.com.tw/v1/opendata/t187ap03_L,2026-08-28,user,2026-08-28,已裁决,l2:TWSE:2476,H1 人闸批准；仅在本行 product_scope 内有效。
h1-include-0383,manual_include,include,issuer,issuer:TW:2477,issuer:TW:2477,-,-,-,美隆電,L2,TWSE OpenAPI 上市公司基本資料（完整母集）,冻结 2026-08-28 TWSE+TPEx（不含兴柜）L2 机械母集,-,human-gate://2026-08-28/H1/issuer:TW:2477,https://openapi.twse.com.tw/v1/opendata/t187ap03_L,2026-08-28,user,2026-08-28,已裁决,l2:TWSE:2477,H1 人闸批准；仅在本行 product_scope 内有效。
h1-include-0384,manual_include,include,issuer,issuer:TW:2478,issuer:TW:2478,-,-,-,大毅,L2,TWSE OpenAPI 上市公司基本資料（完整母集）,冻结 2026-08-28 TWSE+TPEx（不含兴柜）L2 机械母集,-,human-gate://2026-08-28/H1/issuer:TW:2478,https://openapi.twse.com.tw/v1/opendata/t187ap03_L,2026-08-28,user,2026-08-28,已裁决,l2:TWSE:2478,H1 人闸批准；仅在本行 product_scope 内有效。
h1-include-0385,manual_include,include,issuer,issuer:TW:2480,issuer:TW:2480,-,-,-,敦陽科,L2,TWSE OpenAPI 上市公司基本資料（完整母集）,冻结 2026-08-28 TWSE+TPEx（不含兴柜）L2 机械母集,-,human-gate://2026-08-28/H1/issuer:TW:2480,https://openapi.twse.com.tw/v1/opendata/t187ap03_L,2026-08-28,user,2026-08-28,已裁决,l2:TWSE:2480,H1 人闸批准；仅在本行 product_scope 内有效。
h1-include-0386,manual_include,include,issuer,issuer:TW:2481,issuer:TW:2481,-,-,-,強茂,L2,TWSE OpenAPI 上市公司基本資料（完整母集）,冻结 2026-08-28 TWSE+TPEx（不含兴柜）L2 机械母集,-,human-gate://2026-08-28/H1/issuer:TW:2481,https://openapi.twse.com.tw/v1/opendata/t187ap03_L,2026-08-28,user,2026-08-28,已裁决,l2:TWSE:2481,H1 人闸批准；仅在本行 product_scope 内有效。
h1-include-0387,manual_include,include,issuer,issuer:TW:2482,issuer:TW:2482,-,-,-,連宇,L2,TWSE OpenAPI 上市公司基本資料（完整母集）,冻结 2026-08-28 TWSE+TPEx（不含兴柜）L2 机械母集,-,human-gate://2026-08-28/H1/issuer:TW:2482,https://openapi.twse.com.tw/v1/opendata/t187ap03_L,2026-08-28,user,2026-08-28,已裁决,l2:TWSE:2482,H1 人闸批准；仅在本行 product_scope 内有效。
h1-include-0388,manual_include,include,issuer,issuer:TW:2483,issuer:TW:2483,-,-,-,百容,L2,TWSE OpenAPI 上市公司基本資料（完整母集）,冻结 2026-08-28 TWSE+TPEx（不含兴柜）L2 机械母集,-,human-gate://2026-08-28/H1/issuer:TW:2483,https://openapi.twse.com.tw/v1/opendata/t187ap03_L,2026-08-28,user,2026-08-28,已裁决,l2:TWSE:2483,H1 人闸批准；仅在本行 product_scope 内有效。
h1-include-0389,manual_include,include,issuer,issuer:TW:2484,issuer:TW:2484,-,-,-,希華,L2,TWSE OpenAPI 上市公司基本資料（完整母集）,冻结 2026-08-28 TWSE+TPEx（不含兴柜）L2 机械母集,-,human-gate://2026-08-28/H1/issuer:TW:2484,https://openapi.twse.com.tw/v1/opendata/t187ap03_L,2026-08-28,user,2026-08-28,已裁决,l2:TWSE:2484,H1 人闸批准；仅在本行 product_scope 内有效。
h1-include-0390,manual_include,include,issuer,issuer:TW:2485,issuer:TW:2485,-,-,-,兆赫,L2,TWSE OpenAPI 上市公司基本資料（完整母集）,冻结 2026-08-28 TWSE+TPEx（不含兴柜）L2 机械母集,-,human-gate://2026-08-28/H1/issuer:TW:2485,https://openapi.twse.com.tw/v1/opendata/t187ap03_L,2026-08-28,user,2026-08-28,已裁决,l2:TWSE:2485,H1 人闸批准；仅在本行 product_scope 内有效。
h1-include-0391,manual_include,include,issuer,issuer:TW:2486,issuer:TW:2486,-,-,-,一詮,L2,TWSE OpenAPI 上市公司基本資料（完整母集）,冻结 2026-08-28 TWSE+TPEx（不含兴柜）L2 机械母集,-,human-gate://2026-08-28/H1/issuer:TW:2486,https://openapi.twse.com.tw/v1/opendata/t187ap03_L,2026-08-28,user,2026-08-28,已裁决,l2:TWSE:2486,H1 人闸批准；仅在本行 product_scope 内有效。
h1-include-0392,manual_include,include,issuer,issuer:TW:2488,issuer:TW:2488,-,-,-,漢平,L2,TWSE OpenAPI 上市公司基本資料（完整母集）,冻结 2026-08-28 TWSE+TPEx（不含兴柜）L2 机械母集,-,human-gate://2026-08-28/H1/issuer:TW:2488,https://openapi.twse.com.tw/v1/opendata/t187ap03_L,2026-08-28,user,2026-08-28,已裁决,l2:TWSE:2488,H1 人闸批准；仅在本行 product_scope 内有效。
h1-include-0393,manual_include,include,issuer,issuer:TW:2489,issuer:TW:2489,-,-,-,瑞軒,L2,TWSE OpenAPI 上市公司基本資料（完整母集）,冻结 2026-08-28 TWSE+TPEx（不含兴柜）L2 机械母集,-,human-gate://2026-08-28/H1/issuer:TW:2489,https://openapi.twse.com.tw/v1/opendata/t187ap03_L,2026-08-28,user,2026-08-28,已裁决,l2:TWSE:2489,H1 人闸批准；仅在本行 product_scope 内有效。
h1-include-0394,manual_include,include,issuer,issuer:TW:2491,issuer:TW:2491,-,-,-,吉祥全,L2,TWSE OpenAPI 上市公司基本資料（完整母集）,冻结 2026-08-28 TWSE+TPEx（不含兴柜）L2 机械母集,-,human-gate://2026-08-28/H1/issuer:TW:2491,https://openapi.twse.com.tw/v1/opendata/t187ap03_L,2026-08-28,user,2026-08-28,已裁决,l2:TWSE:2491,H1 人闸批准；仅在本行 product_scope 内有效。
h1-include-0395,manual_include,include,issuer,issuer:TW:2492,issuer:TW:2492,-,-,-,華新科,L2,TWSE OpenAPI 上市公司基本資料（完整母集）,冻结 2026-08-28 TWSE+TPEx（不含兴柜）L2 机械母集,-,human-gate://2026-08-28/H1/issuer:TW:2492,https://openapi.twse.com.tw/v1/opendata/t187ap03_L,2026-08-28,user,2026-08-28,已裁决,l2:TWSE:2492,H1 人闸批准；仅在本行 product_scope 内有效。
h1-include-0396,manual_include,include,issuer,issuer:TW:2493,issuer:TW:2493,-,-,-,揚博,L2,TWSE OpenAPI 上市公司基本資料（完整母集）,冻结 2026-08-28 TWSE+TPEx（不含兴柜）L2 机械母集,-,human-gate://2026-08-28/H1/issuer:TW:2493,https://openapi.twse.com.tw/v1/opendata/t187ap03_L,2026-08-28,user,2026-08-28,已裁决,l2:TWSE:2493,H1 人闸批准；仅在本行 product_scope 内有效。
h1-include-0397,manual_include,include,issuer,issuer:TW:2495,issuer:TW:2495,-,-,-,普安,L2,TWSE OpenAPI 上市公司基本資料（完整母集）,冻结 2026-08-28 TWSE+TPEx（不含兴柜）L2 机械母集,-,human-gate://2026-08-28/H1/issuer:TW:2495,https://openapi.twse.com.tw/v1/opendata/t187ap03_L,2026-08-28,user,2026-08-28,已裁决,l2:TWSE:2495,H1 人闸批准；仅在本行 product_scope 内有效。
h1-include-0398,manual_include,include,issuer,issuer:TW:2496,issuer:TW:2496,-,-,-,卓越,L2,TWSE OpenAPI 上市公司基本資料（完整母集）,冻结 2026-08-28 TWSE+TPEx（不含兴柜）L2 机械母集,-,human-gate://2026-08-28/H1/issuer:TW:2496,https://openapi.twse.com.tw/v1/opendata/t187ap03_L,2026-08-28,user,2026-08-28,已裁决,l2:TWSE:2496,H1 人闸批准；仅在本行 product_scope 内有效。
h1-include-0399,manual_include,include,issuer,issuer:TW:2497,issuer:TW:2497,-,-,-,怡利電,L2,TWSE OpenAPI 上市公司基本資料（完整母集）,冻结 2026-08-28 TWSE+TPEx（不含兴柜）L2 机械母集,-,human-gate://2026-08-28/H1/issuer:TW:2497,https://openapi.twse.com.tw/v1/opendata/t187ap03_L,2026-08-28,user,2026-08-28,已裁决,l2:TWSE:2497,H1 人闸批准；仅在本行 product_scope 内有效。
h1-include-0400,manual_include,include,issuer,issuer:TW:2498,issuer:TW:2498,-,-,-,宏達電,L2,TWSE OpenAPI 上市公司基本資料（完整母集）,冻结 2026-08-28 TWSE+TPEx（不含兴柜）L2 机械母集,-,human-gate://2026-08-28/H1/issuer:TW:2498,https://openapi.twse.com.tw/v1/opendata/t187ap03_L,2026-08-28,user,2026-08-28,已裁决,l2:TWSE:2498,H1 人闸批准；仅在本行 product_scope 内有效。
h1-include-0401,manual_include,include,issuer,issuer:TW:2501,issuer:TW:2501,-,-,-,國建,L2,TWSE OpenAPI 上市公司基本資料（完整母集）,冻结 2026-08-28 TWSE+TPEx（不含兴柜）L2 机械母集,-,human-gate://2026-08-28/H1/issuer:TW:2501,https://openapi.twse.com.tw/v1/opendata/t187ap03_L,2026-08-28,user,2026-08-28,已裁决,l2:TWSE:2501,H1 人闸批准；仅在本行 product_scope 内有效。
h1-include-0402,manual_include,include,issuer,issuer:TW:2504,issuer:TW:2504,-,-,-,國產,L2,TWSE OpenAPI 上市公司基本資料（完整母集）,冻结 2026-08-28 TWSE+TPEx（不含兴柜）L2 机械母集,-,human-gate://2026-08-28/H1/issuer:TW:2504,https://openapi.twse.com.tw/v1/opendata/t187ap03_L,2026-08-28,user,2026-08-28,已裁决,l2:TWSE:2504,H1 人闸批准；仅在本行 product_scope 内有效。
h1-include-0403,manual_include,include,issuer,issuer:TW:2505,issuer:TW:2505,-,-,-,國揚,L2,TWSE OpenAPI 上市公司基本資料（完整母集）,冻结 2026-08-28 TWSE+TPEx（不含兴柜）L2 机械母集,-,human-gate://2026-08-28/H1/issuer:TW:2505,https://openapi.twse.com.tw/v1/opendata/t187ap03_L,2026-08-28,user,2026-08-28,已裁决,l2:TWSE:2505,H1 人闸批准；仅在本行 product_scope 内有效。
h1-include-0404,manual_include,include,issuer,issuer:TW:2506,issuer:TW:2506,-,-,-,太設,L2,TWSE OpenAPI 上市公司基本資料（完整母集）,冻结 2026-08-28 TWSE+TPEx（不含兴柜）L2 机械母集,-,human-gate://2026-08-28/H1/issuer:TW:2506,https://openapi.twse.com.tw/v1/opendata/t187ap03_L,2026-08-28,user,2026-08-28,已裁决,l2:TWSE:2506,H1 人闸批准；仅在本行 product_scope 内有效。
h1-include-0405,manual_include,include,issuer,issuer:TW:2509,issuer:TW:2509,-,-,-,全坤建,L2,TWSE OpenAPI 上市公司基本資料（完整母集）,冻结 2026-08-28 TWSE+TPEx（不含兴柜）L2 机械母集,-,human-gate://2026-08-28/H1/issuer:TW:2509,https://openapi.twse.com.tw/v1/opendata/t187ap03_L,2026-08-28,user,2026-08-28,已裁决,l2:TWSE:2509,H1 人闸批准；仅在本行 product_scope 内有效。
h1-include-0406,manual_include,include,issuer,issuer:TW:2511,issuer:TW:2511,-,-,-,太子,L2,TWSE OpenAPI 上市公司基本資料（完整母集）,冻结 2026-08-28 TWSE+TPEx（不含兴柜）L2 机械母集,-,human-gate://2026-08-28/H1/issuer:TW:2511,https://openapi.twse.com.tw/v1/opendata/t187ap03_L,2026-08-28,user,2026-08-28,已裁决,l2:TWSE:2511,H1 人闸批准；仅在本行 product_scope 内有效。
h1-include-0407,manual_include,include,issuer,issuer:TW:2514,issuer:TW:2514,-,-,-,龍邦,L2,TWSE OpenAPI 上市公司基本資料（完整母集）,冻结 2026-08-28 TWSE+TPEx（不含兴柜）L2 机械母集,-,human-gate://2026-08-28/H1/issuer:TW:2514,https://openapi.twse.com.tw/v1/opendata/t187ap03_L,2026-08-28,user,2026-08-28,已裁决,l2:TWSE:2514,H1 人闸批准；仅在本行 product_scope 内有效。
h1-include-0408,manual_include,include,issuer,issuer:TW:2515,issuer:TW:2515,-,-,-,中工,L2,TWSE OpenAPI 上市公司基本資料（完整母集）,冻结 2026-08-28 TWSE+TPEx（不含兴柜）L2 机械母集,-,human-gate://2026-08-28/H1/issuer:TW:2515,https://openapi.twse.com.tw/v1/opendata/t187ap03_L,2026-08-28,user,2026-08-28,已裁决,l2:TWSE:2515,H1 人闸批准；仅在本行 product_scope 内有效。
h1-include-0409,manual_include,include,issuer,issuer:TW:2516,issuer:TW:2516,-,-,-,新建,L2,TWSE OpenAPI 上市公司基本資料（完整母集）,冻结 2026-08-28 TWSE+TPEx（不含兴柜）L2 机械母集,-,human-gate://2026-08-28/H1/issuer:TW:2516,https://openapi.twse.com.tw/v1/opendata/t187ap03_L,2026-08-28,user,2026-08-28,已裁决,l2:TWSE:2516,H1 人闸批准；仅在本行 product_scope 内有效。
h1-include-0410,manual_include,include,issuer,issuer:TW:2520,issuer:TW:2520,-,-,-,冠德,L2,TWSE OpenAPI 上市公司基本資料（完整母集）,冻结 2026-08-28 TWSE+TPEx（不含兴柜）L2 机械母集,-,human-gate://2026-08-28/H1/issuer:TW:2520,https://openapi.twse.com.tw/v1/opendata/t187ap03_L,2026-08-28,user,2026-08-28,已裁决,l2:TWSE:2520,H1 人闸批准；仅在本行 product_scope 内有效。
h1-include-0411,manual_include,include,issuer,issuer:TW:2524,issuer:TW:2524,-,-,-,京城,L2,TWSE OpenAPI 上市公司基本資料（完整母集）,冻结 2026-08-28 TWSE+TPEx（不含兴柜）L2 机械母集,-,human-gate://2026-08-28/H1/issuer:TW:2524,https://openapi.twse.com.tw/v1/opendata/t187ap03_L,2026-08-28,user,2026-08-28,已裁决,l2:TWSE:2524,H1 人闸批准；仅在本行 product_scope 内有效。
h1-include-0412,manual_include,include,issuer,issuer:TW:2527,issuer:TW:2527,-,-,-,宏璟,L2,TWSE OpenAPI 上市公司基本資料（完整母集）,冻结 2026-08-28 TWSE+TPEx（不含兴柜）L2 机械母集,-,human-gate://2026-08-28/H1/issuer:TW:2527,https://openapi.twse.com.tw/v1/opendata/t187ap03_L,2026-08-28,user,2026-08-28,已裁决,l2:TWSE:2527,H1 人闸批准；仅在本行 product_scope 内有效。
h1-include-0413,manual_include,include,issuer,issuer:TW:2528,issuer:TW:2528,-,-,-,皇普,L2,TWSE OpenAPI 上市公司基本資料（完整母集）,冻结 2026-08-28 TWSE+TPEx（不含兴柜）L2 机械母集,-,human-gate://2026-08-28/H1/issuer:TW:2528,https://openapi.twse.com.tw/v1/opendata/t187ap03_L,2026-08-28,user,2026-08-28,已裁决,l2:TWSE:2528,H1 人闸批准；仅在本行 product_scope 内有效。
h1-include-0414,manual_include,include,issuer,issuer:TW:2530,issuer:TW:2530,-,-,-,華建,L2,TWSE OpenAPI 上市公司基本資料（完整母集）,冻结 2026-08-28 TWSE+TPEx（不含兴柜）L2 机械母集,-,human-gate://2026-08-28/H1/issuer:TW:2530,https://openapi.twse.com.tw/v1/opendata/t187ap03_L,2026-08-28,user,2026-08-28,已裁决,l2:TWSE:2530,H1 人闸批准；仅在本行 product_scope 内有效。
h1-include-0415,manual_include,include,issuer,issuer:TW:2534,issuer:TW:2534,-,-,-,宏盛,L2,TWSE OpenAPI 上市公司基本資料（完整母集）,冻结 2026-08-28 TWSE+TPEx（不含兴柜）L2 机械母集,-,human-gate://2026-08-28/H1/issuer:TW:2534,https://openapi.twse.com.tw/v1/opendata/t187ap03_L,2026-08-28,user,2026-08-28,已裁决,l2:TWSE:2534,H1 人闸批准；仅在本行 product_scope 内有效。
h1-include-0416,manual_include,include,issuer,issuer:TW:2535,issuer:TW:2535,-,-,-,達欣工,L2,TWSE OpenAPI 上市公司基本資料（完整母集）,冻结 2026-08-28 TWSE+TPEx（不含兴柜）L2 机械母集,-,human-gate://2026-08-28/H1/issuer:TW:2535,https://openapi.twse.com.tw/v1/opendata/t187ap03_L,2026-08-28,user,2026-08-28,已裁决,l2:TWSE:2535,H1 人闸批准；仅在本行 product_scope 内有效。
h1-include-0417,manual_include,include,issuer,issuer:TW:2536,issuer:TW:2536,-,-,-,宏普,L2,TWSE OpenAPI 上市公司基本資料（完整母集）,冻结 2026-08-28 TWSE+TPEx（不含兴柜）L2 机械母集,-,human-gate://2026-08-28/H1/issuer:TW:2536,https://openapi.twse.com.tw/v1/opendata/t187ap03_L,2026-08-28,user,2026-08-28,已裁决,l2:TWSE:2536,H1 人闸批准；仅在本行 product_scope 内有效。
h1-include-0418,manual_include,include,issuer,issuer:TW:2537,issuer:TW:2537,-,-,-,聯上發,L2,TWSE OpenAPI 上市公司基本資料（完整母集）,冻结 2026-08-28 TWSE+TPEx（不含兴柜）L2 机械母集,-,human-gate://2026-08-28/H1/issuer:TW:2537,https://openapi.twse.com.tw/v1/opendata/t187ap03_L,2026-08-28,user,2026-08-28,已裁决,l2:TWSE:2537,H1 人闸批准；仅在本行 product_scope 内有效。
h1-include-0419,manual_include,include,issuer,issuer:TW:2538,issuer:TW:2538,-,-,-,基泰,L2,TWSE OpenAPI 上市公司基本資料（完整母集）,冻结 2026-08-28 TWSE+TPEx（不含兴柜）L2 机械母集,-,human-gate://2026-08-28/H1/issuer:TW:2538,https://openapi.twse.com.tw/v1/opendata/t187ap03_L,2026-08-28,user,2026-08-28,已裁决,l2:TWSE:2538,H1 人闸批准；仅在本行 product_scope 内有效。
h1-include-0420,manual_include,include,issuer,issuer:TW:2539,issuer:TW:2539,-,-,-,櫻花建,L2,TWSE OpenAPI 上市公司基本資料（完整母集）,冻结 2026-08-28 TWSE+TPEx（不含兴柜）L2 机械母集,-,human-gate://2026-08-28/H1/issuer:TW:2539,https://openapi.twse.com.tw/v1/opendata/t187ap03_L,2026-08-28,user,2026-08-28,已裁决,l2:TWSE:2539,H1 人闸批准；仅在本行 product_scope 内有效。
h1-include-0421,manual_include,include,issuer,issuer:TW:2540,issuer:TW:2540,-,-,-,愛山林,L2,TWSE OpenAPI 上市公司基本資料（完整母集）,冻结 2026-08-28 TWSE+TPEx（不含兴柜）L2 机械母集,-,human-gate://2026-08-28/H1/issuer:TW:2540,https://openapi.twse.com.tw/v1/opendata/t187ap03_L,2026-08-28,user,2026-08-28,已裁决,l2:TWSE:2540,H1 人闸批准；仅在本行 product_scope 内有效。
h1-include-0422,manual_include,include,issuer,issuer:TW:2542,issuer:TW:2542,-,-,-,興富發,L2,TWSE OpenAPI 上市公司基本資料（完整母集）,冻结 2026-08-28 TWSE+TPEx（不含兴柜）L2 机械母集,-,human-gate://2026-08-28/H1/issuer:TW:2542,https://openapi.twse.com.tw/v1/opendata/t187ap03_L,2026-08-28,user,2026-08-28,已裁决,l2:TWSE:2542,H1 人闸批准；仅在本行 product_scope 内有效。
h1-include-0423,manual_include,include,issuer,issuer:TW:2543,issuer:TW:2543,-,-,-,皇昌,L2,TWSE OpenAPI 上市公司基本資料（完整母集）,冻结 2026-08-28 TWSE+TPEx（不含兴柜）L2 机械母集,-,human-gate://2026-08-28/H1/issuer:TW:2543,https://openapi.twse.com.tw/v1/opendata/t187ap03_L,2026-08-28,user,2026-08-28,已裁决,l2:TWSE:2543,H1 人闸批准；仅在本行 product_scope 内有效。
h1-include-0424,manual_include,include,issuer,issuer:TW:2545,issuer:TW:2545,-,-,-,皇翔,L2,TWSE OpenAPI 上市公司基本資料（完整母集）,冻结 2026-08-28 TWSE+TPEx（不含兴柜）L2 机械母集,-,human-gate://2026-08-28/H1/issuer:TW:2545,https://openapi.twse.com.tw/v1/opendata/t187ap03_L,2026-08-28,user,2026-08-28,已裁决,l2:TWSE:2545,H1 人闸批准；仅在本行 product_scope 内有效。
h1-include-0425,manual_include,include,issuer,issuer:TW:2546,issuer:TW:2546,-,-,-,根基,L2,TWSE OpenAPI 上市公司基本資料（完整母集）,冻结 2026-08-28 TWSE+TPEx（不含兴柜）L2 机械母集,-,human-gate://2026-08-28/H1/issuer:TW:2546,https://openapi.twse.com.tw/v1/opendata/t187ap03_L,2026-08-28,user,2026-08-28,已裁决,l2:TWSE:2546,H1 人闸批准；仅在本行 product_scope 内有效。
h1-include-0426,manual_include,include,issuer,issuer:TW:2547,issuer:TW:2547,-,-,-,日勝生,L2,TWSE OpenAPI 上市公司基本資料（完整母集）,冻结 2026-08-28 TWSE+TPEx（不含兴柜）L2 机械母集,-,human-gate://2026-08-28/H1/issuer:TW:2547,https://openapi.twse.com.tw/v1/opendata/t187ap03_L,2026-08-28,user,2026-08-28,已裁决,l2:TWSE:2547,H1 人闸批准；仅在本行 product_scope 内有效。
h1-include-0427,manual_include,include,issuer,issuer:TW:2548,issuer:TW:2548,-,-,-,華固,L2,TWSE OpenAPI 上市公司基本資料（完整母集）,冻结 2026-08-28 TWSE+TPEx（不含兴柜）L2 机械母集,-,human-gate://2026-08-28/H1/issuer:TW:2548,https://openapi.twse.com.tw/v1/opendata/t187ap03_L,2026-08-28,user,2026-08-28,已裁决,l2:TWSE:2548,H1 人闸批准；仅在本行 product_scope 内有效。
h1-include-0428,manual_include,include,issuer,issuer:TW:2597,issuer:TW:2597,-,-,-,潤弘,L2,TWSE OpenAPI 上市公司基本資料（完整母集）,冻结 2026-08-28 TWSE+TPEx（不含兴柜）L2 机械母集,-,human-gate://2026-08-28/H1/issuer:TW:2597,https://openapi.twse.com.tw/v1/opendata/t187ap03_L,2026-08-28,user,2026-08-28,已裁决,l2:TWSE:2597,H1 人闸批准；仅在本行 product_scope 内有效。
h1-include-0429,manual_include,include,issuer,issuer:TW:2601,issuer:TW:2601,-,-,-,益航,L2,TWSE OpenAPI 上市公司基本資料（完整母集）,冻结 2026-08-28 TWSE+TPEx（不含兴柜）L2 机械母集,-,human-gate://2026-08-28/H1/issuer:TW:2601,https://openapi.twse.com.tw/v1/opendata/t187ap03_L,2026-08-28,user,2026-08-28,已裁决,l2:TWSE:2601,H1 人闸批准；仅在本行 product_scope 内有效。
h1-include-0430,manual_include,include,issuer,issuer:TW:2603,issuer:TW:2603,-,-,-,長榮,L2,TWSE OpenAPI 上市公司基本資料（完整母集）,冻结 2026-08-28 TWSE+TPEx（不含兴柜）L2 机械母集,-,human-gate://2026-08-28/H1/issuer:TW:2603,https://openapi.twse.com.tw/v1/opendata/t187ap03_L,2026-08-28,user,2026-08-28,已裁决,l2:TWSE:2603,H1 人闸批准；仅在本行 product_scope 内有效。
h1-include-0431,manual_include,include,issuer,issuer:TW:2605,issuer:TW:2605,-,-,-,新興,L2,TWSE OpenAPI 上市公司基本資料（完整母集）,冻结 2026-08-28 TWSE+TPEx（不含兴柜）L2 机械母集,-,human-gate://2026-08-28/H1/issuer:TW:2605,https://openapi.twse.com.tw/v1/opendata/t187ap03_L,2026-08-28,user,2026-08-28,已裁决,l2:TWSE:2605,H1 人闸批准；仅在本行 product_scope 内有效。
h1-include-0432,manual_include,include,issuer,issuer:TW:2606,issuer:TW:2606,-,-,-,裕民,L2,TWSE OpenAPI 上市公司基本資料（完整母集）,冻结 2026-08-28 TWSE+TPEx（不含兴柜）L2 机械母集,-,human-gate://2026-08-28/H1/issuer:TW:2606,https://openapi.twse.com.tw/v1/opendata/t187ap03_L,2026-08-28,user,2026-08-28,已裁决,l2:TWSE:2606,H1 人闸批准；仅在本行 product_scope 内有效。
h1-include-0433,manual_include,include,issuer,issuer:TW:2607,issuer:TW:2607,-,-,-,榮運,L2,TWSE OpenAPI 上市公司基本資料（完整母集）,冻结 2026-08-28 TWSE+TPEx（不含兴柜）L2 机械母集,-,human-gate://2026-08-28/H1/issuer:TW:2607,https://openapi.twse.com.tw/v1/opendata/t187ap03_L,2026-08-28,user,2026-08-28,已裁决,l2:TWSE:2607,H1 人闸批准；仅在本行 product_scope 内有效。
h1-include-0434,manual_include,include,issuer,issuer:TW:2608,issuer:TW:2608,-,-,-,嘉里大榮,L2,TWSE OpenAPI 上市公司基本資料（完整母集）,冻结 2026-08-28 TWSE+TPEx（不含兴柜）L2 机械母集,-,human-gate://2026-08-28/H1/issuer:TW:2608,https://openapi.twse.com.tw/v1/opendata/t187ap03_L,2026-08-28,user,2026-08-28,已裁决,l2:TWSE:2608,H1 人闸批准；仅在本行 product_scope 内有效。
h1-include-0435,manual_include,include,issuer,issuer:TW:2609,issuer:TW:2609,-,-,-,陽明,L2,TWSE OpenAPI 上市公司基本資料（完整母集）,冻结 2026-08-28 TWSE+TPEx（不含兴柜）L2 机械母集,-,human-gate://2026-08-28/H1/issuer:TW:2609,https://openapi.twse.com.tw/v1/opendata/t187ap03_L,2026-08-28,user,2026-08-28,已裁决,l2:TWSE:2609,H1 人闸批准；仅在本行 product_scope 内有效。
h1-include-0436,manual_include,include,issuer,issuer:TW:2610,issuer:TW:2610,-,-,-,華航,L2,TWSE OpenAPI 上市公司基本資料（完整母集）,冻结 2026-08-28 TWSE+TPEx（不含兴柜）L2 机械母集,-,human-gate://2026-08-28/H1/issuer:TW:2610,https://openapi.twse.com.tw/v1/opendata/t187ap03_L,2026-08-28,user,2026-08-28,已裁决,l2:TWSE:2610,H1 人闸批准；仅在本行 product_scope 内有效。
h1-include-0437,manual_include,include,issuer,issuer:TW:2611,issuer:TW:2611,-,-,-,志信,L2,TWSE OpenAPI 上市公司基本資料（完整母集）,冻结 2026-08-28 TWSE+TPEx（不含兴柜）L2 机械母集,-,human-gate://2026-08-28/H1/issuer:TW:2611,https://openapi.twse.com.tw/v1/opendata/t187ap03_L,2026-08-28,user,2026-08-28,已裁决,l2:TWSE:2611,H1 人闸批准；仅在本行 product_scope 内有效。
h1-include-0438,manual_include,include,issuer,issuer:TW:2612,issuer:TW:2612,-,-,-,中航,L2,TWSE OpenAPI 上市公司基本資料（完整母集）,冻结 2026-08-28 TWSE+TPEx（不含兴柜）L2 机械母集,-,human-gate://2026-08-28/H1/issuer:TW:2612,https://openapi.twse.com.tw/v1/opendata/t187ap03_L,2026-08-28,user,2026-08-28,已裁决,l2:TWSE:2612,H1 人闸批准；仅在本行 product_scope 内有效。
h1-include-0439,manual_include,include,issuer,issuer:TW:2613,issuer:TW:2613,-,-,-,中櫃,L2,TWSE OpenAPI 上市公司基本資料（完整母集）,冻结 2026-08-28 TWSE+TPEx（不含兴柜）L2 机械母集,-,human-gate://2026-08-28/H1/issuer:TW:2613,https://openapi.twse.com.tw/v1/opendata/t187ap03_L,2026-08-28,user,2026-08-28,已裁决,l2:TWSE:2613,H1 人闸批准；仅在本行 product_scope 内有效。
h1-include-0440,manual_include,include,issuer,issuer:TW:2614,issuer:TW:2614,-,-,-,東森,L2,TWSE OpenAPI 上市公司基本資料（完整母集）,冻结 2026-08-28 TWSE+TPEx（不含兴柜）L2 机械母集,-,human-gate://2026-08-28/H1/issuer:TW:2614,https://openapi.twse.com.tw/v1/opendata/t187ap03_L,2026-08-28,user,2026-08-28,已裁决,l2:TWSE:2614,H1 人闸批准；仅在本行 product_scope 内有效。
h1-include-0441,manual_include,include,issuer,issuer:TW:2615,issuer:TW:2615,-,-,-,萬海,L2,TWSE OpenAPI 上市公司基本資料（完整母集）,冻结 2026-08-28 TWSE+TPEx（不含兴柜）L2 机械母集,-,human-gate://2026-08-28/H1/issuer:TW:2615,https://openapi.twse.com.tw/v1/opendata/t187ap03_L,2026-08-28,user,2026-08-28,已裁决,l2:TWSE:2615,H1 人闸批准；仅在本行 product_scope 内有效。
h1-include-0442,manual_include,include,issuer,issuer:TW:2616,issuer:TW:2616,-,-,-,山隆,L2,TWSE OpenAPI 上市公司基本資料（完整母集）,冻结 2026-08-28 TWSE+TPEx（不含兴柜）L2 机械母集,-,human-gate://2026-08-28/H1/issuer:TW:2616,https://openapi.twse.com.tw/v1/opendata/t187ap03_L,2026-08-28,user,2026-08-28,已裁决,l2:TWSE:2616,H1 人闸批准；仅在本行 product_scope 内有效。
h1-include-0443,manual_include,include,issuer,issuer:TW:2617,issuer:TW:2617,-,-,-,台航,L2,TWSE OpenAPI 上市公司基本資料（完整母集）,冻结 2026-08-28 TWSE+TPEx（不含兴柜）L2 机械母集,-,human-gate://2026-08-28/H1/issuer:TW:2617,https://openapi.twse.com.tw/v1/opendata/t187ap03_L,2026-08-28,user,2026-08-28,已裁决,l2:TWSE:2617,H1 人闸批准；仅在本行 product_scope 内有效。
h1-include-0444,manual_include,include,issuer,issuer:TW:2618,issuer:TW:2618,-,-,-,長榮航,L2,TWSE OpenAPI 上市公司基本資料（完整母集）,冻结 2026-08-28 TWSE+TPEx（不含兴柜）L2 机械母集,-,human-gate://2026-08-28/H1/issuer:TW:2618,https://openapi.twse.com.tw/v1/opendata/t187ap03_L,2026-08-28,user,2026-08-28,已裁决,l2:TWSE:2618,H1 人闸批准；仅在本行 product_scope 内有效。
h1-include-0445,manual_include,include,issuer,issuer:TW:2630,issuer:TW:2630,-,-,-,亞航,L2,TWSE OpenAPI 上市公司基本資料（完整母集）,冻结 2026-08-28 TWSE+TPEx（不含兴柜）L2 机械母集,-,human-gate://2026-08-28/H1/issuer:TW:2630,https://openapi.twse.com.tw/v1/opendata/t187ap03_L,2026-08-28,user,2026-08-28,已裁决,l2:TWSE:2630,H1 人闸批准；仅在本行 product_scope 内有效。
h1-include-0446,manual_include,include,issuer,issuer:TW:2633,issuer:TW:2633,-,-,-,台灣高鐵,L2,TWSE OpenAPI 上市公司基本資料（完整母集）,冻结 2026-08-28 TWSE+TPEx（不含兴柜）L2 机械母集,-,human-gate://2026-08-28/H1/issuer:TW:2633,https://openapi.twse.com.tw/v1/opendata/t187ap03_L,2026-08-28,user,2026-08-28,已裁决,l2:TWSE:2633,H1 人闸批准；仅在本行 product_scope 内有效。
h1-include-0447,manual_include,include,issuer,issuer:TW:2634,issuer:TW:2634,-,-,-,漢翔,L2,TWSE OpenAPI 上市公司基本資料（完整母集）,冻结 2026-08-28 TWSE+TPEx（不含兴柜）L2 机械母集,-,human-gate://2026-08-28/H1/issuer:TW:2634,https://openapi.twse.com.tw/v1/opendata/t187ap03_L,2026-08-28,user,2026-08-28,已裁决,l2:TWSE:2634,H1 人闸批准；仅在本行 product_scope 内有效。
h1-include-0448,manual_include,include,issuer,issuer:TW:2636,issuer:TW:2636,-,-,-,台驊控股,L2,TWSE OpenAPI 上市公司基本資料（完整母集）,冻结 2026-08-28 TWSE+TPEx（不含兴柜）L2 机械母集,-,human-gate://2026-08-28/H1/issuer:TW:2636,https://openapi.twse.com.tw/v1/opendata/t187ap03_L,2026-08-28,user,2026-08-28,已裁决,l2:TWSE:2636,H1 人闸批准；仅在本行 product_scope 内有效。
h1-include-0449,manual_include,include,issuer,issuer:TW:2637,issuer:TW:2637,-,-,-,慧洋-KY,L2,TWSE OpenAPI 上市公司基本資料（完整母集）,冻结 2026-08-28 TWSE+TPEx（不含兴柜）L2 机械母集,-,human-gate://2026-08-28/H1/issuer:TW:2637,https://openapi.twse.com.tw/v1/opendata/t187ap03_L,2026-08-28,user,2026-08-28,已裁决,l2:TWSE:2637,H1 人闸批准；仅在本行 product_scope 内有效。
h1-include-0450,manual_include,include,issuer,issuer:TW:2642,issuer:TW:2642,-,-,-,宅配通,L2,TWSE OpenAPI 上市公司基本資料（完整母集）,冻结 2026-08-28 TWSE+TPEx（不含兴柜）L2 机械母集,-,human-gate://2026-08-28/H1/issuer:TW:2642,https://openapi.twse.com.tw/v1/opendata/t187ap03_L,2026-08-28,user,2026-08-28,已裁决,l2:TWSE:2642,H1 人闸批准；仅在本行 product_scope 内有效。
h1-include-0451,manual_include,include,issuer,issuer:TW:2645,issuer:TW:2645,-,-,-,長榮航太,L2,TWSE OpenAPI 上市公司基本資料（完整母集）,冻结 2026-08-28 TWSE+TPEx（不含兴柜）L2 机械母集,-,human-gate://2026-08-28/H1/issuer:TW:2645,https://openapi.twse.com.tw/v1/opendata/t187ap03_L,2026-08-28,user,2026-08-28,已裁决,l2:TWSE:2645,H1 人闸批准；仅在本行 product_scope 内有效。
h1-include-0452,manual_include,include,issuer,issuer:TW:2646,issuer:TW:2646,-,-,-,星宇航空,L2,TWSE OpenAPI 上市公司基本資料（完整母集）,冻结 2026-08-28 TWSE+TPEx（不含兴柜）L2 机械母集,-,human-gate://2026-08-28/H1/issuer:TW:2646,https://openapi.twse.com.tw/v1/opendata/t187ap03_L,2026-08-28,user,2026-08-28,已裁决,l2:TWSE:2646,H1 人闸批准；仅在本行 product_scope 内有效。
h1-include-0453,manual_include,include,issuer,issuer:TW:2701,issuer:TW:2701,-,-,-,萬企,L2,TWSE OpenAPI 上市公司基本資料（完整母集）,冻结 2026-08-28 TWSE+TPEx（不含兴柜）L2 机械母集,-,human-gate://2026-08-28/H1/issuer:TW:2701,https://openapi.twse.com.tw/v1/opendata/t187ap03_L,2026-08-28,user,2026-08-28,已裁决,l2:TWSE:2701,H1 人闸批准；仅在本行 product_scope 内有效。
h1-include-0454,manual_include,include,issuer,issuer:TW:2702,issuer:TW:2702,-,-,-,華園,L2,TWSE OpenAPI 上市公司基本資料（完整母集）,冻结 2026-08-28 TWSE+TPEx（不含兴柜）L2 机械母集,-,human-gate://2026-08-28/H1/issuer:TW:2702,https://openapi.twse.com.tw/v1/opendata/t187ap03_L,2026-08-28,user,2026-08-28,已裁决,l2:TWSE:2702,H1 人闸批准；仅在本行 product_scope 内有效。
h1-include-0455,manual_include,include,issuer,issuer:TW:2704,issuer:TW:2704,-,-,-,國賓,L2,TWSE OpenAPI 上市公司基本資料（完整母集）,冻结 2026-08-28 TWSE+TPEx（不含兴柜）L2 机械母集,-,human-gate://2026-08-28/H1/issuer:TW:2704,https://openapi.twse.com.tw/v1/opendata/t187ap03_L,2026-08-28,user,2026-08-28,已裁决,l2:TWSE:2704,H1 人闸批准；仅在本行 product_scope 内有效。
h1-include-0456,manual_include,include,issuer,issuer:TW:2705,issuer:TW:2705,-,-,-,六福,L2,TWSE OpenAPI 上市公司基本資料（完整母集）,冻结 2026-08-28 TWSE+TPEx（不含兴柜）L2 机械母集,-,human-gate://2026-08-28/H1/issuer:TW:2705,https://openapi.twse.com.tw/v1/opendata/t187ap03_L,2026-08-28,user,2026-08-28,已裁决,l2:TWSE:2705,H1 人闸批准；仅在本行 product_scope 内有效。
h1-include-0457,manual_include,include,issuer,issuer:TW:2706,issuer:TW:2706,-,-,-,第一店,L2,TWSE OpenAPI 上市公司基本資料（完整母集）,冻结 2026-08-28 TWSE+TPEx（不含兴柜）L2 机械母集,-,human-gate://2026-08-28/H1/issuer:TW:2706,https://openapi.twse.com.tw/v1/opendata/t187ap03_L,2026-08-28,user,2026-08-28,已裁决,l2:TWSE:2706,H1 人闸批准；仅在本行 product_scope 内有效。
h1-include-0458,manual_include,include,issuer,issuer:TW:2707,issuer:TW:2707,-,-,-,晶華,L2,TWSE OpenAPI 上市公司基本資料（完整母集）,冻结 2026-08-28 TWSE+TPEx（不含兴柜）L2 机械母集,-,human-gate://2026-08-28/H1/issuer:TW:2707,https://openapi.twse.com.tw/v1/opendata/t187ap03_L,2026-08-28,user,2026-08-28,已裁决,l2:TWSE:2707,H1 人闸批准；仅在本行 product_scope 内有效。
h1-include-0459,manual_include,include,issuer,issuer:TW:2712,issuer:TW:2712,-,-,-,遠雄來,L2,TWSE OpenAPI 上市公司基本資料（完整母集）,冻结 2026-08-28 TWSE+TPEx（不含兴柜）L2 机械母集,-,human-gate://2026-08-28/H1/issuer:TW:2712,https://openapi.twse.com.tw/v1/opendata/t187ap03_L,2026-08-28,user,2026-08-28,已裁决,l2:TWSE:2712,H1 人闸批准；仅在本行 product_scope 内有效。
h1-include-0460,manual_include,include,issuer,issuer:TW:2722,issuer:TW:2722,-,-,-,夏都,L2,TWSE OpenAPI 上市公司基本資料（完整母集）,冻结 2026-08-28 TWSE+TPEx（不含兴柜）L2 机械母集,-,human-gate://2026-08-28/H1/issuer:TW:2722,https://openapi.twse.com.tw/v1/opendata/t187ap03_L,2026-08-28,user,2026-08-28,已裁决,l2:TWSE:2722,H1 人闸批准；仅在本行 product_scope 内有效。
h1-include-0461,manual_include,include,issuer,issuer:TW:2723,issuer:TW:2723,-,-,-,美食-KY,L2,TWSE OpenAPI 上市公司基本資料（完整母集）,冻结 2026-08-28 TWSE+TPEx（不含兴柜）L2 机械母集,-,human-gate://2026-08-28/H1/issuer:TW:2723,https://openapi.twse.com.tw/v1/opendata/t187ap03_L,2026-08-28,user,2026-08-28,已裁决,l2:TWSE:2723,H1 人闸批准；仅在本行 product_scope 内有效。
h1-include-0462,manual_include,include,issuer,issuer:TW:2727,issuer:TW:2727,-,-,-,王品,L2,TWSE OpenAPI 上市公司基本資料（完整母集）,冻结 2026-08-28 TWSE+TPEx（不含兴柜）L2 机械母集,-,human-gate://2026-08-28/H1/issuer:TW:2727,https://openapi.twse.com.tw/v1/opendata/t187ap03_L,2026-08-28,user,2026-08-28,已裁决,l2:TWSE:2727,H1 人闸批准；仅在本行 product_scope 内有效。
h1-include-0463,manual_include,include,issuer,issuer:TW:2731,issuer:TW:2731,-,-,-,雄獅,L2,TWSE OpenAPI 上市公司基本資料（完整母集）,冻结 2026-08-28 TWSE+TPEx（不含兴柜）L2 机械母集,-,human-gate://2026-08-28/H1/issuer:TW:2731,https://openapi.twse.com.tw/v1/opendata/t187ap03_L,2026-08-28,user,2026-08-28,已裁决,l2:TWSE:2731,H1 人闸批准；仅在本行 product_scope 内有效。
h1-include-0464,manual_include,include,issuer,issuer:TW:2739,issuer:TW:2739,-,-,-,寒舍,L2,TWSE OpenAPI 上市公司基本資料（完整母集）,冻结 2026-08-28 TWSE+TPEx（不含兴柜）L2 机械母集,-,human-gate://2026-08-28/H1/issuer:TW:2739,https://openapi.twse.com.tw/v1/opendata/t187ap03_L,2026-08-28,user,2026-08-28,已裁决,l2:TWSE:2739,H1 人闸批准；仅在本行 product_scope 内有效。
h1-include-0465,manual_include,include,issuer,issuer:TW:2748,issuer:TW:2748,-,-,-,雲品,L2,TWSE OpenAPI 上市公司基本資料（完整母集）,冻结 2026-08-28 TWSE+TPEx（不含兴柜）L2 机械母集,-,human-gate://2026-08-28/H1/issuer:TW:2748,https://openapi.twse.com.tw/v1/opendata/t187ap03_L,2026-08-28,user,2026-08-28,已裁决,l2:TWSE:2748,H1 人闸批准；仅在本行 product_scope 内有效。
h1-include-0466,manual_include,include,issuer,issuer:TW:2753,issuer:TW:2753,-,-,-,八方雲集,L2,TWSE OpenAPI 上市公司基本資料（完整母集）,冻结 2026-08-28 TWSE+TPEx（不含兴柜）L2 机械母集,-,human-gate://2026-08-28/H1/issuer:TW:2753,https://openapi.twse.com.tw/v1/opendata/t187ap03_L,2026-08-28,user,2026-08-28,已裁决,l2:TWSE:2753,H1 人闸批准；仅在本行 product_scope 内有效。
h1-include-0467,manual_include,include,issuer,issuer:TW:2762,issuer:TW:2762,-,-,-,世界健身-KY,L2,TWSE OpenAPI 上市公司基本資料（完整母集）,冻结 2026-08-28 TWSE+TPEx（不含兴柜）L2 机械母集,-,human-gate://2026-08-28/H1/issuer:TW:2762,https://openapi.twse.com.tw/v1/opendata/t187ap03_L,2026-08-28,user,2026-08-28,已裁决,l2:TWSE:2762,H1 人闸批准；仅在本行 product_scope 内有效。
h1-include-0468,manual_include,include,issuer,issuer:TW:2801,issuer:TW:2801,-,-,-,彰銀,L2,TWSE OpenAPI 上市公司基本資料（完整母集）,冻结 2026-08-28 TWSE+TPEx（不含兴柜）L2 机械母集,-,human-gate://2026-08-28/H1/issuer:TW:2801,https://openapi.twse.com.tw/v1/opendata/t187ap03_L,2026-08-28,user,2026-08-28,已裁决,l2:TWSE:2801,H1 人闸批准；仅在本行 product_scope 内有效。
h1-include-0469,manual_include,include,issuer,issuer:TW:2812,issuer:TW:2812,-,-,-,台中銀,L2,TWSE OpenAPI 上市公司基本資料（完整母集）,冻结 2026-08-28 TWSE+TPEx（不含兴柜）L2 机械母集,-,human-gate://2026-08-28/H1/issuer:TW:2812,https://openapi.twse.com.tw/v1/opendata/t187ap03_L,2026-08-28,user,2026-08-28,已裁决,l2:TWSE:2812,H1 人闸批准；仅在本行 product_scope 内有效。
h1-include-0470,manual_include,include,issuer,issuer:TW:2816,issuer:TW:2816,-,-,-,旺旺保,L2,TWSE OpenAPI 上市公司基本資料（完整母集）,冻结 2026-08-28 TWSE+TPEx（不含兴柜）L2 机械母集,-,human-gate://2026-08-28/H1/issuer:TW:2816,https://openapi.twse.com.tw/v1/opendata/t187ap03_L,2026-08-28,user,2026-08-28,已裁决,l2:TWSE:2816,H1 人闸批准；仅在本行 product_scope 内有效。
h1-include-0471,manual_include,include,issuer,issuer:TW:2820,issuer:TW:2820,-,-,-,華票,L2,TWSE OpenAPI 上市公司基本資料（完整母集）,冻结 2026-08-28 TWSE+TPEx（不含兴柜）L2 机械母集,-,human-gate://2026-08-28/H1/issuer:TW:2820,https://openapi.twse.com.tw/v1/opendata/t187ap03_L,2026-08-28,user,2026-08-28,已裁决,l2:TWSE:2820,H1 人闸批准；仅在本行 product_scope 内有效。
h1-include-0472,manual_include,include,issuer,issuer:TW:2832,issuer:TW:2832,-,-,-,台產,L2,TWSE OpenAPI 上市公司基本資料（完整母集）,冻结 2026-08-28 TWSE+TPEx（不含兴柜）L2 机械母集,-,human-gate://2026-08-28/H1/issuer:TW:2832,https://openapi.twse.com.tw/v1/opendata/t187ap03_L,2026-08-28,user,2026-08-28,已裁决,l2:TWSE:2832,H1 人闸批准；仅在本行 product_scope 内有效。
h1-include-0473,manual_include,include,issuer,issuer:TW:2834,issuer:TW:2834,-,-,-,臺企銀,L2,TWSE OpenAPI 上市公司基本資料（完整母集）,冻结 2026-08-28 TWSE+TPEx（不含兴柜）L2 机械母集,-,human-gate://2026-08-28/H1/issuer:TW:2834,https://openapi.twse.com.tw/v1/opendata/t187ap03_L,2026-08-28,user,2026-08-28,已裁决,l2:TWSE:2834,H1 人闸批准；仅在本行 product_scope 内有效。
h1-include-0474,manual_include,include,issuer,issuer:TW:2836,issuer:TW:2836,-,-,-,高雄銀,L2,TWSE OpenAPI 上市公司基本資料（完整母集）,冻结 2026-08-28 TWSE+TPEx（不含兴柜）L2 机械母集,-,human-gate://2026-08-28/H1/issuer:TW:2836,https://openapi.twse.com.tw/v1/opendata/t187ap03_L,2026-08-28,user,2026-08-28,已裁决,l2:TWSE:2836,H1 人闸批准；仅在本行 product_scope 内有效。
h1-include-0475,manual_include,include,issuer,issuer:TW:2838,issuer:TW:2838,-,-,-,聯邦銀,L2,TWSE OpenAPI 上市公司基本資料（完整母集）,冻结 2026-08-28 TWSE+TPEx（不含兴柜）L2 机械母集,-,human-gate://2026-08-28/H1/issuer:TW:2838,https://openapi.twse.com.tw/v1/opendata/t187ap03_L,2026-08-28,user,2026-08-28,已裁决,l2:TWSE:2838,H1 人闸批准；仅在本行 product_scope 内有效。
h1-include-0476,manual_include,include,issuer,issuer:TW:2845,issuer:TW:2845,-,-,-,遠東銀,L2,TWSE OpenAPI 上市公司基本資料（完整母集）,冻结 2026-08-28 TWSE+TPEx（不含兴柜）L2 机械母集,-,human-gate://2026-08-28/H1/issuer:TW:2845,https://openapi.twse.com.tw/v1/opendata/t187ap03_L,2026-08-28,user,2026-08-28,已裁决,l2:TWSE:2845,H1 人闸批准；仅在本行 product_scope 内有效。
h1-include-0477,manual_include,include,issuer,issuer:TW:2849,issuer:TW:2849,-,-,-,安泰銀,L2,TWSE OpenAPI 上市公司基本資料（完整母集）,冻结 2026-08-28 TWSE+TPEx（不含兴柜）L2 机械母集,-,human-gate://2026-08-28/H1/issuer:TW:2849,https://openapi.twse.com.tw/v1/opendata/t187ap03_L,2026-08-28,user,2026-08-28,已裁决,l2:TWSE:2849,H1 人闸批准；仅在本行 product_scope 内有效。
h1-include-0478,manual_include,include,issuer,issuer:TW:2850,issuer:TW:2850,-,-,-,新產,L2,TWSE OpenAPI 上市公司基本資料（完整母集）,冻结 2026-08-28 TWSE+TPEx（不含兴柜）L2 机械母集,-,human-gate://2026-08-28/H1/issuer:TW:2850,https://openapi.twse.com.tw/v1/opendata/t187ap03_L,2026-08-28,user,2026-08-28,已裁决,l2:TWSE:2850,H1 人闸批准；仅在本行 product_scope 内有效。
h1-include-0479,manual_include,include,issuer,issuer:TW:2851,issuer:TW:2851,-,-,-,中再保,L2,TWSE OpenAPI 上市公司基本資料（完整母集）,冻结 2026-08-28 TWSE+TPEx（不含兴柜）L2 机械母集,-,human-gate://2026-08-28/H1/issuer:TW:2851,https://openapi.twse.com.tw/v1/opendata/t187ap03_L,2026-08-28,user,2026-08-28,已裁决,l2:TWSE:2851,H1 人闸批准；仅在本行 product_scope 内有效。
h1-include-0480,manual_include,include,issuer,issuer:TW:2852,issuer:TW:2852,-,-,-,第一保,L2,TWSE OpenAPI 上市公司基本資料（完整母集）,冻结 2026-08-28 TWSE+TPEx（不含兴柜）L2 机械母集,-,human-gate://2026-08-28/H1/issuer:TW:2852,https://openapi.twse.com.tw/v1/opendata/t187ap03_L,2026-08-28,user,2026-08-28,已裁决,l2:TWSE:2852,H1 人闸批准；仅在本行 product_scope 内有效。
h1-include-0481,manual_include,include,issuer,issuer:TW:2855,issuer:TW:2855,-,-,-,統一證,L2,TWSE OpenAPI 上市公司基本資料（完整母集）,冻结 2026-08-28 TWSE+TPEx（不含兴柜）L2 机械母集,-,human-gate://2026-08-28/H1/issuer:TW:2855,https://openapi.twse.com.tw/v1/opendata/t187ap03_L,2026-08-28,user,2026-08-28,已裁决,l2:TWSE:2855,H1 人闸批准；仅在本行 product_scope 内有效。
h1-include-0482,manual_include,include,issuer,issuer:TW:2867,issuer:TW:2867,-,-,-,三商壽,L2,TWSE OpenAPI 上市公司基本資料（完整母集）,冻结 2026-08-28 TWSE+TPEx（不含兴柜）L2 机械母集,-,human-gate://2026-08-28/H1/issuer:TW:2867,https://openapi.twse.com.tw/v1/opendata/t187ap03_L,2026-08-28,user,2026-08-28,已裁决,l2:TWSE:2867,H1 人闸批准；仅在本行 product_scope 内有效。
h1-include-0483,manual_include,include,issuer,issuer:TW:2880,issuer:TW:2880,-,-,-,華南金,L2,TWSE OpenAPI 上市公司基本資料（完整母集）,冻结 2026-08-28 TWSE+TPEx（不含兴柜）L2 机械母集,-,human-gate://2026-08-28/H1/issuer:TW:2880,https://openapi.twse.com.tw/v1/opendata/t187ap03_L,2026-08-28,user,2026-08-28,已裁决,l2:TWSE:2880,H1 人闸批准；仅在本行 product_scope 内有效。
h1-include-0484,manual_include,include,issuer,issuer:TW:2881,issuer:TW:2881,-,-,-,富邦金,L2,TWSE OpenAPI 上市公司基本資料（完整母集）,冻结 2026-08-28 TWSE+TPEx（不含兴柜）L2 机械母集,-,human-gate://2026-08-28/H1/issuer:TW:2881,https://openapi.twse.com.tw/v1/opendata/t187ap03_L,2026-08-28,user,2026-08-28,已裁决,l2:TWSE:2881,H1 人闸批准；仅在本行 product_scope 内有效。
h1-include-0485,manual_include,include,issuer,issuer:TW:2882,issuer:TW:2882,-,-,-,國泰金,L2,TWSE OpenAPI 上市公司基本資料（完整母集）,冻结 2026-08-28 TWSE+TPEx（不含兴柜）L2 机械母集,-,human-gate://2026-08-28/H1/issuer:TW:2882,https://openapi.twse.com.tw/v1/opendata/t187ap03_L,2026-08-28,user,2026-08-28,已裁决,l2:TWSE:2882,H1 人闸批准；仅在本行 product_scope 内有效。
h1-include-0486,manual_include,include,issuer,issuer:TW:2883,issuer:TW:2883,-,-,-,凱基金,L2,TWSE OpenAPI 上市公司基本資料（完整母集）,冻结 2026-08-28 TWSE+TPEx（不含兴柜）L2 机械母集,-,human-gate://2026-08-28/H1/issuer:TW:2883,https://openapi.twse.com.tw/v1/opendata/t187ap03_L,2026-08-28,user,2026-08-28,已裁决,l2:TWSE:2883,H1 人闸批准；仅在本行 product_scope 内有效。
h1-include-0487,manual_include,include,issuer,issuer:TW:2884,issuer:TW:2884,-,-,-,玉山金,L2,TWSE OpenAPI 上市公司基本資料（完整母集）,冻结 2026-08-28 TWSE+TPEx（不含兴柜）L2 机械母集,-,human-gate://2026-08-28/H1/issuer:TW:2884,https://openapi.twse.com.tw/v1/opendata/t187ap03_L,2026-08-28,user,2026-08-28,已裁决,l2:TWSE:2884,H1 人闸批准；仅在本行 product_scope 内有效。
h1-include-0488,manual_include,include,issuer,issuer:TW:2885,issuer:TW:2885,-,-,-,元大金,L2,TWSE OpenAPI 上市公司基本資料（完整母集）,冻结 2026-08-28 TWSE+TPEx（不含兴柜）L2 机械母集,-,human-gate://2026-08-28/H1/issuer:TW:2885,https://openapi.twse.com.tw/v1/opendata/t187ap03_L,2026-08-28,user,2026-08-28,已裁决,l2:TWSE:2885,H1 人闸批准；仅在本行 product_scope 内有效。
h1-include-0489,manual_include,include,issuer,issuer:TW:2886,issuer:TW:2886,-,-,-,兆豐金,L2,TWSE OpenAPI 上市公司基本資料（完整母集）,冻结 2026-08-28 TWSE+TPEx（不含兴柜）L2 机械母集,-,human-gate://2026-08-28/H1/issuer:TW:2886,https://openapi.twse.com.tw/v1/opendata/t187ap03_L,2026-08-28,user,2026-08-28,已裁决,l2:TWSE:2886,H1 人闸批准；仅在本行 product_scope 内有效。
h1-include-0490,manual_include,include,issuer,issuer:TW:2887,issuer:TW:2887,-,-,-,台新新光金,L2,TWSE OpenAPI 上市公司基本資料（完整母集）,冻结 2026-08-28 TWSE+TPEx（不含兴柜）L2 机械母集,-,human-gate://2026-08-28/H1/issuer:TW:2887,https://openapi.twse.com.tw/v1/opendata/t187ap03_L,2026-08-28,user,2026-08-28,已裁决,l2:TWSE:2887,H1 人闸批准；仅在本行 product_scope 内有效。
h1-include-0491,manual_include,include,issuer,issuer:TW:2889,issuer:TW:2889,-,-,-,國票金,L2,TWSE OpenAPI 上市公司基本資料（完整母集）,冻结 2026-08-28 TWSE+TPEx（不含兴柜）L2 机械母集,-,human-gate://2026-08-28/H1/issuer:TW:2889,https://openapi.twse.com.tw/v1/opendata/t187ap03_L,2026-08-28,user,2026-08-28,已裁决,l2:TWSE:2889,H1 人闸批准；仅在本行 product_scope 内有效。
h1-include-0492,manual_include,include,issuer,issuer:TW:2890,issuer:TW:2890,-,-,-,永豐金,L2,TWSE OpenAPI 上市公司基本資料（完整母集）,冻结 2026-08-28 TWSE+TPEx（不含兴柜）L2 机械母集,-,human-gate://2026-08-28/H1/issuer:TW:2890,https://openapi.twse.com.tw/v1/opendata/t187ap03_L,2026-08-28,user,2026-08-28,已裁决,l2:TWSE:2890,H1 人闸批准；仅在本行 product_scope 内有效。
h1-include-0493,manual_include,include,issuer,issuer:TW:2891,issuer:TW:2891,-,-,-,中信金,L2,TWSE OpenAPI 上市公司基本資料（完整母集）,冻结 2026-08-28 TWSE+TPEx（不含兴柜）L2 机械母集,-,human-gate://2026-08-28/H1/issuer:TW:2891,https://openapi.twse.com.tw/v1/opendata/t187ap03_L,2026-08-28,user,2026-08-28,已裁决,l2:TWSE:2891,H1 人闸批准；仅在本行 product_scope 内有效。
h1-include-0494,manual_include,include,issuer,issuer:TW:2892,issuer:TW:2892,-,-,-,第一金,L2,TWSE OpenAPI 上市公司基本資料（完整母集）,冻结 2026-08-28 TWSE+TPEx（不含兴柜）L2 机械母集,-,human-gate://2026-08-28/H1/issuer:TW:2892,https://openapi.twse.com.tw/v1/opendata/t187ap03_L,2026-08-28,user,2026-08-28,已裁决,l2:TWSE:2892,H1 人闸批准；仅在本行 product_scope 内有效。
h1-include-0495,manual_include,include,issuer,issuer:TW:2897,issuer:TW:2897,-,-,-,王道銀行,L2,TWSE OpenAPI 上市公司基本資料（完整母集）,冻结 2026-08-28 TWSE+TPEx（不含兴柜）L2 机械母集,-,human-gate://2026-08-28/H1/issuer:TW:2897,https://openapi.twse.com.tw/v1/opendata/t187ap03_L,2026-08-28,user,2026-08-28,已裁决,l2:TWSE:2897,H1 人闸批准；仅在本行 product_scope 内有效。
h1-include-0496,manual_include,include,issuer,issuer:TW:2901,issuer:TW:2901,-,-,-,欣欣,L2,TWSE OpenAPI 上市公司基本資料（完整母集）,冻结 2026-08-28 TWSE+TPEx（不含兴柜）L2 机械母集,-,human-gate://2026-08-28/H1/issuer:TW:2901,https://openapi.twse.com.tw/v1/opendata/t187ap03_L,2026-08-28,user,2026-08-28,已裁决,l2:TWSE:2901,H1 人闸批准；仅在本行 product_scope 内有效。
h1-include-0497,manual_include,include,issuer,issuer:TW:2903,issuer:TW:2903,-,-,-,遠百,L2,TWSE OpenAPI 上市公司基本資料（完整母集）,冻结 2026-08-28 TWSE+TPEx（不含兴柜）L2 机械母集,-,human-gate://2026-08-28/H1/issuer:TW:2903,https://openapi.twse.com.tw/v1/opendata/t187ap03_L,2026-08-28,user,2026-08-28,已裁决,l2:TWSE:2903,H1 人闸批准；仅在本行 product_scope 内有效。
h1-include-0498,manual_include,include,issuer,issuer:TW:2904,issuer:TW:2904,-,-,-,匯僑,L2,TWSE OpenAPI 上市公司基本資料（完整母集）,冻结 2026-08-28 TWSE+TPEx（不含兴柜）L2 机械母集,-,human-gate://2026-08-28/H1/issuer:TW:2904,https://openapi.twse.com.tw/v1/opendata/t187ap03_L,2026-08-28,user,2026-08-28,已裁决,l2:TWSE:2904,H1 人闸批准；仅在本行 product_scope 内有效。
h1-include-0499,manual_include,include,issuer,issuer:TW:2905,issuer:TW:2905,-,-,-,三商,L2,TWSE OpenAPI 上市公司基本資料（完整母集）,冻结 2026-08-28 TWSE+TPEx（不含兴柜）L2 机械母集,-,human-gate://2026-08-28/H1/issuer:TW:2905,https://openapi.twse.com.tw/v1/opendata/t187ap03_L,2026-08-28,user,2026-08-28,已裁决,l2:TWSE:2905,H1 人闸批准；仅在本行 product_scope 内有效。
h1-include-0500,manual_include,include,issuer,issuer:TW:2906,issuer:TW:2906,-,-,-,高林,L2,TWSE OpenAPI 上市公司基本資料（完整母集）,冻结 2026-08-28 TWSE+TPEx（不含兴柜）L2 机械母集,-,human-gate://2026-08-28/H1/issuer:TW:2906,https://openapi.twse.com.tw/v1/opendata/t187ap03_L,2026-08-28,user,2026-08-28,已裁决,l2:TWSE:2906,H1 人闸批准；仅在本行 product_scope 内有效。
h1-include-0501,manual_include,include,issuer,issuer:TW:2908,issuer:TW:2908,-,-,-,特力,L2,TWSE OpenAPI 上市公司基本資料（完整母集）,冻结 2026-08-28 TWSE+TPEx（不含兴柜）L2 机械母集,-,human-gate://2026-08-28/H1/issuer:TW:2908,https://openapi.twse.com.tw/v1/opendata/t187ap03_L,2026-08-28,user,2026-08-28,已裁决,l2:TWSE:2908,H1 人闸批准；仅在本行 product_scope 内有效。
h1-include-0502,manual_include,include,issuer,issuer:TW:2910,issuer:TW:2910,-,-,-,統領,L2,TWSE OpenAPI 上市公司基本資料（完整母集）,冻结 2026-08-28 TWSE+TPEx（不含兴柜）L2 机械母集,-,human-gate://2026-08-28/H1/issuer:TW:2910,https://openapi.twse.com.tw/v1/opendata/t187ap03_L,2026-08-28,user,2026-08-28,已裁决,l2:TWSE:2910,H1 人闸批准；仅在本行 product_scope 内有效。
h1-include-0503,manual_include,include,issuer,issuer:TW:2911,issuer:TW:2911,-,-,-,麗嬰房,L2,TWSE OpenAPI 上市公司基本資料（完整母集）,冻结 2026-08-28 TWSE+TPEx（不含兴柜）L2 机械母集,-,human-gate://2026-08-28/H1/issuer:TW:2911,https://openapi.twse.com.tw/v1/opendata/t187ap03_L,2026-08-28,user,2026-08-28,已裁决,l2:TWSE:2911,H1 人闸批准；仅在本行 product_scope 内有效。
h1-include-0504,manual_include,include,issuer,issuer:TW:2912,issuer:TW:2912,-,-,-,統一超,L2,TWSE OpenAPI 上市公司基本資料（完整母集）,冻结 2026-08-28 TWSE+TPEx（不含兴柜）L2 机械母集,-,human-gate://2026-08-28/H1/issuer:TW:2912,https://openapi.twse.com.tw/v1/opendata/t187ap03_L,2026-08-28,user,2026-08-28,已裁决,l2:TWSE:2912,H1 人闸批准；仅在本行 product_scope 内有效。
h1-include-0505,manual_include,include,issuer,issuer:TW:2913,issuer:TW:2913,-,-,-,農林,L2,TWSE OpenAPI 上市公司基本資料（完整母集）,冻结 2026-08-28 TWSE+TPEx（不含兴柜）L2 机械母集,-,human-gate://2026-08-28/H1/issuer:TW:2913,https://openapi.twse.com.tw/v1/opendata/t187ap03_L,2026-08-28,user,2026-08-28,已裁决,l2:TWSE:2913,H1 人闸批准；仅在本行 product_scope 内有效。
h1-include-0506,manual_include,include,issuer,issuer:TW:2915,issuer:TW:2915,-,-,-,潤泰全,L2,TWSE OpenAPI 上市公司基本資料（完整母集）,冻结 2026-08-28 TWSE+TPEx（不含兴柜）L2 机械母集,-,human-gate://2026-08-28/H1/issuer:TW:2915,https://openapi.twse.com.tw/v1/opendata/t187ap03_L,2026-08-28,user,2026-08-28,已裁决,l2:TWSE:2915,H1 人闸批准；仅在本行 product_scope 内有效。
h1-include-0507,manual_include,include,issuer,issuer:TW:2923,issuer:TW:2923,-,-,-,鼎固-KY,L2,TWSE OpenAPI 上市公司基本資料（完整母集）,冻结 2026-08-28 TWSE+TPEx（不含兴柜）L2 机械母集,-,human-gate://2026-08-28/H1/issuer:TW:2923,https://openapi.twse.com.tw/v1/opendata/t187ap03_L,2026-08-28,user,2026-08-28,已裁决,l2:TWSE:2923,H1 人闸批准；仅在本行 product_scope 内有效。
h1-include-0508,manual_include,include,issuer,issuer:TW:2929,issuer:TW:2929,-,-,-,淘帝-KY,L2,TWSE OpenAPI 上市公司基本資料（完整母集）,冻结 2026-08-28 TWSE+TPEx（不含兴柜）L2 机械母集,-,human-gate://2026-08-28/H1/issuer:TW:2929,https://openapi.twse.com.tw/v1/opendata/t187ap03_L,2026-08-28,user,2026-08-28,已裁决,l2:TWSE:2929,H1 人闸批准；仅在本行 product_scope 内有效。
h1-include-0509,manual_include,include,issuer,issuer:TW:2939,issuer:TW:2939,-,-,-,永邑-KY,L2,TWSE OpenAPI 上市公司基本資料（完整母集）,冻结 2026-08-28 TWSE+TPEx（不含兴柜）L2 机械母集,-,human-gate://2026-08-28/H1/issuer:TW:2939,https://openapi.twse.com.tw/v1/opendata/t187ap03_L,2026-08-28,user,2026-08-28,已裁决,l2:TWSE:2939,H1 人闸批准；仅在本行 product_scope 内有效。
h1-include-0510,manual_include,include,issuer,issuer:TW:2945,issuer:TW:2945,-,-,-,三商家購,L2,TWSE OpenAPI 上市公司基本資料（完整母集）,冻结 2026-08-28 TWSE+TPEx（不含兴柜）L2 机械母集,-,human-gate://2026-08-28/H1/issuer:TW:2945,https://openapi.twse.com.tw/v1/opendata/t187ap03_L,2026-08-28,user,2026-08-28,已裁决,l2:TWSE:2945,H1 人闸批准；仅在本行 product_scope 内有效。
h1-include-0511,manual_include,include,issuer,issuer:TW:3002,issuer:TW:3002,-,-,-,歐格,L2,TWSE OpenAPI 上市公司基本資料（完整母集）,冻结 2026-08-28 TWSE+TPEx（不含兴柜）L2 机械母集,-,human-gate://2026-08-28/H1/issuer:TW:3002,https://openapi.twse.com.tw/v1/opendata/t187ap03_L,2026-08-28,user,2026-08-28,已裁决,l2:TWSE:3002,H1 人闸批准；仅在本行 product_scope 内有效。
h1-include-0512,manual_include,include,issuer,issuer:TW:3003,issuer:TW:3003,-,-,-,健和興,L2,TWSE OpenAPI 上市公司基本資料（完整母集）,冻结 2026-08-28 TWSE+TPEx（不含兴柜）L2 机械母集,-,human-gate://2026-08-28/H1/issuer:TW:3003,https://openapi.twse.com.tw/v1/opendata/t187ap03_L,2026-08-28,user,2026-08-28,已裁决,l2:TWSE:3003,H1 人闸批准；仅在本行 product_scope 内有效。
h1-include-0513,manual_include,include,issuer,issuer:TW:3004,issuer:TW:3004,-,-,-,豐達科,L2,TWSE OpenAPI 上市公司基本資料（完整母集）,冻结 2026-08-28 TWSE+TPEx（不含兴柜）L2 机械母集,-,human-gate://2026-08-28/H1/issuer:TW:3004,https://openapi.twse.com.tw/v1/opendata/t187ap03_L,2026-08-28,user,2026-08-28,已裁决,l2:TWSE:3004,H1 人闸批准；仅在本行 product_scope 内有效。
h1-include-0514,manual_include,include,issuer,issuer:TW:3005,issuer:TW:3005,-,-,-,神基,L2,TWSE OpenAPI 上市公司基本資料（完整母集）,冻结 2026-08-28 TWSE+TPEx（不含兴柜）L2 机械母集,-,human-gate://2026-08-28/H1/issuer:TW:3005,https://openapi.twse.com.tw/v1/opendata/t187ap03_L,2026-08-28,user,2026-08-28,已裁决,l2:TWSE:3005,H1 人闸批准；仅在本行 product_scope 内有效。
h1-include-0515,manual_include,include,issuer,issuer:TW:3006,issuer:TW:3006,-,-,-,晶豪科,L2,TWSE OpenAPI 上市公司基本資料（完整母集）,冻结 2026-08-28 TWSE+TPEx（不含兴柜）L2 机械母集,-,human-gate://2026-08-28/H1/issuer:TW:3006,https://openapi.twse.com.tw/v1/opendata/t187ap03_L,2026-08-28,user,2026-08-28,已裁决,l2:TWSE:3006,H1 人闸批准；仅在本行 product_scope 内有效。
h1-include-0516,manual_include,include,issuer,issuer:TW:3008,issuer:TW:3008,-,-,-,大立光,L2,TWSE OpenAPI 上市公司基本資料（完整母集）,冻结 2026-08-28 TWSE+TPEx（不含兴柜）L2 机械母集,-,human-gate://2026-08-28/H1/issuer:TW:3008,https://openapi.twse.com.tw/v1/opendata/t187ap03_L,2026-08-28,user,2026-08-28,已裁决,l2:TWSE:3008,H1 人闸批准；仅在本行 product_scope 内有效。
h1-include-0517,manual_include,include,issuer,issuer:TW:3010,issuer:TW:3010,-,-,-,華立,L2,TWSE OpenAPI 上市公司基本資料（完整母集）,冻结 2026-08-28 TWSE+TPEx（不含兴柜）L2 机械母集,-,human-gate://2026-08-28/H1/issuer:TW:3010,https://openapi.twse.com.tw/v1/opendata/t187ap03_L,2026-08-28,user,2026-08-28,已裁决,l2:TWSE:3010,H1 人闸批准；仅在本行 product_scope 内有效。
h1-include-0518,manual_include,include,issuer,issuer:TW:3011,issuer:TW:3011,-,-,-,今皓,L2,TWSE OpenAPI 上市公司基本資料（完整母集）,冻结 2026-08-28 TWSE+TPEx（不含兴柜）L2 机械母集,-,human-gate://2026-08-28/H1/issuer:TW:3011,https://openapi.twse.com.tw/v1/opendata/t187ap03_L,2026-08-28,user,2026-08-28,已裁决,l2:TWSE:3011,H1 人闸批准；仅在本行 product_scope 内有效。
h1-include-0519,manual_include,include,issuer,issuer:TW:3013,issuer:TW:3013,-,-,-,晟銘電,L2,TWSE OpenAPI 上市公司基本資料（完整母集）,冻结 2026-08-28 TWSE+TPEx（不含兴柜）L2 机械母集,-,human-gate://2026-08-28/H1/issuer:TW:3013,https://openapi.twse.com.tw/v1/opendata/t187ap03_L,2026-08-28,user,2026-08-28,已裁决,l2:TWSE:3013,H1 人闸批准；仅在本行 product_scope 内有效。
h1-include-0520,manual_include,include,issuer,issuer:TW:3014,issuer:TW:3014,-,-,-,聯陽,L2,TWSE OpenAPI 上市公司基本資料（完整母集）,冻结 2026-08-28 TWSE+TPEx（不含兴柜）L2 机械母集,-,human-gate://2026-08-28/H1/issuer:TW:3014,https://openapi.twse.com.tw/v1/opendata/t187ap03_L,2026-08-28,user,2026-08-28,已裁决,l2:TWSE:3014,H1 人闸批准；仅在本行 product_scope 内有效。
h1-include-0521,manual_include,include,issuer,issuer:TW:3015,issuer:TW:3015,-,-,-,全漢,L2,TWSE OpenAPI 上市公司基本資料（完整母集）,冻结 2026-08-28 TWSE+TPEx（不含兴柜）L2 机械母集,-,human-gate://2026-08-28/H1/issuer:TW:3015,https://openapi.twse.com.tw/v1/opendata/t187ap03_L,2026-08-28,user,2026-08-28,已裁决,l2:TWSE:3015,H1 人闸批准；仅在本行 product_scope 内有效。
h1-include-0522,manual_include,include,issuer,issuer:TW:3016,issuer:TW:3016,-,-,-,嘉晶,L2,TWSE OpenAPI 上市公司基本資料（完整母集）,冻结 2026-08-28 TWSE+TPEx（不含兴柜）L2 机械母集,-,human-gate://2026-08-28/H1/issuer:TW:3016,https://openapi.twse.com.tw/v1/opendata/t187ap03_L,2026-08-28,user,2026-08-28,已裁决,l2:TWSE:3016,H1 人闸批准；仅在本行 product_scope 内有效。
h1-include-0523,manual_include,include,issuer,issuer:TW:3017,issuer:TW:3017,-,-,-,奇鋐,L2,TWSE OpenAPI 上市公司基本資料（完整母集）,冻结 2026-08-28 TWSE+TPEx（不含兴柜）L2 机械母集,-,human-gate://2026-08-28/H1/issuer:TW:3017,https://openapi.twse.com.tw/v1/opendata/t187ap03_L,2026-08-28,user,2026-08-28,已裁决,l2:TWSE:3017,H1 人闸批准；仅在本行 product_scope 内有效。
h1-include-0524,manual_include,include,issuer,issuer:TW:3018,issuer:TW:3018,-,-,-,隆銘綠能,L2,TWSE OpenAPI 上市公司基本資料（完整母集）,冻结 2026-08-28 TWSE+TPEx（不含兴柜）L2 机械母集,-,human-gate://2026-08-28/H1/issuer:TW:3018,https://openapi.twse.com.tw/v1/opendata/t187ap03_L,2026-08-28,user,2026-08-28,已裁决,l2:TWSE:3018,H1 人闸批准；仅在本行 product_scope 内有效。
h1-include-0525,manual_include,include,issuer,issuer:TW:3019,issuer:TW:3019,-,-,-,亞光,L2,TWSE OpenAPI 上市公司基本資料（完整母集）,冻结 2026-08-28 TWSE+TPEx（不含兴柜）L2 机械母集,-,human-gate://2026-08-28/H1/issuer:TW:3019,https://openapi.twse.com.tw/v1/opendata/t187ap03_L,2026-08-28,user,2026-08-28,已裁决,l2:TWSE:3019,H1 人闸批准；仅在本行 product_scope 内有效。
h1-include-0526,manual_include,include,issuer,issuer:TW:3021,issuer:TW:3021,-,-,-,鴻名,L2,TWSE OpenAPI 上市公司基本資料（完整母集）,冻结 2026-08-28 TWSE+TPEx（不含兴柜）L2 机械母集,-,human-gate://2026-08-28/H1/issuer:TW:3021,https://openapi.twse.com.tw/v1/opendata/t187ap03_L,2026-08-28,user,2026-08-28,已裁决,l2:TWSE:3021,H1 人闸批准；仅在本行 product_scope 内有效。
h1-include-0527,manual_include,include,issuer,issuer:TW:3022,issuer:TW:3022,-,-,-,威強電,L2,TWSE OpenAPI 上市公司基本資料（完整母集）,冻结 2026-08-28 TWSE+TPEx（不含兴柜）L2 机械母集,-,human-gate://2026-08-28/H1/issuer:TW:3022,https://openapi.twse.com.tw/v1/opendata/t187ap03_L,2026-08-28,user,2026-08-28,已裁决,l2:TWSE:3022,H1 人闸批准；仅在本行 product_scope 内有效。
h1-include-0528,manual_include,include,issuer,issuer:TW:3023,issuer:TW:3023,-,-,-,信邦,L2,TWSE OpenAPI 上市公司基本資料（完整母集）,冻结 2026-08-28 TWSE+TPEx（不含兴柜）L2 机械母集,-,human-gate://2026-08-28/H1/issuer:TW:3023,https://openapi.twse.com.tw/v1/opendata/t187ap03_L,2026-08-28,user,2026-08-28,已裁决,l2:TWSE:3023,H1 人闸批准；仅在本行 product_scope 内有效。
h1-include-0529,manual_include,include,issuer,issuer:TW:3024,issuer:TW:3024,-,-,-,憶聲,L2,TWSE OpenAPI 上市公司基本資料（完整母集）,冻结 2026-08-28 TWSE+TPEx（不含兴柜）L2 机械母集,-,human-gate://2026-08-28/H1/issuer:TW:3024,https://openapi.twse.com.tw/v1/opendata/t187ap03_L,2026-08-28,user,2026-08-28,已裁决,l2:TWSE:3024,H1 人闸批准；仅在本行 product_scope 内有效。
h1-include-0530,manual_include,include,issuer,issuer:TW:3025,issuer:TW:3025,-,-,-,星通,L2,TWSE OpenAPI 上市公司基本資料（完整母集）,冻结 2026-08-28 TWSE+TPEx（不含兴柜）L2 机械母集,-,human-gate://2026-08-28/H1/issuer:TW:3025,https://openapi.twse.com.tw/v1/opendata/t187ap03_L,2026-08-28,user,2026-08-28,已裁决,l2:TWSE:3025,H1 人闸批准；仅在本行 product_scope 内有效。
h1-include-0531,manual_include,include,issuer,issuer:TW:3026,issuer:TW:3026,-,-,-,禾伸堂,L2,TWSE OpenAPI 上市公司基本資料（完整母集）,冻结 2026-08-28 TWSE+TPEx（不含兴柜）L2 机械母集,-,human-gate://2026-08-28/H1/issuer:TW:3026,https://openapi.twse.com.tw/v1/opendata/t187ap03_L,2026-08-28,user,2026-08-28,已裁决,l2:TWSE:3026,H1 人闸批准；仅在本行 product_scope 内有效。
h1-include-0532,manual_include,include,issuer,issuer:TW:3027,issuer:TW:3027,-,-,-,盛達,L2,TWSE OpenAPI 上市公司基本資料（完整母集）,冻结 2026-08-28 TWSE+TPEx（不含兴柜）L2 机械母集,-,human-gate://2026-08-28/H1/issuer:TW:3027,https://openapi.twse.com.tw/v1/opendata/t187ap03_L,2026-08-28,user,2026-08-28,已裁决,l2:TWSE:3027,H1 人闸批准；仅在本行 product_scope 内有效。
h1-include-0533,manual_include,include,issuer,issuer:TW:3028,issuer:TW:3028,-,-,-,增你強,L2,TWSE OpenAPI 上市公司基本資料（完整母集）,冻结 2026-08-28 TWSE+TPEx（不含兴柜）L2 机械母集,-,human-gate://2026-08-28/H1/issuer:TW:3028,https://openapi.twse.com.tw/v1/opendata/t187ap03_L,2026-08-28,user,2026-08-28,已裁决,l2:TWSE:3028,H1 人闸批准；仅在本行 product_scope 内有效。
h1-include-0534,manual_include,include,issuer,issuer:TW:3029,issuer:TW:3029,-,-,-,零壹,L2,TWSE OpenAPI 上市公司基本資料（完整母集）,冻结 2026-08-28 TWSE+TPEx（不含兴柜）L2 机械母集,-,human-gate://2026-08-28/H1/issuer:TW:3029,https://openapi.twse.com.tw/v1/opendata/t187ap03_L,2026-08-28,user,2026-08-28,已裁决,l2:TWSE:3029,H1 人闸批准；仅在本行 product_scope 内有效。
h1-include-0535,manual_include,include,issuer,issuer:TW:3030,issuer:TW:3030,-,-,-,德律,L2,TWSE OpenAPI 上市公司基本資料（完整母集）,冻结 2026-08-28 TWSE+TPEx（不含兴柜）L2 机械母集,-,human-gate://2026-08-28/H1/issuer:TW:3030,https://openapi.twse.com.tw/v1/opendata/t187ap03_L,2026-08-28,user,2026-08-28,已裁决,l2:TWSE:3030,H1 人闸批准；仅在本行 product_scope 内有效。
h1-include-0536,manual_include,include,issuer,issuer:TW:3031,issuer:TW:3031,-,-,-,佰鴻,L2,TWSE OpenAPI 上市公司基本資料（完整母集）,冻结 2026-08-28 TWSE+TPEx（不含兴柜）L2 机械母集,-,human-gate://2026-08-28/H1/issuer:TW:3031,https://openapi.twse.com.tw/v1/opendata/t187ap03_L,2026-08-28,user,2026-08-28,已裁决,l2:TWSE:3031,H1 人闸批准；仅在本行 product_scope 内有效。
h1-include-0537,manual_include,include,issuer,issuer:TW:3032,issuer:TW:3032,-,-,-,偉訓,L2,TWSE OpenAPI 上市公司基本資料（完整母集）,冻结 2026-08-28 TWSE+TPEx（不含兴柜）L2 机械母集,-,human-gate://2026-08-28/H1/issuer:TW:3032,https://openapi.twse.com.tw/v1/opendata/t187ap03_L,2026-08-28,user,2026-08-28,已裁决,l2:TWSE:3032,H1 人闸批准；仅在本行 product_scope 内有效。
h1-include-0538,manual_include,include,issuer,issuer:TW:3033,issuer:TW:3033,-,-,-,威健,L2,TWSE OpenAPI 上市公司基本資料（完整母集）,冻结 2026-08-28 TWSE+TPEx（不含兴柜）L2 机械母集,-,human-gate://2026-08-28/H1/issuer:TW:3033,https://openapi.twse.com.tw/v1/opendata/t187ap03_L,2026-08-28,user,2026-08-28,已裁决,l2:TWSE:3033,H1 人闸批准；仅在本行 product_scope 内有效。
h1-include-0539,manual_include,include,issuer,issuer:TW:3034,issuer:TW:3034,-,-,-,聯詠,L2,TWSE OpenAPI 上市公司基本資料（完整母集）,冻结 2026-08-28 TWSE+TPEx（不含兴柜）L2 机械母集,-,human-gate://2026-08-28/H1/issuer:TW:3034,https://openapi.twse.com.tw/v1/opendata/t187ap03_L,2026-08-28,user,2026-08-28,已裁决,l2:TWSE:3034,H1 人闸批准；仅在本行 product_scope 内有效。
h1-include-0540,manual_include,include,issuer,issuer:TW:3035,issuer:TW:3035,-,-,-,智原,L2,TWSE OpenAPI 上市公司基本資料（完整母集）,冻结 2026-08-28 TWSE+TPEx（不含兴柜）L2 机械母集,-,human-gate://2026-08-28/H1/issuer:TW:3035,https://openapi.twse.com.tw/v1/opendata/t187ap03_L,2026-08-28,user,2026-08-28,已裁决,l2:TWSE:3035,H1 人闸批准；仅在本行 product_scope 内有效。
h1-include-0541,manual_include,include,issuer,issuer:TW:3036,issuer:TW:3036,-,-,-,文曄,L2,TWSE OpenAPI 上市公司基本資料（完整母集）,冻结 2026-08-28 TWSE+TPEx（不含兴柜）L2 机械母集,-,human-gate://2026-08-28/H1/issuer:TW:3036,https://openapi.twse.com.tw/v1/opendata/t187ap03_L,2026-08-28,user,2026-08-28,已裁决,l2:TWSE:3036,H1 人闸批准；仅在本行 product_scope 内有效。
h1-include-0542,manual_include,include,issuer,issuer:TW:3037,issuer:TW:3037,-,-,-,欣興,L2,TWSE OpenAPI 上市公司基本資料（完整母集）,冻结 2026-08-28 TWSE+TPEx（不含兴柜）L2 机械母集,-,human-gate://2026-08-28/H1/issuer:TW:3037,https://openapi.twse.com.tw/v1/opendata/t187ap03_L,2026-08-28,user,2026-08-28,已裁决,l2:TWSE:3037,H1 人闸批准；仅在本行 product_scope 内有效。
h1-include-0543,manual_include,include,issuer,issuer:TW:3038,issuer:TW:3038,-,-,-,全台,L2,TWSE OpenAPI 上市公司基本資料（完整母集）,冻结 2026-08-28 TWSE+TPEx（不含兴柜）L2 机械母集,-,human-gate://2026-08-28/H1/issuer:TW:3038,https://openapi.twse.com.tw/v1/opendata/t187ap03_L,2026-08-28,user,2026-08-28,已裁决,l2:TWSE:3038,H1 人闸批准；仅在本行 product_scope 内有效。
h1-include-0544,manual_include,include,issuer,issuer:TW:3040,issuer:TW:3040,-,-,-,遠見,L2,TWSE OpenAPI 上市公司基本資料（完整母集）,冻结 2026-08-28 TWSE+TPEx（不含兴柜）L2 机械母集,-,human-gate://2026-08-28/H1/issuer:TW:3040,https://openapi.twse.com.tw/v1/opendata/t187ap03_L,2026-08-28,user,2026-08-28,已裁决,l2:TWSE:3040,H1 人闸批准；仅在本行 product_scope 内有效。
h1-include-0545,manual_include,include,issuer,issuer:TW:3041,issuer:TW:3041,-,-,-,揚智,L2,TWSE OpenAPI 上市公司基本資料（完整母集）,冻结 2026-08-28 TWSE+TPEx（不含兴柜）L2 机械母集,-,human-gate://2026-08-28/H1/issuer:TW:3041,https://openapi.twse.com.tw/v1/opendata/t187ap03_L,2026-08-28,user,2026-08-28,已裁决,l2:TWSE:3041,H1 人闸批准；仅在本行 product_scope 内有效。
h1-include-0546,manual_include,include,issuer,issuer:TW:3042,issuer:TW:3042,-,-,-,晶技,L2,TWSE OpenAPI 上市公司基本資料（完整母集）,冻结 2026-08-28 TWSE+TPEx（不含兴柜）L2 机械母集,-,human-gate://2026-08-28/H1/issuer:TW:3042,https://openapi.twse.com.tw/v1/opendata/t187ap03_L,2026-08-28,user,2026-08-28,已裁决,l2:TWSE:3042,H1 人闸批准；仅在本行 product_scope 内有效。
h1-include-0547,manual_include,include,issuer,issuer:TW:3043,issuer:TW:3043,-,-,-,科風,L2,TWSE OpenAPI 上市公司基本資料（完整母集）,冻结 2026-08-28 TWSE+TPEx（不含兴柜）L2 机械母集,-,human-gate://2026-08-28/H1/issuer:TW:3043,https://openapi.twse.com.tw/v1/opendata/t187ap03_L,2026-08-28,user,2026-08-28,已裁决,l2:TWSE:3043,H1 人闸批准；仅在本行 product_scope 内有效。
h1-include-0548,manual_include,include,issuer,issuer:TW:3044,issuer:TW:3044,-,-,-,健鼎,L2,TWSE OpenAPI 上市公司基本資料（完整母集）,冻结 2026-08-28 TWSE+TPEx（不含兴柜）L2 机械母集,-,human-gate://2026-08-28/H1/issuer:TW:3044,https://openapi.twse.com.tw/v1/opendata/t187ap03_L,2026-08-28,user,2026-08-28,已裁决,l2:TWSE:3044,H1 人闸批准；仅在本行 product_scope 内有效。
h1-include-0549,manual_include,include,issuer,issuer:TW:3045,issuer:TW:3045,-,-,-,台灣大,L2,TWSE OpenAPI 上市公司基本資料（完整母集）,冻结 2026-08-28 TWSE+TPEx（不含兴柜）L2 机械母集,-,human-gate://2026-08-28/H1/issuer:TW:3045,https://openapi.twse.com.tw/v1/opendata/t187ap03_L,2026-08-28,user,2026-08-28,已裁决,l2:TWSE:3045,H1 人闸批准；仅在本行 product_scope 内有效。
h1-include-0550,manual_include,include,issuer,issuer:TW:3046,issuer:TW:3046,-,-,-,建碁,L2,TWSE OpenAPI 上市公司基本資料（完整母集）,冻结 2026-08-28 TWSE+TPEx（不含兴柜）L2 机械母集,-,human-gate://2026-08-28/H1/issuer:TW:3046,https://openapi.twse.com.tw/v1/opendata/t187ap03_L,2026-08-28,user,2026-08-28,已裁决,l2:TWSE:3046,H1 人闸批准；仅在本行 product_scope 内有效。
h1-include-0551,manual_include,include,issuer,issuer:TW:3047,issuer:TW:3047,-,-,-,訊舟,L2,TWSE OpenAPI 上市公司基本資料（完整母集）,冻结 2026-08-28 TWSE+TPEx（不含兴柜）L2 机械母集,-,human-gate://2026-08-28/H1/issuer:TW:3047,https://openapi.twse.com.tw/v1/opendata/t187ap03_L,2026-08-28,user,2026-08-28,已裁决,l2:TWSE:3047,H1 人闸批准；仅在本行 product_scope 内有效。
h1-include-0552,manual_include,include,issuer,issuer:TW:3048,issuer:TW:3048,-,-,-,益登,L2,TWSE OpenAPI 上市公司基本資料（完整母集）,冻结 2026-08-28 TWSE+TPEx（不含兴柜）L2 机械母集,-,human-gate://2026-08-28/H1/issuer:TW:3048,https://openapi.twse.com.tw/v1/opendata/t187ap03_L,2026-08-28,user,2026-08-28,已裁决,l2:TWSE:3048,H1 人闸批准；仅在本行 product_scope 内有效。
h1-include-0553,manual_include,include,issuer,issuer:TW:3049,issuer:TW:3049,-,-,-,精金,L2,TWSE OpenAPI 上市公司基本資料（完整母集）,冻结 2026-08-28 TWSE+TPEx（不含兴柜）L2 机械母集,-,human-gate://2026-08-28/H1/issuer:TW:3049,https://openapi.twse.com.tw/v1/opendata/t187ap03_L,2026-08-28,user,2026-08-28,已裁决,l2:TWSE:3049,H1 人闸批准；仅在本行 product_scope 内有效。
h1-include-0554,manual_include,include,issuer,issuer:TW:3050,issuer:TW:3050,-,-,-,鈺德,L2,TWSE OpenAPI 上市公司基本資料（完整母集）,冻结 2026-08-28 TWSE+TPEx（不含兴柜）L2 机械母集,-,human-gate://2026-08-28/H1/issuer:TW:3050,https://openapi.twse.com.tw/v1/opendata/t187ap03_L,2026-08-28,user,2026-08-28,已裁决,l2:TWSE:3050,H1 人闸批准；仅在本行 product_scope 内有效。
h1-include-0555,manual_include,include,issuer,issuer:TW:3051,issuer:TW:3051,-,-,-,力特,L2,TWSE OpenAPI 上市公司基本資料（完整母集）,冻结 2026-08-28 TWSE+TPEx（不含兴柜）L2 机械母集,-,human-gate://2026-08-28/H1/issuer:TW:3051,https://openapi.twse.com.tw/v1/opendata/t187ap03_L,2026-08-28,user,2026-08-28,已裁决,l2:TWSE:3051,H1 人闸批准；仅在本行 product_scope 内有效。
h1-include-0556,manual_include,include,issuer,issuer:TW:3052,issuer:TW:3052,-,-,-,夆典,L2,TWSE OpenAPI 上市公司基本資料（完整母集）,冻结 2026-08-28 TWSE+TPEx（不含兴柜）L2 机械母集,-,human-gate://2026-08-28/H1/issuer:TW:3052,https://openapi.twse.com.tw/v1/opendata/t187ap03_L,2026-08-28,user,2026-08-28,已裁决,l2:TWSE:3052,H1 人闸批准；仅在本行 product_scope 内有效。
h1-include-0557,manual_include,include,issuer,issuer:TW:3054,issuer:TW:3054,-,-,-,立萬利,L2,TWSE OpenAPI 上市公司基本資料（完整母集）,冻结 2026-08-28 TWSE+TPEx（不含兴柜）L2 机械母集,-,human-gate://2026-08-28/H1/issuer:TW:3054,https://openapi.twse.com.tw/v1/opendata/t187ap03_L,2026-08-28,user,2026-08-28,已裁决,l2:TWSE:3054,H1 人闸批准；仅在本行 product_scope 内有效。
h1-include-0558,manual_include,include,issuer,issuer:TW:3055,issuer:TW:3055,-,-,-,蔚華科,L2,TWSE OpenAPI 上市公司基本資料（完整母集）,冻结 2026-08-28 TWSE+TPEx（不含兴柜）L2 机械母集,-,human-gate://2026-08-28/H1/issuer:TW:3055,https://openapi.twse.com.tw/v1/opendata/t187ap03_L,2026-08-28,user,2026-08-28,已裁决,l2:TWSE:3055,H1 人闸批准；仅在本行 product_scope 内有效。
h1-include-0559,manual_include,include,issuer,issuer:TW:3056,issuer:TW:3056,-,-,-,富華新,L2,TWSE OpenAPI 上市公司基本資料（完整母集）,冻结 2026-08-28 TWSE+TPEx（不含兴柜）L2 机械母集,-,human-gate://2026-08-28/H1/issuer:TW:3056,https://openapi.twse.com.tw/v1/opendata/t187ap03_L,2026-08-28,user,2026-08-28,已裁决,l2:TWSE:3056,H1 人闸批准；仅在本行 product_scope 内有效。
h1-include-0560,manual_include,include,issuer,issuer:TW:3057,issuer:TW:3057,-,-,-,喬鼎,L2,TWSE OpenAPI 上市公司基本資料（完整母集）,冻结 2026-08-28 TWSE+TPEx（不含兴柜）L2 机械母集,-,human-gate://2026-08-28/H1/issuer:TW:3057,https://openapi.twse.com.tw/v1/opendata/t187ap03_L,2026-08-28,user,2026-08-28,已裁决,l2:TWSE:3057,H1 人闸批准；仅在本行 product_scope 内有效。
h1-include-0561,manual_include,include,issuer,issuer:TW:3058,issuer:TW:3058,-,-,-,立德,L2,TWSE OpenAPI 上市公司基本資料（完整母集）,冻结 2026-08-28 TWSE+TPEx（不含兴柜）L2 机械母集,-,human-gate://2026-08-28/H1/issuer:TW:3058,https://openapi.twse.com.tw/v1/opendata/t187ap03_L,2026-08-28,user,2026-08-28,已裁决,l2:TWSE:3058,H1 人闸批准；仅在本行 product_scope 内有效。
h1-include-0562,manual_include,include,issuer,issuer:TW:3059,issuer:TW:3059,-,-,-,華晶科,L2,TWSE OpenAPI 上市公司基本資料（完整母集）,冻结 2026-08-28 TWSE+TPEx（不含兴柜）L2 机械母集,-,human-gate://2026-08-28/H1/issuer:TW:3059,https://openapi.twse.com.tw/v1/opendata/t187ap03_L,2026-08-28,user,2026-08-28,已裁决,l2:TWSE:3059,H1 人闸批准；仅在本行 product_scope 内有效。
h1-include-0563,manual_include,include,issuer,issuer:TW:3060,issuer:TW:3060,-,-,-,銘異,L2,TWSE OpenAPI 上市公司基本資料（完整母集）,冻结 2026-08-28 TWSE+TPEx（不含兴柜）L2 机械母集,-,human-gate://2026-08-28/H1/issuer:TW:3060,https://openapi.twse.com.tw/v1/opendata/t187ap03_L,2026-08-28,user,2026-08-28,已裁决,l2:TWSE:3060,H1 人闸批准；仅在本行 product_scope 内有效。
h1-include-0564,manual_include,include,issuer,issuer:TW:3062,issuer:TW:3062,-,-,-,建漢,L2,TWSE OpenAPI 上市公司基本資料（完整母集）,冻结 2026-08-28 TWSE+TPEx（不含兴柜）L2 机械母集,-,human-gate://2026-08-28/H1/issuer:TW:3062,https://openapi.twse.com.tw/v1/opendata/t187ap03_L,2026-08-28,user,2026-08-28,已裁决,l2:TWSE:3062,H1 人闸批准；仅在本行 product_scope 内有效。
h1-include-0565,manual_include,include,issuer,issuer:TW:3090,issuer:TW:3090,-,-,-,日電貿,L2,TWSE OpenAPI 上市公司基本資料（完整母集）,冻结 2026-08-28 TWSE+TPEx（不含兴柜）L2 机械母集,-,human-gate://2026-08-28/H1/issuer:TW:3090,https://openapi.twse.com.tw/v1/opendata/t187ap03_L,2026-08-28,user,2026-08-28,已裁决,l2:TWSE:3090,H1 人闸批准；仅在本行 product_scope 内有效。
h1-include-0566,manual_include,include,issuer,issuer:TW:3092,issuer:TW:3092,-,-,-,鴻碩,L2,TWSE OpenAPI 上市公司基本資料（完整母集）,冻结 2026-08-28 TWSE+TPEx（不含兴柜）L2 机械母集,-,human-gate://2026-08-28/H1/issuer:TW:3092,https://openapi.twse.com.tw/v1/opendata/t187ap03_L,2026-08-28,user,2026-08-28,已裁决,l2:TWSE:3092,H1 人闸批准；仅在本行 product_scope 内有效。
h1-include-0567,manual_include,include,issuer,issuer:TW:3094,issuer:TW:3094,-,-,-,聯傑,L2,TWSE OpenAPI 上市公司基本資料（完整母集）,冻结 2026-08-28 TWSE+TPEx（不含兴柜）L2 机械母集,-,human-gate://2026-08-28/H1/issuer:TW:3094,https://openapi.twse.com.tw/v1/opendata/t187ap03_L,2026-08-28,user,2026-08-28,已裁决,l2:TWSE:3094,H1 人闸批准；仅在本行 product_scope 内有效。
h1-include-0568,manual_include,include,issuer,issuer:TW:3130,issuer:TW:3130,-,-,-,一零四,L2,TWSE OpenAPI 上市公司基本資料（完整母集）,冻结 2026-08-28 TWSE+TPEx（不含兴柜）L2 机械母集,-,human-gate://2026-08-28/H1/issuer:TW:3130,https://openapi.twse.com.tw/v1/opendata/t187ap03_L,2026-08-28,user,2026-08-28,已裁决,l2:TWSE:3130,H1 人闸批准；仅在本行 product_scope 内有效。
h1-include-0569,manual_include,include,issuer,issuer:TW:3135,issuer:TW:3135,-,-,-,凌航,L2,TWSE OpenAPI 上市公司基本資料（完整母集）,冻结 2026-08-28 TWSE+TPEx（不含兴柜）L2 机械母集,-,human-gate://2026-08-28/H1/issuer:TW:3135,https://openapi.twse.com.tw/v1/opendata/t187ap03_L,2026-08-28,user,2026-08-28,已裁决,l2:TWSE:3135,H1 人闸批准；仅在本行 product_scope 内有效。
h1-include-0570,manual_include,include,issuer,issuer:TW:3138,issuer:TW:3138,-,-,-,耀登,L2,TWSE OpenAPI 上市公司基本資料（完整母集）,冻结 2026-08-28 TWSE+TPEx（不含兴柜）L2 机械母集,-,human-gate://2026-08-28/H1/issuer:TW:3138,https://openapi.twse.com.tw/v1/opendata/t187ap03_L,2026-08-28,user,2026-08-28,已裁决,l2:TWSE:3138,H1 人闸批准；仅在本行 product_scope 内有效。
h1-include-0571,manual_include,include,issuer,issuer:TW:3149,issuer:TW:3149,-,-,-,正達,L2,TWSE OpenAPI 上市公司基本資料（完整母集）,冻结 2026-08-28 TWSE+TPEx（不含兴柜）L2 机械母集,-,human-gate://2026-08-28/H1/issuer:TW:3149,https://openapi.twse.com.tw/v1/opendata/t187ap03_L,2026-08-28,user,2026-08-28,已裁决,l2:TWSE:3149,H1 人闸批准；仅在本行 product_scope 内有效。
h1-include-0572,manual_include,include,issuer,issuer:TW:3150,issuer:TW:3150,-,-,-,鈺寶-創,L2,TWSE OpenAPI 上市公司基本資料（完整母集）,冻结 2026-08-28 TWSE+TPEx（不含兴柜）L2 机械母集,-,human-gate://2026-08-28/H1/issuer:TW:3150,https://openapi.twse.com.tw/v1/opendata/t187ap03_L,2026-08-28,user,2026-08-28,已裁决,l2:TWSE:3150,H1 人闸批准；仅在本行 product_scope 内有效。
h1-include-0573,manual_include,include,issuer,issuer:TW:3164,issuer:TW:3164,-,-,-,景岳,L2,TWSE OpenAPI 上市公司基本資料（完整母集）,冻结 2026-08-28 TWSE+TPEx（不含兴柜）L2 机械母集,-,human-gate://2026-08-28/H1/issuer:TW:3164,https://openapi.twse.com.tw/v1/opendata/t187ap03_L,2026-08-28,user,2026-08-28,已裁决,l2:TWSE:3164,H1 人闸批准；仅在本行 product_scope 内有效。
h1-include-0574,manual_include,include,issuer,issuer:TW:3167,issuer:TW:3167,-,-,-,大量,L2,TWSE OpenAPI 上市公司基本資料（完整母集）,冻结 2026-08-28 TWSE+TPEx（不含兴柜）L2 机械母集,-,human-gate://2026-08-28/H1/issuer:TW:3167,https://openapi.twse.com.tw/v1/opendata/t187ap03_L,2026-08-28,user,2026-08-28,已裁决,l2:TWSE:3167,H1 人闸批准；仅在本行 product_scope 内有效。
h1-include-0575,manual_include,include,issuer,issuer:TW:3168,issuer:TW:3168,-,-,-,眾福科,L2,TWSE OpenAPI 上市公司基本資料（完整母集）,冻结 2026-08-28 TWSE+TPEx（不含兴柜）L2 机械母集,-,human-gate://2026-08-28/H1/issuer:TW:3168,https://openapi.twse.com.tw/v1/opendata/t187ap03_L,2026-08-28,user,2026-08-28,已裁决,l2:TWSE:3168,H1 人闸批准；仅在本行 product_scope 内有效。
h1-include-0576,manual_include,include,issuer,issuer:TW:3189,issuer:TW:3189,-,-,-,景碩,L2,TWSE OpenAPI 上市公司基本資料（完整母集）,冻结 2026-08-28 TWSE+TPEx（不含兴柜）L2 机械母集,-,human-gate://2026-08-28/H1/issuer:TW:3189,https://openapi.twse.com.tw/v1/opendata/t187ap03_L,2026-08-28,user,2026-08-28,已裁决,l2:TWSE:3189,H1 人闸批准；仅在本行 product_scope 内有效。
h1-include-0577,manual_include,include,issuer,issuer:TW:3209,issuer:TW:3209,-,-,-,全科,L2,TWSE OpenAPI 上市公司基本資料（完整母集）,冻结 2026-08-28 TWSE+TPEx（不含兴柜）L2 机械母集,-,human-gate://2026-08-28/H1/issuer:TW:3209,https://openapi.twse.com.tw/v1/opendata/t187ap03_L,2026-08-28,user,2026-08-28,已裁决,l2:TWSE:3209,H1 人闸批准；仅在本行 product_scope 内有效。
h1-include-0578,manual_include,include,issuer,issuer:TW:3229,issuer:TW:3229,-,-,-,晟鈦,L2,TWSE OpenAPI 上市公司基本資料（完整母集）,冻结 2026-08-28 TWSE+TPEx（不含兴柜）L2 机械母集,-,human-gate://2026-08-28/H1/issuer:TW:3229,https://openapi.twse.com.tw/v1/opendata/t187ap03_L,2026-08-28,user,2026-08-28,已裁决,l2:TWSE:3229,H1 人闸批准；仅在本行 product_scope 内有效。
h1-include-0579,manual_include,include,issuer,issuer:TW:3231,issuer:TW:3231,-,-,-,緯創,L2,TWSE OpenAPI 上市公司基本資料（完整母集）,冻结 2026-08-28 TWSE+TPEx（不含兴柜）L2 机械母集,-,human-gate://2026-08-28/H1/issuer:TW:3231,https://openapi.twse.com.tw/v1/opendata/t187ap03_L,2026-08-28,user,2026-08-28,已裁决,l2:TWSE:3231,H1 人闸批准；仅在本行 product_scope 内有效。
h1-include-0580,manual_include,include,issuer,issuer:TW:3257,issuer:TW:3257,-,-,-,虹冠電,L2,TWSE OpenAPI 上市公司基本資料（完整母集）,冻结 2026-08-28 TWSE+TPEx（不含兴柜）L2 机械母集,-,human-gate://2026-08-28/H1/issuer:TW:3257,https://openapi.twse.com.tw/v1/opendata/t187ap03_L,2026-08-28,user,2026-08-28,已裁决,l2:TWSE:3257,H1 人闸批准；仅在本行 product_scope 内有效。
h1-include-0581,manual_include,include,issuer,issuer:TW:3266,issuer:TW:3266,-,-,-,昇陽,L2,TWSE OpenAPI 上市公司基本資料（完整母集）,冻结 2026-08-28 TWSE+TPEx（不含兴柜）L2 机械母集,-,human-gate://2026-08-28/H1/issuer:TW:3266,https://openapi.twse.com.tw/v1/opendata/t187ap03_L,2026-08-28,user,2026-08-28,已裁决,l2:TWSE:3266,H1 人闸批准；仅在本行 product_scope 内有效。
h1-include-0582,manual_include,include,issuer,issuer:TW:3296,issuer:TW:3296,-,-,-,勝德,L2,TWSE OpenAPI 上市公司基本資料（完整母集）,冻结 2026-08-28 TWSE+TPEx（不含兴柜）L2 机械母集,-,human-gate://2026-08-28/H1/issuer:TW:3296,https://openapi.twse.com.tw/v1/opendata/t187ap03_L,2026-08-28,user,2026-08-28,已裁决,l2:TWSE:3296,H1 人闸批准；仅在本行 product_scope 内有效。
h1-include-0583,manual_include,include,issuer,issuer:TW:3305,issuer:TW:3305,-,-,-,昇貿,L2,TWSE OpenAPI 上市公司基本資料（完整母集）,冻结 2026-08-28 TWSE+TPEx（不含兴柜）L2 机械母集,-,human-gate://2026-08-28/H1/issuer:TW:3305,https://openapi.twse.com.tw/v1/opendata/t187ap03_L,2026-08-28,user,2026-08-28,已裁决,l2:TWSE:3305,H1 人闸批准；仅在本行 product_scope 内有效。
h1-include-0584,manual_include,include,issuer,issuer:TW:3308,issuer:TW:3308,-,-,-,聯德,L2,TWSE OpenAPI 上市公司基本資料（完整母集）,冻结 2026-08-28 TWSE+TPEx（不含兴柜）L2 机械母集,-,human-gate://2026-08-28/H1/issuer:TW:3308,https://openapi.twse.com.tw/v1/opendata/t187ap03_L,2026-08-28,user,2026-08-28,已裁决,l2:TWSE:3308,H1 人闸批准；仅在本行 product_scope 内有效。
h1-include-0585,manual_include,include,issuer,issuer:TW:3311,issuer:TW:3311,-,-,-,閎暉,L2,TWSE OpenAPI 上市公司基本資料（完整母集）,冻结 2026-08-28 TWSE+TPEx（不含兴柜）L2 机械母集,-,human-gate://2026-08-28/H1/issuer:TW:3311,https://openapi.twse.com.tw/v1/opendata/t187ap03_L,2026-08-28,user,2026-08-28,已裁决,l2:TWSE:3311,H1 人闸批准；仅在本行 product_scope 内有效。
h1-include-0586,manual_include,include,issuer,issuer:TW:3312,issuer:TW:3312,-,-,-,弘憶股,L2,TWSE OpenAPI 上市公司基本資料（完整母集）,冻结 2026-08-28 TWSE+TPEx（不含兴柜）L2 机械母集,-,human-gate://2026-08-28/H1/issuer:TW:3312,https://openapi.twse.com.tw/v1/opendata/t187ap03_L,2026-08-28,user,2026-08-28,已裁决,l2:TWSE:3312,H1 人闸批准；仅在本行 product_scope 内有效。
h1-include-0587,manual_include,include,issuer,issuer:TW:3321,issuer:TW:3321,-,-,-,同泰,L2,TWSE OpenAPI 上市公司基本資料（完整母集）,冻结 2026-08-28 TWSE+TPEx（不含兴柜）L2 机械母集,-,human-gate://2026-08-28/H1/issuer:TW:3321,https://openapi.twse.com.tw/v1/opendata/t187ap03_L,2026-08-28,user,2026-08-28,已裁决,l2:TWSE:3321,H1 人闸批准；仅在本行 product_scope 内有效。
h1-include-0588,manual_include,include,issuer,issuer:TW:3338,issuer:TW:3338,-,-,-,泰碩,L2,TWSE OpenAPI 上市公司基本資料（完整母集）,冻结 2026-08-28 TWSE+TPEx（不含兴柜）L2 机械母集,-,human-gate://2026-08-28/H1/issuer:TW:3338,https://openapi.twse.com.tw/v1/opendata/t187ap03_L,2026-08-28,user,2026-08-28,已裁决,l2:TWSE:3338,H1 人闸批准；仅在本行 product_scope 内有效。
h1-include-0589,manual_include,include,issuer,issuer:TW:3346,issuer:TW:3346,-,-,-,麗清,L2,TWSE OpenAPI 上市公司基本資料（完整母集）,冻结 2026-08-28 TWSE+TPEx（不含兴柜）L2 机械母集,-,human-gate://2026-08-28/H1/issuer:TW:3346,https://openapi.twse.com.tw/v1/opendata/t187ap03_L,2026-08-28,user,2026-08-28,已裁决,l2:TWSE:3346,H1 人闸批准；仅在本行 product_scope 内有效。
h1-include-0590,manual_include,include,issuer,issuer:TW:3356,issuer:TW:3356,-,-,-,奇偶,L2,TWSE OpenAPI 上市公司基本資料（完整母集）,冻结 2026-08-28 TWSE+TPEx（不含兴柜）L2 机械母集,-,human-gate://2026-08-28/H1/issuer:TW:3356,https://openapi.twse.com.tw/v1/opendata/t187ap03_L,2026-08-28,user,2026-08-28,已裁决,l2:TWSE:3356,H1 人闸批准；仅在本行 product_scope 内有效。
h1-include-0591,manual_include,include,issuer,issuer:TW:3376,issuer:TW:3376,-,-,-,新日興,L2,TWSE OpenAPI 上市公司基本資料（完整母集）,冻结 2026-08-28 TWSE+TPEx（不含兴柜）L2 机械母集,-,human-gate://2026-08-28/H1/issuer:TW:3376,https://openapi.twse.com.tw/v1/opendata/t187ap03_L,2026-08-28,user,2026-08-28,已裁决,l2:TWSE:3376,H1 人闸批准；仅在本行 product_scope 内有效。
h1-include-0592,manual_include,include,issuer,issuer:TW:3380,issuer:TW:3380,-,-,-,明泰,L2,TWSE OpenAPI 上市公司基本資料（完整母集）,冻结 2026-08-28 TWSE+TPEx（不含兴柜）L2 机械母集,-,human-gate://2026-08-28/H1/issuer:TW:3380,https://openapi.twse.com.tw/v1/opendata/t187ap03_L,2026-08-28,user,2026-08-28,已裁决,l2:TWSE:3380,H1 人闸批准；仅在本行 product_scope 内有效。
h1-include-0593,manual_include,include,issuer,issuer:TW:3406,issuer:TW:3406,-,-,-,玉晶光,L2,TWSE OpenAPI 上市公司基本資料（完整母集）,冻结 2026-08-28 TWSE+TPEx（不含兴柜）L2 机械母集,-,human-gate://2026-08-28/H1/issuer:TW:3406,https://openapi.twse.com.tw/v1/opendata/t187ap03_L,2026-08-28,user,2026-08-28,已裁决,l2:TWSE:3406,H1 人闸批准；仅在本行 product_scope 内有效。
h1-include-0594,manual_include,include,issuer,issuer:TW:3413,issuer:TW:3413,-,-,-,京鼎,L2,TWSE OpenAPI 上市公司基本資料（完整母集）,冻结 2026-08-28 TWSE+TPEx（不含兴柜）L2 机械母集,-,human-gate://2026-08-28/H1/issuer:TW:3413,https://openapi.twse.com.tw/v1/opendata/t187ap03_L,2026-08-28,user,2026-08-28,已裁决,l2:TWSE:3413,H1 人闸批准；仅在本行 product_scope 内有效。
h1-include-0595,manual_include,include,issuer,issuer:TW:3416,issuer:TW:3416,-,-,-,融程電,L2,TWSE OpenAPI 上市公司基本資料（完整母集）,冻结 2026-08-28 TWSE+TPEx（不含兴柜）L2 机械母集,-,human-gate://2026-08-28/H1/issuer:TW:3416,https://openapi.twse.com.tw/v1/opendata/t187ap03_L,2026-08-28,user,2026-08-28,已裁决,l2:TWSE:3416,H1 人闸批准；仅在本行 product_scope 内有效。
h1-include-0596,manual_include,include,issuer,issuer:TW:3419,issuer:TW:3419,-,-,-,譁裕,L2,TWSE OpenAPI 上市公司基本資料（完整母集）,冻结 2026-08-28 TWSE+TPEx（不含兴柜）L2 机械母集,-,human-gate://2026-08-28/H1/issuer:TW:3419,https://openapi.twse.com.tw/v1/opendata/t187ap03_L,2026-08-28,user,2026-08-28,已裁决,l2:TWSE:3419,H1 人闸批准；仅在本行 product_scope 内有效。
h1-include-0597,manual_include,include,issuer,issuer:TW:3432,issuer:TW:3432,-,-,-,台端,L2,TWSE OpenAPI 上市公司基本資料（完整母集）,冻结 2026-08-28 TWSE+TPEx（不含兴柜）L2 机械母集,-,human-gate://2026-08-28/H1/issuer:TW:3432,https://openapi.twse.com.tw/v1/opendata/t187ap03_L,2026-08-28,user,2026-08-28,已裁决,l2:TWSE:3432,H1 人闸批准；仅在本行 product_scope 内有效。
h1-include-0598,manual_include,include,issuer,issuer:TW:3437,issuer:TW:3437,-,-,-,榮創,L2,TWSE OpenAPI 上市公司基本資料（完整母集）,冻结 2026-08-28 TWSE+TPEx（不含兴柜）L2 机械母集,-,human-gate://2026-08-28/H1/issuer:TW:3437,https://openapi.twse.com.tw/v1/opendata/t187ap03_L,2026-08-28,user,2026-08-28,已裁决,l2:TWSE:3437,H1 人闸批准；仅在本行 product_scope 内有效。
h1-include-0599,manual_include,include,issuer,issuer:TW:3443,issuer:TW:3443,-,-,-,創意,L2,TWSE OpenAPI 上市公司基本資料（完整母集）,冻结 2026-08-28 TWSE+TPEx（不含兴柜）L2 机械母集,-,human-gate://2026-08-28/H1/issuer:TW:3443,https://openapi.twse.com.tw/v1/opendata/t187ap03_L,2026-08-28,user,2026-08-28,已裁决,l2:TWSE:3443,H1 人闸批准；仅在本行 product_scope 内有效。
h1-include-0600,manual_include,include,issuer,issuer:TW:3447,issuer:TW:3447,-,-,-,展達,L2,TWSE OpenAPI 上市公司基本資料（完整母集）,冻结 2026-08-28 TWSE+TPEx（不含兴柜）L2 机械母集,-,human-gate://2026-08-28/H1/issuer:TW:3447,https://openapi.twse.com.tw/v1/opendata/t187ap03_L,2026-08-28,user,2026-08-28,已裁决,l2:TWSE:3447,H1 人闸批准；仅在本行 product_scope 内有效。
h1-include-0601,manual_include,include,issuer,issuer:TW:3450,issuer:TW:3450,-,-,-,聯鈞,L2,TWSE OpenAPI 上市公司基本資料（完整母集）,冻结 2026-08-28 TWSE+TPEx（不含兴柜）L2 机械母集,-,human-gate://2026-08-28/H1/issuer:TW:3450,https://openapi.twse.com.tw/v1/opendata/t187ap03_L,2026-08-28,user,2026-08-28,已裁决,l2:TWSE:3450,H1 人闸批准；仅在本行 product_scope 内有效。
h1-include-0602,manual_include,include,issuer,issuer:TW:3481,issuer:TW:3481,-,-,-,群創,L2,TWSE OpenAPI 上市公司基本資料（完整母集）,冻结 2026-08-28 TWSE+TPEx（不含兴柜）L2 机械母集,-,human-gate://2026-08-28/H1/issuer:TW:3481,https://openapi.twse.com.tw/v1/opendata/t187ap03_L,2026-08-28,user,2026-08-28,已裁决,l2:TWSE:3481,H1 人闸批准；仅在本行 product_scope 内有效。
h1-include-0603,manual_include,include,issuer,issuer:TW:3494,issuer:TW:3494,-,-,-,誠研,L2,TWSE OpenAPI 上市公司基本資料（完整母集）,冻结 2026-08-28 TWSE+TPEx（不含兴柜）L2 机械母集,-,human-gate://2026-08-28/H1/issuer:TW:3494,https://openapi.twse.com.tw/v1/opendata/t187ap03_L,2026-08-28,user,2026-08-28,已裁决,l2:TWSE:3494,H1 人闸批准；仅在本行 product_scope 内有效。
h1-include-0604,manual_include,include,issuer,issuer:TW:3501,issuer:TW:3501,-,-,-,維熹,L2,TWSE OpenAPI 上市公司基本資料（完整母集）,冻结 2026-08-28 TWSE+TPEx（不含兴柜）L2 机械母集,-,human-gate://2026-08-28/H1/issuer:TW:3501,https://openapi.twse.com.tw/v1/opendata/t187ap03_L,2026-08-28,user,2026-08-28,已裁决,l2:TWSE:3501,H1 人闸批准；仅在本行 product_scope 内有效。
h1-include-0605,manual_include,include,issuer,issuer:TW:3504,issuer:TW:3504,-,-,-,揚明光,L2,TWSE OpenAPI 上市公司基本資料（完整母集）,冻结 2026-08-28 TWSE+TPEx（不含兴柜）L2 机械母集,-,human-gate://2026-08-28/H1/issuer:TW:3504,https://openapi.twse.com.tw/v1/opendata/t187ap03_L,2026-08-28,user,2026-08-28,已裁决,l2:TWSE:3504,H1 人闸批准；仅在本行 product_scope 内有效。
h1-include-0606,manual_include,include,issuer,issuer:TW:3515,issuer:TW:3515,-,-,-,華擎,L2,TWSE OpenAPI 上市公司基本資料（完整母集）,冻结 2026-08-28 TWSE+TPEx（不含兴柜）L2 机械母集,-,human-gate://2026-08-28/H1/issuer:TW:3515,https://openapi.twse.com.tw/v1/opendata/t187ap03_L,2026-08-28,user,2026-08-28,已裁决,l2:TWSE:3515,H1 人闸批准；仅在本行 product_scope 内有效。
h1-include-0607,manual_include,include,issuer,issuer:TW:3518,issuer:TW:3518,-,-,-,柏騰,L2,TWSE OpenAPI 上市公司基本資料（完整母集）,冻结 2026-08-28 TWSE+TPEx（不含兴柜）L2 机械母集,-,human-gate://2026-08-28/H1/issuer:TW:3518,https://openapi.twse.com.tw/v1/opendata/t187ap03_L,2026-08-28,user,2026-08-28,已裁决,l2:TWSE:3518,H1 人闸批准；仅在本行 product_scope 内有效。
h1-include-0608,manual_include,include,issuer,issuer:TW:3528,issuer:TW:3528,-,-,-,安馳,L2,TWSE OpenAPI 上市公司基本資料（完整母集）,冻结 2026-08-28 TWSE+TPEx（不含兴柜）L2 机械母集,-,human-gate://2026-08-28/H1/issuer:TW:3528,https://openapi.twse.com.tw/v1/opendata/t187ap03_L,2026-08-28,user,2026-08-28,已裁决,l2:TWSE:3528,H1 人闸批准；仅在本行 product_scope 内有效。
h1-include-0609,manual_include,include,issuer,issuer:TW:3530,issuer:TW:3530,-,-,-,晶相光,L2,TWSE OpenAPI 上市公司基本資料（完整母集）,冻结 2026-08-28 TWSE+TPEx（不含兴柜）L2 机械母集,-,human-gate://2026-08-28/H1/issuer:TW:3530,https://openapi.twse.com.tw/v1/opendata/t187ap03_L,2026-08-28,user,2026-08-28,已裁决,l2:TWSE:3530,H1 人闸批准；仅在本行 product_scope 内有效。
h1-include-0610,manual_include,include,issuer,issuer:TW:3532,issuer:TW:3532,-,-,-,台勝科,L2,TWSE OpenAPI 上市公司基本資料（完整母集）,冻结 2026-08-28 TWSE+TPEx（不含兴柜）L2 机械母集,-,human-gate://2026-08-28/H1/issuer:TW:3532,https://openapi.twse.com.tw/v1/opendata/t187ap03_L,2026-08-28,user,2026-08-28,已裁决,l2:TWSE:3532,H1 人闸批准；仅在本行 product_scope 内有效。
h1-include-0611,manual_include,include,issuer,issuer:TW:3533,issuer:TW:3533,-,-,-,嘉澤,L2,TWSE OpenAPI 上市公司基本資料（完整母集）,冻结 2026-08-28 TWSE+TPEx（不含兴柜）L2 机械母集,-,human-gate://2026-08-28/H1/issuer:TW:3533,https://openapi.twse.com.tw/v1/opendata/t187ap03_L,2026-08-28,user,2026-08-28,已裁决,l2:TWSE:3533,H1 人闸批准；仅在本行 product_scope 内有效。
h1-include-0612,manual_include,include,issuer,issuer:TW:3535,issuer:TW:3535,-,-,-,晶彩科,L2,TWSE OpenAPI 上市公司基本資料（完整母集）,冻结 2026-08-28 TWSE+TPEx（不含兴柜）L2 机械母集,-,human-gate://2026-08-28/H1/issuer:TW:3535,https://openapi.twse.com.tw/v1/opendata/t187ap03_L,2026-08-28,user,2026-08-28,已裁决,l2:TWSE:3535,H1 人闸批准；仅在本行 product_scope 内有效。
h1-include-0613,manual_include,include,issuer,issuer:TW:3543,issuer:TW:3543,-,-,-,州巧,L2,TWSE OpenAPI 上市公司基本資料（完整母集）,冻结 2026-08-28 TWSE+TPEx（不含兴柜）L2 机械母集,-,human-gate://2026-08-28/H1/issuer:TW:3543,https://openapi.twse.com.tw/v1/opendata/t187ap03_L,2026-08-28,user,2026-08-28,已裁决,l2:TWSE:3543,H1 人闸批准；仅在本行 product_scope 内有效。
h1-include-0614,manual_include,include,issuer,issuer:TW:3545,issuer:TW:3545,-,-,-,敦泰,L2,TWSE OpenAPI 上市公司基本資料（完整母集）,冻结 2026-08-28 TWSE+TPEx（不含兴柜）L2 机械母集,-,human-gate://2026-08-28/H1/issuer:TW:3545,https://openapi.twse.com.tw/v1/opendata/t187ap03_L,2026-08-28,user,2026-08-28,已裁决,l2:TWSE:3545,H1 人闸批准；仅在本行 product_scope 内有效。
h1-include-0615,manual_include,include,issuer,issuer:TW:3550,issuer:TW:3550,-,-,-,聯穎,L2,TWSE OpenAPI 上市公司基本資料（完整母集）,冻结 2026-08-28 TWSE+TPEx（不含兴柜）L2 机械母集,-,human-gate://2026-08-28/H1/issuer:TW:3550,https://openapi.twse.com.tw/v1/opendata/t187ap03_L,2026-08-28,user,2026-08-28,已裁决,l2:TWSE:3550,H1 人闸批准；仅在本行 product_scope 内有效。
h1-include-0616,manual_include,include,issuer,issuer:TW:3557,issuer:TW:3557,-,-,-,嘉威,L2,TWSE OpenAPI 上市公司基本資料（完整母集）,冻结 2026-08-28 TWSE+TPEx（不含兴柜）L2 机械母集,-,human-gate://2026-08-28/H1/issuer:TW:3557,https://openapi.twse.com.tw/v1/opendata/t187ap03_L,2026-08-28,user,2026-08-28,已裁决,l2:TWSE:3557,H1 人闸批准；仅在本行 product_scope 内有效。
h1-include-0617,manual_include,include,issuer,issuer:TW:3563,issuer:TW:3563,-,-,-,牧德,L2,TWSE OpenAPI 上市公司基本資料（完整母集）,冻结 2026-08-28 TWSE+TPEx（不含兴柜）L2 机械母集,-,human-gate://2026-08-28/H1/issuer:TW:3563,https://openapi.twse.com.tw/v1/opendata/t187ap03_L,2026-08-28,user,2026-08-28,已裁决,l2:TWSE:3563,H1 人闸批准；仅在本行 product_scope 内有效。
h1-include-0618,manual_include,include,issuer,issuer:TW:3576,issuer:TW:3576,-,-,-,聯合再生,L2,TWSE OpenAPI 上市公司基本資料（完整母集）,冻结 2026-08-28 TWSE+TPEx（不含兴柜）L2 机械母集,-,human-gate://2026-08-28/H1/issuer:TW:3576,https://openapi.twse.com.tw/v1/opendata/t187ap03_L,2026-08-28,user,2026-08-28,已裁决,l2:TWSE:3576,H1 人闸批准；仅在本行 product_scope 内有效。
h1-include-0619,manual_include,include,issuer,issuer:TW:3583,issuer:TW:3583,-,-,-,辛耘,L2,TWSE OpenAPI 上市公司基本資料（完整母集）,冻结 2026-08-28 TWSE+TPEx（不含兴柜）L2 机械母集,-,human-gate://2026-08-28/H1/issuer:TW:3583,https://openapi.twse.com.tw/v1/opendata/t187ap03_L,2026-08-28,user,2026-08-28,已裁决,l2:TWSE:3583,H1 人闸批准；仅在本行 product_scope 内有效。
h1-include-0620,manual_include,include,issuer,issuer:TW:3588,issuer:TW:3588,-,-,-,通嘉,L2,TWSE OpenAPI 上市公司基本資料（完整母集）,冻结 2026-08-28 TWSE+TPEx（不含兴柜）L2 机械母集,-,human-gate://2026-08-28/H1/issuer:TW:3588,https://openapi.twse.com.tw/v1/opendata/t187ap03_L,2026-08-28,user,2026-08-28,已裁决,l2:TWSE:3588,H1 人闸批准；仅在本行 product_scope 内有效。
h1-include-0621,manual_include,include,issuer,issuer:TW:3591,issuer:TW:3591,-,-,-,艾笛森,L2,TWSE OpenAPI 上市公司基本資料（完整母集）,冻结 2026-08-28 TWSE+TPEx（不含兴柜）L2 机械母集,-,human-gate://2026-08-28/H1/issuer:TW:3591,https://openapi.twse.com.tw/v1/opendata/t187ap03_L,2026-08-28,user,2026-08-28,已裁决,l2:TWSE:3591,H1 人闸批准；仅在本行 product_scope 内有效。
h1-include-0622,manual_include,include,issuer,issuer:TW:3592,issuer:TW:3592,-,-,-,瑞鼎,L2,TWSE OpenAPI 上市公司基本資料（完整母集）,冻结 2026-08-28 TWSE+TPEx（不含兴柜）L2 机械母集,-,human-gate://2026-08-28/H1/issuer:TW:3592,https://openapi.twse.com.tw/v1/opendata/t187ap03_L,2026-08-28,user,2026-08-28,已裁决,l2:TWSE:3592,H1 人闸批准；仅在本行 product_scope 内有效。
h1-include-0623,manual_include,include,issuer,issuer:TW:3593,issuer:TW:3593,-,-,-,力銘,L2,TWSE OpenAPI 上市公司基本資料（完整母集）,冻结 2026-08-28 TWSE+TPEx（不含兴柜）L2 机械母集,-,human-gate://2026-08-28/H1/issuer:TW:3593,https://openapi.twse.com.tw/v1/opendata/t187ap03_L,2026-08-28,user,2026-08-28,已裁决,l2:TWSE:3593,H1 人闸批准；仅在本行 product_scope 内有效。
h1-include-0624,manual_include,include,issuer,issuer:TW:3596,issuer:TW:3596,-,-,-,智易,L2,TWSE OpenAPI 上市公司基本資料（完整母集）,冻结 2026-08-28 TWSE+TPEx（不含兴柜）L2 机械母集,-,human-gate://2026-08-28/H1/issuer:TW:3596,https://openapi.twse.com.tw/v1/opendata/t187ap03_L,2026-08-28,user,2026-08-28,已裁决,l2:TWSE:3596,H1 人闸批准；仅在本行 product_scope 内有效。
h1-include-0625,manual_include,include,issuer,issuer:TW:3605,issuer:TW:3605,-,-,-,宏致,L2,TWSE OpenAPI 上市公司基本資料（完整母集）,冻结 2026-08-28 TWSE+TPEx（不含兴柜）L2 机械母集,-,human-gate://2026-08-28/H1/issuer:TW:3605,https://openapi.twse.com.tw/v1/opendata/t187ap03_L,2026-08-28,user,2026-08-28,已裁决,l2:TWSE:3605,H1 人闸批准；仅在本行 product_scope 内有效。
h1-include-0626,manual_include,include,issuer,issuer:TW:3607,issuer:TW:3607,-,-,-,谷崧,L2,TWSE OpenAPI 上市公司基本資料（完整母集）,冻结 2026-08-28 TWSE+TPEx（不含兴柜）L2 机械母集,-,human-gate://2026-08-28/H1/issuer:TW:3607,https://openapi.twse.com.tw/v1/opendata/t187ap03_L,2026-08-28,user,2026-08-28,已裁决,l2:TWSE:3607,H1 人闸批准；仅在本行 product_scope 内有效。
h1-include-0627,manual_include,include,issuer,issuer:TW:3617,issuer:TW:3617,-,-,-,碩天,L2,TWSE OpenAPI 上市公司基本資料（完整母集）,冻结 2026-08-28 TWSE+TPEx（不含兴柜）L2 机械母集,-,human-gate://2026-08-28/H1/issuer:TW:3617,https://openapi.twse.com.tw/v1/opendata/t187ap03_L,2026-08-28,user,2026-08-28,已裁决,l2:TWSE:3617,H1 人闸批准；仅在本行 product_scope 内有效。
h1-include-0628,manual_include,include,issuer,issuer:TW:3622,issuer:TW:3622,-,-,-,洋華,L2,TWSE OpenAPI 上市公司基本資料（完整母集）,冻结 2026-08-28 TWSE+TPEx（不含兴柜）L2 机械母集,-,human-gate://2026-08-28/H1/issuer:TW:3622,https://openapi.twse.com.tw/v1/opendata/t187ap03_L,2026-08-28,user,2026-08-28,已裁决,l2:TWSE:3622,H1 人闸批准；仅在本行 product_scope 内有效。
h1-include-0629,manual_include,include,issuer,issuer:TW:3645,issuer:TW:3645,-,-,-,達邁,L2,TWSE OpenAPI 上市公司基本資料（完整母集）,冻结 2026-08-28 TWSE+TPEx（不含兴柜）L2 机械母集,-,human-gate://2026-08-28/H1/issuer:TW:3645,https://openapi.twse.com.tw/v1/opendata/t187ap03_L,2026-08-28,user,2026-08-28,已裁决,l2:TWSE:3645,H1 人闸批准；仅在本行 product_scope 内有效。
h1-include-0630,manual_include,include,issuer,issuer:TW:3652,issuer:TW:3652,-,-,-,精聯,L2,TWSE OpenAPI 上市公司基本資料（完整母集）,冻结 2026-08-28 TWSE+TPEx（不含兴柜）L2 机械母集,-,human-gate://2026-08-28/H1/issuer:TW:3652,https://openapi.twse.com.tw/v1/opendata/t187ap03_L,2026-08-28,user,2026-08-28,已裁决,l2:TWSE:3652,H1 人闸批准；仅在本行 product_scope 内有效。
h1-include-0631,manual_include,include,issuer,issuer:TW:3653,issuer:TW:3653,-,-,-,健策,L2,TWSE OpenAPI 上市公司基本資料（完整母集）,冻结 2026-08-28 TWSE+TPEx（不含兴柜）L2 机械母集,-,human-gate://2026-08-28/H1/issuer:TW:3653,https://openapi.twse.com.tw/v1/opendata/t187ap03_L,2026-08-28,user,2026-08-28,已裁决,l2:TWSE:3653,H1 人闸批准；仅在本行 product_scope 内有效。
h1-include-0632,manual_include,include,issuer,issuer:TW:3661,issuer:TW:3661,-,-,-,世芯-KY,L2,TWSE OpenAPI 上市公司基本資料（完整母集）,冻结 2026-08-28 TWSE+TPEx（不含兴柜）L2 机械母集,-,human-gate://2026-08-28/H1/issuer:TW:3661,https://openapi.twse.com.tw/v1/opendata/t187ap03_L,2026-08-28,user,2026-08-28,已裁决,l2:TWSE:3661,H1 人闸批准；仅在本行 product_scope 内有效。
h1-include-0633,manual_include,include,issuer,issuer:TW:3665,issuer:TW:3665,-,-,-,貿聯-KY,L2,TWSE OpenAPI 上市公司基本資料（完整母集）,冻结 2026-08-28 TWSE+TPEx（不含兴柜）L2 机械母集,-,human-gate://2026-08-28/H1/issuer:TW:3665,https://openapi.twse.com.tw/v1/opendata/t187ap03_L,2026-08-28,user,2026-08-28,已裁决,l2:TWSE:3665,H1 人闸批准；仅在本行 product_scope 内有效。
h1-include-0634,manual_include,include,issuer,issuer:TW:3669,issuer:TW:3669,-,-,-,圓展,L2,TWSE OpenAPI 上市公司基本資料（完整母集）,冻结 2026-08-28 TWSE+TPEx（不含兴柜）L2 机械母集,-,human-gate://2026-08-28/H1/issuer:TW:3669,https://openapi.twse.com.tw/v1/opendata/t187ap03_L,2026-08-28,user,2026-08-28,已裁决,l2:TWSE:3669,H1 人闸批准；仅在本行 product_scope 内有效。
h1-include-0635,manual_include,include,issuer,issuer:TW:3673,issuer:TW:3673,-,-,-,TPK-KY,L2,TWSE OpenAPI 上市公司基本資料（完整母集）,冻结 2026-08-28 TWSE+TPEx（不含兴柜）L2 机械母集,-,human-gate://2026-08-28/H1/issuer:TW:3673,https://openapi.twse.com.tw/v1/opendata/t187ap03_L,2026-08-28,user,2026-08-28,已裁决,l2:TWSE:3673,H1 人闸批准；仅在本行 product_scope 内有效。
h1-include-0636,manual_include,include,issuer,issuer:TW:3679,issuer:TW:3679,-,-,-,新至陞,L2,TWSE OpenAPI 上市公司基本資料（完整母集）,冻结 2026-08-28 TWSE+TPEx（不含兴柜）L2 机械母集,-,human-gate://2026-08-28/H1/issuer:TW:3679,https://openapi.twse.com.tw/v1/opendata/t187ap03_L,2026-08-28,user,2026-08-28,已裁决,l2:TWSE:3679,H1 人闸批准；仅在本行 product_scope 内有效。
h1-include-0637,manual_include,include,issuer,issuer:TW:3686,issuer:TW:3686,-,-,-,達能,L2,TWSE OpenAPI 上市公司基本資料（完整母集）,冻结 2026-08-28 TWSE+TPEx（不含兴柜）L2 机械母集,-,human-gate://2026-08-28/H1/issuer:TW:3686,https://openapi.twse.com.tw/v1/opendata/t187ap03_L,2026-08-28,user,2026-08-28,已裁决,l2:TWSE:3686,H1 人闸批准；仅在本行 product_scope 内有效。
h1-include-0638,manual_include,include,issuer,issuer:TW:3694,issuer:TW:3694,-,-,-,海華,L2,TWSE OpenAPI 上市公司基本資料（完整母集）,冻结 2026-08-28 TWSE+TPEx（不含兴柜）L2 机械母集,-,human-gate://2026-08-28/H1/issuer:TW:3694,https://openapi.twse.com.tw/v1/opendata/t187ap03_L,2026-08-28,user,2026-08-28,已裁决,l2:TWSE:3694,H1 人闸批准；仅在本行 product_scope 内有效。
h1-include-0639,manual_include,include,issuer,issuer:TW:3701,issuer:TW:3701,-,-,-,大眾控,L2,TWSE OpenAPI 上市公司基本資料（完整母集）,冻结 2026-08-28 TWSE+TPEx（不含兴柜）L2 机械母集,-,human-gate://2026-08-28/H1/issuer:TW:3701,https://openapi.twse.com.tw/v1/opendata/t187ap03_L,2026-08-28,user,2026-08-28,已裁决,l2:TWSE:3701,H1 人闸批准；仅在本行 product_scope 内有效。
h1-include-0640,manual_include,include,issuer,issuer:TW:3702,issuer:TW:3702,-,-,-,大聯大,L2,TWSE OpenAPI 上市公司基本資料（完整母集）,冻结 2026-08-28 TWSE+TPEx（不含兴柜）L2 机械母集,-,human-gate://2026-08-28/H1/issuer:TW:3702,https://openapi.twse.com.tw/v1/opendata/t187ap03_L,2026-08-28,user,2026-08-28,已裁决,l2:TWSE:3702,H1 人闸批准；仅在本行 product_scope 内有效。
h1-include-0641,manual_include,include,issuer,issuer:TW:3703,issuer:TW:3703,-,-,-,欣陸,L2,TWSE OpenAPI 上市公司基本資料（完整母集）,冻结 2026-08-28 TWSE+TPEx（不含兴柜）L2 机械母集,-,human-gate://2026-08-28/H1/issuer:TW:3703,https://openapi.twse.com.tw/v1/opendata/t187ap03_L,2026-08-28,user,2026-08-28,已裁决,l2:TWSE:3703,H1 人闸批准；仅在本行 product_scope 内有效。
h1-include-0642,manual_include,include,issuer,issuer:TW:3704,issuer:TW:3704,-,-,-,合勤控,L2,TWSE OpenAPI 上市公司基本資料（完整母集）,冻结 2026-08-28 TWSE+TPEx（不含兴柜）L2 机械母集,-,human-gate://2026-08-28/H1/issuer:TW:3704,https://openapi.twse.com.tw/v1/opendata/t187ap03_L,2026-08-28,user,2026-08-28,已裁决,l2:TWSE:3704,H1 人闸批准；仅在本行 product_scope 内有效。
h1-include-0643,manual_include,include,issuer,issuer:TW:3705,issuer:TW:3705,-,-,-,永信,L2,TWSE OpenAPI 上市公司基本資料（完整母集）,冻结 2026-08-28 TWSE+TPEx（不含兴柜）L2 机械母集,-,human-gate://2026-08-28/H1/issuer:TW:3705,https://openapi.twse.com.tw/v1/opendata/t187ap03_L,2026-08-28,user,2026-08-28,已裁决,l2:TWSE:3705,H1 人闸批准；仅在本行 product_scope 内有效。
h1-include-0644,manual_include,include,issuer,issuer:TW:3706,issuer:TW:3706,-,-,-,神達,L2,TWSE OpenAPI 上市公司基本資料（完整母集）,冻结 2026-08-28 TWSE+TPEx（不含兴柜）L2 机械母集,-,human-gate://2026-08-28/H1/issuer:TW:3706,https://openapi.twse.com.tw/v1/opendata/t187ap03_L,2026-08-28,user,2026-08-28,已裁决,l2:TWSE:3706,H1 人闸批准；仅在本行 product_scope 内有效。
h1-include-0645,manual_include,include,issuer,issuer:TW:3708,issuer:TW:3708,-,-,-,上緯投控,L2,TWSE OpenAPI 上市公司基本資料（完整母集）,冻结 2026-08-28 TWSE+TPEx（不含兴柜）L2 机械母集,-,human-gate://2026-08-28/H1/issuer:TW:3708,https://openapi.twse.com.tw/v1/opendata/t187ap03_L,2026-08-28,user,2026-08-28,已裁决,l2:TWSE:3708,H1 人闸批准；仅在本行 product_scope 内有效。
h1-include-0646,manual_include,include,issuer,issuer:TW:3711,issuer:TW:3711,-,-,-,日月光投控,L2,TWSE OpenAPI 上市公司基本資料（完整母集）,冻结 2026-08-28 TWSE+TPEx（不含兴柜）L2 机械母集,-,human-gate://2026-08-28/H1/issuer:TW:3711,https://openapi.twse.com.tw/v1/opendata/t187ap03_L,2026-08-28,user,2026-08-28,已裁决,l2:TWSE:3711,H1 人闸批准；仅在本行 product_scope 内有效。
h1-include-0647,manual_include,include,issuer,issuer:TW:3712,issuer:TW:3712,-,-,-,永崴投控,L2,TWSE OpenAPI 上市公司基本資料（完整母集）,冻结 2026-08-28 TWSE+TPEx（不含兴柜）L2 机械母集,-,human-gate://2026-08-28/H1/issuer:TW:3712,https://openapi.twse.com.tw/v1/opendata/t187ap03_L,2026-08-28,user,2026-08-28,已裁决,l2:TWSE:3712,H1 人闸批准；仅在本行 product_scope 内有效。
h1-include-0648,manual_include,include,issuer,issuer:TW:3714,issuer:TW:3714,-,-,-,富采,L2,TWSE OpenAPI 上市公司基本資料（完整母集）,冻结 2026-08-28 TWSE+TPEx（不含兴柜）L2 机械母集,-,human-gate://2026-08-28/H1/issuer:TW:3714,https://openapi.twse.com.tw/v1/opendata/t187ap03_L,2026-08-28,user,2026-08-28,已裁决,l2:TWSE:3714,H1 人闸批准；仅在本行 product_scope 内有效。
h1-include-0649,manual_include,include,issuer,issuer:TW:3715,issuer:TW:3715,-,-,-,定穎投控,L2,TWSE OpenAPI 上市公司基本資料（完整母集）,冻结 2026-08-28 TWSE+TPEx（不含兴柜）L2 机械母集,-,human-gate://2026-08-28/H1/issuer:TW:3715,https://openapi.twse.com.tw/v1/opendata/t187ap03_L,2026-08-28,user,2026-08-28,已裁决,l2:TWSE:3715,H1 人闸批准；仅在本行 product_scope 内有效。
h1-include-0650,manual_include,include,issuer,issuer:TW:3716,issuer:TW:3716,-,-,-,中化控股,L2,TWSE OpenAPI 上市公司基本資料（完整母集）,冻结 2026-08-28 TWSE+TPEx（不含兴柜）L2 机械母集,-,human-gate://2026-08-28/H1/issuer:TW:3716,https://openapi.twse.com.tw/v1/opendata/t187ap03_L,2026-08-28,user,2026-08-28,已裁决,l2:TWSE:3716,H1 人闸批准；仅在本行 product_scope 内有效。
h1-include-0651,manual_include,include,issuer,issuer:TW:3717,issuer:TW:3717,-,-,-,聯嘉投控,L2,TWSE OpenAPI 上市公司基本資料（完整母集）,冻结 2026-08-28 TWSE+TPEx（不含兴柜）L2 机械母集,-,human-gate://2026-08-28/H1/issuer:TW:3717,https://openapi.twse.com.tw/v1/opendata/t187ap03_L,2026-08-28,user,2026-08-28,已裁决,l2:TWSE:3717,H1 人闸批准；仅在本行 product_scope 内有效。
h1-include-0652,manual_include,include,issuer,issuer:TW:4104,issuer:TW:4104,-,-,-,佳醫,L2,TWSE OpenAPI 上市公司基本資料（完整母集）,冻结 2026-08-28 TWSE+TPEx（不含兴柜）L2 机械母集,-,human-gate://2026-08-28/H1/issuer:TW:4104,https://openapi.twse.com.tw/v1/opendata/t187ap03_L,2026-08-28,user,2026-08-28,已裁决,l2:TWSE:4104,H1 人闸批准；仅在本行 product_scope 内有效。
h1-include-0653,manual_include,include,issuer,issuer:TW:4106,issuer:TW:4106,-,-,-,雃博,L2,TWSE OpenAPI 上市公司基本資料（完整母集）,冻结 2026-08-28 TWSE+TPEx（不含兴柜）L2 机械母集,-,human-gate://2026-08-28/H1/issuer:TW:4106,https://openapi.twse.com.tw/v1/opendata/t187ap03_L,2026-08-28,user,2026-08-28,已裁决,l2:TWSE:4106,H1 人闸批准；仅在本行 product_scope 内有效。
h1-include-0654,manual_include,include,issuer,issuer:TW:4108,issuer:TW:4108,-,-,-,懷特,L2,TWSE OpenAPI 上市公司基本資料（完整母集）,冻结 2026-08-28 TWSE+TPEx（不含兴柜）L2 机械母集,-,human-gate://2026-08-28/H1/issuer:TW:4108,https://openapi.twse.com.tw/v1/opendata/t187ap03_L,2026-08-28,user,2026-08-28,已裁决,l2:TWSE:4108,H1 人闸批准；仅在本行 product_scope 内有效。
h1-include-0655,manual_include,include,issuer,issuer:TW:4119,issuer:TW:4119,-,-,-,旭富,L2,TWSE OpenAPI 上市公司基本資料（完整母集）,冻结 2026-08-28 TWSE+TPEx（不含兴柜）L2 机械母集,-,human-gate://2026-08-28/H1/issuer:TW:4119,https://openapi.twse.com.tw/v1/opendata/t187ap03_L,2026-08-28,user,2026-08-28,已裁决,l2:TWSE:4119,H1 人闸批准；仅在本行 product_scope 内有效。
h1-include-0656,manual_include,include,issuer,issuer:TW:4133,issuer:TW:4133,-,-,-,亞諾法,L2,TWSE OpenAPI 上市公司基本資料（完整母集）,冻结 2026-08-28 TWSE+TPEx（不含兴柜）L2 机械母集,-,human-gate://2026-08-28/H1/issuer:TW:4133,https://openapi.twse.com.tw/v1/opendata/t187ap03_L,2026-08-28,user,2026-08-28,已裁决,l2:TWSE:4133,H1 人闸批准；仅在本行 product_scope 内有效。
h1-include-0657,manual_include,include,issuer,issuer:TW:4137,issuer:TW:4137,-,-,-,麗豐-KY,L2,TWSE OpenAPI 上市公司基本資料（完整母集）,冻结 2026-08-28 TWSE+TPEx（不含兴柜）L2 机械母集,-,human-gate://2026-08-28/H1/issuer:TW:4137,https://openapi.twse.com.tw/v1/opendata/t187ap03_L,2026-08-28,user,2026-08-28,已裁决,l2:TWSE:4137,H1 人闸批准；仅在本行 product_scope 内有效。
h1-include-0658,manual_include,include,issuer,issuer:TW:4142,issuer:TW:4142,-,-,-,國光生,L2,TWSE OpenAPI 上市公司基本資料（完整母集）,冻结 2026-08-28 TWSE+TPEx（不含兴柜）L2 机械母集,-,human-gate://2026-08-28/H1/issuer:TW:4142,https://openapi.twse.com.tw/v1/opendata/t187ap03_L,2026-08-28,user,2026-08-28,已裁决,l2:TWSE:4142,H1 人闸批准；仅在本行 product_scope 内有效。
h1-include-0659,manual_include,include,issuer,issuer:TW:4148,issuer:TW:4148,-,-,-,全宇生技-KY,L2,TWSE OpenAPI 上市公司基本資料（完整母集）,冻结 2026-08-28 TWSE+TPEx（不含兴柜）L2 机械母集,-,human-gate://2026-08-28/H1/issuer:TW:4148,https://openapi.twse.com.tw/v1/opendata/t187ap03_L,2026-08-28,user,2026-08-28,已裁决,l2:TWSE:4148,H1 人闸批准；仅在本行 product_scope 内有效。
h1-include-0660,manual_include,include,issuer,issuer:TW:4155,issuer:TW:4155,-,-,-,訊映,L2,TWSE OpenAPI 上市公司基本資料（完整母集）,冻结 2026-08-28 TWSE+TPEx（不含兴柜）L2 机械母集,-,human-gate://2026-08-28/H1/issuer:TW:4155,https://openapi.twse.com.tw/v1/opendata/t187ap03_L,2026-08-28,user,2026-08-28,已裁决,l2:TWSE:4155,H1 人闸批准；仅在本行 product_scope 内有效。
h1-include-0661,manual_include,include,issuer,issuer:TW:4164,issuer:TW:4164,-,-,-,承業醫,L2,TWSE OpenAPI 上市公司基本資料（完整母集）,冻结 2026-08-28 TWSE+TPEx（不含兴柜）L2 机械母集,-,human-gate://2026-08-28/H1/issuer:TW:4164,https://openapi.twse.com.tw/v1/opendata/t187ap03_L,2026-08-28,user,2026-08-28,已裁决,l2:TWSE:4164,H1 人闸批准；仅在本行 product_scope 内有效。
h1-include-0662,manual_include,include,issuer,issuer:TW:4169,issuer:TW:4169,-,-,-,泰宗,L2,TWSE OpenAPI 上市公司基本資料（完整母集）,冻结 2026-08-28 TWSE+TPEx（不含兴柜）L2 机械母集,-,human-gate://2026-08-28/H1/issuer:TW:4169,https://openapi.twse.com.tw/v1/opendata/t187ap03_L,2026-08-28,user,2026-08-28,已裁决,l2:TWSE:4169,H1 人闸批准；仅在本行 product_scope 内有效。
h1-include-0663,manual_include,include,issuer,issuer:TW:4178,issuer:TW:4178,-,-,-,永笙-KY,L2,TWSE OpenAPI 上市公司基本資料（完整母集）,冻结 2026-08-28 TWSE+TPEx（不含兴柜）L2 机械母集,-,human-gate://2026-08-28/H1/issuer:TW:4178,https://openapi.twse.com.tw/v1/opendata/t187ap03_L,2026-08-28,user,2026-08-28,已裁决,l2:TWSE:4178,H1 人闸批准；仅在本行 product_scope 内有效。
h1-include-0664,manual_include,include,issuer,issuer:TW:4190,issuer:TW:4190,-,-,-,佐登-KY,L2,TWSE OpenAPI 上市公司基本資料（完整母集）,冻结 2026-08-28 TWSE+TPEx（不含兴柜）L2 机械母集,-,human-gate://2026-08-28/H1/issuer:TW:4190,https://openapi.twse.com.tw/v1/opendata/t187ap03_L,2026-08-28,user,2026-08-28,已裁决,l2:TWSE:4190,H1 人闸批准；仅在本行 product_scope 内有效。
h1-include-0665,manual_include,include,issuer,issuer:TW:4195,issuer:TW:4195,-,-,-,基米-創,L2,TWSE OpenAPI 上市公司基本資料（完整母集）,冻结 2026-08-28 TWSE+TPEx（不含兴柜）L2 机械母集,-,human-gate://2026-08-28/H1/issuer:TW:4195,https://openapi.twse.com.tw/v1/opendata/t187ap03_L,2026-08-28,user,2026-08-28,已裁决,l2:TWSE:4195,H1 人闸批准；仅在本行 product_scope 内有效。
h1-include-0666,manual_include,include,issuer,issuer:TW:4306,issuer:TW:4306,-,-,-,炎洲,L2,TWSE OpenAPI 上市公司基本資料（完整母集）,冻结 2026-08-28 TWSE+TPEx（不含兴柜）L2 机械母集,-,human-gate://2026-08-28/H1/issuer:TW:4306,https://openapi.twse.com.tw/v1/opendata/t187ap03_L,2026-08-28,user,2026-08-28,已裁决,l2:TWSE:4306,H1 人闸批准；仅在本行 product_scope 内有效。
h1-include-0667,manual_include,include,issuer,issuer:TW:4414,issuer:TW:4414,-,-,-,如興,L2,TWSE OpenAPI 上市公司基本資料（完整母集）,冻结 2026-08-28 TWSE+TPEx（不含兴柜）L2 机械母集,-,human-gate://2026-08-28/H1/issuer:TW:4414,https://openapi.twse.com.tw/v1/opendata/t187ap03_L,2026-08-28,user,2026-08-28,已裁决,l2:TWSE:4414,H1 人闸批准；仅在本行 product_scope 内有效。
h1-include-0668,manual_include,include,issuer,issuer:TW:4426,issuer:TW:4426,-,-,-,利勤,L2,TWSE OpenAPI 上市公司基本資料（完整母集）,冻结 2026-08-28 TWSE+TPEx（不含兴柜）L2 机械母集,-,human-gate://2026-08-28/H1/issuer:TW:4426,https://openapi.twse.com.tw/v1/opendata/t187ap03_L,2026-08-28,user,2026-08-28,已裁决,l2:TWSE:4426,H1 人闸批准；仅在本行 product_scope 内有效。
h1-include-0669,manual_include,include,issuer,issuer:TW:4438,issuer:TW:4438,-,-,-,廣越,L2,TWSE OpenAPI 上市公司基本資料（完整母集）,冻结 2026-08-28 TWSE+TPEx（不含兴柜）L2 机械母集,-,human-gate://2026-08-28/H1/issuer:TW:4438,https://openapi.twse.com.tw/v1/opendata/t187ap03_L,2026-08-28,user,2026-08-28,已裁决,l2:TWSE:4438,H1 人闸批准；仅在本行 product_scope 内有效。
h1-include-0670,manual_include,include,issuer,issuer:TW:4439,issuer:TW:4439,-,-,-,冠星-KY,L2,TWSE OpenAPI 上市公司基本資料（完整母集）,冻结 2026-08-28 TWSE+TPEx（不含兴柜）L2 机械母集,-,human-gate://2026-08-28/H1/issuer:TW:4439,https://openapi.twse.com.tw/v1/opendata/t187ap03_L,2026-08-28,user,2026-08-28,已裁决,l2:TWSE:4439,H1 人闸批准；仅在本行 product_scope 内有效。
h1-include-0671,manual_include,include,issuer,issuer:TW:4440,issuer:TW:4440,-,-,-,宜新實業,L2,TWSE OpenAPI 上市公司基本資料（完整母集）,冻结 2026-08-28 TWSE+TPEx（不含兴柜）L2 机械母集,-,human-gate://2026-08-28/H1/issuer:TW:4440,https://openapi.twse.com.tw/v1/opendata/t187ap03_L,2026-08-28,user,2026-08-28,已裁决,l2:TWSE:4440,H1 人闸批准；仅在本行 product_scope 内有效。
h1-include-0672,manual_include,include,issuer,issuer:TW:4441,issuer:TW:4441,-,-,-,振大環球,L2,TWSE OpenAPI 上市公司基本資料（完整母集）,冻结 2026-08-28 TWSE+TPEx（不含兴柜）L2 机械母集,-,human-gate://2026-08-28/H1/issuer:TW:4441,https://openapi.twse.com.tw/v1/opendata/t187ap03_L,2026-08-28,user,2026-08-28,已裁决,l2:TWSE:4441,H1 人闸批准；仅在本行 product_scope 内有效。
h1-include-0673,manual_include,include,issuer,issuer:TW:4526,issuer:TW:4526,-,-,-,東台,L2,TWSE OpenAPI 上市公司基本資料（完整母集）,冻结 2026-08-28 TWSE+TPEx（不含兴柜）L2 机械母集,-,human-gate://2026-08-28/H1/issuer:TW:4526,https://openapi.twse.com.tw/v1/opendata/t187ap03_L,2026-08-28,user,2026-08-28,已裁决,l2:TWSE:4526,H1 人闸批准；仅在本行 product_scope 内有效。
h1-include-0674,manual_include,include,issuer,issuer:TW:4532,issuer:TW:4532,-,-,-,瑞智,L2,TWSE OpenAPI 上市公司基本資料（完整母集）,冻结 2026-08-28 TWSE+TPEx（不含兴柜）L2 机械母集,-,human-gate://2026-08-28/H1/issuer:TW:4532,https://openapi.twse.com.tw/v1/opendata/t187ap03_L,2026-08-28,user,2026-08-28,已裁决,l2:TWSE:4532,H1 人闸批准；仅在本行 product_scope 内有效。
h1-include-0675,manual_include,include,issuer,issuer:TW:4536,issuer:TW:4536,-,-,-,拓凱,L2,TWSE OpenAPI 上市公司基本資料（完整母集）,冻结 2026-08-28 TWSE+TPEx（不含兴柜）L2 机械母集,-,human-gate://2026-08-28/H1/issuer:TW:4536,https://openapi.twse.com.tw/v1/opendata/t187ap03_L,2026-08-28,user,2026-08-28,已裁决,l2:TWSE:4536,H1 人闸批准；仅在本行 product_scope 内有效。
h1-include-0676,manual_include,include,issuer,issuer:TW:4540,issuer:TW:4540,-,-,-,全球傳動,L2,TWSE OpenAPI 上市公司基本資料（完整母集）,冻结 2026-08-28 TWSE+TPEx（不含兴柜）L2 机械母集,-,human-gate://2026-08-28/H1/issuer:TW:4540,https://openapi.twse.com.tw/v1/opendata/t187ap03_L,2026-08-28,user,2026-08-28,已裁决,l2:TWSE:4540,H1 人闸批准；仅在本行 product_scope 内有效。
h1-include-0677,manual_include,include,issuer,issuer:TW:4545,issuer:TW:4545,-,-,-,銘鈺,L2,TWSE OpenAPI 上市公司基本資料（完整母集）,冻结 2026-08-28 TWSE+TPEx（不含兴柜）L2 机械母集,-,human-gate://2026-08-28/H1/issuer:TW:4545,https://openapi.twse.com.tw/v1/opendata/t187ap03_L,2026-08-28,user,2026-08-28,已裁决,l2:TWSE:4545,H1 人闸批准；仅在本行 product_scope 内有效。
h1-include-0678,manual_include,include,issuer,issuer:TW:4551,issuer:TW:4551,-,-,-,智伸科,L2,TWSE OpenAPI 上市公司基本資料（完整母集）,冻结 2026-08-28 TWSE+TPEx（不含兴柜）L2 机械母集,-,human-gate://2026-08-28/H1/issuer:TW:4551,https://openapi.twse.com.tw/v1/opendata/t187ap03_L,2026-08-28,user,2026-08-28,已裁决,l2:TWSE:4551,H1 人闸批准；仅在本行 product_scope 内有效。
h1-include-0679,manual_include,include,issuer,issuer:TW:4552,issuer:TW:4552,-,-,-,力達-KY,L2,TWSE OpenAPI 上市公司基本資料（完整母集）,冻结 2026-08-28 TWSE+TPEx（不含兴柜）L2 机械母集,-,human-gate://2026-08-28/H1/issuer:TW:4552,https://openapi.twse.com.tw/v1/opendata/t187ap03_L,2026-08-28,user,2026-08-28,已裁决,l2:TWSE:4552,H1 人闸批准；仅在本行 product_scope 内有效。
h1-include-0680,manual_include,include,issuer,issuer:TW:4555,issuer:TW:4555,-,-,-,氣立,L2,TWSE OpenAPI 上市公司基本資料（完整母集）,冻结 2026-08-28 TWSE+TPEx（不含兴柜）L2 机械母集,-,human-gate://2026-08-28/H1/issuer:TW:4555,https://openapi.twse.com.tw/v1/opendata/t187ap03_L,2026-08-28,user,2026-08-28,已裁决,l2:TWSE:4555,H1 人闸批准；仅在本行 product_scope 内有效。
h1-include-0681,manual_include,include,issuer,issuer:TW:4557,issuer:TW:4557,-,-,-,永新-KY,L2,TWSE OpenAPI 上市公司基本資料（完整母集）,冻结 2026-08-28 TWSE+TPEx（不含兴柜）L2 机械母集,-,human-gate://2026-08-28/H1/issuer:TW:4557,https://openapi.twse.com.tw/v1/opendata/t187ap03_L,2026-08-28,user,2026-08-28,已裁决,l2:TWSE:4557,H1 人闸批准；仅在本行 product_scope 内有效。
h1-include-0682,manual_include,include,issuer,issuer:TW:4560,issuer:TW:4560,-,-,-,強信-KY,L2,TWSE OpenAPI 上市公司基本資料（完整母集）,冻结 2026-08-28 TWSE+TPEx（不含兴柜）L2 机械母集,-,human-gate://2026-08-28/H1/issuer:TW:4560,https://openapi.twse.com.tw/v1/opendata/t187ap03_L,2026-08-28,user,2026-08-28,已裁决,l2:TWSE:4560,H1 人闸批准；仅在本行 product_scope 内有效。
h1-include-0683,manual_include,include,issuer,issuer:TW:4562,issuer:TW:4562,-,-,-,穎漢,L2,TWSE OpenAPI 上市公司基本資料（完整母集）,冻结 2026-08-28 TWSE+TPEx（不含兴柜）L2 机械母集,-,human-gate://2026-08-28/H1/issuer:TW:4562,https://openapi.twse.com.tw/v1/opendata/t187ap03_L,2026-08-28,user,2026-08-28,已裁决,l2:TWSE:4562,H1 人闸批准；仅在本行 product_scope 内有效。
h1-include-0684,manual_include,include,issuer,issuer:TW:4564,issuer:TW:4564,-,-,-,元翎,L2,TWSE OpenAPI 上市公司基本資料（完整母集）,冻结 2026-08-28 TWSE+TPEx（不含兴柜）L2 机械母集,-,human-gate://2026-08-28/H1/issuer:TW:4564,https://openapi.twse.com.tw/v1/opendata/t187ap03_L,2026-08-28,user,2026-08-28,已裁决,l2:TWSE:4564,H1 人闸批准；仅在本行 product_scope 内有效。
h1-include-0685,manual_include,include,issuer,issuer:TW:4566,issuer:TW:4566,-,-,-,時碩工業,L2,TWSE OpenAPI 上市公司基本資料（完整母集）,冻结 2026-08-28 TWSE+TPEx（不含兴柜）L2 机械母集,-,human-gate://2026-08-28/H1/issuer:TW:4566,https://openapi.twse.com.tw/v1/opendata/t187ap03_L,2026-08-28,user,2026-08-28,已裁决,l2:TWSE:4566,H1 人闸批准；仅在本行 product_scope 内有效。
h1-include-0686,manual_include,include,issuer,issuer:TW:4569,issuer:TW:4569,-,-,-,六方科-KY,L2,TWSE OpenAPI 上市公司基本資料（完整母集）,冻结 2026-08-28 TWSE+TPEx（不含兴柜）L2 机械母集,-,human-gate://2026-08-28/H1/issuer:TW:4569,https://openapi.twse.com.tw/v1/opendata/t187ap03_L,2026-08-28,user,2026-08-28,已裁决,l2:TWSE:4569,H1 人闸批准；仅在本行 product_scope 内有效。
h1-include-0687,manual_include,include,issuer,issuer:TW:4571,issuer:TW:4571,-,-,-,鈞興-KY,L2,TWSE OpenAPI 上市公司基本資料（完整母集）,冻结 2026-08-28 TWSE+TPEx（不含兴柜）L2 机械母集,-,human-gate://2026-08-28/H1/issuer:TW:4571,https://openapi.twse.com.tw/v1/opendata/t187ap03_L,2026-08-28,user,2026-08-28,已裁决,l2:TWSE:4571,H1 人闸批准；仅在本行 product_scope 内有效。
h1-include-0688,manual_include,include,issuer,issuer:TW:4572,issuer:TW:4572,-,-,-,駐龍,L2,TWSE OpenAPI 上市公司基本資料（完整母集）,冻结 2026-08-28 TWSE+TPEx（不含兴柜）L2 机械母集,-,human-gate://2026-08-28/H1/issuer:TW:4572,https://openapi.twse.com.tw/v1/opendata/t187ap03_L,2026-08-28,user,2026-08-28,已裁决,l2:TWSE:4572,H1 人闸批准；仅在本行 product_scope 内有效。
h1-include-0689,manual_include,include,issuer,issuer:TW:4576,issuer:TW:4576,-,-,-,大銀微系統,L2,TWSE OpenAPI 上市公司基本資料（完整母集）,冻结 2026-08-28 TWSE+TPEx（不含兴柜）L2 机械母集,-,human-gate://2026-08-28/H1/issuer:TW:4576,https://openapi.twse.com.tw/v1/opendata/t187ap03_L,2026-08-28,user,2026-08-28,已裁决,l2:TWSE:4576,H1 人闸批准；仅在本行 product_scope 内有效。
h1-include-0690,manual_include,include,issuer,issuer:TW:4581,issuer:TW:4581,-,-,-,光隆精密-KY,L2,TWSE OpenAPI 上市公司基本資料（完整母集）,冻结 2026-08-28 TWSE+TPEx（不含兴柜）L2 机械母集,-,human-gate://2026-08-28/H1/issuer:TW:4581,https://openapi.twse.com.tw/v1/opendata/t187ap03_L,2026-08-28,user,2026-08-28,已裁决,l2:TWSE:4581,H1 人闸批准；仅在本行 product_scope 内有效。
h1-include-0691,manual_include,include,issuer,issuer:TW:4582,issuer:TW:4582,-,-,-,聚恆-創,L2,TWSE OpenAPI 上市公司基本資料（完整母集）,冻结 2026-08-28 TWSE+TPEx（不含兴柜）L2 机械母集,-,human-gate://2026-08-28/H1/issuer:TW:4582,https://openapi.twse.com.tw/v1/opendata/t187ap03_L,2026-08-28,user,2026-08-28,已裁决,l2:TWSE:4582,H1 人闸批准；仅在本行 product_scope 内有效。
h1-include-0692,manual_include,include,issuer,issuer:TW:4583,issuer:TW:4583,-,-,-,台灣精銳,L2,TWSE OpenAPI 上市公司基本資料（完整母集）,冻结 2026-08-28 TWSE+TPEx（不含兴柜）L2 机械母集,-,human-gate://2026-08-28/H1/issuer:TW:4583,https://openapi.twse.com.tw/v1/opendata/t187ap03_L,2026-08-28,user,2026-08-28,已裁决,l2:TWSE:4583,H1 人闸批准；仅在本行 product_scope 内有效。
h1-include-0693,manual_include,include,issuer,issuer:TW:4585,issuer:TW:4585,-,-,-,達明,L2,TWSE OpenAPI 上市公司基本資料（完整母集）,冻结 2026-08-28 TWSE+TPEx（不含兴柜）L2 机械母集,-,human-gate://2026-08-28/H1/issuer:TW:4585,https://openapi.twse.com.tw/v1/opendata/t187ap03_L,2026-08-28,user,2026-08-28,已裁决,l2:TWSE:4585,H1 人闸批准；仅在本行 product_scope 内有效。
h1-include-0694,manual_include,include,issuer,issuer:TW:4588,issuer:TW:4588,-,-,-,玖鼎電力,L2,TWSE OpenAPI 上市公司基本資料（完整母集）,冻结 2026-08-28 TWSE+TPEx（不含兴柜）L2 机械母集,-,human-gate://2026-08-28/H1/issuer:TW:4588,https://openapi.twse.com.tw/v1/opendata/t187ap03_L,2026-08-28,user,2026-08-28,已裁决,l2:TWSE:4588,H1 人闸批准；仅在本行 product_scope 内有效。
h1-include-0695,manual_include,include,issuer,issuer:TW:4590,issuer:TW:4590,-,-,-,富田-創,L2,TWSE OpenAPI 上市公司基本資料（完整母集）,冻结 2026-08-28 TWSE+TPEx（不含兴柜）L2 机械母集,-,human-gate://2026-08-28/H1/issuer:TW:4590,https://openapi.twse.com.tw/v1/opendata/t187ap03_L,2026-08-28,user,2026-08-28,已裁决,l2:TWSE:4590,H1 人闸批准；仅在本行 product_scope 内有效。
h1-include-0696,manual_include,include,issuer,issuer:TW:4720,issuer:TW:4720,-,-,-,德淵,L2,TWSE OpenAPI 上市公司基本資料（完整母集）,冻结 2026-08-28 TWSE+TPEx（不含兴柜）L2 机械母集,-,human-gate://2026-08-28/H1/issuer:TW:4720,https://openapi.twse.com.tw/v1/opendata/t187ap03_L,2026-08-28,user,2026-08-28,已裁决,l2:TWSE:4720,H1 人闸批准；仅在本行 product_scope 内有效。
h1-include-0697,manual_include,include,issuer,issuer:TW:4722,issuer:TW:4722,-,-,-,國精化,L2,TWSE OpenAPI 上市公司基本資料（完整母集）,冻结 2026-08-28 TWSE+TPEx（不含兴柜）L2 机械母集,-,human-gate://2026-08-28/H1/issuer:TW:4722,https://openapi.twse.com.tw/v1/opendata/t187ap03_L,2026-08-28,user,2026-08-28,已裁决,l2:TWSE:4722,H1 人闸批准；仅在本行 product_scope 内有效。
h1-include-0698,manual_include,include,issuer,issuer:TW:4736,issuer:TW:4736,-,-,-,泰博,L2,TWSE OpenAPI 上市公司基本資料（完整母集）,冻结 2026-08-28 TWSE+TPEx（不含兴柜）L2 机械母集,-,human-gate://2026-08-28/H1/issuer:TW:4736,https://openapi.twse.com.tw/v1/opendata/t187ap03_L,2026-08-28,user,2026-08-28,已裁决,l2:TWSE:4736,H1 人闸批准；仅在本行 product_scope 内有效。
h1-include-0699,manual_include,include,issuer,issuer:TW:4737,issuer:TW:4737,-,-,-,華廣,L2,TWSE OpenAPI 上市公司基本資料（完整母集）,冻结 2026-08-28 TWSE+TPEx（不含兴柜）L2 机械母集,-,human-gate://2026-08-28/H1/issuer:TW:4737,https://openapi.twse.com.tw/v1/opendata/t187ap03_L,2026-08-28,user,2026-08-28,已裁决,l2:TWSE:4737,H1 人闸批准；仅在本行 product_scope 内有效。
h1-include-0700,manual_include,include,issuer,issuer:TW:4739,issuer:TW:4739,-,-,-,康普,L2,TWSE OpenAPI 上市公司基本資料（完整母集）,冻结 2026-08-28 TWSE+TPEx（不含兴柜）L2 机械母集,-,human-gate://2026-08-28/H1/issuer:TW:4739,https://openapi.twse.com.tw/v1/opendata/t187ap03_L,2026-08-28,user,2026-08-28,已裁决,l2:TWSE:4739,H1 人闸批准；仅在本行 product_scope 内有效。
h1-include-0701,manual_include,include,issuer,issuer:TW:4746,issuer:TW:4746,-,-,-,台耀,L2,TWSE OpenAPI 上市公司基本資料（完整母集）,冻结 2026-08-28 TWSE+TPEx（不含兴柜）L2 机械母集,-,human-gate://2026-08-28/H1/issuer:TW:4746,https://openapi.twse.com.tw/v1/opendata/t187ap03_L,2026-08-28,user,2026-08-28,已裁决,l2:TWSE:4746,H1 人闸批准；仅在本行 product_scope 内有效。
h1-include-0702,manual_include,include,issuer,issuer:TW:4755,issuer:TW:4755,-,-,-,三福化,L2,TWSE OpenAPI 上市公司基本資料（完整母集）,冻结 2026-08-28 TWSE+TPEx（不含兴柜）L2 机械母集,-,human-gate://2026-08-28/H1/issuer:TW:4755,https://openapi.twse.com.tw/v1/opendata/t187ap03_L,2026-08-28,user,2026-08-28,已裁决,l2:TWSE:4755,H1 人闸批准；仅在本行 product_scope 内有效。
h1-include-0703,manual_include,include,issuer,issuer:TW:4763,issuer:TW:4763,-,-,-,材料*-KY,L2,TWSE OpenAPI 上市公司基本資料（完整母集）,冻结 2026-08-28 TWSE+TPEx（不含兴柜）L2 机械母集,-,human-gate://2026-08-28/H1/issuer:TW:4763,https://openapi.twse.com.tw/v1/opendata/t187ap03_L,2026-08-28,user,2026-08-28,已裁决,l2:TWSE:4763,H1 人闸批准；仅在本行 product_scope 内有效。
h1-include-0704,manual_include,include,issuer,issuer:TW:4764,issuer:TW:4764,-,-,-,雙鍵,L2,TWSE OpenAPI 上市公司基本資料（完整母集）,冻结 2026-08-28 TWSE+TPEx（不含兴柜）L2 机械母集,-,human-gate://2026-08-28/H1/issuer:TW:4764,https://openapi.twse.com.tw/v1/opendata/t187ap03_L,2026-08-28,user,2026-08-28,已裁决,l2:TWSE:4764,H1 人闸批准；仅在本行 product_scope 内有效。
h1-include-0705,manual_include,include,issuer,issuer:TW:4766,issuer:TW:4766,-,-,-,南寶,L2,TWSE OpenAPI 上市公司基本資料（完整母集）,冻结 2026-08-28 TWSE+TPEx（不含兴柜）L2 机械母集,-,human-gate://2026-08-28/H1/issuer:TW:4766,https://openapi.twse.com.tw/v1/opendata/t187ap03_L,2026-08-28,user,2026-08-28,已裁决,l2:TWSE:4766,H1 人闸批准；仅在本行 product_scope 内有效。
h1-include-0706,manual_include,include,issuer,issuer:TW:4770,issuer:TW:4770,-,-,-,上品,L2,TWSE OpenAPI 上市公司基本資料（完整母集）,冻结 2026-08-28 TWSE+TPEx（不含兴柜）L2 机械母集,-,human-gate://2026-08-28/H1/issuer:TW:4770,https://openapi.twse.com.tw/v1/opendata/t187ap03_L,2026-08-28,user,2026-08-28,已裁决,l2:TWSE:4770,H1 人闸批准；仅在本行 product_scope 内有效。
h1-include-0707,manual_include,include,issuer,issuer:TW:4771,issuer:TW:4771,-,-,-,望隼,L2,TWSE OpenAPI 上市公司基本資料（完整母集）,冻结 2026-08-28 TWSE+TPEx（不含兴柜）L2 机械母集,-,human-gate://2026-08-28/H1/issuer:TW:4771,https://openapi.twse.com.tw/v1/opendata/t187ap03_L,2026-08-28,user,2026-08-28,已裁决,l2:TWSE:4771,H1 人闸批准；仅在本行 product_scope 内有效。
h1-include-0708,manual_include,include,issuer,issuer:TW:4807,issuer:TW:4807,-,-,-,日成-KY,L2,TWSE OpenAPI 上市公司基本資料（完整母集）,冻结 2026-08-28 TWSE+TPEx（不含兴柜）L2 机械母集,-,human-gate://2026-08-28/H1/issuer:TW:4807,https://openapi.twse.com.tw/v1/opendata/t187ap03_L,2026-08-28,user,2026-08-28,已裁决,l2:TWSE:4807,H1 人闸批准；仅在本行 product_scope 内有效。
h1-include-0709,manual_include,include,issuer,issuer:TW:4904,issuer:TW:4904,-,-,-,遠傳,L2,TWSE OpenAPI 上市公司基本資料（完整母集）,冻结 2026-08-28 TWSE+TPEx（不含兴柜）L2 机械母集,-,human-gate://2026-08-28/H1/issuer:TW:4904,https://openapi.twse.com.tw/v1/opendata/t187ap03_L,2026-08-28,user,2026-08-28,已裁决,l2:TWSE:4904,H1 人闸批准；仅在本行 product_scope 内有效。
h1-include-0710,manual_include,include,issuer,issuer:TW:4906,issuer:TW:4906,-,-,-,正文,L2,TWSE OpenAPI 上市公司基本資料（完整母集）,冻结 2026-08-28 TWSE+TPEx（不含兴柜）L2 机械母集,-,human-gate://2026-08-28/H1/issuer:TW:4906,https://openapi.twse.com.tw/v1/opendata/t187ap03_L,2026-08-28,user,2026-08-28,已裁决,l2:TWSE:4906,H1 人闸批准；仅在本行 product_scope 内有效。
h1-include-0711,manual_include,include,issuer,issuer:TW:4912,issuer:TW:4912,-,-,-,聯德控股-KY,L2,TWSE OpenAPI 上市公司基本資料（完整母集）,冻结 2026-08-28 TWSE+TPEx（不含兴柜）L2 机械母集,-,human-gate://2026-08-28/H1/issuer:TW:4912,https://openapi.twse.com.tw/v1/opendata/t187ap03_L,2026-08-28,user,2026-08-28,已裁决,l2:TWSE:4912,H1 人闸批准；仅在本行 product_scope 内有效。
h1-include-0712,manual_include,include,issuer,issuer:TW:4915,issuer:TW:4915,-,-,-,致伸,L2,TWSE OpenAPI 上市公司基本資料（完整母集）,冻结 2026-08-28 TWSE+TPEx（不含兴柜）L2 机械母集,-,human-gate://2026-08-28/H1/issuer:TW:4915,https://openapi.twse.com.tw/v1/opendata/t187ap03_L,2026-08-28,user,2026-08-28,已裁决,l2:TWSE:4915,H1 人闸批准；仅在本行 product_scope 内有效。
h1-include-0713,manual_include,include,issuer,issuer:TW:4916,issuer:TW:4916,-,-,-,事欣科,L2,TWSE OpenAPI 上市公司基本資料（完整母集）,冻结 2026-08-28 TWSE+TPEx（不含兴柜）L2 机械母集,-,human-gate://2026-08-28/H1/issuer:TW:4916,https://openapi.twse.com.tw/v1/opendata/t187ap03_L,2026-08-28,user,2026-08-28,已裁决,l2:TWSE:4916,H1 人闸批准；仅在本行 product_scope 内有效。
h1-include-0714,manual_include,include,issuer,issuer:TW:4919,issuer:TW:4919,-,-,-,新唐,L2,TWSE OpenAPI 上市公司基本資料（完整母集）,冻结 2026-08-28 TWSE+TPEx（不含兴柜）L2 机械母集,-,human-gate://2026-08-28/H1/issuer:TW:4919,https://openapi.twse.com.tw/v1/opendata/t187ap03_L,2026-08-28,user,2026-08-28,已裁决,l2:TWSE:4919,H1 人闸批准；仅在本行 product_scope 内有效。
h1-include-0715,manual_include,include,issuer,issuer:TW:4927,issuer:TW:4927,-,-,-,泰鼎-KY,L2,TWSE OpenAPI 上市公司基本資料（完整母集）,冻结 2026-08-28 TWSE+TPEx（不含兴柜）L2 机械母集,-,human-gate://2026-08-28/H1/issuer:TW:4927,https://openapi.twse.com.tw/v1/opendata/t187ap03_L,2026-08-28,user,2026-08-28,已裁决,l2:TWSE:4927,H1 人闸批准；仅在本行 product_scope 内有效。
h1-include-0716,manual_include,include,issuer,issuer:TW:4930,issuer:TW:4930,-,-,-,燦星網,L2,TWSE OpenAPI 上市公司基本資料（完整母集）,冻结 2026-08-28 TWSE+TPEx（不含兴柜）L2 机械母集,-,human-gate://2026-08-28/H1/issuer:TW:4930,https://openapi.twse.com.tw/v1/opendata/t187ap03_L,2026-08-28,user,2026-08-28,已裁决,l2:TWSE:4930,H1 人闸批准；仅在本行 product_scope 内有效。
h1-include-0717,manual_include,include,issuer,issuer:TW:4934,issuer:TW:4934,-,-,-,太極,L2,TWSE OpenAPI 上市公司基本資料（完整母集）,冻结 2026-08-28 TWSE+TPEx（不含兴柜）L2 机械母集,-,human-gate://2026-08-28/H1/issuer:TW:4934,https://openapi.twse.com.tw/v1/opendata/t187ap03_L,2026-08-28,user,2026-08-28,已裁决,l2:TWSE:4934,H1 人闸批准；仅在本行 product_scope 内有效。
h1-include-0718,manual_include,include,issuer,issuer:TW:4935,issuer:TW:4935,-,-,-,茂林-KY,L2,TWSE OpenAPI 上市公司基本資料（完整母集）,冻结 2026-08-28 TWSE+TPEx（不含兴柜）L2 机械母集,-,human-gate://2026-08-28/H1/issuer:TW:4935,https://openapi.twse.com.tw/v1/opendata/t187ap03_L,2026-08-28,user,2026-08-28,已裁决,l2:TWSE:4935,H1 人闸批准；仅在本行 product_scope 内有效。
h1-include-0719,manual_include,include,issuer,issuer:TW:4938,issuer:TW:4938,-,-,-,和碩,L2,TWSE OpenAPI 上市公司基本資料（完整母集）,冻结 2026-08-28 TWSE+TPEx（不含兴柜）L2 机械母集,-,human-gate://2026-08-28/H1/issuer:TW:4938,https://openapi.twse.com.tw/v1/opendata/t187ap03_L,2026-08-28,user,2026-08-28,已裁决,l2:TWSE:4938,H1 人闸批准；仅在本行 product_scope 内有效。
h1-include-0720,manual_include,include,issuer,issuer:TW:4942,issuer:TW:4942,-,-,-,嘉彰,L2,TWSE OpenAPI 上市公司基本資料（完整母集）,冻结 2026-08-28 TWSE+TPEx（不含兴柜）L2 机械母集,-,human-gate://2026-08-28/H1/issuer:TW:4942,https://openapi.twse.com.tw/v1/opendata/t187ap03_L,2026-08-28,user,2026-08-28,已裁决,l2:TWSE:4942,H1 人闸批准；仅在本行 product_scope 内有效。
h1-include-0721,manual_include,include,issuer,issuer:TW:4943,issuer:TW:4943,-,-,-,康控-KY,L2,TWSE OpenAPI 上市公司基本資料（完整母集）,冻结 2026-08-28 TWSE+TPEx（不含兴柜）L2 机械母集,-,human-gate://2026-08-28/H1/issuer:TW:4943,https://openapi.twse.com.tw/v1/opendata/t187ap03_L,2026-08-28,user,2026-08-28,已裁决,l2:TWSE:4943,H1 人闸批准；仅在本行 product_scope 内有效。
h1-include-0722,manual_include,include,issuer,issuer:TW:4949,issuer:TW:4949,-,-,-,有成精密,L2,TWSE OpenAPI 上市公司基本資料（完整母集）,冻结 2026-08-28 TWSE+TPEx（不含兴柜）L2 机械母集,-,human-gate://2026-08-28/H1/issuer:TW:4949,https://openapi.twse.com.tw/v1/opendata/t187ap03_L,2026-08-28,user,2026-08-28,已裁决,l2:TWSE:4949,H1 人闸批准；仅在本行 product_scope 内有效。
h1-include-0723,manual_include,include,issuer,issuer:TW:4952,issuer:TW:4952,-,-,-,凌通,L2,TWSE OpenAPI 上市公司基本資料（完整母集）,冻结 2026-08-28 TWSE+TPEx（不含兴柜）L2 机械母集,-,human-gate://2026-08-28/H1/issuer:TW:4952,https://openapi.twse.com.tw/v1/opendata/t187ap03_L,2026-08-28,user,2026-08-28,已裁决,l2:TWSE:4952,H1 人闸批准；仅在本行 product_scope 内有效。
h1-include-0724,manual_include,include,issuer,issuer:TW:4956,issuer:TW:4956,-,-,-,光鋐,L2,TWSE OpenAPI 上市公司基本資料（完整母集）,冻结 2026-08-28 TWSE+TPEx（不含兴柜）L2 机械母集,-,human-gate://2026-08-28/H1/issuer:TW:4956,https://openapi.twse.com.tw/v1/opendata/t187ap03_L,2026-08-28,user,2026-08-28,已裁决,l2:TWSE:4956,H1 人闸批准；仅在本行 product_scope 内有效。
h1-include-0725,manual_include,include,issuer,issuer:TW:4958,issuer:TW:4958,-,-,-,臻鼎-KY,L2,TWSE OpenAPI 上市公司基本資料（完整母集）,冻结 2026-08-28 TWSE+TPEx（不含兴柜）L2 机械母集,-,human-gate://2026-08-28/H1/issuer:TW:4958,https://openapi.twse.com.tw/v1/opendata/t187ap03_L,2026-08-28,user,2026-08-28,已裁决,l2:TWSE:4958,H1 人闸批准；仅在本行 product_scope 内有效。
h1-include-0726,manual_include,include,issuer,issuer:TW:4960,issuer:TW:4960,-,-,-,誠美材,L2,TWSE OpenAPI 上市公司基本資料（完整母集）,冻结 2026-08-28 TWSE+TPEx（不含兴柜）L2 机械母集,-,human-gate://2026-08-28/H1/issuer:TW:4960,https://openapi.twse.com.tw/v1/opendata/t187ap03_L,2026-08-28,user,2026-08-28,已裁决,l2:TWSE:4960,H1 人闸批准；仅在本行 product_scope 内有效。
h1-include-0727,manual_include,include,issuer,issuer:TW:4961,issuer:TW:4961,-,-,-,天鈺,L2,TWSE OpenAPI 上市公司基本資料（完整母集）,冻结 2026-08-28 TWSE+TPEx（不含兴柜）L2 机械母集,-,human-gate://2026-08-28/H1/issuer:TW:4961,https://openapi.twse.com.tw/v1/opendata/t187ap03_L,2026-08-28,user,2026-08-28,已裁决,l2:TWSE:4961,H1 人闸批准；仅在本行 product_scope 内有效。
h1-include-0728,manual_include,include,issuer,issuer:TW:4967,issuer:TW:4967,-,-,-,十銓,L2,TWSE OpenAPI 上市公司基本資料（完整母集）,冻结 2026-08-28 TWSE+TPEx（不含兴柜）L2 机械母集,-,human-gate://2026-08-28/H1/issuer:TW:4967,https://openapi.twse.com.tw/v1/opendata/t187ap03_L,2026-08-28,user,2026-08-28,已裁决,l2:TWSE:4967,H1 人闸批准；仅在本行 product_scope 内有效。
h1-include-0729,manual_include,include,issuer,issuer:TW:4968,issuer:TW:4968,-,-,-,立積,L2,TWSE OpenAPI 上市公司基本資料（完整母集）,冻结 2026-08-28 TWSE+TPEx（不含兴柜）L2 机械母集,-,human-gate://2026-08-28/H1/issuer:TW:4968,https://openapi.twse.com.tw/v1/opendata/t187ap03_L,2026-08-28,user,2026-08-28,已裁决,l2:TWSE:4968,H1 人闸批准；仅在本行 product_scope 内有效。
h1-include-0730,manual_include,include,issuer,issuer:TW:4976,issuer:TW:4976,-,-,-,佳凌,L2,TWSE OpenAPI 上市公司基本資料（完整母集）,冻结 2026-08-28 TWSE+TPEx（不含兴柜）L2 机械母集,-,human-gate://2026-08-28/H1/issuer:TW:4976,https://openapi.twse.com.tw/v1/opendata/t187ap03_L,2026-08-28,user,2026-08-28,已裁决,l2:TWSE:4976,H1 人闸批准；仅在本行 product_scope 内有效。
h1-include-0731,manual_include,include,issuer,issuer:TW:4977,issuer:TW:4977,-,-,-,眾達-KY,L2,TWSE OpenAPI 上市公司基本資料（完整母集）,冻结 2026-08-28 TWSE+TPEx（不含兴柜）L2 机械母集,-,human-gate://2026-08-28/H1/issuer:TW:4977,https://openapi.twse.com.tw/v1/opendata/t187ap03_L,2026-08-28,user,2026-08-28,已裁决,l2:TWSE:4977,H1 人闸批准；仅在本行 product_scope 内有效。
h1-include-0732,manual_include,include,issuer,issuer:TW:4989,issuer:TW:4989,-,-,-,榮科,L2,TWSE OpenAPI 上市公司基本資料（完整母集）,冻结 2026-08-28 TWSE+TPEx（不含兴柜）L2 机械母集,-,human-gate://2026-08-28/H1/issuer:TW:4989,https://openapi.twse.com.tw/v1/opendata/t187ap03_L,2026-08-28,user,2026-08-28,已裁决,l2:TWSE:4989,H1 人闸批准；仅在本行 product_scope 内有效。
h1-include-0733,manual_include,include,issuer,issuer:TW:4994,issuer:TW:4994,-,-,-,傳奇,L2,TWSE OpenAPI 上市公司基本資料（完整母集）,冻结 2026-08-28 TWSE+TPEx（不含兴柜）L2 机械母集,-,human-gate://2026-08-28/H1/issuer:TW:4994,https://openapi.twse.com.tw/v1/opendata/t187ap03_L,2026-08-28,user,2026-08-28,已裁决,l2:TWSE:4994,H1 人闸批准；仅在本行 product_scope 内有效。
h1-include-0734,manual_include,include,issuer,issuer:TW:4999,issuer:TW:4999,-,-,-,鑫禾,L2,TWSE OpenAPI 上市公司基本資料（完整母集）,冻结 2026-08-28 TWSE+TPEx（不含兴柜）L2 机械母集,-,human-gate://2026-08-28/H1/issuer:TW:4999,https://openapi.twse.com.tw/v1/opendata/t187ap03_L,2026-08-28,user,2026-08-28,已裁决,l2:TWSE:4999,H1 人闸批准；仅在本行 product_scope 内有效。
h1-include-0735,manual_include,include,issuer,issuer:TW:5007,issuer:TW:5007,-,-,-,三星,L2,TWSE OpenAPI 上市公司基本資料（完整母集）,冻结 2026-08-28 TWSE+TPEx（不含兴柜）L2 机械母集,-,human-gate://2026-08-28/H1/issuer:TW:5007,https://openapi.twse.com.tw/v1/opendata/t187ap03_L,2026-08-28,user,2026-08-28,已裁决,l2:TWSE:5007,H1 人闸批准；仅在本行 product_scope 内有效。
h1-include-0736,manual_include,include,issuer,issuer:TW:5203,issuer:TW:5203,-,-,-,訊連,L2,TWSE OpenAPI 上市公司基本資料（完整母集）,冻结 2026-08-28 TWSE+TPEx（不含兴柜）L2 机械母集,-,human-gate://2026-08-28/H1/issuer:TW:5203,https://openapi.twse.com.tw/v1/opendata/t187ap03_L,2026-08-28,user,2026-08-28,已裁决,l2:TWSE:5203,H1 人闸批准；仅在本行 product_scope 内有效。
h1-include-0737,manual_include,include,issuer,issuer:TW:5215,issuer:TW:5215,-,-,-,科嘉-KY,L2,TWSE OpenAPI 上市公司基本資料（完整母集）,冻结 2026-08-28 TWSE+TPEx（不含兴柜）L2 机械母集,-,human-gate://2026-08-28/H1/issuer:TW:5215,https://openapi.twse.com.tw/v1/opendata/t187ap03_L,2026-08-28,user,2026-08-28,已裁决,l2:TWSE:5215,H1 人闸批准；仅在本行 product_scope 内有效。
h1-include-0738,manual_include,include,issuer,issuer:TW:5222,issuer:TW:5222,-,-,-,全訊,L2,TWSE OpenAPI 上市公司基本資料（完整母集）,冻结 2026-08-28 TWSE+TPEx（不含兴柜）L2 机械母集,-,human-gate://2026-08-28/H1/issuer:TW:5222,https://openapi.twse.com.tw/v1/opendata/t187ap03_L,2026-08-28,user,2026-08-28,已裁决,l2:TWSE:5222,H1 人闸批准；仅在本行 product_scope 内有效。
h1-include-0739,manual_include,include,issuer,issuer:TW:5225,issuer:TW:5225,-,-,-,東科-KY,L2,TWSE OpenAPI 上市公司基本資料（完整母集）,冻结 2026-08-28 TWSE+TPEx（不含兴柜）L2 机械母集,-,human-gate://2026-08-28/H1/issuer:TW:5225,https://openapi.twse.com.tw/v1/opendata/t187ap03_L,2026-08-28,user,2026-08-28,已裁决,l2:TWSE:5225,H1 人闸批准；仅在本行 product_scope 内有效。
h1-include-0740,manual_include,include,issuer,issuer:TW:5234,issuer:TW:5234,-,-,-,達興材料,L2,TWSE OpenAPI 上市公司基本資料（完整母集）,冻结 2026-08-28 TWSE+TPEx（不含兴柜）L2 机械母集,-,human-gate://2026-08-28/H1/issuer:TW:5234,https://openapi.twse.com.tw/v1/opendata/t187ap03_L,2026-08-28,user,2026-08-28,已裁决,l2:TWSE:5234,H1 人闸批准；仅在本行 product_scope 内有效。
h1-include-0741,manual_include,include,issuer,issuer:TW:5236,issuer:TW:5236,-,-,-,凌陽創新,L2,TWSE OpenAPI 上市公司基本資料（完整母集）,冻结 2026-08-28 TWSE+TPEx（不含兴柜）L2 机械母集,-,human-gate://2026-08-28/H1/issuer:TW:5236,https://openapi.twse.com.tw/v1/opendata/t187ap03_L,2026-08-28,user,2026-08-28,已裁决,l2:TWSE:5236,H1 人闸批准；仅在本行 product_scope 内有效。
h1-include-0742,manual_include,include,issuer,issuer:TW:5243,issuer:TW:5243,-,-,-,乙盛-KY,L2,TWSE OpenAPI 上市公司基本資料（完整母集）,冻结 2026-08-28 TWSE+TPEx（不含兴柜）L2 机械母集,-,human-gate://2026-08-28/H1/issuer:TW:5243,https://openapi.twse.com.tw/v1/opendata/t187ap03_L,2026-08-28,user,2026-08-28,已裁决,l2:TWSE:5243,H1 人闸批准；仅在本行 product_scope 内有效。
h1-include-0743,manual_include,include,issuer,issuer:TW:5244,issuer:TW:5244,-,-,-,弘凱,L2,TWSE OpenAPI 上市公司基本資料（完整母集）,冻结 2026-08-28 TWSE+TPEx（不含兴柜）L2 机械母集,-,human-gate://2026-08-28/H1/issuer:TW:5244,https://openapi.twse.com.tw/v1/opendata/t187ap03_L,2026-08-28,user,2026-08-28,已裁决,l2:TWSE:5244,H1 人闸批准；仅在本行 product_scope 内有效。
h1-include-0744,manual_include,include,issuer,issuer:TW:5258,issuer:TW:5258,-,-,-,虹堡,L2,TWSE OpenAPI 上市公司基本資料（完整母集）,冻结 2026-08-28 TWSE+TPEx（不含兴柜）L2 机械母集,-,human-gate://2026-08-28/H1/issuer:TW:5258,https://openapi.twse.com.tw/v1/opendata/t187ap03_L,2026-08-28,user,2026-08-28,已裁决,l2:TWSE:5258,H1 人闸批准；仅在本行 product_scope 内有效。
h1-include-0745,manual_include,include,issuer,issuer:TW:5269,issuer:TW:5269,-,-,-,祥碩,L2,TWSE OpenAPI 上市公司基本資料（完整母集）,冻结 2026-08-28 TWSE+TPEx（不含兴柜）L2 机械母集,-,human-gate://2026-08-28/H1/issuer:TW:5269,https://openapi.twse.com.tw/v1/opendata/t187ap03_L,2026-08-28,user,2026-08-28,已裁决,l2:TWSE:5269,H1 人闸批准；仅在本行 product_scope 内有效。
h1-include-0746,manual_include,include,issuer,issuer:TW:5283,issuer:TW:5283,-,-,-,禾聯碩,L2,TWSE OpenAPI 上市公司基本資料（完整母集）,冻结 2026-08-28 TWSE+TPEx（不含兴柜）L2 机械母集,-,human-gate://2026-08-28/H1/issuer:TW:5283,https://openapi.twse.com.tw/v1/opendata/t187ap03_L,2026-08-28,user,2026-08-28,已裁决,l2:TWSE:5283,H1 人闸批准；仅在本行 product_scope 内有效。
h1-include-0747,manual_include,include,issuer,issuer:TW:5284,issuer:TW:5284,-,-,-,jpp-KY,L2,TWSE OpenAPI 上市公司基本資料（完整母集）,冻结 2026-08-28 TWSE+TPEx（不含兴柜）L2 机械母集,-,human-gate://2026-08-28/H1/issuer:TW:5284,https://openapi.twse.com.tw/v1/opendata/t187ap03_L,2026-08-28,user,2026-08-28,已裁决,l2:TWSE:5284,H1 人闸批准；仅在本行 product_scope 内有效。
h1-include-0748,manual_include,include,issuer,issuer:TW:5285,issuer:TW:5285,-,-,-,界霖,L2,TWSE OpenAPI 上市公司基本資料（完整母集）,冻结 2026-08-28 TWSE+TPEx（不含兴柜）L2 机械母集,-,human-gate://2026-08-28/H1/issuer:TW:5285,https://openapi.twse.com.tw/v1/opendata/t187ap03_L,2026-08-28,user,2026-08-28,已裁决,l2:TWSE:5285,H1 人闸批准；仅在本行 product_scope 内有效。
h1-include-0749,manual_include,include,issuer,issuer:TW:5288,issuer:TW:5288,-,-,-,豐祥-KY,L2,TWSE OpenAPI 上市公司基本資料（完整母集）,冻结 2026-08-28 TWSE+TPEx（不含兴柜）L2 机械母集,-,human-gate://2026-08-28/H1/issuer:TW:5288,https://openapi.twse.com.tw/v1/opendata/t187ap03_L,2026-08-28,user,2026-08-28,已裁决,l2:TWSE:5288,H1 人闸批准；仅在本行 product_scope 内有效。
h1-include-0750,manual_include,include,issuer,issuer:TW:5292,issuer:TW:5292,-,-,-,華懋,L2,TWSE OpenAPI 上市公司基本資料（完整母集）,冻结 2026-08-28 TWSE+TPEx（不含兴柜）L2 机械母集,-,human-gate://2026-08-28/H1/issuer:TW:5292,https://openapi.twse.com.tw/v1/opendata/t187ap03_L,2026-08-28,user,2026-08-28,已裁决,l2:TWSE:5292,H1 人闸批准；仅在本行 product_scope 内有效。
h1-include-0751,manual_include,include,issuer,issuer:TW:5306,issuer:TW:5306,-,-,-,桂盟,L2,TWSE OpenAPI 上市公司基本資料（完整母集）,冻结 2026-08-28 TWSE+TPEx（不含兴柜）L2 机械母集,-,human-gate://2026-08-28/H1/issuer:TW:5306,https://openapi.twse.com.tw/v1/opendata/t187ap03_L,2026-08-28,user,2026-08-28,已裁决,l2:TWSE:5306,H1 人闸批准；仅在本行 product_scope 内有效。
h1-include-0752,manual_include,include,issuer,issuer:TW:5388,issuer:TW:5388,-,-,-,中磊,L2,TWSE OpenAPI 上市公司基本資料（完整母集）,冻结 2026-08-28 TWSE+TPEx（不含兴柜）L2 机械母集,-,human-gate://2026-08-28/H1/issuer:TW:5388,https://openapi.twse.com.tw/v1/opendata/t187ap03_L,2026-08-28,user,2026-08-28,已裁决,l2:TWSE:5388,H1 人闸批准；仅在本行 product_scope 内有效。
h1-include-0753,manual_include,include,issuer,issuer:TW:5434,issuer:TW:5434,-,-,-,崇越,L2,TWSE OpenAPI 上市公司基本資料（完整母集）,冻结 2026-08-28 TWSE+TPEx（不含兴柜）L2 机械母集,-,human-gate://2026-08-28/H1/issuer:TW:5434,https://openapi.twse.com.tw/v1/opendata/t187ap03_L,2026-08-28,user,2026-08-28,已裁决,l2:TWSE:5434,H1 人闸批准；仅在本行 product_scope 内有效。
h1-include-0754,manual_include,include,issuer,issuer:TW:5469,issuer:TW:5469,-,-,-,瀚宇博,L2,TWSE OpenAPI 上市公司基本資料（完整母集）,冻结 2026-08-28 TWSE+TPEx（不含兴柜）L2 机械母集,-,human-gate://2026-08-28/H1/issuer:TW:5469,https://openapi.twse.com.tw/v1/opendata/t187ap03_L,2026-08-28,user,2026-08-28,已裁决,l2:TWSE:5469,H1 人闸批准；仅在本行 product_scope 内有效。
h1-include-0755,manual_include,include,issuer,issuer:TW:5471,issuer:TW:5471,-,-,-,松翰,L2,TWSE OpenAPI 上市公司基本資料（完整母集）,冻结 2026-08-28 TWSE+TPEx（不含兴柜）L2 机械母集,-,human-gate://2026-08-28/H1/issuer:TW:5471,https://openapi.twse.com.tw/v1/opendata/t187ap03_L,2026-08-28,user,2026-08-28,已裁决,l2:TWSE:5471,H1 人闸批准；仅在本行 product_scope 内有效。
h1-include-0756,manual_include,include,issuer,issuer:TW:5484,issuer:TW:5484,-,-,-,慧友,L2,TWSE OpenAPI 上市公司基本資料（完整母集）,冻结 2026-08-28 TWSE+TPEx（不含兴柜）L2 机械母集,-,human-gate://2026-08-28/H1/issuer:TW:5484,https://openapi.twse.com.tw/v1/opendata/t187ap03_L,2026-08-28,user,2026-08-28,已裁决,l2:TWSE:5484,H1 人闸批准；仅在本行 product_scope 内有效。
h1-include-0757,manual_include,include,issuer,issuer:TW:5515,issuer:TW:5515,-,-,-,建國,L2,TWSE OpenAPI 上市公司基本資料（完整母集）,冻结 2026-08-28 TWSE+TPEx（不含兴柜）L2 机械母集,-,human-gate://2026-08-28/H1/issuer:TW:5515,https://openapi.twse.com.tw/v1/opendata/t187ap03_L,2026-08-28,user,2026-08-28,已裁决,l2:TWSE:5515,H1 人闸批准；仅在本行 product_scope 内有效。
h1-include-0758,manual_include,include,issuer,issuer:TW:5519,issuer:TW:5519,-,-,-,隆大,L2,TWSE OpenAPI 上市公司基本資料（完整母集）,冻结 2026-08-28 TWSE+TPEx（不含兴柜）L2 机械母集,-,human-gate://2026-08-28/H1/issuer:TW:5519,https://openapi.twse.com.tw/v1/opendata/t187ap03_L,2026-08-28,user,2026-08-28,已裁决,l2:TWSE:5519,H1 人闸批准；仅在本行 product_scope 内有效。
h1-include-0759,manual_include,include,issuer,issuer:TW:5521,issuer:TW:5521,-,-,-,工信,L2,TWSE OpenAPI 上市公司基本資料（完整母集）,冻结 2026-08-28 TWSE+TPEx（不含兴柜）L2 机械母集,-,human-gate://2026-08-28/H1/issuer:TW:5521,https://openapi.twse.com.tw/v1/opendata/t187ap03_L,2026-08-28,user,2026-08-28,已裁决,l2:TWSE:5521,H1 人闸批准；仅在本行 product_scope 内有效。
h1-include-0760,manual_include,include,issuer,issuer:TW:5522,issuer:TW:5522,-,-,-,遠雄,L2,TWSE OpenAPI 上市公司基本資料（完整母集）,冻结 2026-08-28 TWSE+TPEx（不含兴柜）L2 机械母集,-,human-gate://2026-08-28/H1/issuer:TW:5522,https://openapi.twse.com.tw/v1/opendata/t187ap03_L,2026-08-28,user,2026-08-28,已裁决,l2:TWSE:5522,H1 人闸批准；仅在本行 product_scope 内有效。
h1-include-0761,manual_include,include,issuer,issuer:TW:5525,issuer:TW:5525,-,-,-,順天,L2,TWSE OpenAPI 上市公司基本資料（完整母集）,冻结 2026-08-28 TWSE+TPEx（不含兴柜）L2 机械母集,-,human-gate://2026-08-28/H1/issuer:TW:5525,https://openapi.twse.com.tw/v1/opendata/t187ap03_L,2026-08-28,user,2026-08-28,已裁决,l2:TWSE:5525,H1 人闸批准；仅在本行 product_scope 内有效。
h1-include-0762,manual_include,include,issuer,issuer:TW:5531,issuer:TW:5531,-,-,-,鄉林,L2,TWSE OpenAPI 上市公司基本資料（完整母集）,冻结 2026-08-28 TWSE+TPEx（不含兴柜）L2 机械母集,-,human-gate://2026-08-28/H1/issuer:TW:5531,https://openapi.twse.com.tw/v1/opendata/t187ap03_L,2026-08-28,user,2026-08-28,已裁决,l2:TWSE:5531,H1 人闸批准；仅在本行 product_scope 内有效。
h1-include-0763,manual_include,include,issuer,issuer:TW:5533,issuer:TW:5533,-,-,-,皇鼎,L2,TWSE OpenAPI 上市公司基本資料（完整母集）,冻结 2026-08-28 TWSE+TPEx（不含兴柜）L2 机械母集,-,human-gate://2026-08-28/H1/issuer:TW:5533,https://openapi.twse.com.tw/v1/opendata/t187ap03_L,2026-08-28,user,2026-08-28,已裁决,l2:TWSE:5533,H1 人闸批准；仅在本行 product_scope 内有效。
h1-include-0764,manual_include,include,issuer,issuer:TW:5534,issuer:TW:5534,-,-,-,長虹,L2,TWSE OpenAPI 上市公司基本資料（完整母集）,冻结 2026-08-28 TWSE+TPEx（不含兴柜）L2 机械母集,-,human-gate://2026-08-28/H1/issuer:TW:5534,https://openapi.twse.com.tw/v1/opendata/t187ap03_L,2026-08-28,user,2026-08-28,已裁决,l2:TWSE:5534,H1 人闸批准；仅在本行 product_scope 内有效。
h1-include-0765,manual_include,include,issuer,issuer:TW:5538,issuer:TW:5538,-,-,-,東明-KY,L2,TWSE OpenAPI 上市公司基本資料（完整母集）,冻结 2026-08-28 TWSE+TPEx（不含兴柜）L2 机械母集,-,human-gate://2026-08-28/H1/issuer:TW:5538,https://openapi.twse.com.tw/v1/opendata/t187ap03_L,2026-08-28,user,2026-08-28,已裁决,l2:TWSE:5538,H1 人闸批准；仅在本行 product_scope 内有效。
h1-include-0766,manual_include,include,issuer,issuer:TW:5546,issuer:TW:5546,-,-,-,永固-KY,L2,TWSE OpenAPI 上市公司基本資料（完整母集）,冻结 2026-08-28 TWSE+TPEx（不含兴柜）L2 机械母集,-,human-gate://2026-08-28/H1/issuer:TW:5546,https://openapi.twse.com.tw/v1/opendata/t187ap03_L,2026-08-28,user,2026-08-28,已裁决,l2:TWSE:5546,H1 人闸批准；仅在本行 product_scope 内有效。
h1-include-0767,manual_include,include,issuer,issuer:TW:5607,issuer:TW:5607,-,-,-,遠雄港,L2,TWSE OpenAPI 上市公司基本資料（完整母集）,冻结 2026-08-28 TWSE+TPEx（不含兴柜）L2 机械母集,-,human-gate://2026-08-28/H1/issuer:TW:5607,https://openapi.twse.com.tw/v1/opendata/t187ap03_L,2026-08-28,user,2026-08-28,已裁决,l2:TWSE:5607,H1 人闸批准；仅在本行 product_scope 内有效。
h1-include-0768,manual_include,include,issuer,issuer:TW:5608,issuer:TW:5608,-,-,-,四維航,L2,TWSE OpenAPI 上市公司基本資料（完整母集）,冻结 2026-08-28 TWSE+TPEx（不含兴柜）L2 机械母集,-,human-gate://2026-08-28/H1/issuer:TW:5608,https://openapi.twse.com.tw/v1/opendata/t187ap03_L,2026-08-28,user,2026-08-28,已裁决,l2:TWSE:5608,H1 人闸批准；仅在本行 product_scope 内有效。
h1-include-0769,manual_include,include,issuer,issuer:TW:5706,issuer:TW:5706,-,-,-,鳳凰,L2,TWSE OpenAPI 上市公司基本資料（完整母集）,冻结 2026-08-28 TWSE+TPEx（不含兴柜）L2 机械母集,-,human-gate://2026-08-28/H1/issuer:TW:5706,https://openapi.twse.com.tw/v1/opendata/t187ap03_L,2026-08-28,user,2026-08-28,已裁决,l2:TWSE:5706,H1 人闸批准；仅在本行 product_scope 内有效。
h1-include-0770,manual_include,include,issuer,issuer:TW:5871,issuer:TW:5871,-,-,-,中租-KY,L2,TWSE OpenAPI 上市公司基本資料（完整母集）,冻结 2026-08-28 TWSE+TPEx（不含兴柜）L2 机械母集,-,human-gate://2026-08-28/H1/issuer:TW:5871,https://openapi.twse.com.tw/v1/opendata/t187ap03_L,2026-08-28,user,2026-08-28,已裁决,l2:TWSE:5871,H1 人闸批准；仅在本行 product_scope 内有效。
h1-include-0771,manual_include,include,issuer,issuer:TW:5876,issuer:TW:5876,-,-,-,上海商銀,L2,TWSE OpenAPI 上市公司基本資料（完整母集）,冻结 2026-08-28 TWSE+TPEx（不含兴柜）L2 机械母集,-,human-gate://2026-08-28/H1/issuer:TW:5876,https://openapi.twse.com.tw/v1/opendata/t187ap03_L,2026-08-28,user,2026-08-28,已裁决,l2:TWSE:5876,H1 人闸批准；仅在本行 product_scope 内有效。
h1-include-0772,manual_include,include,issuer,issuer:TW:5880,issuer:TW:5880,-,-,-,合庫金,L2,TWSE OpenAPI 上市公司基本資料（完整母集）,冻结 2026-08-28 TWSE+TPEx（不含兴柜）L2 机械母集,-,human-gate://2026-08-28/H1/issuer:TW:5880,https://openapi.twse.com.tw/v1/opendata/t187ap03_L,2026-08-28,user,2026-08-28,已裁决,l2:TWSE:5880,H1 人闸批准；仅在本行 product_scope 内有效。
h1-include-0773,manual_include,include,issuer,issuer:TW:5906,issuer:TW:5906,-,-,-,台南-KY,L2,TWSE OpenAPI 上市公司基本資料（完整母集）,冻结 2026-08-28 TWSE+TPEx（不含兴柜）L2 机械母集,-,human-gate://2026-08-28/H1/issuer:TW:5906,https://openapi.twse.com.tw/v1/opendata/t187ap03_L,2026-08-28,user,2026-08-28,已裁决,l2:TWSE:5906,H1 人闸批准；仅在本行 product_scope 内有效。
h1-include-0774,manual_include,include,issuer,issuer:TW:5907,issuer:TW:5907,-,-,-,大洋-KY,L2,TWSE OpenAPI 上市公司基本資料（完整母集）,冻结 2026-08-28 TWSE+TPEx（不含兴柜）L2 机械母集,-,human-gate://2026-08-28/H1/issuer:TW:5907,https://openapi.twse.com.tw/v1/opendata/t187ap03_L,2026-08-28,user,2026-08-28,已裁决,l2:TWSE:5907,H1 人闸批准；仅在本行 product_scope 内有效。
h1-include-0775,manual_include,include,issuer,issuer:TW:6005,issuer:TW:6005,-,-,-,群益證,L2,TWSE OpenAPI 上市公司基本資料（完整母集）,冻结 2026-08-28 TWSE+TPEx（不含兴柜）L2 机械母集,-,human-gate://2026-08-28/H1/issuer:TW:6005,https://openapi.twse.com.tw/v1/opendata/t187ap03_L,2026-08-28,user,2026-08-28,已裁决,l2:TWSE:6005,H1 人闸批准；仅在本行 product_scope 内有效。
h1-include-0776,manual_include,include,issuer,issuer:TW:6024,issuer:TW:6024,-,-,-,群益期,L2,TWSE OpenAPI 上市公司基本資料（完整母集）,冻结 2026-08-28 TWSE+TPEx（不含兴柜）L2 机械母集,-,human-gate://2026-08-28/H1/issuer:TW:6024,https://openapi.twse.com.tw/v1/opendata/t187ap03_L,2026-08-28,user,2026-08-28,已裁决,l2:TWSE:6024,H1 人闸批准；仅在本行 product_scope 内有效。
h1-include-0777,manual_include,include,issuer,issuer:TW:6108,issuer:TW:6108,-,-,-,競國,L2,TWSE OpenAPI 上市公司基本資料（完整母集）,冻结 2026-08-28 TWSE+TPEx（不含兴柜）L2 机械母集,-,human-gate://2026-08-28/H1/issuer:TW:6108,https://openapi.twse.com.tw/v1/opendata/t187ap03_L,2026-08-28,user,2026-08-28,已裁决,l2:TWSE:6108,H1 人闸批准；仅在本行 product_scope 内有效。
h1-include-0778,manual_include,include,issuer,issuer:TW:6112,issuer:TW:6112,-,-,-,邁達特,L2,TWSE OpenAPI 上市公司基本資料（完整母集）,冻结 2026-08-28 TWSE+TPEx（不含兴柜）L2 机械母集,-,human-gate://2026-08-28/H1/issuer:TW:6112,https://openapi.twse.com.tw/v1/opendata/t187ap03_L,2026-08-28,user,2026-08-28,已裁决,l2:TWSE:6112,H1 人闸批准；仅在本行 product_scope 内有效。
h1-include-0779,manual_include,include,issuer,issuer:TW:6115,issuer:TW:6115,-,-,-,鎰勝,L2,TWSE OpenAPI 上市公司基本資料（完整母集）,冻结 2026-08-28 TWSE+TPEx（不含兴柜）L2 机械母集,-,human-gate://2026-08-28/H1/issuer:TW:6115,https://openapi.twse.com.tw/v1/opendata/t187ap03_L,2026-08-28,user,2026-08-28,已裁决,l2:TWSE:6115,H1 人闸批准；仅在本行 product_scope 内有效。
h1-include-0780,manual_include,include,issuer,issuer:TW:6116,issuer:TW:6116,-,-,-,彩晶,L2,TWSE OpenAPI 上市公司基本資料（完整母集）,冻结 2026-08-28 TWSE+TPEx（不含兴柜）L2 机械母集,-,human-gate://2026-08-28/H1/issuer:TW:6116,https://openapi.twse.com.tw/v1/opendata/t187ap03_L,2026-08-28,user,2026-08-28,已裁决,l2:TWSE:6116,H1 人闸批准；仅在本行 product_scope 内有效。
h1-include-0781,manual_include,include,issuer,issuer:TW:6117,issuer:TW:6117,-,-,-,迎廣,L2,TWSE OpenAPI 上市公司基本資料（完整母集）,冻结 2026-08-28 TWSE+TPEx（不含兴柜）L2 机械母集,-,human-gate://2026-08-28/H1/issuer:TW:6117,https://openapi.twse.com.tw/v1/opendata/t187ap03_L,2026-08-28,user,2026-08-28,已裁决,l2:TWSE:6117,H1 人闸批准；仅在本行 product_scope 内有效。
h1-include-0782,manual_include,include,issuer,issuer:TW:6120,issuer:TW:6120,-,-,-,達運,L2,TWSE OpenAPI 上市公司基本資料（完整母集）,冻结 2026-08-28 TWSE+TPEx（不含兴柜）L2 机械母集,-,human-gate://2026-08-28/H1/issuer:TW:6120,https://openapi.twse.com.tw/v1/opendata/t187ap03_L,2026-08-28,user,2026-08-28,已裁决,l2:TWSE:6120,H1 人闸批准；仅在本行 product_scope 内有效。
h1-include-0783,manual_include,include,issuer,issuer:TW:6128,issuer:TW:6128,-,-,-,上福,L2,TWSE OpenAPI 上市公司基本資料（完整母集）,冻结 2026-08-28 TWSE+TPEx（不含兴柜）L2 机械母集,-,human-gate://2026-08-28/H1/issuer:TW:6128,https://openapi.twse.com.tw/v1/opendata/t187ap03_L,2026-08-28,user,2026-08-28,已裁决,l2:TWSE:6128,H1 人闸批准；仅在本行 product_scope 内有效。
h1-include-0784,manual_include,include,issuer,issuer:TW:6133,issuer:TW:6133,-,-,-,金橋,L2,TWSE OpenAPI 上市公司基本資料（完整母集）,冻结 2026-08-28 TWSE+TPEx（不含兴柜）L2 机械母集,-,human-gate://2026-08-28/H1/issuer:TW:6133,https://openapi.twse.com.tw/v1/opendata/t187ap03_L,2026-08-28,user,2026-08-28,已裁决,l2:TWSE:6133,H1 人闸批准；仅在本行 product_scope 内有效。
h1-include-0785,manual_include,include,issuer,issuer:TW:6136,issuer:TW:6136,-,-,-,富爾特,L2,TWSE OpenAPI 上市公司基本資料（完整母集）,冻结 2026-08-28 TWSE+TPEx（不含兴柜）L2 机械母集,-,human-gate://2026-08-28/H1/issuer:TW:6136,https://openapi.twse.com.tw/v1/opendata/t187ap03_L,2026-08-28,user,2026-08-28,已裁决,l2:TWSE:6136,H1 人闸批准；仅在本行 product_scope 内有效。
h1-include-0786,manual_include,include,issuer,issuer:TW:6139,issuer:TW:6139,-,-,-,亞翔,L2,TWSE OpenAPI 上市公司基本資料（完整母集）,冻结 2026-08-28 TWSE+TPEx（不含兴柜）L2 机械母集,-,human-gate://2026-08-28/H1/issuer:TW:6139,https://openapi.twse.com.tw/v1/opendata/t187ap03_L,2026-08-28,user,2026-08-28,已裁决,l2:TWSE:6139,H1 人闸批准；仅在本行 product_scope 内有效。
h1-include-0787,manual_include,include,issuer,issuer:TW:6141,issuer:TW:6141,-,-,-,柏承,L2,TWSE OpenAPI 上市公司基本資料（完整母集）,冻结 2026-08-28 TWSE+TPEx（不含兴柜）L2 机械母集,-,human-gate://2026-08-28/H1/issuer:TW:6141,https://openapi.twse.com.tw/v1/opendata/t187ap03_L,2026-08-28,user,2026-08-28,已裁决,l2:TWSE:6141,H1 人闸批准；仅在本行 product_scope 内有效。
h1-include-0788,manual_include,include,issuer,issuer:TW:6142,issuer:TW:6142,-,-,-,友勁,L2,TWSE OpenAPI 上市公司基本資料（完整母集）,冻结 2026-08-28 TWSE+TPEx（不含兴柜）L2 机械母集,-,human-gate://2026-08-28/H1/issuer:TW:6142,https://openapi.twse.com.tw/v1/opendata/t187ap03_L,2026-08-28,user,2026-08-28,已裁决,l2:TWSE:6142,H1 人闸批准；仅在本行 product_scope 内有效。
h1-include-0789,manual_include,include,issuer,issuer:TW:6152,issuer:TW:6152,-,-,-,百一,L2,TWSE OpenAPI 上市公司基本資料（完整母集）,冻结 2026-08-28 TWSE+TPEx（不含兴柜）L2 机械母集,-,human-gate://2026-08-28/H1/issuer:TW:6152,https://openapi.twse.com.tw/v1/opendata/t187ap03_L,2026-08-28,user,2026-08-28,已裁决,l2:TWSE:6152,H1 人闸批准；仅在本行 product_scope 内有效。
h1-include-0790,manual_include,include,issuer,issuer:TW:6153,issuer:TW:6153,-,-,-,嘉聯益,L2,TWSE OpenAPI 上市公司基本資料（完整母集）,冻结 2026-08-28 TWSE+TPEx（不含兴柜）L2 机械母集,-,human-gate://2026-08-28/H1/issuer:TW:6153,https://openapi.twse.com.tw/v1/opendata/t187ap03_L,2026-08-28,user,2026-08-28,已裁决,l2:TWSE:6153,H1 人闸批准；仅在本行 product_scope 内有效。
h1-include-0791,manual_include,include,issuer,issuer:TW:6155,issuer:TW:6155,-,-,-,鈞寶,L2,TWSE OpenAPI 上市公司基本資料（完整母集）,冻结 2026-08-28 TWSE+TPEx（不含兴柜）L2 机械母集,-,human-gate://2026-08-28/H1/issuer:TW:6155,https://openapi.twse.com.tw/v1/opendata/t187ap03_L,2026-08-28,user,2026-08-28,已裁决,l2:TWSE:6155,H1 人闸批准；仅在本行 product_scope 内有效。
h1-include-0792,manual_include,include,issuer,issuer:TW:6164,issuer:TW:6164,-,-,-,華興,L2,TWSE OpenAPI 上市公司基本資料（完整母集）,冻结 2026-08-28 TWSE+TPEx（不含兴柜）L2 机械母集,-,human-gate://2026-08-28/H1/issuer:TW:6164,https://openapi.twse.com.tw/v1/opendata/t187ap03_L,2026-08-28,user,2026-08-28,已裁决,l2:TWSE:6164,H1 人闸批准；仅在本行 product_scope 内有效。
h1-include-0793,manual_include,include,issuer,issuer:TW:6165,issuer:TW:6165,-,-,-,浪凡,L2,TWSE OpenAPI 上市公司基本資料（完整母集）,冻结 2026-08-28 TWSE+TPEx（不含兴柜）L2 机械母集,-,human-gate://2026-08-28/H1/issuer:TW:6165,https://openapi.twse.com.tw/v1/opendata/t187ap03_L,2026-08-28,user,2026-08-28,已裁决,l2:TWSE:6165,H1 人闸批准；仅在本行 product_scope 内有效。
h1-include-0794,manual_include,include,issuer,issuer:TW:6166,issuer:TW:6166,-,-,-,凌華,L2,TWSE OpenAPI 上市公司基本資料（完整母集）,冻结 2026-08-28 TWSE+TPEx（不含兴柜）L2 机械母集,-,human-gate://2026-08-28/H1/issuer:TW:6166,https://openapi.twse.com.tw/v1/opendata/t187ap03_L,2026-08-28,user,2026-08-28,已裁决,l2:TWSE:6166,H1 人闸批准；仅在本行 product_scope 内有效。
h1-include-0795,manual_include,include,issuer,issuer:TW:6168,issuer:TW:6168,-,-,-,宏齊,L2,TWSE OpenAPI 上市公司基本資料（完整母集）,冻结 2026-08-28 TWSE+TPEx（不含兴柜）L2 机械母集,-,human-gate://2026-08-28/H1/issuer:TW:6168,https://openapi.twse.com.tw/v1/opendata/t187ap03_L,2026-08-28,user,2026-08-28,已裁决,l2:TWSE:6168,H1 人闸批准；仅在本行 product_scope 内有效。
h1-include-0796,manual_include,include,issuer,issuer:TW:6176,issuer:TW:6176,-,-,-,瑞儀,L2,TWSE OpenAPI 上市公司基本資料（完整母集）,冻结 2026-08-28 TWSE+TPEx（不含兴柜）L2 机械母集,-,human-gate://2026-08-28/H1/issuer:TW:6176,https://openapi.twse.com.tw/v1/opendata/t187ap03_L,2026-08-28,user,2026-08-28,已裁决,l2:TWSE:6176,H1 人闸批准；仅在本行 product_scope 内有效。
h1-include-0797,manual_include,include,issuer,issuer:TW:6177,issuer:TW:6177,-,-,-,達麗,L2,TWSE OpenAPI 上市公司基本資料（完整母集）,冻结 2026-08-28 TWSE+TPEx（不含兴柜）L2 机械母集,-,human-gate://2026-08-28/H1/issuer:TW:6177,https://openapi.twse.com.tw/v1/opendata/t187ap03_L,2026-08-28,user,2026-08-28,已裁决,l2:TWSE:6177,H1 人闸批准；仅在本行 product_scope 内有效。
h1-include-0798,manual_include,include,issuer,issuer:TW:6183,issuer:TW:6183,-,-,-,關貿,L2,TWSE OpenAPI 上市公司基本資料（完整母集）,冻结 2026-08-28 TWSE+TPEx（不含兴柜）L2 机械母集,-,human-gate://2026-08-28/H1/issuer:TW:6183,https://openapi.twse.com.tw/v1/opendata/t187ap03_L,2026-08-28,user,2026-08-28,已裁决,l2:TWSE:6183,H1 人闸批准；仅在本行 product_scope 内有效。
h1-include-0799,manual_include,include,issuer,issuer:TW:6184,issuer:TW:6184,-,-,-,大豐電,L2,TWSE OpenAPI 上市公司基本資料（完整母集）,冻结 2026-08-28 TWSE+TPEx（不含兴柜）L2 机械母集,-,human-gate://2026-08-28/H1/issuer:TW:6184,https://openapi.twse.com.tw/v1/opendata/t187ap03_L,2026-08-28,user,2026-08-28,已裁决,l2:TWSE:6184,H1 人闸批准；仅在本行 product_scope 内有效。
h1-include-0800,manual_include,include,issuer,issuer:TW:6189,issuer:TW:6189,-,-,-,豐藝,L2,TWSE OpenAPI 上市公司基本資料（完整母集）,冻结 2026-08-28 TWSE+TPEx（不含兴柜）L2 机械母集,-,human-gate://2026-08-28/H1/issuer:TW:6189,https://openapi.twse.com.tw/v1/opendata/t187ap03_L,2026-08-28,user,2026-08-28,已裁决,l2:TWSE:6189,H1 人闸批准；仅在本行 product_scope 内有效。
h1-include-0801,manual_include,include,issuer,issuer:TW:6191,issuer:TW:6191,-,-,-,精成科,L2,TWSE OpenAPI 上市公司基本資料（完整母集）,冻结 2026-08-28 TWSE+TPEx（不含兴柜）L2 机械母集,-,human-gate://2026-08-28/H1/issuer:TW:6191,https://openapi.twse.com.tw/v1/opendata/t187ap03_L,2026-08-28,user,2026-08-28,已裁决,l2:TWSE:6191,H1 人闸批准；仅在本行 product_scope 内有效。
h1-include-0802,manual_include,include,issuer,issuer:TW:6192,issuer:TW:6192,-,-,-,巨路,L2,TWSE OpenAPI 上市公司基本資料（完整母集）,冻结 2026-08-28 TWSE+TPEx（不含兴柜）L2 机械母集,-,human-gate://2026-08-28/H1/issuer:TW:6192,https://openapi.twse.com.tw/v1/opendata/t187ap03_L,2026-08-28,user,2026-08-28,已裁决,l2:TWSE:6192,H1 人闸批准；仅在本行 product_scope 内有效。
h1-include-0803,manual_include,include,issuer,issuer:TW:6196,issuer:TW:6196,-,-,-,帆宣,L2,TWSE OpenAPI 上市公司基本資料（完整母集）,冻结 2026-08-28 TWSE+TPEx（不含兴柜）L2 机械母集,-,human-gate://2026-08-28/H1/issuer:TW:6196,https://openapi.twse.com.tw/v1/opendata/t187ap03_L,2026-08-28,user,2026-08-28,已裁决,l2:TWSE:6196,H1 人闸批准；仅在本行 product_scope 内有效。
h1-include-0804,manual_include,include,issuer,issuer:TW:6197,issuer:TW:6197,-,-,-,佳必琪,L2,TWSE OpenAPI 上市公司基本資料（完整母集）,冻结 2026-08-28 TWSE+TPEx（不含兴柜）L2 机械母集,-,human-gate://2026-08-28/H1/issuer:TW:6197,https://openapi.twse.com.tw/v1/opendata/t187ap03_L,2026-08-28,user,2026-08-28,已裁决,l2:TWSE:6197,H1 人闸批准；仅在本行 product_scope 内有效。
h1-include-0805,manual_include,include,issuer,issuer:TW:6201,issuer:TW:6201,-,-,-,亞弘電,L2,TWSE OpenAPI 上市公司基本資料（完整母集）,冻结 2026-08-28 TWSE+TPEx（不含兴柜）L2 机械母集,-,human-gate://2026-08-28/H1/issuer:TW:6201,https://openapi.twse.com.tw/v1/opendata/t187ap03_L,2026-08-28,user,2026-08-28,已裁决,l2:TWSE:6201,H1 人闸批准；仅在本行 product_scope 内有效。
h1-include-0806,manual_include,include,issuer,issuer:TW:6202,issuer:TW:6202,-,-,-,盛群,L2,TWSE OpenAPI 上市公司基本資料（完整母集）,冻结 2026-08-28 TWSE+TPEx（不含兴柜）L2 机械母集,-,human-gate://2026-08-28/H1/issuer:TW:6202,https://openapi.twse.com.tw/v1/opendata/t187ap03_L,2026-08-28,user,2026-08-28,已裁决,l2:TWSE:6202,H1 人闸批准；仅在本行 product_scope 内有效。
h1-include-0807,manual_include,include,issuer,issuer:TW:6205,issuer:TW:6205,-,-,-,詮欣,L2,TWSE OpenAPI 上市公司基本資料（完整母集）,冻结 2026-08-28 TWSE+TPEx（不含兴柜）L2 机械母集,-,human-gate://2026-08-28/H1/issuer:TW:6205,https://openapi.twse.com.tw/v1/opendata/t187ap03_L,2026-08-28,user,2026-08-28,已裁决,l2:TWSE:6205,H1 人闸批准；仅在本行 product_scope 内有效。
h1-include-0808,manual_include,include,issuer,issuer:TW:6206,issuer:TW:6206,-,-,-,飛捷,L2,TWSE OpenAPI 上市公司基本資料（完整母集）,冻结 2026-08-28 TWSE+TPEx（不含兴柜）L2 机械母集,-,human-gate://2026-08-28/H1/issuer:TW:6206,https://openapi.twse.com.tw/v1/opendata/t187ap03_L,2026-08-28,user,2026-08-28,已裁决,l2:TWSE:6206,H1 人闸批准；仅在本行 product_scope 内有效。
h1-include-0809,manual_include,include,issuer,issuer:TW:6209,issuer:TW:6209,-,-,-,今國光,L2,TWSE OpenAPI 上市公司基本資料（完整母集）,冻结 2026-08-28 TWSE+TPEx（不含兴柜）L2 机械母集,-,human-gate://2026-08-28/H1/issuer:TW:6209,https://openapi.twse.com.tw/v1/opendata/t187ap03_L,2026-08-28,user,2026-08-28,已裁决,l2:TWSE:6209,H1 人闸批准；仅在本行 product_scope 内有效。
h1-include-0810,manual_include,include,issuer,issuer:TW:6213,issuer:TW:6213,-,-,-,聯茂,L2,TWSE OpenAPI 上市公司基本資料（完整母集）,冻结 2026-08-28 TWSE+TPEx（不含兴柜）L2 机械母集,-,human-gate://2026-08-28/H1/issuer:TW:6213,https://openapi.twse.com.tw/v1/opendata/t187ap03_L,2026-08-28,user,2026-08-28,已裁决,l2:TWSE:6213,H1 人闸批准；仅在本行 product_scope 内有效。
h1-include-0811,manual_include,include,issuer,issuer:TW:6214,issuer:TW:6214,-,-,-,精誠,L2,TWSE OpenAPI 上市公司基本資料（完整母集）,冻结 2026-08-28 TWSE+TPEx（不含兴柜）L2 机械母集,-,human-gate://2026-08-28/H1/issuer:TW:6214,https://openapi.twse.com.tw/v1/opendata/t187ap03_L,2026-08-28,user,2026-08-28,已裁决,l2:TWSE:6214,H1 人闸批准；仅在本行 product_scope 内有效。
h1-include-0812,manual_include,include,issuer,issuer:TW:6215,issuer:TW:6215,-,-,-,和椿,L2,TWSE OpenAPI 上市公司基本資料（完整母集）,冻结 2026-08-28 TWSE+TPEx（不含兴柜）L2 机械母集,-,human-gate://2026-08-28/H1/issuer:TW:6215,https://openapi.twse.com.tw/v1/opendata/t187ap03_L,2026-08-28,user,2026-08-28,已裁决,l2:TWSE:6215,H1 人闸批准；仅在本行 product_scope 内有效。
h1-include-0813,manual_include,include,issuer,issuer:TW:6216,issuer:TW:6216,-,-,-,居易,L2,TWSE OpenAPI 上市公司基本資料（完整母集）,冻结 2026-08-28 TWSE+TPEx（不含兴柜）L2 机械母集,-,human-gate://2026-08-28/H1/issuer:TW:6216,https://openapi.twse.com.tw/v1/opendata/t187ap03_L,2026-08-28,user,2026-08-28,已裁决,l2:TWSE:6216,H1 人闸批准；仅在本行 product_scope 内有效。
h1-include-0814,manual_include,include,issuer,issuer:TW:6224,issuer:TW:6224,-,-,-,聚鼎,L2,TWSE OpenAPI 上市公司基本資料（完整母集）,冻结 2026-08-28 TWSE+TPEx（不含兴柜）L2 机械母集,-,human-gate://2026-08-28/H1/issuer:TW:6224,https://openapi.twse.com.tw/v1/opendata/t187ap03_L,2026-08-28,user,2026-08-28,已裁决,l2:TWSE:6224,H1 人闸批准；仅在本行 product_scope 内有效。
h1-include-0815,manual_include,include,issuer,issuer:TW:6225,issuer:TW:6225,-,-,-,天瀚,L2,TWSE OpenAPI 上市公司基本資料（完整母集）,冻结 2026-08-28 TWSE+TPEx（不含兴柜）L2 机械母集,-,human-gate://2026-08-28/H1/issuer:TW:6225,https://openapi.twse.com.tw/v1/opendata/t187ap03_L,2026-08-28,user,2026-08-28,已裁决,l2:TWSE:6225,H1 人闸批准；仅在本行 product_scope 内有效。
h1-include-0816,manual_include,include,issuer,issuer:TW:6226,issuer:TW:6226,-,-,-,光鼎,L2,TWSE OpenAPI 上市公司基本資料（完整母集）,冻结 2026-08-28 TWSE+TPEx（不含兴柜）L2 机械母集,-,human-gate://2026-08-28/H1/issuer:TW:6226,https://openapi.twse.com.tw/v1/opendata/t187ap03_L,2026-08-28,user,2026-08-28,已裁决,l2:TWSE:6226,H1 人闸批准；仅在本行 product_scope 内有效。
h1-include-0817,manual_include,include,issuer,issuer:TW:6230,issuer:TW:6230,-,-,-,尼得科超眾,L2,TWSE OpenAPI 上市公司基本資料（完整母集）,冻结 2026-08-28 TWSE+TPEx（不含兴柜）L2 机械母集,-,human-gate://2026-08-28/H1/issuer:TW:6230,https://openapi.twse.com.tw/v1/opendata/t187ap03_L,2026-08-28,user,2026-08-28,已裁决,l2:TWSE:6230,H1 人闸批准；仅在本行 product_scope 内有效。
h1-include-0818,manual_include,include,issuer,issuer:TW:6235,issuer:TW:6235,-,-,-,華孚,L2,TWSE OpenAPI 上市公司基本資料（完整母集）,冻结 2026-08-28 TWSE+TPEx（不含兴柜）L2 机械母集,-,human-gate://2026-08-28/H1/issuer:TW:6235,https://openapi.twse.com.tw/v1/opendata/t187ap03_L,2026-08-28,user,2026-08-28,已裁决,l2:TWSE:6235,H1 人闸批准；仅在本行 product_scope 内有效。
h1-include-0819,manual_include,include,issuer,issuer:TW:6239,issuer:TW:6239,-,-,-,力成,L2,TWSE OpenAPI 上市公司基本資料（完整母集）,冻结 2026-08-28 TWSE+TPEx（不含兴柜）L2 机械母集,-,human-gate://2026-08-28/H1/issuer:TW:6239,https://openapi.twse.com.tw/v1/opendata/t187ap03_L,2026-08-28,user,2026-08-28,已裁决,l2:TWSE:6239,H1 人闸批准；仅在本行 product_scope 内有效。
h1-include-0820,manual_include,include,issuer,issuer:TW:6243,issuer:TW:6243,-,-,-,迅杰,L2,TWSE OpenAPI 上市公司基本資料（完整母集）,冻结 2026-08-28 TWSE+TPEx（不含兴柜）L2 机械母集,-,human-gate://2026-08-28/H1/issuer:TW:6243,https://openapi.twse.com.tw/v1/opendata/t187ap03_L,2026-08-28,user,2026-08-28,已裁决,l2:TWSE:6243,H1 人闸批准；仅在本行 product_scope 内有效。
h1-include-0821,manual_include,include,issuer,issuer:TW:6257,issuer:TW:6257,-,-,-,矽格,L2,TWSE OpenAPI 上市公司基本資料（完整母集）,冻结 2026-08-28 TWSE+TPEx（不含兴柜）L2 机械母集,-,human-gate://2026-08-28/H1/issuer:TW:6257,https://openapi.twse.com.tw/v1/opendata/t187ap03_L,2026-08-28,user,2026-08-28,已裁决,l2:TWSE:6257,H1 人闸批准；仅在本行 product_scope 内有效。
h1-include-0822,manual_include,include,issuer,issuer:TW:6269,issuer:TW:6269,-,-,-,台郡,L2,TWSE OpenAPI 上市公司基本資料（完整母集）,冻结 2026-08-28 TWSE+TPEx（不含兴柜）L2 机械母集,-,human-gate://2026-08-28/H1/issuer:TW:6269,https://openapi.twse.com.tw/v1/opendata/t187ap03_L,2026-08-28,user,2026-08-28,已裁决,l2:TWSE:6269,H1 人闸批准；仅在本行 product_scope 内有效。
h1-include-0823,manual_include,include,issuer,issuer:TW:6271,issuer:TW:6271,-,-,-,同欣電,L2,TWSE OpenAPI 上市公司基本資料（完整母集）,冻结 2026-08-28 TWSE+TPEx（不含兴柜）L2 机械母集,-,human-gate://2026-08-28/H1/issuer:TW:6271,https://openapi.twse.com.tw/v1/opendata/t187ap03_L,2026-08-28,user,2026-08-28,已裁决,l2:TWSE:6271,H1 人闸批准；仅在本行 product_scope 内有效。
h1-include-0824,manual_include,include,issuer,issuer:TW:6272,issuer:TW:6272,-,-,-,驊陞,L2,TWSE OpenAPI 上市公司基本資料（完整母集）,冻结 2026-08-28 TWSE+TPEx（不含兴柜）L2 机械母集,-,human-gate://2026-08-28/H1/issuer:TW:6272,https://openapi.twse.com.tw/v1/opendata/t187ap03_L,2026-08-28,user,2026-08-28,已裁决,l2:TWSE:6272,H1 人闸批准；仅在本行 product_scope 内有效。
h1-include-0825,manual_include,include,issuer,issuer:TW:6277,issuer:TW:6277,-,-,-,宏正,L2,TWSE OpenAPI 上市公司基本資料（完整母集）,冻结 2026-08-28 TWSE+TPEx（不含兴柜）L2 机械母集,-,human-gate://2026-08-28/H1/issuer:TW:6277,https://openapi.twse.com.tw/v1/opendata/t187ap03_L,2026-08-28,user,2026-08-28,已裁决,l2:TWSE:6277,H1 人闸批准；仅在本行 product_scope 内有效。
h1-include-0826,manual_include,include,issuer,issuer:TW:6278,issuer:TW:6278,-,-,-,台表科,L2,TWSE OpenAPI 上市公司基本資料（完整母集）,冻结 2026-08-28 TWSE+TPEx（不含兴柜）L2 机械母集,-,human-gate://2026-08-28/H1/issuer:TW:6278,https://openapi.twse.com.tw/v1/opendata/t187ap03_L,2026-08-28,user,2026-08-28,已裁决,l2:TWSE:6278,H1 人闸批准；仅在本行 product_scope 内有效。
h1-include-0827,manual_include,include,issuer,issuer:TW:6281,issuer:TW:6281,-,-,-,全國電,L2,TWSE OpenAPI 上市公司基本資料（完整母集）,冻结 2026-08-28 TWSE+TPEx（不含兴柜）L2 机械母集,-,human-gate://2026-08-28/H1/issuer:TW:6281,https://openapi.twse.com.tw/v1/opendata/t187ap03_L,2026-08-28,user,2026-08-28,已裁决,l2:TWSE:6281,H1 人闸批准；仅在本行 product_scope 内有效。
h1-include-0828,manual_include,include,issuer,issuer:TW:6282,issuer:TW:6282,-,-,-,康舒,L2,TWSE OpenAPI 上市公司基本資料（完整母集）,冻结 2026-08-28 TWSE+TPEx（不含兴柜）L2 机械母集,-,human-gate://2026-08-28/H1/issuer:TW:6282,https://openapi.twse.com.tw/v1/opendata/t187ap03_L,2026-08-28,user,2026-08-28,已裁决,l2:TWSE:6282,H1 人闸批准；仅在本行 product_scope 内有效。
h1-include-0829,manual_include,include,issuer,issuer:TW:6283,issuer:TW:6283,-,-,-,淳安,L2,TWSE OpenAPI 上市公司基本資料（完整母集）,冻结 2026-08-28 TWSE+TPEx（不含兴柜）L2 机械母集,-,human-gate://2026-08-28/H1/issuer:TW:6283,https://openapi.twse.com.tw/v1/opendata/t187ap03_L,2026-08-28,user,2026-08-28,已裁决,l2:TWSE:6283,H1 人闸批准；仅在本行 product_scope 内有效。
h1-include-0830,manual_include,include,issuer,issuer:TW:6285,issuer:TW:6285,-,-,-,啟碁,L2,TWSE OpenAPI 上市公司基本資料（完整母集）,冻结 2026-08-28 TWSE+TPEx（不含兴柜）L2 机械母集,-,human-gate://2026-08-28/H1/issuer:TW:6285,https://openapi.twse.com.tw/v1/opendata/t187ap03_L,2026-08-28,user,2026-08-28,已裁决,l2:TWSE:6285,H1 人闸批准；仅在本行 product_scope 内有效。
h1-include-0831,manual_include,include,issuer,issuer:TW:6405,issuer:TW:6405,-,-,-,悅城,L2,TWSE OpenAPI 上市公司基本資料（完整母集）,冻结 2026-08-28 TWSE+TPEx（不含兴柜）L2 机械母集,-,human-gate://2026-08-28/H1/issuer:TW:6405,https://openapi.twse.com.tw/v1/opendata/t187ap03_L,2026-08-28,user,2026-08-28,已裁决,l2:TWSE:6405,H1 人闸批准；仅在本行 product_scope 内有效。
h1-include-0832,manual_include,include,issuer,issuer:TW:6409,issuer:TW:6409,-,-,-,旭隼,L2,TWSE OpenAPI 上市公司基本資料（完整母集）,冻结 2026-08-28 TWSE+TPEx（不含兴柜）L2 机械母集,-,human-gate://2026-08-28/H1/issuer:TW:6409,https://openapi.twse.com.tw/v1/opendata/t187ap03_L,2026-08-28,user,2026-08-28,已裁决,l2:TWSE:6409,H1 人闸批准；仅在本行 product_scope 内有效。
h1-include-0833,manual_include,include,issuer,issuer:TW:6412,issuer:TW:6412,-,-,-,群電,L2,TWSE OpenAPI 上市公司基本資料（完整母集）,冻结 2026-08-28 TWSE+TPEx（不含兴柜）L2 机械母集,-,human-gate://2026-08-28/H1/issuer:TW:6412,https://openapi.twse.com.tw/v1/opendata/t187ap03_L,2026-08-28,user,2026-08-28,已裁决,l2:TWSE:6412,H1 人闸批准；仅在本行 product_scope 内有效。
h1-include-0834,manual_include,include,issuer,issuer:TW:6414,issuer:TW:6414,-,-,-,樺漢,L2,TWSE OpenAPI 上市公司基本資料（完整母集）,冻结 2026-08-28 TWSE+TPEx（不含兴柜）L2 机械母集,-,human-gate://2026-08-28/H1/issuer:TW:6414,https://openapi.twse.com.tw/v1/opendata/t187ap03_L,2026-08-28,user,2026-08-28,已裁决,l2:TWSE:6414,H1 人闸批准；仅在本行 product_scope 内有效。
h1-include-0835,manual_include,include,issuer,issuer:TW:6415,issuer:TW:6415,-,-,-,矽力*-KY,L2,TWSE OpenAPI 上市公司基本資料（完整母集）,冻结 2026-08-28 TWSE+TPEx（不含兴柜）L2 机械母集,-,human-gate://2026-08-28/H1/issuer:TW:6415,https://openapi.twse.com.tw/v1/opendata/t187ap03_L,2026-08-28,user,2026-08-28,已裁决,l2:TWSE:6415,H1 人闸批准；仅在本行 product_scope 内有效。
h1-include-0836,manual_include,include,issuer,issuer:TW:6416,issuer:TW:6416,-,-,-,瑞祺電通,L2,TWSE OpenAPI 上市公司基本資料（完整母集）,冻结 2026-08-28 TWSE+TPEx（不含兴柜）L2 机械母集,-,human-gate://2026-08-28/H1/issuer:TW:6416,https://openapi.twse.com.tw/v1/opendata/t187ap03_L,2026-08-28,user,2026-08-28,已裁决,l2:TWSE:6416,H1 人闸批准；仅在本行 product_scope 内有效。
h1-include-0837,manual_include,include,issuer,issuer:TW:6426,issuer:TW:6426,-,-,-,統新,L2,TWSE OpenAPI 上市公司基本資料（完整母集）,冻结 2026-08-28 TWSE+TPEx（不含兴柜）L2 机械母集,-,human-gate://2026-08-28/H1/issuer:TW:6426,https://openapi.twse.com.tw/v1/opendata/t187ap03_L,2026-08-28,user,2026-08-28,已裁决,l2:TWSE:6426,H1 人闸批准；仅在本行 product_scope 内有效。
h1-include-0838,manual_include,include,issuer,issuer:TW:6431,issuer:TW:6431,-,-,-,光麗-KY,L2,TWSE OpenAPI 上市公司基本資料（完整母集）,冻结 2026-08-28 TWSE+TPEx（不含兴柜）L2 机械母集,-,human-gate://2026-08-28/H1/issuer:TW:6431,https://openapi.twse.com.tw/v1/opendata/t187ap03_L,2026-08-28,user,2026-08-28,已裁决,l2:TWSE:6431,H1 人闸批准；仅在本行 product_scope 内有效。
h1-include-0839,manual_include,include,issuer,issuer:TW:6438,issuer:TW:6438,-,-,-,迅得,L2,TWSE OpenAPI 上市公司基本資料（完整母集）,冻结 2026-08-28 TWSE+TPEx（不含兴柜）L2 机械母集,-,human-gate://2026-08-28/H1/issuer:TW:6438,https://openapi.twse.com.tw/v1/opendata/t187ap03_L,2026-08-28,user,2026-08-28,已裁决,l2:TWSE:6438,H1 人闸批准；仅在本行 product_scope 内有效。
h1-include-0840,manual_include,include,issuer,issuer:TW:6442,issuer:TW:6442,-,-,-,光聖,L2,TWSE OpenAPI 上市公司基本資料（完整母集）,冻结 2026-08-28 TWSE+TPEx（不含兴柜）L2 机械母集,-,human-gate://2026-08-28/H1/issuer:TW:6442,https://openapi.twse.com.tw/v1/opendata/t187ap03_L,2026-08-28,user,2026-08-28,已裁决,l2:TWSE:6442,H1 人闸批准；仅在本行 product_scope 内有效。
h1-include-0841,manual_include,include,issuer,issuer:TW:6443,issuer:TW:6443,-,-,-,元晶,L2,TWSE OpenAPI 上市公司基本資料（完整母集）,冻结 2026-08-28 TWSE+TPEx（不含兴柜）L2 机械母集,-,human-gate://2026-08-28/H1/issuer:TW:6443,https://openapi.twse.com.tw/v1/opendata/t187ap03_L,2026-08-28,user,2026-08-28,已裁决,l2:TWSE:6443,H1 人闸批准；仅在本行 product_scope 内有效。
h1-include-0842,manual_include,include,issuer,issuer:TW:6446,issuer:TW:6446,-,-,-,藥華藥,L2,TWSE OpenAPI 上市公司基本資料（完整母集）,冻结 2026-08-28 TWSE+TPEx（不含兴柜）L2 机械母集,-,human-gate://2026-08-28/H1/issuer:TW:6446,https://openapi.twse.com.tw/v1/opendata/t187ap03_L,2026-08-28,user,2026-08-28,已裁决,l2:TWSE:6446,H1 人闸批准；仅在本行 product_scope 内有效。
h1-include-0843,manual_include,include,issuer,issuer:TW:6449,issuer:TW:6449,-,-,-,鈺邦,L2,TWSE OpenAPI 上市公司基本資料（完整母集）,冻结 2026-08-28 TWSE+TPEx（不含兴柜）L2 机械母集,-,human-gate://2026-08-28/H1/issuer:TW:6449,https://openapi.twse.com.tw/v1/opendata/t187ap03_L,2026-08-28,user,2026-08-28,已裁决,l2:TWSE:6449,H1 人闸批准；仅在本行 product_scope 内有效。
h1-include-0844,manual_include,include,issuer,issuer:TW:6451,issuer:TW:6451,-,-,-,訊芯-KY,L2,TWSE OpenAPI 上市公司基本資料（完整母集）,冻结 2026-08-28 TWSE+TPEx（不含兴柜）L2 机械母集,-,human-gate://2026-08-28/H1/issuer:TW:6451,https://openapi.twse.com.tw/v1/opendata/t187ap03_L,2026-08-28,user,2026-08-28,已裁决,l2:TWSE:6451,H1 人闸批准；仅在本行 product_scope 内有效。
h1-include-0845,manual_include,include,issuer,issuer:TW:6456,issuer:TW:6456,-,-,-,GIS-KY,L2,TWSE OpenAPI 上市公司基本資料（完整母集）,冻结 2026-08-28 TWSE+TPEx（不含兴柜）L2 机械母集,-,human-gate://2026-08-28/H1/issuer:TW:6456,https://openapi.twse.com.tw/v1/opendata/t187ap03_L,2026-08-28,user,2026-08-28,已裁决,l2:TWSE:6456,H1 人闸批准；仅在本行 product_scope 内有效。
h1-include-0846,manual_include,include,issuer,issuer:TW:6464,issuer:TW:6464,-,-,-,台數科,L2,TWSE OpenAPI 上市公司基本資料（完整母集）,冻结 2026-08-28 TWSE+TPEx（不含兴柜）L2 机械母集,-,human-gate://2026-08-28/H1/issuer:TW:6464,https://openapi.twse.com.tw/v1/opendata/t187ap03_L,2026-08-28,user,2026-08-28,已裁决,l2:TWSE:6464,H1 人闸批准；仅在本行 product_scope 内有效。
h1-include-0847,manual_include,include,issuer,issuer:TW:6472,issuer:TW:6472,-,-,-,保瑞,L2,TWSE OpenAPI 上市公司基本資料（完整母集）,冻结 2026-08-28 TWSE+TPEx（不含兴柜）L2 机械母集,-,human-gate://2026-08-28/H1/issuer:TW:6472,https://openapi.twse.com.tw/v1/opendata/t187ap03_L,2026-08-28,user,2026-08-28,已裁决,l2:TWSE:6472,H1 人闸批准；仅在本行 product_scope 内有效。
h1-include-0848,manual_include,include,issuer,issuer:TW:6477,issuer:TW:6477,-,-,-,安集,L2,TWSE OpenAPI 上市公司基本資料（完整母集）,冻结 2026-08-28 TWSE+TPEx（不含兴柜）L2 机械母集,-,human-gate://2026-08-28/H1/issuer:TW:6477,https://openapi.twse.com.tw/v1/opendata/t187ap03_L,2026-08-28,user,2026-08-28,已裁决,l2:TWSE:6477,H1 人闸批准；仅在本行 product_scope 内有效。
h1-include-0849,manual_include,include,issuer,issuer:TW:6491,issuer:TW:6491,-,-,-,晶碩,L2,TWSE OpenAPI 上市公司基本資料（完整母集）,冻结 2026-08-28 TWSE+TPEx（不含兴柜）L2 机械母集,-,human-gate://2026-08-28/H1/issuer:TW:6491,https://openapi.twse.com.tw/v1/opendata/t187ap03_L,2026-08-28,user,2026-08-28,已裁决,l2:TWSE:6491,H1 人闸批准；仅在本行 product_scope 内有效。
h1-include-0850,manual_include,include,issuer,issuer:TW:6504,issuer:TW:6504,-,-,-,南六,L2,TWSE OpenAPI 上市公司基本資料（完整母集）,冻结 2026-08-28 TWSE+TPEx（不含兴柜）L2 机械母集,-,human-gate://2026-08-28/H1/issuer:TW:6504,https://openapi.twse.com.tw/v1/opendata/t187ap03_L,2026-08-28,user,2026-08-28,已裁决,l2:TWSE:6504,H1 人闸批准；仅在本行 product_scope 内有效。
h1-include-0851,manual_include,include,issuer,issuer:TW:6505,issuer:TW:6505,-,-,-,台塑化,L2,TWSE OpenAPI 上市公司基本資料（完整母集）,冻结 2026-08-28 TWSE+TPEx（不含兴柜）L2 机械母集,-,human-gate://2026-08-28/H1/issuer:TW:6505,https://openapi.twse.com.tw/v1/opendata/t187ap03_L,2026-08-28,user,2026-08-28,已裁决,l2:TWSE:6505,H1 人闸批准；仅在本行 product_scope 内有效。
h1-include-0852,manual_include,include,issuer,issuer:TW:6515,issuer:TW:6515,-,-,-,穎崴,L2,TWSE OpenAPI 上市公司基本資料（完整母集）,冻结 2026-08-28 TWSE+TPEx（不含兴柜）L2 机械母集,-,human-gate://2026-08-28/H1/issuer:TW:6515,https://openapi.twse.com.tw/v1/opendata/t187ap03_L,2026-08-28,user,2026-08-28,已裁决,l2:TWSE:6515,H1 人闸批准；仅在本行 product_scope 内有效。
h1-include-0853,manual_include,include,issuer,issuer:TW:6525,issuer:TW:6525,-,-,-,捷敏-KY,L2,TWSE OpenAPI 上市公司基本資料（完整母集）,冻结 2026-08-28 TWSE+TPEx（不含兴柜）L2 机械母集,-,human-gate://2026-08-28/H1/issuer:TW:6525,https://openapi.twse.com.tw/v1/opendata/t187ap03_L,2026-08-28,user,2026-08-28,已裁决,l2:TWSE:6525,H1 人闸批准；仅在本行 product_scope 内有效。
h1-include-0854,manual_include,include,issuer,issuer:TW:6526,issuer:TW:6526,-,-,-,達發,L2,TWSE OpenAPI 上市公司基本資料（完整母集）,冻结 2026-08-28 TWSE+TPEx（不含兴柜）L2 机械母集,-,human-gate://2026-08-28/H1/issuer:TW:6526,https://openapi.twse.com.tw/v1/opendata/t187ap03_L,2026-08-28,user,2026-08-28,已裁决,l2:TWSE:6526,H1 人闸批准；仅在本行 product_scope 内有效。
h1-include-0855,manual_include,include,issuer,issuer:TW:6531,issuer:TW:6531,-,-,-,愛普*,L2,TWSE OpenAPI 上市公司基本資料（完整母集）,冻结 2026-08-28 TWSE+TPEx（不含兴柜）L2 机械母集,-,human-gate://2026-08-28/H1/issuer:TW:6531,https://openapi.twse.com.tw/v1/opendata/t187ap03_L,2026-08-28,user,2026-08-28,已裁决,l2:TWSE:6531,H1 人闸批准；仅在本行 product_scope 内有效。
h1-include-0856,manual_include,include,issuer,issuer:TW:6533,issuer:TW:6533,-,-,-,晶心科,L2,TWSE OpenAPI 上市公司基本資料（完整母集）,冻结 2026-08-28 TWSE+TPEx（不含兴柜）L2 机械母集,-,human-gate://2026-08-28/H1/issuer:TW:6533,https://openapi.twse.com.tw/v1/opendata/t187ap03_L,2026-08-28,user,2026-08-28,已裁决,l2:TWSE:6533,H1 人闸批准；仅在本行 product_scope 内有效。
h1-include-0857,manual_include,include,issuer,issuer:TW:6534,issuer:TW:6534,-,-,-,正瀚-創,L2,TWSE OpenAPI 上市公司基本資料（完整母集）,冻结 2026-08-28 TWSE+TPEx（不含兴柜）L2 机械母集,-,human-gate://2026-08-28/H1/issuer:TW:6534,https://openapi.twse.com.tw/v1/opendata/t187ap03_L,2026-08-28,user,2026-08-28,已裁决,l2:TWSE:6534,H1 人闸批准；仅在本行 product_scope 内有效。
h1-include-0858,manual_include,include,issuer,issuer:TW:6541,issuer:TW:6541,-,-,-,泰福-KY,L2,TWSE OpenAPI 上市公司基本資料（完整母集）,冻结 2026-08-28 TWSE+TPEx（不含兴柜）L2 机械母集,-,human-gate://2026-08-28/H1/issuer:TW:6541,https://openapi.twse.com.tw/v1/opendata/t187ap03_L,2026-08-28,user,2026-08-28,已裁决,l2:TWSE:6541,H1 人闸批准；仅在本行 product_scope 内有效。
h1-include-0859,manual_include,include,issuer,issuer:TW:6550,issuer:TW:6550,-,-,-,北極星藥業-KY,L2,TWSE OpenAPI 上市公司基本資料（完整母集）,冻结 2026-08-28 TWSE+TPEx（不含兴柜）L2 机械母集,-,human-gate://2026-08-28/H1/issuer:TW:6550,https://openapi.twse.com.tw/v1/opendata/t187ap03_L,2026-08-28,user,2026-08-28,已裁决,l2:TWSE:6550,H1 人闸批准；仅在本行 product_scope 内有效。
h1-include-0860,manual_include,include,issuer,issuer:TW:6552,issuer:TW:6552,-,-,-,易華電,L2,TWSE OpenAPI 上市公司基本資料（完整母集）,冻结 2026-08-28 TWSE+TPEx（不含兴柜）L2 机械母集,-,human-gate://2026-08-28/H1/issuer:TW:6552,https://openapi.twse.com.tw/v1/opendata/t187ap03_L,2026-08-28,user,2026-08-28,已裁决,l2:TWSE:6552,H1 人闸批准；仅在本行 product_scope 内有效。
h1-include-0861,manual_include,include,issuer,issuer:TW:6558,issuer:TW:6558,-,-,-,興能高,L2,TWSE OpenAPI 上市公司基本資料（完整母集）,冻结 2026-08-28 TWSE+TPEx（不含兴柜）L2 机械母集,-,human-gate://2026-08-28/H1/issuer:TW:6558,https://openapi.twse.com.tw/v1/opendata/t187ap03_L,2026-08-28,user,2026-08-28,已裁决,l2:TWSE:6558,H1 人闸批准；仅在本行 product_scope 内有效。
h1-include-0862,manual_include,include,issuer,issuer:TW:6573,issuer:TW:6573,-,-,-,虹揚-KY,L2,TWSE OpenAPI 上市公司基本資料（完整母集）,冻结 2026-08-28 TWSE+TPEx（不含兴柜）L2 机械母集,-,human-gate://2026-08-28/H1/issuer:TW:6573,https://openapi.twse.com.tw/v1/opendata/t187ap03_L,2026-08-28,user,2026-08-28,已裁决,l2:TWSE:6573,H1 人闸批准；仅在本行 product_scope 内有效。
h1-include-0863,manual_include,include,issuer,issuer:TW:6579,issuer:TW:6579,-,-,-,研揚,L2,TWSE OpenAPI 上市公司基本資料（完整母集）,冻结 2026-08-28 TWSE+TPEx（不含兴柜）L2 机械母集,-,human-gate://2026-08-28/H1/issuer:TW:6579,https://openapi.twse.com.tw/v1/opendata/t187ap03_L,2026-08-28,user,2026-08-28,已裁决,l2:TWSE:6579,H1 人闸批准；仅在本行 product_scope 内有效。
h1-include-0864,manual_include,include,issuer,issuer:TW:6581,issuer:TW:6581,-,-,-,鋼聯,L2,TWSE OpenAPI 上市公司基本資料（完整母集）,冻结 2026-08-28 TWSE+TPEx（不含兴柜）L2 机械母集,-,human-gate://2026-08-28/H1/issuer:TW:6581,https://openapi.twse.com.tw/v1/opendata/t187ap03_L,2026-08-28,user,2026-08-28,已裁决,l2:TWSE:6581,H1 人闸批准；仅在本行 product_scope 内有效。
h1-include-0865,manual_include,include,issuer,issuer:TW:6582,issuer:TW:6582,-,-,-,申豐,L2,TWSE OpenAPI 上市公司基本資料（完整母集）,冻结 2026-08-28 TWSE+TPEx（不含兴柜）L2 机械母集,-,human-gate://2026-08-28/H1/issuer:TW:6582,https://openapi.twse.com.tw/v1/opendata/t187ap03_L,2026-08-28,user,2026-08-28,已裁决,l2:TWSE:6582,H1 人闸批准；仅在本行 product_scope 内有效。
h1-include-0866,manual_include,include,issuer,issuer:TW:6585,issuer:TW:6585,-,-,-,鼎基,L2,TWSE OpenAPI 上市公司基本資料（完整母集）,冻结 2026-08-28 TWSE+TPEx（不含兴柜）L2 机械母集,-,human-gate://2026-08-28/H1/issuer:TW:6585,https://openapi.twse.com.tw/v1/opendata/t187ap03_L,2026-08-28,user,2026-08-28,已裁决,l2:TWSE:6585,H1 人闸批准；仅在本行 product_scope 内有效。
h1-include-0867,manual_include,include,issuer,issuer:TW:6589,issuer:TW:6589,-,-,-,台康生技,L2,TWSE OpenAPI 上市公司基本資料（完整母集）,冻结 2026-08-28 TWSE+TPEx（不含兴柜）L2 机械母集,-,human-gate://2026-08-28/H1/issuer:TW:6589,https://openapi.twse.com.tw/v1/opendata/t187ap03_L,2026-08-28,user,2026-08-28,已裁决,l2:TWSE:6589,H1 人闸批准；仅在本行 product_scope 内有效。
h1-include-0868,manual_include,include,issuer,issuer:TW:6591,issuer:TW:6591,-,-,-,動力-KY,L2,TWSE OpenAPI 上市公司基本資料（完整母集）,冻结 2026-08-28 TWSE+TPEx（不含兴柜）L2 机械母集,-,human-gate://2026-08-28/H1/issuer:TW:6591,https://openapi.twse.com.tw/v1/opendata/t187ap03_L,2026-08-28,user,2026-08-28,已裁决,l2:TWSE:6591,H1 人闸批准；仅在本行 product_scope 内有效。
h1-include-0869,manual_include,include,issuer,issuer:TW:6592,issuer:TW:6592,-,-,-,和潤企業,L2,TWSE OpenAPI 上市公司基本資料（完整母集）,冻结 2026-08-28 TWSE+TPEx（不含兴柜）L2 机械母集,-,human-gate://2026-08-28/H1/issuer:TW:6592,https://openapi.twse.com.tw/v1/opendata/t187ap03_L,2026-08-28,user,2026-08-28,已裁决,l2:TWSE:6592,H1 人闸批准；仅在本行 product_scope 内有效。
h1-include-0870,manual_include,include,issuer,issuer:TW:6598,issuer:TW:6598,-,-,-,ABC-KY,L2,TWSE OpenAPI 上市公司基本資料（完整母集）,冻结 2026-08-28 TWSE+TPEx（不含兴柜）L2 机械母集,-,human-gate://2026-08-28/H1/issuer:TW:6598,https://openapi.twse.com.tw/v1/opendata/t187ap03_L,2026-08-28,user,2026-08-28,已裁决,l2:TWSE:6598,H1 人闸批准；仅在本行 product_scope 内有效。
h1-include-0871,manual_include,include,issuer,issuer:TW:6605,issuer:TW:6605,-,-,-,帝寶,L2,TWSE OpenAPI 上市公司基本資料（完整母集）,冻结 2026-08-28 TWSE+TPEx（不含兴柜）L2 机械母集,-,human-gate://2026-08-28/H1/issuer:TW:6605,https://openapi.twse.com.tw/v1/opendata/t187ap03_L,2026-08-28,user,2026-08-28,已裁决,l2:TWSE:6605,H1 人闸批准；仅在本行 product_scope 内有效。
h1-include-0872,manual_include,include,issuer,issuer:TW:6606,issuer:TW:6606,-,-,-,建德工業,L2,TWSE OpenAPI 上市公司基本資料（完整母集）,冻结 2026-08-28 TWSE+TPEx（不含兴柜）L2 机械母集,-,human-gate://2026-08-28/H1/issuer:TW:6606,https://openapi.twse.com.tw/v1/opendata/t187ap03_L,2026-08-28,user,2026-08-28,已裁决,l2:TWSE:6606,H1 人闸批准；仅在本行 product_scope 内有效。
h1-include-0873,manual_include,include,issuer,issuer:TW:6614,issuer:TW:6614,-,-,-,資拓宏宇,L2,TWSE OpenAPI 上市公司基本資料（完整母集）,冻结 2026-08-28 TWSE+TPEx（不含兴柜）L2 机械母集,-,human-gate://2026-08-28/H1/issuer:TW:6614,https://openapi.twse.com.tw/v1/opendata/t187ap03_L,2026-08-28,user,2026-08-28,已裁决,l2:TWSE:6614,H1 人闸批准；仅在本行 product_scope 内有效。
h1-include-0874,manual_include,include,issuer,issuer:TW:6625,issuer:TW:6625,-,-,-,必應,L2,TWSE OpenAPI 上市公司基本資料（完整母集）,冻结 2026-08-28 TWSE+TPEx（不含兴柜）L2 机械母集,-,human-gate://2026-08-28/H1/issuer:TW:6625,https://openapi.twse.com.tw/v1/opendata/t187ap03_L,2026-08-28,user,2026-08-28,已裁决,l2:TWSE:6625,H1 人闸批准；仅在本行 product_scope 内有效。
h1-include-0875,manual_include,include,issuer,issuer:TW:6641,issuer:TW:6641,-,-,-,基士德-KY,L2,TWSE OpenAPI 上市公司基本資料（完整母集）,冻结 2026-08-28 TWSE+TPEx（不含兴柜）L2 机械母集,-,human-gate://2026-08-28/H1/issuer:TW:6641,https://openapi.twse.com.tw/v1/opendata/t187ap03_L,2026-08-28,user,2026-08-28,已裁决,l2:TWSE:6641,H1 人闸批准；仅在本行 product_scope 内有效。
h1-include-0876,manual_include,include,issuer,issuer:TW:6645,issuer:TW:6645,-,-,-,金萬林-創,L2,TWSE OpenAPI 上市公司基本資料（完整母集）,冻结 2026-08-28 TWSE+TPEx（不含兴柜）L2 机械母集,-,human-gate://2026-08-28/H1/issuer:TW:6645,https://openapi.twse.com.tw/v1/opendata/t187ap03_L,2026-08-28,user,2026-08-28,已裁决,l2:TWSE:6645,H1 人闸批准；仅在本行 product_scope 内有效。
h1-include-0877,manual_include,include,issuer,issuer:TW:6655,issuer:TW:6655,-,-,-,科定,L2,TWSE OpenAPI 上市公司基本資料（完整母集）,冻结 2026-08-28 TWSE+TPEx（不含兴柜）L2 机械母集,-,human-gate://2026-08-28/H1/issuer:TW:6655,https://openapi.twse.com.tw/v1/opendata/t187ap03_L,2026-08-28,user,2026-08-28,已裁决,l2:TWSE:6655,H1 人闸批准；仅在本行 product_scope 内有效。
h1-include-0878,manual_include,include,issuer,issuer:TW:6657,issuer:TW:6657,-,-,-,華安,L2,TWSE OpenAPI 上市公司基本資料（完整母集）,冻结 2026-08-28 TWSE+TPEx（不含兴柜）L2 机械母集,-,human-gate://2026-08-28/H1/issuer:TW:6657,https://openapi.twse.com.tw/v1/opendata/t187ap03_L,2026-08-28,user,2026-08-28,已裁决,l2:TWSE:6657,H1 人闸批准；仅在本行 product_scope 内有效。
h1-include-0879,manual_include,include,issuer,issuer:TW:6658,issuer:TW:6658,-,-,-,聯策,L2,TWSE OpenAPI 上市公司基本資料（完整母集）,冻结 2026-08-28 TWSE+TPEx（不含兴柜）L2 机械母集,-,human-gate://2026-08-28/H1/issuer:TW:6658,https://openapi.twse.com.tw/v1/opendata/t187ap03_L,2026-08-28,user,2026-08-28,已裁决,l2:TWSE:6658,H1 人闸批准；仅在本行 product_scope 内有效。
h1-include-0880,manual_include,include,issuer,issuer:TW:6666,issuer:TW:6666,-,-,-,羅麗芬-KY,L2,TWSE OpenAPI 上市公司基本資料（完整母集）,冻结 2026-08-28 TWSE+TPEx（不含兴柜）L2 机械母集,-,human-gate://2026-08-28/H1/issuer:TW:6666,https://openapi.twse.com.tw/v1/opendata/t187ap03_L,2026-08-28,user,2026-08-28,已裁决,l2:TWSE:6666,H1 人闸批准；仅在本行 product_scope 内有效。
h1-include-0881,manual_include,include,issuer,issuer:TW:6668,issuer:TW:6668,-,-,-,中揚光,L2,TWSE OpenAPI 上市公司基本資料（完整母集）,冻结 2026-08-28 TWSE+TPEx（不含兴柜）L2 机械母集,-,human-gate://2026-08-28/H1/issuer:TW:6668,https://openapi.twse.com.tw/v1/opendata/t187ap03_L,2026-08-28,user,2026-08-28,已裁决,l2:TWSE:6668,H1 人闸批准；仅在本行 product_scope 内有效。
h1-include-0882,manual_include,include,issuer,issuer:TW:6669,issuer:TW:6669,-,-,-,緯穎,L2,TWSE OpenAPI 上市公司基本資料（完整母集）,冻结 2026-08-28 TWSE+TPEx（不含兴柜）L2 机械母集,-,human-gate://2026-08-28/H1/issuer:TW:6669,https://openapi.twse.com.tw/v1/opendata/t187ap03_L,2026-08-28,user,2026-08-28,已裁决,l2:TWSE:6669,H1 人闸批准；仅在本行 product_scope 内有效。
h1-include-0883,manual_include,include,issuer,issuer:TW:6670,issuer:TW:6670,-,-,-,復盛應用,L2,TWSE OpenAPI 上市公司基本資料（完整母集）,冻结 2026-08-28 TWSE+TPEx（不含兴柜）L2 机械母集,-,human-gate://2026-08-28/H1/issuer:TW:6670,https://openapi.twse.com.tw/v1/opendata/t187ap03_L,2026-08-28,user,2026-08-28,已裁决,l2:TWSE:6670,H1 人闸批准；仅在本行 product_scope 内有效。
h1-include-0884,manual_include,include,issuer,issuer:TW:6671,issuer:TW:6671,-,-,-,三能-KY,L2,TWSE OpenAPI 上市公司基本資料（完整母集）,冻结 2026-08-28 TWSE+TPEx（不含兴柜）L2 机械母集,-,human-gate://2026-08-28/H1/issuer:TW:6671,https://openapi.twse.com.tw/v1/opendata/t187ap03_L,2026-08-28,user,2026-08-28,已裁决,l2:TWSE:6671,H1 人闸批准；仅在本行 product_scope 内有效。
h1-include-0885,manual_include,include,issuer,issuer:TW:6672,issuer:TW:6672,-,-,-,騰輝電子-KY,L2,TWSE OpenAPI 上市公司基本資料（完整母集）,冻结 2026-08-28 TWSE+TPEx（不含兴柜）L2 机械母集,-,human-gate://2026-08-28/H1/issuer:TW:6672,https://openapi.twse.com.tw/v1/opendata/t187ap03_L,2026-08-28,user,2026-08-28,已裁决,l2:TWSE:6672,H1 人闸批准；仅在本行 product_scope 内有效。
h1-include-0886,manual_include,include,issuer,issuer:TW:6674,issuer:TW:6674,-,-,-,鋐寶科技,L2,TWSE OpenAPI 上市公司基本資料（完整母集）,冻结 2026-08-28 TWSE+TPEx（不含兴柜）L2 机械母集,-,human-gate://2026-08-28/H1/issuer:TW:6674,https://openapi.twse.com.tw/v1/opendata/t187ap03_L,2026-08-28,user,2026-08-28,已裁决,l2:TWSE:6674,H1 人闸批准；仅在本行 product_scope 内有效。
h1-include-0887,manual_include,include,issuer,issuer:TW:6689,issuer:TW:6689,-,-,-,伊雲谷,L2,TWSE OpenAPI 上市公司基本資料（完整母集）,冻结 2026-08-28 TWSE+TPEx（不含兴柜）L2 机械母集,-,human-gate://2026-08-28/H1/issuer:TW:6689,https://openapi.twse.com.tw/v1/opendata/t187ap03_L,2026-08-28,user,2026-08-28,已裁决,l2:TWSE:6689,H1 人闸批准；仅在本行 product_scope 内有效。
h1-include-0888,manual_include,include,issuer,issuer:TW:6691,issuer:TW:6691,-,-,-,洋基工程,L2,TWSE OpenAPI 上市公司基本資料（完整母集）,冻结 2026-08-28 TWSE+TPEx（不含兴柜）L2 机械母集,-,human-gate://2026-08-28/H1/issuer:TW:6691,https://openapi.twse.com.tw/v1/opendata/t187ap03_L,2026-08-28,user,2026-08-28,已裁决,l2:TWSE:6691,H1 人闸批准；仅在本行 product_scope 内有效。
h1-include-0889,manual_include,include,issuer,issuer:TW:6695,issuer:TW:6695,-,-,-,芯鼎,L2,TWSE OpenAPI 上市公司基本資料（完整母集）,冻结 2026-08-28 TWSE+TPEx（不含兴柜）L2 机械母集,-,human-gate://2026-08-28/H1/issuer:TW:6695,https://openapi.twse.com.tw/v1/opendata/t187ap03_L,2026-08-28,user,2026-08-28,已裁决,l2:TWSE:6695,H1 人闸批准；仅在本行 product_scope 内有效。
h1-include-0890,manual_include,include,issuer,issuer:TW:6698,issuer:TW:6698,-,-,-,旭暉應材,L2,TWSE OpenAPI 上市公司基本資料（完整母集）,冻结 2026-08-28 TWSE+TPEx（不含兴柜）L2 机械母集,-,human-gate://2026-08-28/H1/issuer:TW:6698,https://openapi.twse.com.tw/v1/opendata/t187ap03_L,2026-08-28,user,2026-08-28,已裁决,l2:TWSE:6698,H1 人闸批准；仅在本行 product_scope 内有效。
h1-include-0891,manual_include,include,issuer,issuer:TW:6706,issuer:TW:6706,-,-,-,惠特,L2,TWSE OpenAPI 上市公司基本資料（完整母集）,冻结 2026-08-28 TWSE+TPEx（不含兴柜）L2 机械母集,-,human-gate://2026-08-28/H1/issuer:TW:6706,https://openapi.twse.com.tw/v1/opendata/t187ap03_L,2026-08-28,user,2026-08-28,已裁决,l2:TWSE:6706,H1 人闸批准；仅在本行 product_scope 内有效。
h1-include-0892,manual_include,include,issuer,issuer:TW:6715,issuer:TW:6715,-,-,-,嘉基,L2,TWSE OpenAPI 上市公司基本資料（完整母集）,冻结 2026-08-28 TWSE+TPEx（不含兴柜）L2 机械母集,-,human-gate://2026-08-28/H1/issuer:TW:6715,https://openapi.twse.com.tw/v1/opendata/t187ap03_L,2026-08-28,user,2026-08-28,已裁决,l2:TWSE:6715,H1 人闸批准；仅在本行 product_scope 内有效。
h1-include-0893,manual_include,include,issuer,issuer:TW:6719,issuer:TW:6719,-,-,-,力智,L2,TWSE OpenAPI 上市公司基本資料（完整母集）,冻结 2026-08-28 TWSE+TPEx（不含兴柜）L2 机械母集,-,human-gate://2026-08-28/H1/issuer:TW:6719,https://openapi.twse.com.tw/v1/opendata/t187ap03_L,2026-08-28,user,2026-08-28,已裁决,l2:TWSE:6719,H1 人闸批准；仅在本行 product_scope 内有效。
h1-include-0894,manual_include,include,issuer,issuer:TW:6722,issuer:TW:6722,-,-,-,輝創,L2,TWSE OpenAPI 上市公司基本資料（完整母集）,冻结 2026-08-28 TWSE+TPEx（不含兴柜）L2 机械母集,-,human-gate://2026-08-28/H1/issuer:TW:6722,https://openapi.twse.com.tw/v1/opendata/t187ap03_L,2026-08-28,user,2026-08-28,已裁决,l2:TWSE:6722,H1 人闸批准；仅在本行 product_scope 内有效。
h1-include-0895,manual_include,include,issuer,issuer:TW:6742,issuer:TW:6742,-,-,-,澤米,L2,TWSE OpenAPI 上市公司基本資料（完整母集）,冻结 2026-08-28 TWSE+TPEx（不含兴柜）L2 机械母集,-,human-gate://2026-08-28/H1/issuer:TW:6742,https://openapi.twse.com.tw/v1/opendata/t187ap03_L,2026-08-28,user,2026-08-28,已裁决,l2:TWSE:6742,H1 人闸批准；仅在本行 product_scope 内有效。
h1-include-0896,manual_include,include,issuer,issuer:TW:6743,issuer:TW:6743,-,-,-,安普新,L2,TWSE OpenAPI 上市公司基本資料（完整母集）,冻结 2026-08-28 TWSE+TPEx（不含兴柜）L2 机械母集,-,human-gate://2026-08-28/H1/issuer:TW:6743,https://openapi.twse.com.tw/v1/opendata/t187ap03_L,2026-08-28,user,2026-08-28,已裁决,l2:TWSE:6743,H1 人闸批准；仅在本行 product_scope 内有效。
h1-include-0897,manual_include,include,issuer,issuer:TW:6753,issuer:TW:6753,-,-,-,龍德造船,L2,TWSE OpenAPI 上市公司基本資料（完整母集）,冻结 2026-08-28 TWSE+TPEx（不含兴柜）L2 机械母集,-,human-gate://2026-08-28/H1/issuer:TW:6753,https://openapi.twse.com.tw/v1/opendata/t187ap03_L,2026-08-28,user,2026-08-28,已裁决,l2:TWSE:6753,H1 人闸批准；仅在本行 product_scope 内有效。
h1-include-0898,manual_include,include,issuer,issuer:TW:6754,issuer:TW:6754,-,-,-,匯僑設計,L2,TWSE OpenAPI 上市公司基本資料（完整母集）,冻结 2026-08-28 TWSE+TPEx（不含兴柜）L2 机械母集,-,human-gate://2026-08-28/H1/issuer:TW:6754,https://openapi.twse.com.tw/v1/opendata/t187ap03_L,2026-08-28,user,2026-08-28,已裁决,l2:TWSE:6754,H1 人闸批准；仅在本行 product_scope 内有效。
h1-include-0899,manual_include,include,issuer,issuer:TW:6756,issuer:TW:6756,-,-,-,威鋒電子,L2,TWSE OpenAPI 上市公司基本資料（完整母集）,冻结 2026-08-28 TWSE+TPEx（不含兴柜）L2 机械母集,-,human-gate://2026-08-28/H1/issuer:TW:6756,https://openapi.twse.com.tw/v1/opendata/t187ap03_L,2026-08-28,user,2026-08-28,已裁决,l2:TWSE:6756,H1 人闸批准；仅在本行 product_scope 内有效。
h1-include-0900,manual_include,include,issuer,issuer:TW:6757,issuer:TW:6757,-,-,-,台灣虎航,L2,TWSE OpenAPI 上市公司基本資料（完整母集）,冻结 2026-08-28 TWSE+TPEx（不含兴柜）L2 机械母集,-,human-gate://2026-08-28/H1/issuer:TW:6757,https://openapi.twse.com.tw/v1/opendata/t187ap03_L,2026-08-28,user,2026-08-28,已裁决,l2:TWSE:6757,H1 人闸批准；仅在本行 product_scope 内有效。
h1-include-0901,manual_include,include,issuer,issuer:TW:6768,issuer:TW:6768,-,-,-,志強-KY,L2,TWSE OpenAPI 上市公司基本資料（完整母集）,冻结 2026-08-28 TWSE+TPEx（不含兴柜）L2 机械母集,-,human-gate://2026-08-28/H1/issuer:TW:6768,https://openapi.twse.com.tw/v1/opendata/t187ap03_L,2026-08-28,user,2026-08-28,已裁决,l2:TWSE:6768,H1 人闸批准；仅在本行 product_scope 内有效。
h1-include-0902,manual_include,include,issuer,issuer:TW:6770,issuer:TW:6770,-,-,-,力積電,L2,TWSE OpenAPI 上市公司基本資料（完整母集）,冻结 2026-08-28 TWSE+TPEx（不含兴柜）L2 机械母集,-,human-gate://2026-08-28/H1/issuer:TW:6770,https://openapi.twse.com.tw/v1/opendata/t187ap03_L,2026-08-28,user,2026-08-28,已裁决,l2:TWSE:6770,H1 人闸批准；仅在本行 product_scope 内有效。
h1-include-0903,manual_include,include,issuer,issuer:TW:6771,issuer:TW:6771,-,-,-,平和環保-創,L2,TWSE OpenAPI 上市公司基本資料（完整母集）,冻结 2026-08-28 TWSE+TPEx（不含兴柜）L2 机械母集,-,human-gate://2026-08-28/H1/issuer:TW:6771,https://openapi.twse.com.tw/v1/opendata/t187ap03_L,2026-08-28,user,2026-08-28,已裁决,l2:TWSE:6771,H1 人闸批准；仅在本行 product_scope 内有效。
h1-include-0904,manual_include,include,issuer,issuer:TW:6776,issuer:TW:6776,-,-,-,展碁國際,L2,TWSE OpenAPI 上市公司基本資料（完整母集）,冻结 2026-08-28 TWSE+TPEx（不含兴柜）L2 机械母集,-,human-gate://2026-08-28/H1/issuer:TW:6776,https://openapi.twse.com.tw/v1/opendata/t187ap03_L,2026-08-28,user,2026-08-28,已裁决,l2:TWSE:6776,H1 人闸批准；仅在本行 product_scope 内有效。
h1-include-0905,manual_include,include,issuer,issuer:TW:6781,issuer:TW:6781,-,-,-,AES-KY,L2,TWSE OpenAPI 上市公司基本資料（完整母集）,冻结 2026-08-28 TWSE+TPEx（不含兴柜）L2 机械母集,-,human-gate://2026-08-28/H1/issuer:TW:6781,https://openapi.twse.com.tw/v1/opendata/t187ap03_L,2026-08-28,user,2026-08-28,已裁决,l2:TWSE:6781,H1 人闸批准；仅在本行 product_scope 内有效。
h1-include-0906,manual_include,include,issuer,issuer:TW:6782,issuer:TW:6782,-,-,-,視陽,L2,TWSE OpenAPI 上市公司基本資料（完整母集）,冻结 2026-08-28 TWSE+TPEx（不含兴柜）L2 机械母集,-,human-gate://2026-08-28/H1/issuer:TW:6782,https://openapi.twse.com.tw/v1/opendata/t187ap03_L,2026-08-28,user,2026-08-28,已裁决,l2:TWSE:6782,H1 人闸批准；仅在本行 product_scope 内有效。
h1-include-0907,manual_include,include,issuer,issuer:TW:6789,issuer:TW:6789,-,-,-,采鈺,L2,TWSE OpenAPI 上市公司基本資料（完整母集）,冻结 2026-08-28 TWSE+TPEx（不含兴柜）L2 机械母集,-,human-gate://2026-08-28/H1/issuer:TW:6789,https://openapi.twse.com.tw/v1/opendata/t187ap03_L,2026-08-28,user,2026-08-28,已裁决,l2:TWSE:6789,H1 人闸批准；仅在本行 product_scope 内有效。
h1-include-0908,manual_include,include,issuer,issuer:TW:6790,issuer:TW:6790,-,-,-,永豐實,L2,TWSE OpenAPI 上市公司基本資料（完整母集）,冻结 2026-08-28 TWSE+TPEx（不含兴柜）L2 机械母集,-,human-gate://2026-08-28/H1/issuer:TW:6790,https://openapi.twse.com.tw/v1/opendata/t187ap03_L,2026-08-28,user,2026-08-28,已裁决,l2:TWSE:6790,H1 人闸批准；仅在本行 product_scope 内有效。
h1-include-0909,manual_include,include,issuer,issuer:TW:6792,issuer:TW:6792,-,-,-,詠業,L2,TWSE OpenAPI 上市公司基本資料（完整母集）,冻结 2026-08-28 TWSE+TPEx（不含兴柜）L2 机械母集,-,human-gate://2026-08-28/H1/issuer:TW:6792,https://openapi.twse.com.tw/v1/opendata/t187ap03_L,2026-08-28,user,2026-08-28,已裁决,l2:TWSE:6792,H1 人闸批准；仅在本行 product_scope 内有效。
h1-include-0910,manual_include,include,issuer,issuer:TW:6794,issuer:TW:6794,-,-,-,向榮生技,L2,TWSE OpenAPI 上市公司基本資料（完整母集）,冻结 2026-08-28 TWSE+TPEx（不含兴柜）L2 机械母集,-,human-gate://2026-08-28/H1/issuer:TW:6794,https://openapi.twse.com.tw/v1/opendata/t187ap03_L,2026-08-28,user,2026-08-28,已裁决,l2:TWSE:6794,H1 人闸批准；仅在本行 product_scope 内有效。
h1-include-0911,manual_include,include,issuer,issuer:TW:6796,issuer:TW:6796,-,-,-,晉弘,L2,TWSE OpenAPI 上市公司基本資料（完整母集）,冻结 2026-08-28 TWSE+TPEx（不含兴柜）L2 机械母集,-,human-gate://2026-08-28/H1/issuer:TW:6796,https://openapi.twse.com.tw/v1/opendata/t187ap03_L,2026-08-28,user,2026-08-28,已裁决,l2:TWSE:6796,H1 人闸批准；仅在本行 product_scope 内有效。
h1-include-0912,manual_include,include,issuer,issuer:TW:6799,issuer:TW:6799,-,-,-,來頡,L2,TWSE OpenAPI 上市公司基本資料（完整母集）,冻结 2026-08-28 TWSE+TPEx（不含兴柜）L2 机械母集,-,human-gate://2026-08-28/H1/issuer:TW:6799,https://openapi.twse.com.tw/v1/opendata/t187ap03_L,2026-08-28,user,2026-08-28,已裁决,l2:TWSE:6799,H1 人闸批准；仅在本行 product_scope 内有效。
h1-include-0913,manual_include,include,issuer,issuer:TW:6805,issuer:TW:6805,-,-,-,富世達,L2,TWSE OpenAPI 上市公司基本資料（完整母集）,冻结 2026-08-28 TWSE+TPEx（不含兴柜）L2 机械母集,-,human-gate://2026-08-28/H1/issuer:TW:6805,https://openapi.twse.com.tw/v1/opendata/t187ap03_L,2026-08-28,user,2026-08-28,已裁决,l2:TWSE:6805,H1 人闸批准；仅在本行 product_scope 内有效。
h1-include-0914,manual_include,include,issuer,issuer:TW:6807,issuer:TW:6807,-,-,-,峰源-KY,L2,TWSE OpenAPI 上市公司基本資料（完整母集）,冻结 2026-08-28 TWSE+TPEx（不含兴柜）L2 机械母集,-,human-gate://2026-08-28/H1/issuer:TW:6807,https://openapi.twse.com.tw/v1/opendata/t187ap03_L,2026-08-28,user,2026-08-28,已裁决,l2:TWSE:6807,H1 人闸批准；仅在本行 product_scope 内有效。
h1-include-0915,manual_include,include,issuer,issuer:TW:6830,issuer:TW:6830,-,-,-,汎銓,L2,TWSE OpenAPI 上市公司基本資料（完整母集）,冻结 2026-08-28 TWSE+TPEx（不含兴柜）L2 机械母集,-,human-gate://2026-08-28/H1/issuer:TW:6830,https://openapi.twse.com.tw/v1/opendata/t187ap03_L,2026-08-28,user,2026-08-28,已裁决,l2:TWSE:6830,H1 人闸批准；仅在本行 product_scope 内有效。
h1-include-0916,manual_include,include,issuer,issuer:TW:6831,issuer:TW:6831,-,-,-,邁科,L2,TWSE OpenAPI 上市公司基本資料（完整母集）,冻结 2026-08-28 TWSE+TPEx（不含兴柜）L2 机械母集,-,human-gate://2026-08-28/H1/issuer:TW:6831,https://openapi.twse.com.tw/v1/opendata/t187ap03_L,2026-08-28,user,2026-08-28,已裁决,l2:TWSE:6831,H1 人闸批准；仅在本行 product_scope 内有效。
h1-include-0917,manual_include,include,issuer,issuer:TW:6834,issuer:TW:6834,-,-,-,天二科技,L2,TWSE OpenAPI 上市公司基本資料（完整母集）,冻结 2026-08-28 TWSE+TPEx（不含兴柜）L2 机械母集,-,human-gate://2026-08-28/H1/issuer:TW:6834,https://openapi.twse.com.tw/v1/opendata/t187ap03_L,2026-08-28,user,2026-08-28,已裁决,l2:TWSE:6834,H1 人闸批准；仅在本行 product_scope 内有效。
h1-include-0918,manual_include,include,issuer,issuer:TW:6835,issuer:TW:6835,-,-,-,圓裕,L2,TWSE OpenAPI 上市公司基本資料（完整母集）,冻结 2026-08-28 TWSE+TPEx（不含兴柜）L2 机械母集,-,human-gate://2026-08-28/H1/issuer:TW:6835,https://openapi.twse.com.tw/v1/opendata/t187ap03_L,2026-08-28,user,2026-08-28,已裁决,l2:TWSE:6835,H1 人闸批准；仅在本行 product_scope 内有效。
h1-include-0919,manual_include,include,issuer,issuer:TW:6838,issuer:TW:6838,-,-,-,台新藥,L2,TWSE OpenAPI 上市公司基本資料（完整母集）,冻结 2026-08-28 TWSE+TPEx（不含兴柜）L2 机械母集,-,human-gate://2026-08-28/H1/issuer:TW:6838,https://openapi.twse.com.tw/v1/opendata/t187ap03_L,2026-08-28,user,2026-08-28,已裁决,l2:TWSE:6838,H1 人闸批准；仅在本行 product_scope 内有效。
h1-include-0920,manual_include,include,issuer,issuer:TW:6854,issuer:TW:6854,-,-,-,錼創科技-KY創,L2,TWSE OpenAPI 上市公司基本資料（完整母集）,冻结 2026-08-28 TWSE+TPEx（不含兴柜）L2 机械母集,-,human-gate://2026-08-28/H1/issuer:TW:6854,https://openapi.twse.com.tw/v1/opendata/t187ap03_L,2026-08-28,user,2026-08-28,已裁决,l2:TWSE:6854,H1 人闸批准；仅在本行 product_scope 内有效。
h1-include-0921,manual_include,include,issuer,issuer:TW:6861,issuer:TW:6861,-,-,-,睿生光電,L2,TWSE OpenAPI 上市公司基本資料（完整母集）,冻结 2026-08-28 TWSE+TPEx（不含兴柜）L2 机械母集,-,human-gate://2026-08-28/H1/issuer:TW:6861,https://openapi.twse.com.tw/v1/opendata/t187ap03_L,2026-08-28,user,2026-08-28,已裁决,l2:TWSE:6861,H1 人闸批准；仅在本行 product_scope 内有效。
h1-include-0922,manual_include,include,issuer,issuer:TW:6862,issuer:TW:6862,-,-,-,三集瑞-KY,L2,TWSE OpenAPI 上市公司基本資料（完整母集）,冻结 2026-08-28 TWSE+TPEx（不含兴柜）L2 机械母集,-,human-gate://2026-08-28/H1/issuer:TW:6862,https://openapi.twse.com.tw/v1/opendata/t187ap03_L,2026-08-28,user,2026-08-28,已裁决,l2:TWSE:6862,H1 人闸批准；仅在本行 product_scope 内有效。
h1-include-0923,manual_include,include,issuer,issuer:TW:6863,issuer:TW:6863,-,-,-,永道-KY,L2,TWSE OpenAPI 上市公司基本資料（完整母集）,冻结 2026-08-28 TWSE+TPEx（不含兴柜）L2 机械母集,-,human-gate://2026-08-28/H1/issuer:TW:6863,https://openapi.twse.com.tw/v1/opendata/t187ap03_L,2026-08-28,user,2026-08-28,已裁决,l2:TWSE:6863,H1 人闸批准；仅在本行 product_scope 内有效。
h1-include-0924,manual_include,include,issuer,issuer:TW:6869,issuer:TW:6869,-,-,-,雲豹能源,L2,TWSE OpenAPI 上市公司基本資料（完整母集）,冻结 2026-08-28 TWSE+TPEx（不含兴柜）L2 机械母集,-,human-gate://2026-08-28/H1/issuer:TW:6869,https://openapi.twse.com.tw/v1/opendata/t187ap03_L,2026-08-28,user,2026-08-28,已裁决,l2:TWSE:6869,H1 人闸批准；仅在本行 product_scope 内有效。
h1-include-0925,manual_include,include,issuer,issuer:TW:6873,issuer:TW:6873,-,-,-,泓德能源,L2,TWSE OpenAPI 上市公司基本資料（完整母集）,冻结 2026-08-28 TWSE+TPEx（不含兴柜）L2 机械母集,-,human-gate://2026-08-28/H1/issuer:TW:6873,https://openapi.twse.com.tw/v1/opendata/t187ap03_L,2026-08-28,user,2026-08-28,已裁决,l2:TWSE:6873,H1 人闸批准；仅在本行 product_scope 内有效。
h1-include-0926,manual_include,include,issuer,issuer:TW:6885,issuer:TW:6885,-,-,-,全福生技,L2,TWSE OpenAPI 上市公司基本資料（完整母集）,冻结 2026-08-28 TWSE+TPEx（不含兴柜）L2 机械母集,-,human-gate://2026-08-28/H1/issuer:TW:6885,https://openapi.twse.com.tw/v1/opendata/t187ap03_L,2026-08-28,user,2026-08-28,已裁决,l2:TWSE:6885,H1 人闸批准；仅在本行 product_scope 内有效。
h1-include-0927,manual_include,include,issuer,issuer:TW:6887,issuer:TW:6887,-,-,-,寶綠特-KY,L2,TWSE OpenAPI 上市公司基本資料（完整母集）,冻结 2026-08-28 TWSE+TPEx（不含兴柜）L2 机械母集,-,human-gate://2026-08-28/H1/issuer:TW:6887,https://openapi.twse.com.tw/v1/opendata/t187ap03_L,2026-08-28,user,2026-08-28,已裁决,l2:TWSE:6887,H1 人闸批准；仅在本行 product_scope 内有效。
h1-include-0928,manual_include,include,issuer,issuer:TW:6890,issuer:TW:6890,-,-,-,來億-KY,L2,TWSE OpenAPI 上市公司基本資料（完整母集）,冻结 2026-08-28 TWSE+TPEx（不含兴柜）L2 机械母集,-,human-gate://2026-08-28/H1/issuer:TW:6890,https://openapi.twse.com.tw/v1/opendata/t187ap03_L,2026-08-28,user,2026-08-28,已裁决,l2:TWSE:6890,H1 人闸批准；仅在本行 product_scope 内有效。
h1-include-0929,manual_include,include,issuer,issuer:TW:6901,issuer:TW:6901,-,-,-,鑽石投資,L2,TWSE OpenAPI 上市公司基本資料（完整母集）,冻结 2026-08-28 TWSE+TPEx（不含兴柜）L2 机械母集,-,human-gate://2026-08-28/H1/issuer:TW:6901,https://openapi.twse.com.tw/v1/opendata/t187ap03_L,2026-08-28,user,2026-08-28,已裁决,l2:TWSE:6901,H1 人闸批准；仅在本行 product_scope 内有效。
h1-include-0930,manual_include,include,issuer,issuer:TW:6902,issuer:TW:6902,-,-,-,GOGOLOOK,L2,TWSE OpenAPI 上市公司基本資料（完整母集）,冻结 2026-08-28 TWSE+TPEx（不含兴柜）L2 机械母集,-,human-gate://2026-08-28/H1/issuer:TW:6902,https://openapi.twse.com.tw/v1/opendata/t187ap03_L,2026-08-28,user,2026-08-28,已裁决,l2:TWSE:6902,H1 人闸批准；仅在本行 product_scope 内有效。
h1-include-0931,manual_include,include,issuer,issuer:TW:6906,issuer:TW:6906,-,-,-,現觀科,L2,TWSE OpenAPI 上市公司基本資料（完整母集）,冻结 2026-08-28 TWSE+TPEx（不含兴柜）L2 机械母集,-,human-gate://2026-08-28/H1/issuer:TW:6906,https://openapi.twse.com.tw/v1/opendata/t187ap03_L,2026-08-28,user,2026-08-28,已裁决,l2:TWSE:6906,H1 人闸批准；仅在本行 product_scope 内有效。
h1-include-0932,manual_include,include,issuer,issuer:TW:6908,issuer:TW:6908,-,-,-,宏碁遊戲-創,L2,TWSE OpenAPI 上市公司基本資料（完整母集）,冻结 2026-08-28 TWSE+TPEx（不含兴柜）L2 机械母集,-,human-gate://2026-08-28/H1/issuer:TW:6908,https://openapi.twse.com.tw/v1/opendata/t187ap03_L,2026-08-28,user,2026-08-28,已裁决,l2:TWSE:6908,H1 人闸批准；仅在本行 product_scope 内有效。
h1-include-0933,manual_include,include,issuer,issuer:TW:6909,issuer:TW:6909,-,-,-,創控,L2,TWSE OpenAPI 上市公司基本資料（完整母集）,冻结 2026-08-28 TWSE+TPEx（不含兴柜）L2 机械母集,-,human-gate://2026-08-28/H1/issuer:TW:6909,https://openapi.twse.com.tw/v1/opendata/t187ap03_L,2026-08-28,user,2026-08-28,已裁决,l2:TWSE:6909,H1 人闸批准；仅在本行 product_scope 内有效。
h1-include-0934,manual_include,include,issuer,issuer:TW:6914,issuer:TW:6914,-,-,-,阜爾運通,L2,TWSE OpenAPI 上市公司基本資料（完整母集）,冻结 2026-08-28 TWSE+TPEx（不含兴柜）L2 机械母集,-,human-gate://2026-08-28/H1/issuer:TW:6914,https://openapi.twse.com.tw/v1/opendata/t187ap03_L,2026-08-28,user,2026-08-28,已裁决,l2:TWSE:6914,H1 人闸批准；仅在本行 product_scope 内有效。
h1-include-0935,manual_include,include,issuer,issuer:TW:6916,issuer:TW:6916,-,-,-,華凌,L2,TWSE OpenAPI 上市公司基本資料（完整母集）,冻结 2026-08-28 TWSE+TPEx（不含兴柜）L2 机械母集,-,human-gate://2026-08-28/H1/issuer:TW:6916,https://openapi.twse.com.tw/v1/opendata/t187ap03_L,2026-08-28,user,2026-08-28,已裁决,l2:TWSE:6916,H1 人闸批准；仅在本行 product_scope 内有效。
h1-include-0936,manual_include,include,issuer,issuer:TW:6918,issuer:TW:6918,-,-,-,愛派司,L2,TWSE OpenAPI 上市公司基本資料（完整母集）,冻结 2026-08-28 TWSE+TPEx（不含兴柜）L2 机械母集,-,human-gate://2026-08-28/H1/issuer:TW:6918,https://openapi.twse.com.tw/v1/opendata/t187ap03_L,2026-08-28,user,2026-08-28,已裁决,l2:TWSE:6918,H1 人闸批准；仅在本行 product_scope 内有效。
h1-include-0937,manual_include,include,issuer,issuer:TW:6919,issuer:TW:6919,-,-,-,康霈*,L2,TWSE OpenAPI 上市公司基本資料（完整母集）,冻结 2026-08-28 TWSE+TPEx（不含兴柜）L2 机械母集,-,human-gate://2026-08-28/H1/issuer:TW:6919,https://openapi.twse.com.tw/v1/opendata/t187ap03_L,2026-08-28,user,2026-08-28,已裁决,l2:TWSE:6919,H1 人闸批准；仅在本行 product_scope 内有效。
h1-include-0938,manual_include,include,issuer,issuer:TW:6921,issuer:TW:6921,-,-,-,嘉雨思-創,L2,TWSE OpenAPI 上市公司基本資料（完整母集）,冻结 2026-08-28 TWSE+TPEx（不含兴柜）L2 机械母集,-,human-gate://2026-08-28/H1/issuer:TW:6921,https://openapi.twse.com.tw/v1/opendata/t187ap03_L,2026-08-28,user,2026-08-28,已裁决,l2:TWSE:6921,H1 人闸批准；仅在本行 product_scope 内有效。
h1-include-0939,manual_include,include,issuer,issuer:TW:6923,issuer:TW:6923,-,-,-,中台,L2,TWSE OpenAPI 上市公司基本資料（完整母集）,冻结 2026-08-28 TWSE+TPEx（不含兴柜）L2 机械母集,-,human-gate://2026-08-28/H1/issuer:TW:6923,https://openapi.twse.com.tw/v1/opendata/t187ap03_L,2026-08-28,user,2026-08-28,已裁决,l2:TWSE:6923,H1 人闸批准；仅在本行 product_scope 内有效。
h1-include-0940,manual_include,include,issuer,issuer:TW:6924,issuer:TW:6924,-,-,-,榮惠-KY創,L2,TWSE OpenAPI 上市公司基本資料（完整母集）,冻结 2026-08-28 TWSE+TPEx（不含兴柜）L2 机械母集,-,human-gate://2026-08-28/H1/issuer:TW:6924,https://openapi.twse.com.tw/v1/opendata/t187ap03_L,2026-08-28,user,2026-08-28,已裁决,l2:TWSE:6924,H1 人闸批准；仅在本行 product_scope 内有效。
h1-include-0941,manual_include,include,issuer,issuer:TW:6928,issuer:TW:6928,-,-,-,攸泰科技,L2,TWSE OpenAPI 上市公司基本資料（完整母集）,冻结 2026-08-28 TWSE+TPEx（不含兴柜）L2 机械母集,-,human-gate://2026-08-28/H1/issuer:TW:6928,https://openapi.twse.com.tw/v1/opendata/t187ap03_L,2026-08-28,user,2026-08-28,已裁决,l2:TWSE:6928,H1 人闸批准；仅在本行 product_scope 内有效。
h1-include-0942,manual_include,include,issuer,issuer:TW:6931,issuer:TW:6931,-,-,-,青松健康,L2,TWSE OpenAPI 上市公司基本資料（完整母集）,冻结 2026-08-28 TWSE+TPEx（不含兴柜）L2 机械母集,-,human-gate://2026-08-28/H1/issuer:TW:6931,https://openapi.twse.com.tw/v1/opendata/t187ap03_L,2026-08-28,user,2026-08-28,已裁决,l2:TWSE:6931,H1 人闸批准；仅在本行 product_scope 内有效。
h1-include-0943,manual_include,include,issuer,issuer:TW:6933,issuer:TW:6933,-,-,-,AMAX-KY,L2,TWSE OpenAPI 上市公司基本資料（完整母集）,冻结 2026-08-28 TWSE+TPEx（不含兴柜）L2 机械母集,-,human-gate://2026-08-28/H1/issuer:TW:6933,https://openapi.twse.com.tw/v1/opendata/t187ap03_L,2026-08-28,user,2026-08-28,已裁决,l2:TWSE:6933,H1 人闸批准；仅在本行 product_scope 内有效。
h1-include-0944,manual_include,include,issuer,issuer:TW:6934,issuer:TW:6934,-,-,-,心誠鎂,L2,TWSE OpenAPI 上市公司基本資料（完整母集）,冻结 2026-08-28 TWSE+TPEx（不含兴柜）L2 机械母集,-,human-gate://2026-08-28/H1/issuer:TW:6934,https://openapi.twse.com.tw/v1/opendata/t187ap03_L,2026-08-28,user,2026-08-28,已裁决,l2:TWSE:6934,H1 人闸批准；仅在本行 product_scope 内有效。
h1-include-0945,manual_include,include,issuer,issuer:TW:6936,issuer:TW:6936,-,-,-,永鴻生技,L2,TWSE OpenAPI 上市公司基本資料（完整母集）,冻结 2026-08-28 TWSE+TPEx（不含兴柜）L2 机械母集,-,human-gate://2026-08-28/H1/issuer:TW:6936,https://openapi.twse.com.tw/v1/opendata/t187ap03_L,2026-08-28,user,2026-08-28,已裁决,l2:TWSE:6936,H1 人闸批准；仅在本行 product_scope 内有效。
h1-include-0946,manual_include,include,issuer,issuer:TW:6937,issuer:TW:6937,-,-,-,天虹,L2,TWSE OpenAPI 上市公司基本資料（完整母集）,冻结 2026-08-28 TWSE+TPEx（不含兴柜）L2 机械母集,-,human-gate://2026-08-28/H1/issuer:TW:6937,https://openapi.twse.com.tw/v1/opendata/t187ap03_L,2026-08-28,user,2026-08-28,已裁决,l2:TWSE:6937,H1 人闸批准；仅在本行 product_scope 内有效。
h1-include-0947,manual_include,include,issuer,issuer:TW:6944,issuer:TW:6944,-,-,-,兆聯實業,L2,TWSE OpenAPI 上市公司基本資料（完整母集）,冻结 2026-08-28 TWSE+TPEx（不含兴柜）L2 机械母集,-,human-gate://2026-08-28/H1/issuer:TW:6944,https://openapi.twse.com.tw/v1/opendata/t187ap03_L,2026-08-28,user,2026-08-28,已裁决,l2:TWSE:6944,H1 人闸批准；仅在本行 product_scope 内有效。
h1-include-0948,manual_include,include,issuer,issuer:TW:6947,issuer:TW:6947,-,-,-,台鎔科技,L2,TWSE OpenAPI 上市公司基本資料（完整母集）,冻结 2026-08-28 TWSE+TPEx（不含兴柜）L2 机械母集,-,human-gate://2026-08-28/H1/issuer:TW:6947,https://openapi.twse.com.tw/v1/opendata/t187ap03_L,2026-08-28,user,2026-08-28,已裁决,l2:TWSE:6947,H1 人闸批准；仅在本行 product_scope 内有效。
h1-include-0949,manual_include,include,issuer,issuer:TW:6949,issuer:TW:6949,-,-,-,沛爾生醫-創,L2,TWSE OpenAPI 上市公司基本資料（完整母集）,冻结 2026-08-28 TWSE+TPEx（不含兴柜）L2 机械母集,-,human-gate://2026-08-28/H1/issuer:TW:6949,https://openapi.twse.com.tw/v1/opendata/t187ap03_L,2026-08-28,user,2026-08-28,已裁决,l2:TWSE:6949,H1 人闸批准；仅在本行 product_scope 内有效。
h1-include-0950,manual_include,include,issuer,issuer:TW:6951,issuer:TW:6951,-,-,-,青新-創,L2,TWSE OpenAPI 上市公司基本資料（完整母集）,冻结 2026-08-28 TWSE+TPEx（不含兴柜）L2 机械母集,-,human-gate://2026-08-28/H1/issuer:TW:6951,https://openapi.twse.com.tw/v1/opendata/t187ap03_L,2026-08-28,user,2026-08-28,已裁决,l2:TWSE:6951,H1 人闸批准；仅在本行 product_scope 内有效。
h1-include-0951,manual_include,include,issuer,issuer:TW:6952,issuer:TW:6952,-,-,-,大武山,L2,TWSE OpenAPI 上市公司基本資料（完整母集）,冻结 2026-08-28 TWSE+TPEx（不含兴柜）L2 机械母集,-,human-gate://2026-08-28/H1/issuer:TW:6952,https://openapi.twse.com.tw/v1/opendata/t187ap03_L,2026-08-28,user,2026-08-28,已裁决,l2:TWSE:6952,H1 人闸批准；仅在本行 product_scope 内有效。
h1-include-0952,manual_include,include,issuer,issuer:TW:6955,issuer:TW:6955,-,-,-,邦睿生技-創,L2,TWSE OpenAPI 上市公司基本資料（完整母集）,冻结 2026-08-28 TWSE+TPEx（不含兴柜）L2 机械母集,-,human-gate://2026-08-28/H1/issuer:TW:6955,https://openapi.twse.com.tw/v1/opendata/t187ap03_L,2026-08-28,user,2026-08-28,已裁决,l2:TWSE:6955,H1 人闸批准；仅在本行 product_scope 内有效。
h1-include-0953,manual_include,include,issuer,issuer:TW:6957,issuer:TW:6957,-,-,-,裕慶-KY,L2,TWSE OpenAPI 上市公司基本資料（完整母集）,冻结 2026-08-28 TWSE+TPEx（不含兴柜）L2 机械母集,-,human-gate://2026-08-28/H1/issuer:TW:6957,https://openapi.twse.com.tw/v1/opendata/t187ap03_L,2026-08-28,user,2026-08-28,已裁决,l2:TWSE:6957,H1 人闸批准；仅在本行 product_scope 内有效。
h1-include-0954,manual_include,include,issuer,issuer:TW:6958,issuer:TW:6958,-,-,-,日盛台駿,L2,TWSE OpenAPI 上市公司基本資料（完整母集）,冻结 2026-08-28 TWSE+TPEx（不含兴柜）L2 机械母集,-,human-gate://2026-08-28/H1/issuer:TW:6958,https://openapi.twse.com.tw/v1/opendata/t187ap03_L,2026-08-28,user,2026-08-28,已裁决,l2:TWSE:6958,H1 人闸批准；仅在本行 product_scope 内有效。
h1-include-0955,manual_include,include,issuer,issuer:TW:6962,issuer:TW:6962,-,-,-,奕力-KY,L2,TWSE OpenAPI 上市公司基本資料（完整母集）,冻结 2026-08-28 TWSE+TPEx（不含兴柜）L2 机械母集,-,human-gate://2026-08-28/H1/issuer:TW:6962,https://openapi.twse.com.tw/v1/opendata/t187ap03_L,2026-08-28,user,2026-08-28,已裁决,l2:TWSE:6962,H1 人闸批准；仅在本行 product_scope 内有效。
h1-include-0956,manual_include,include,issuer,issuer:TW:6965,issuer:TW:6965,-,-,-,中傑-KY,L2,TWSE OpenAPI 上市公司基本資料（完整母集）,冻结 2026-08-28 TWSE+TPEx（不含兴柜）L2 机械母集,-,human-gate://2026-08-28/H1/issuer:TW:6965,https://openapi.twse.com.tw/v1/opendata/t187ap03_L,2026-08-28,user,2026-08-28,已裁决,l2:TWSE:6965,H1 人闸批准；仅在本行 product_scope 内有效。
h1-include-0957,manual_include,include,issuer,issuer:TW:6969,issuer:TW:6969,-,-,-,成信實業*-創,L2,TWSE OpenAPI 上市公司基本資料（完整母集）,冻结 2026-08-28 TWSE+TPEx（不含兴柜）L2 机械母集,-,human-gate://2026-08-28/H1/issuer:TW:6969,https://openapi.twse.com.tw/v1/opendata/t187ap03_L,2026-08-28,user,2026-08-28,已裁决,l2:TWSE:6969,H1 人闸批准；仅在本行 product_scope 内有效。
h1-include-0958,manual_include,include,issuer,issuer:TW:6988,issuer:TW:6988,-,-,-,威力暘-創,L2,TWSE OpenAPI 上市公司基本資料（完整母集）,冻结 2026-08-28 TWSE+TPEx（不含兴柜）L2 机械母集,-,human-gate://2026-08-28/H1/issuer:TW:6988,https://openapi.twse.com.tw/v1/opendata/t187ap03_L,2026-08-28,user,2026-08-28,已裁决,l2:TWSE:6988,H1 人闸批准；仅在本行 product_scope 内有效。
h1-include-0959,manual_include,include,issuer,issuer:TW:6994,issuer:TW:6994,-,-,-,富威電力,L2,TWSE OpenAPI 上市公司基本資料（完整母集）,冻结 2026-08-28 TWSE+TPEx（不含兴柜）L2 机械母集,-,human-gate://2026-08-28/H1/issuer:TW:6994,https://openapi.twse.com.tw/v1/opendata/t187ap03_L,2026-08-28,user,2026-08-28,已裁决,l2:TWSE:6994,H1 人闸批准；仅在本行 product_scope 内有效。
h1-include-0960,manual_include,include,issuer,issuer:TW:7610,issuer:TW:7610,-,-,-,聯友金屬-創,L2,TWSE OpenAPI 上市公司基本資料（完整母集）,冻结 2026-08-28 TWSE+TPEx（不含兴柜）L2 机械母集,-,human-gate://2026-08-28/H1/issuer:TW:7610,https://openapi.twse.com.tw/v1/opendata/t187ap03_L,2026-08-28,user,2026-08-28,已裁决,l2:TWSE:7610,H1 人闸批准；仅在本行 product_scope 内有效。
h1-include-0961,manual_include,include,issuer,issuer:TW:7631,issuer:TW:7631,-,-,-,聚賢研發-創,L2,TWSE OpenAPI 上市公司基本資料（完整母集）,冻结 2026-08-28 TWSE+TPEx（不含兴柜）L2 机械母集,-,human-gate://2026-08-28/H1/issuer:TW:7631,https://openapi.twse.com.tw/v1/opendata/t187ap03_L,2026-08-28,user,2026-08-28,已裁决,l2:TWSE:7631,H1 人闸批准；仅在本行 product_scope 内有效。
h1-include-0962,manual_include,include,issuer,issuer:TW:7689,issuer:TW:7689,-,-,-,大鵬科CLMX,L2,TWSE OpenAPI 上市公司基本資料（完整母集）,冻结 2026-08-28 TWSE+TPEx（不含兴柜）L2 机械母集,-,human-gate://2026-08-28/H1/issuer:TW:7689,https://openapi.twse.com.tw/v1/opendata/t187ap03_L,2026-08-28,user,2026-08-28,已裁决,l2:TWSE:7689,H1 人闸批准；仅在本行 product_scope 内有效。
h1-include-0963,manual_include,include,issuer,issuer:TW:7705,issuer:TW:7705,-,-,-,三商餐飲,L2,TWSE OpenAPI 上市公司基本資料（完整母集）,冻结 2026-08-28 TWSE+TPEx（不含兴柜）L2 机械母集,-,human-gate://2026-08-28/H1/issuer:TW:7705,https://openapi.twse.com.tw/v1/opendata/t187ap03_L,2026-08-28,user,2026-08-28,已裁决,l2:TWSE:7705,H1 人闸批准；仅在本行 product_scope 内有效。
h1-include-0964,manual_include,include,issuer,issuer:TW:7711,issuer:TW:7711,-,-,-,永擎,L2,TWSE OpenAPI 上市公司基本資料（完整母集）,冻结 2026-08-28 TWSE+TPEx（不含兴柜）L2 机械母集,-,human-gate://2026-08-28/H1/issuer:TW:7711,https://openapi.twse.com.tw/v1/opendata/t187ap03_L,2026-08-28,user,2026-08-28,已裁决,l2:TWSE:7711,H1 人闸批准；仅在本行 product_scope 内有效。
h1-include-0965,manual_include,include,issuer,issuer:TW:7721,issuer:TW:7721,-,-,-,微程式,L2,TWSE OpenAPI 上市公司基本資料（完整母集）,冻结 2026-08-28 TWSE+TPEx（不含兴柜）L2 机械母集,-,human-gate://2026-08-28/H1/issuer:TW:7721,https://openapi.twse.com.tw/v1/opendata/t187ap03_L,2026-08-28,user,2026-08-28,已裁决,l2:TWSE:7721,H1 人闸批准；仅在本行 product_scope 内有效。
h1-include-0966,manual_include,include,issuer,issuer:TW:7722,issuer:TW:7722,-,-,-,LINEPAY,L2,TWSE OpenAPI 上市公司基本資料（完整母集）,冻结 2026-08-28 TWSE+TPEx（不含兴柜）L2 机械母集,-,human-gate://2026-08-28/H1/issuer:TW:7722,https://openapi.twse.com.tw/v1/opendata/t187ap03_L,2026-08-28,user,2026-08-28,已裁决,l2:TWSE:7722,H1 人闸批准；仅在本行 product_scope 内有效。
h1-include-0967,manual_include,include,issuer,issuer:TW:7730,issuer:TW:7730,-,-,-,暉盛-創,L2,TWSE OpenAPI 上市公司基本資料（完整母集）,冻结 2026-08-28 TWSE+TPEx（不含兴柜）L2 机械母集,-,human-gate://2026-08-28/H1/issuer:TW:7730,https://openapi.twse.com.tw/v1/opendata/t187ap03_L,2026-08-28,user,2026-08-28,已裁决,l2:TWSE:7730,H1 人闸批准；仅在本行 product_scope 内有效。
h1-include-0968,manual_include,include,issuer,issuer:TW:7732,issuer:TW:7732,-,-,-,金興精密,L2,TWSE OpenAPI 上市公司基本資料（完整母集）,冻结 2026-08-28 TWSE+TPEx（不含兴柜）L2 机械母集,-,human-gate://2026-08-28/H1/issuer:TW:7732,https://openapi.twse.com.tw/v1/opendata/t187ap03_L,2026-08-28,user,2026-08-28,已裁决,l2:TWSE:7732,H1 人闸批准；仅在本行 product_scope 内有效。
h1-include-0969,manual_include,include,issuer,issuer:TW:7736,issuer:TW:7736,-,-,-,虎山,L2,TWSE OpenAPI 上市公司基本資料（完整母集）,冻结 2026-08-28 TWSE+TPEx（不含兴柜）L2 机械母集,-,human-gate://2026-08-28/H1/issuer:TW:7736,https://openapi.twse.com.tw/v1/opendata/t187ap03_L,2026-08-28,user,2026-08-28,已裁决,l2:TWSE:7736,H1 人闸批准；仅在本行 product_scope 内有效。
h1-include-0970,manual_include,include,issuer,issuer:TW:7740,issuer:TW:7740,-,-,-,熙特爾-創,L2,TWSE OpenAPI 上市公司基本資料（完整母集）,冻结 2026-08-28 TWSE+TPEx（不含兴柜）L2 机械母集,-,human-gate://2026-08-28/H1/issuer:TW:7740,https://openapi.twse.com.tw/v1/opendata/t187ap03_L,2026-08-28,user,2026-08-28,已裁决,l2:TWSE:7740,H1 人闸批准；仅在本行 product_scope 内有效。
h1-include-0971,manual_include,include,issuer,issuer:TW:7749,issuer:TW:7749,-,-,-,意騰-KY,L2,TWSE OpenAPI 上市公司基本資料（完整母集）,冻结 2026-08-28 TWSE+TPEx（不含兴柜）L2 机械母集,-,human-gate://2026-08-28/H1/issuer:TW:7749,https://openapi.twse.com.tw/v1/opendata/t187ap03_L,2026-08-28,user,2026-08-28,已裁决,l2:TWSE:7749,H1 人闸批准；仅在本行 product_scope 内有效。
h1-include-0972,manual_include,include,issuer,issuer:TW:7750,issuer:TW:7750,-,-,-,新代,L2,TWSE OpenAPI 上市公司基本資料（完整母集）,冻结 2026-08-28 TWSE+TPEx（不含兴柜）L2 机械母集,-,human-gate://2026-08-28/H1/issuer:TW:7750,https://openapi.twse.com.tw/v1/opendata/t187ap03_L,2026-08-28,user,2026-08-28,已裁决,l2:TWSE:7750,H1 人闸批准；仅在本行 product_scope 内有效。
h1-include-0973,manual_include,include,issuer,issuer:TW:7760,issuer:TW:7760,-,-,-,享溫馨,L2,TWSE OpenAPI 上市公司基本資料（完整母集）,冻结 2026-08-28 TWSE+TPEx（不含兴柜）L2 机械母集,-,human-gate://2026-08-28/H1/issuer:TW:7760,https://openapi.twse.com.tw/v1/opendata/t187ap03_L,2026-08-28,user,2026-08-28,已裁决,l2:TWSE:7760,H1 人闸批准；仅在本行 product_scope 内有效。
h1-include-0974,manual_include,include,issuer,issuer:TW:7765,issuer:TW:7765,-,-,-,中華資安,L2,TWSE OpenAPI 上市公司基本資料（完整母集）,冻结 2026-08-28 TWSE+TPEx（不含兴柜）L2 机械母集,-,human-gate://2026-08-28/H1/issuer:TW:7765,https://openapi.twse.com.tw/v1/opendata/t187ap03_L,2026-08-28,user,2026-08-28,已裁决,l2:TWSE:7765,H1 人闸批准；仅在本行 product_scope 内有效。
h1-include-0975,manual_include,include,issuer,issuer:TW:7768,issuer:TW:7768,-,-,-,頌勝科技,L2,TWSE OpenAPI 上市公司基本資料（完整母集）,冻结 2026-08-28 TWSE+TPEx（不含兴柜）L2 机械母集,-,human-gate://2026-08-28/H1/issuer:TW:7768,https://openapi.twse.com.tw/v1/opendata/t187ap03_L,2026-08-28,user,2026-08-28,已裁决,l2:TWSE:7768,H1 人闸批准；仅在本行 product_scope 内有效。
h1-include-0976,manual_include,include,issuer,issuer:TW:7769,issuer:TW:7769,-,-,-,鴻勁,L2,TWSE OpenAPI 上市公司基本資料（完整母集）,冻结 2026-08-28 TWSE+TPEx（不含兴柜）L2 机械母集,-,human-gate://2026-08-28/H1/issuer:TW:7769,https://openapi.twse.com.tw/v1/opendata/t187ap03_L,2026-08-28,user,2026-08-28,已裁决,l2:TWSE:7769,H1 人闸批准；仅在本行 product_scope 内有效。
h1-include-0977,manual_include,include,issuer,issuer:TW:7780,issuer:TW:7780,-,-,-,大研生醫*,L2,TWSE OpenAPI 上市公司基本資料（完整母集）,冻结 2026-08-28 TWSE+TPEx（不含兴柜）L2 机械母集,-,human-gate://2026-08-28/H1/issuer:TW:7780,https://openapi.twse.com.tw/v1/opendata/t187ap03_L,2026-08-28,user,2026-08-28,已裁决,l2:TWSE:7780,H1 人闸批准；仅在本行 product_scope 内有效。
h1-include-0978,manual_include,include,issuer,issuer:TW:7786,issuer:TW:7786,-,-,-,東方風能,L2,TWSE OpenAPI 上市公司基本資料（完整母集）,冻结 2026-08-28 TWSE+TPEx（不含兴柜）L2 机械母集,-,human-gate://2026-08-28/H1/issuer:TW:7786,https://openapi.twse.com.tw/v1/opendata/t187ap03_L,2026-08-28,user,2026-08-28,已裁决,l2:TWSE:7786,H1 人闸批准；仅在本行 product_scope 内有效。
h1-include-0979,manual_include,include,issuer,issuer:TW:7788,issuer:TW:7788,-,-,-,松川精密,L2,TWSE OpenAPI 上市公司基本資料（完整母集）,冻结 2026-08-28 TWSE+TPEx（不含兴柜）L2 机械母集,-,human-gate://2026-08-28/H1/issuer:TW:7788,https://openapi.twse.com.tw/v1/opendata/t187ap03_L,2026-08-28,user,2026-08-28,已裁决,l2:TWSE:7788,H1 人闸批准；仅在本行 product_scope 内有效。
h1-include-0980,manual_include,include,issuer,issuer:TW:7791,issuer:TW:7791,-,-,-,皇家可口,L2,TWSE OpenAPI 上市公司基本資料（完整母集）,冻结 2026-08-28 TWSE+TPEx（不含兴柜）L2 机械母集,-,human-gate://2026-08-28/H1/issuer:TW:7791,https://openapi.twse.com.tw/v1/opendata/t187ap03_L,2026-08-28,user,2026-08-28,已裁决,l2:TWSE:7791,H1 人闸批准；仅在本行 product_scope 内有效。
h1-include-0981,manual_include,include,issuer,issuer:TW:7795,issuer:TW:7795,-,-,-,長廣,L2,TWSE OpenAPI 上市公司基本資料（完整母集）,冻结 2026-08-28 TWSE+TPEx（不含兴柜）L2 机械母集,-,human-gate://2026-08-28/H1/issuer:TW:7795,https://openapi.twse.com.tw/v1/opendata/t187ap03_L,2026-08-28,user,2026-08-28,已裁决,l2:TWSE:7795,H1 人闸批准；仅在本行 product_scope 内有效。
h1-include-0982,manual_include,include,issuer,issuer:TW:7799,issuer:TW:7799,-,-,-,禾榮科,L2,TWSE OpenAPI 上市公司基本資料（完整母集）,冻结 2026-08-28 TWSE+TPEx（不含兴柜）L2 机械母集,-,human-gate://2026-08-28/H1/issuer:TW:7799,https://openapi.twse.com.tw/v1/opendata/t187ap03_L,2026-08-28,user,2026-08-28,已裁决,l2:TWSE:7799,H1 人闸批准；仅在本行 product_scope 内有效。
h1-include-0983,manual_include,include,issuer,issuer:TW:7803,issuer:TW:7803,-,-,-,雲象科技-創,L2,TWSE OpenAPI 上市公司基本資料（完整母集）,冻结 2026-08-28 TWSE+TPEx（不含兴柜）L2 机械母集,-,human-gate://2026-08-28/H1/issuer:TW:7803,https://openapi.twse.com.tw/v1/opendata/t187ap03_L,2026-08-28,user,2026-08-28,已裁决,l2:TWSE:7803,H1 人闸批准；仅在本行 product_scope 内有效。
h1-include-0984,manual_include,include,issuer,issuer:TW:7818,issuer:TW:7818,-,-,-,溢泰實業,L2,TWSE OpenAPI 上市公司基本資料（完整母集）,冻结 2026-08-28 TWSE+TPEx（不含兴柜）L2 机械母集,-,human-gate://2026-08-28/H1/issuer:TW:7818,https://openapi.twse.com.tw/v1/opendata/t187ap03_L,2026-08-28,user,2026-08-28,已裁决,l2:TWSE:7818,H1 人闸批准；仅在本行 product_scope 内有效。
h1-include-0985,manual_include,include,issuer,issuer:TW:7821,issuer:TW:7821,-,-,-,神數,L2,TWSE OpenAPI 上市公司基本資料（完整母集）,冻结 2026-08-28 TWSE+TPEx（不含兴柜）L2 机械母集,-,human-gate://2026-08-28/H1/issuer:TW:7821,https://openapi.twse.com.tw/v1/opendata/t187ap03_L,2026-08-28,user,2026-08-28,已裁决,l2:TWSE:7821,H1 人闸批准；仅在本行 product_scope 内有效。
h1-include-0986,manual_include,include,issuer,issuer:TW:7822,issuer:TW:7822,-,-,-,倍利科,L2,TWSE OpenAPI 上市公司基本資料（完整母集）,冻结 2026-08-28 TWSE+TPEx（不含兴柜）L2 机械母集,-,human-gate://2026-08-28/H1/issuer:TW:7822,https://openapi.twse.com.tw/v1/opendata/t187ap03_L,2026-08-28,user,2026-08-28,已裁决,l2:TWSE:7822,H1 人闸批准；仅在本行 product_scope 内有效。
h1-include-0987,manual_include,include,issuer,issuer:TW:7823,issuer:TW:7823,-,-,-,奧義賽博-KY創,L2,TWSE OpenAPI 上市公司基本資料（完整母集）,冻结 2026-08-28 TWSE+TPEx（不含兴柜）L2 机械母集,-,human-gate://2026-08-28/H1/issuer:TW:7823,https://openapi.twse.com.tw/v1/opendata/t187ap03_L,2026-08-28,user,2026-08-28,已裁决,l2:TWSE:7823,H1 人闸批准；仅在本行 product_scope 内有效。
h1-include-0988,manual_include,include,issuer,issuer:TW:7827,issuer:TW:7827,-,-,-,漢康-KY創,L2,TWSE OpenAPI 上市公司基本資料（完整母集）,冻结 2026-08-28 TWSE+TPEx（不含兴柜）L2 机械母集,-,human-gate://2026-08-28/H1/issuer:TW:7827,https://openapi.twse.com.tw/v1/opendata/t187ap03_L,2026-08-28,user,2026-08-28,已裁决,l2:TWSE:7827,H1 人闸批准；仅在本行 product_scope 内有效。
h1-include-0989,manual_include,include,issuer,issuer:TW:7835,issuer:TW:7835,-,-,-,永悅健康-創,L2,TWSE OpenAPI 上市公司基本資料（完整母集）,冻结 2026-08-28 TWSE+TPEx（不含兴柜）L2 机械母集,-,human-gate://2026-08-28/H1/issuer:TW:7835,https://openapi.twse.com.tw/v1/opendata/t187ap03_L,2026-08-28,user,2026-08-28,已裁决,l2:TWSE:7835,H1 人闸批准；仅在本行 product_scope 内有效。
h1-include-0990,manual_include,include,issuer,issuer:TW:7855,issuer:TW:7855,-,-,-,和運租車,L2,TWSE OpenAPI 上市公司基本資料（完整母集）,冻结 2026-08-28 TWSE+TPEx（不含兴柜）L2 机械母集,-,human-gate://2026-08-28/H1/issuer:TW:7855,https://openapi.twse.com.tw/v1/opendata/t187ap03_L,2026-08-28,user,2026-08-28,已裁决,l2:TWSE:7855,H1 人闸批准；仅在本行 product_scope 内有效。
h1-include-0991,manual_include,include,issuer,issuer:TW:8011,issuer:TW:8011,-,-,-,台通,L2,TWSE OpenAPI 上市公司基本資料（完整母集）,冻结 2026-08-28 TWSE+TPEx（不含兴柜）L2 机械母集,-,human-gate://2026-08-28/H1/issuer:TW:8011,https://openapi.twse.com.tw/v1/opendata/t187ap03_L,2026-08-28,user,2026-08-28,已裁决,l2:TWSE:8011,H1 人闸批准；仅在本行 product_scope 内有效。
h1-include-0992,manual_include,include,issuer,issuer:TW:8016,issuer:TW:8016,-,-,-,矽創,L2,TWSE OpenAPI 上市公司基本資料（完整母集）,冻结 2026-08-28 TWSE+TPEx（不含兴柜）L2 机械母集,-,human-gate://2026-08-28/H1/issuer:TW:8016,https://openapi.twse.com.tw/v1/opendata/t187ap03_L,2026-08-28,user,2026-08-28,已裁决,l2:TWSE:8016,H1 人闸批准；仅在本行 product_scope 内有效。
h1-include-0993,manual_include,include,issuer,issuer:TW:8021,issuer:TW:8021,-,-,-,尖點,L2,TWSE OpenAPI 上市公司基本資料（完整母集）,冻结 2026-08-28 TWSE+TPEx（不含兴柜）L2 机械母集,-,human-gate://2026-08-28/H1/issuer:TW:8021,https://openapi.twse.com.tw/v1/opendata/t187ap03_L,2026-08-28,user,2026-08-28,已裁决,l2:TWSE:8021,H1 人闸批准；仅在本行 product_scope 内有效。
h1-include-0994,manual_include,include,issuer,issuer:TW:8028,issuer:TW:8028,-,-,-,昇陽半導體,L2,TWSE OpenAPI 上市公司基本資料（完整母集）,冻结 2026-08-28 TWSE+TPEx（不含兴柜）L2 机械母集,-,human-gate://2026-08-28/H1/issuer:TW:8028,https://openapi.twse.com.tw/v1/opendata/t187ap03_L,2026-08-28,user,2026-08-28,已裁决,l2:TWSE:8028,H1 人闸批准；仅在本行 product_scope 内有效。
h1-include-0995,manual_include,include,issuer,issuer:TW:8033,issuer:TW:8033,-,-,-,雷虎,L2,TWSE OpenAPI 上市公司基本資料（完整母集）,冻结 2026-08-28 TWSE+TPEx（不含兴柜）L2 机械母集,-,human-gate://2026-08-28/H1/issuer:TW:8033,https://openapi.twse.com.tw/v1/opendata/t187ap03_L,2026-08-28,user,2026-08-28,已裁决,l2:TWSE:8033,H1 人闸批准；仅在本行 product_scope 内有效。
h1-include-0996,manual_include,include,issuer,issuer:TW:8039,issuer:TW:8039,-,-,-,台虹,L2,TWSE OpenAPI 上市公司基本資料（完整母集）,冻结 2026-08-28 TWSE+TPEx（不含兴柜）L2 机械母集,-,human-gate://2026-08-28/H1/issuer:TW:8039,https://openapi.twse.com.tw/v1/opendata/t187ap03_L,2026-08-28,user,2026-08-28,已裁决,l2:TWSE:8039,H1 人闸批准；仅在本行 product_scope 内有效。
h1-include-0997,manual_include,include,issuer,issuer:TW:8045,issuer:TW:8045,-,-,-,達運光電,L2,TWSE OpenAPI 上市公司基本資料（完整母集）,冻结 2026-08-28 TWSE+TPEx（不含兴柜）L2 机械母集,-,human-gate://2026-08-28/H1/issuer:TW:8045,https://openapi.twse.com.tw/v1/opendata/t187ap03_L,2026-08-28,user,2026-08-28,已裁决,l2:TWSE:8045,H1 人闸批准；仅在本行 product_scope 内有效。
h1-include-0998,manual_include,include,issuer,issuer:TW:8046,issuer:TW:8046,-,-,-,南電,L2,TWSE OpenAPI 上市公司基本資料（完整母集）,冻结 2026-08-28 TWSE+TPEx（不含兴柜）L2 机械母集,-,human-gate://2026-08-28/H1/issuer:TW:8046,https://openapi.twse.com.tw/v1/opendata/t187ap03_L,2026-08-28,user,2026-08-28,已裁决,l2:TWSE:8046,H1 人闸批准；仅在本行 product_scope 内有效。
h1-include-0999,manual_include,include,issuer,issuer:TW:8070,issuer:TW:8070,-,-,-,長華*,L2,TWSE OpenAPI 上市公司基本資料（完整母集）,冻结 2026-08-28 TWSE+TPEx（不含兴柜）L2 机械母集,-,human-gate://2026-08-28/H1/issuer:TW:8070,https://openapi.twse.com.tw/v1/opendata/t187ap03_L,2026-08-28,user,2026-08-28,已裁决,l2:TWSE:8070,H1 人闸批准；仅在本行 product_scope 内有效。
h1-include-1000,manual_include,include,issuer,issuer:TW:8072,issuer:TW:8072,-,-,-,陞泰,L2,TWSE OpenAPI 上市公司基本資料（完整母集）,冻结 2026-08-28 TWSE+TPEx（不含兴柜）L2 机械母集,-,human-gate://2026-08-28/H1/issuer:TW:8072,https://openapi.twse.com.tw/v1/opendata/t187ap03_L,2026-08-28,user,2026-08-28,已裁决,l2:TWSE:8072,H1 人闸批准；仅在本行 product_scope 内有效。
h1-include-1001,manual_include,include,issuer,issuer:TW:8081,issuer:TW:8081,-,-,-,致新,L2,TWSE OpenAPI 上市公司基本資料（完整母集）,冻结 2026-08-28 TWSE+TPEx（不含兴柜）L2 机械母集,-,human-gate://2026-08-28/H1/issuer:TW:8081,https://openapi.twse.com.tw/v1/opendata/t187ap03_L,2026-08-28,user,2026-08-28,已裁决,l2:TWSE:8081,H1 人闸批准；仅在本行 product_scope 内有效。
h1-include-1002,manual_include,include,issuer,issuer:TW:8101,issuer:TW:8101,-,-,-,華冠,L2,TWSE OpenAPI 上市公司基本資料（完整母集）,冻结 2026-08-28 TWSE+TPEx（不含兴柜）L2 机械母集,-,human-gate://2026-08-28/H1/issuer:TW:8101,https://openapi.twse.com.tw/v1/opendata/t187ap03_L,2026-08-28,user,2026-08-28,已裁决,l2:TWSE:8101,H1 人闸批准；仅在本行 product_scope 内有效。
h1-include-1003,manual_include,include,issuer,issuer:TW:8103,issuer:TW:8103,-,-,-,瀚荃,L2,TWSE OpenAPI 上市公司基本資料（完整母集）,冻结 2026-08-28 TWSE+TPEx（不含兴柜）L2 机械母集,-,human-gate://2026-08-28/H1/issuer:TW:8103,https://openapi.twse.com.tw/v1/opendata/t187ap03_L,2026-08-28,user,2026-08-28,已裁决,l2:TWSE:8103,H1 人闸批准；仅在本行 product_scope 内有效。
h1-include-1004,manual_include,include,issuer,issuer:TW:8104,issuer:TW:8104,-,-,-,錸寶,L2,TWSE OpenAPI 上市公司基本資料（完整母集）,冻结 2026-08-28 TWSE+TPEx（不含兴柜）L2 机械母集,-,human-gate://2026-08-28/H1/issuer:TW:8104,https://openapi.twse.com.tw/v1/opendata/t187ap03_L,2026-08-28,user,2026-08-28,已裁决,l2:TWSE:8104,H1 人闸批准；仅在本行 product_scope 内有效。
h1-include-1005,manual_include,include,issuer,issuer:TW:8105,issuer:TW:8105,-,-,-,凌巨,L2,TWSE OpenAPI 上市公司基本資料（完整母集）,冻结 2026-08-28 TWSE+TPEx（不含兴柜）L2 机械母集,-,human-gate://2026-08-28/H1/issuer:TW:8105,https://openapi.twse.com.tw/v1/opendata/t187ap03_L,2026-08-28,user,2026-08-28,已裁决,l2:TWSE:8105,H1 人闸批准；仅在本行 product_scope 内有效。
h1-include-1006,manual_include,include,issuer,issuer:TW:8110,issuer:TW:8110,-,-,-,華東,L2,TWSE OpenAPI 上市公司基本資料（完整母集）,冻结 2026-08-28 TWSE+TPEx（不含兴柜）L2 机械母集,-,human-gate://2026-08-28/H1/issuer:TW:8110,https://openapi.twse.com.tw/v1/opendata/t187ap03_L,2026-08-28,user,2026-08-28,已裁决,l2:TWSE:8110,H1 人闸批准；仅在本行 product_scope 内有效。
h1-include-1007,manual_include,include,issuer,issuer:TW:8112,issuer:TW:8112,-,-,-,至上,L2,TWSE OpenAPI 上市公司基本資料（完整母集）,冻结 2026-08-28 TWSE+TPEx（不含兴柜）L2 机械母集,-,human-gate://2026-08-28/H1/issuer:TW:8112,https://openapi.twse.com.tw/v1/opendata/t187ap03_L,2026-08-28,user,2026-08-28,已裁决,l2:TWSE:8112,H1 人闸批准；仅在本行 product_scope 内有效。
h1-include-1008,manual_include,include,issuer,issuer:TW:8114,issuer:TW:8114,-,-,-,振樺電,L2,TWSE OpenAPI 上市公司基本資料（完整母集）,冻结 2026-08-28 TWSE+TPEx（不含兴柜）L2 机械母集,-,human-gate://2026-08-28/H1/issuer:TW:8114,https://openapi.twse.com.tw/v1/opendata/t187ap03_L,2026-08-28,user,2026-08-28,已裁决,l2:TWSE:8114,H1 人闸批准；仅在本行 product_scope 内有效。
h1-include-1009,manual_include,include,issuer,issuer:TW:8131,issuer:TW:8131,-,-,-,福懋科,L2,TWSE OpenAPI 上市公司基本資料（完整母集）,冻结 2026-08-28 TWSE+TPEx（不含兴柜）L2 机械母集,-,human-gate://2026-08-28/H1/issuer:TW:8131,https://openapi.twse.com.tw/v1/opendata/t187ap03_L,2026-08-28,user,2026-08-28,已裁决,l2:TWSE:8131,H1 人闸批准；仅在本行 product_scope 内有效。
h1-include-1010,manual_include,include,issuer,issuer:TW:8150,issuer:TW:8150,-,-,-,南茂,L2,TWSE OpenAPI 上市公司基本資料（完整母集）,冻结 2026-08-28 TWSE+TPEx（不含兴柜）L2 机械母集,-,human-gate://2026-08-28/H1/issuer:TW:8150,https://openapi.twse.com.tw/v1/opendata/t187ap03_L,2026-08-28,user,2026-08-28,已裁决,l2:TWSE:8150,H1 人闸批准；仅在本行 product_scope 内有效。
h1-include-1011,manual_include,include,issuer,issuer:TW:8162,issuer:TW:8162,-,-,-,微矽電子-創,L2,TWSE OpenAPI 上市公司基本資料（完整母集）,冻结 2026-08-28 TWSE+TPEx（不含兴柜）L2 机械母集,-,human-gate://2026-08-28/H1/issuer:TW:8162,https://openapi.twse.com.tw/v1/opendata/t187ap03_L,2026-08-28,user,2026-08-28,已裁决,l2:TWSE:8162,H1 人闸批准；仅在本行 product_scope 内有效。
h1-include-1012,manual_include,include,issuer,issuer:TW:8163,issuer:TW:8163,-,-,-,達方,L2,TWSE OpenAPI 上市公司基本資料（完整母集）,冻结 2026-08-28 TWSE+TPEx（不含兴柜）L2 机械母集,-,human-gate://2026-08-28/H1/issuer:TW:8163,https://openapi.twse.com.tw/v1/opendata/t187ap03_L,2026-08-28,user,2026-08-28,已裁决,l2:TWSE:8163,H1 人闸批准；仅在本行 product_scope 内有效。
h1-include-1013,manual_include,include,issuer,issuer:TW:8201,issuer:TW:8201,-,-,-,無敵,L2,TWSE OpenAPI 上市公司基本資料（完整母集）,冻结 2026-08-28 TWSE+TPEx（不含兴柜）L2 机械母集,-,human-gate://2026-08-28/H1/issuer:TW:8201,https://openapi.twse.com.tw/v1/opendata/t187ap03_L,2026-08-28,user,2026-08-28,已裁决,l2:TWSE:8201,H1 人闸批准；仅在本行 product_scope 内有效。
h1-include-1014,manual_include,include,issuer,issuer:TW:8210,issuer:TW:8210,-,-,-,勤誠,L2,TWSE OpenAPI 上市公司基本資料（完整母集）,冻结 2026-08-28 TWSE+TPEx（不含兴柜）L2 机械母集,-,human-gate://2026-08-28/H1/issuer:TW:8210,https://openapi.twse.com.tw/v1/opendata/t187ap03_L,2026-08-28,user,2026-08-28,已裁决,l2:TWSE:8210,H1 人闸批准；仅在本行 product_scope 内有效。
h1-include-1015,manual_include,include,issuer,issuer:TW:8213,issuer:TW:8213,-,-,-,志超,L2,TWSE OpenAPI 上市公司基本資料（完整母集）,冻结 2026-08-28 TWSE+TPEx（不含兴柜）L2 机械母集,-,human-gate://2026-08-28/H1/issuer:TW:8213,https://openapi.twse.com.tw/v1/opendata/t187ap03_L,2026-08-28,user,2026-08-28,已裁决,l2:TWSE:8213,H1 人闸批准；仅在本行 product_scope 内有效。
h1-include-1016,manual_include,include,issuer,issuer:TW:8215,issuer:TW:8215,-,-,-,明基材,L2,TWSE OpenAPI 上市公司基本資料（完整母集）,冻结 2026-08-28 TWSE+TPEx（不含兴柜）L2 机械母集,-,human-gate://2026-08-28/H1/issuer:TW:8215,https://openapi.twse.com.tw/v1/opendata/t187ap03_L,2026-08-28,user,2026-08-28,已裁决,l2:TWSE:8215,H1 人闸批准；仅在本行 product_scope 内有效。
h1-include-1017,manual_include,include,issuer,issuer:TW:8222,issuer:TW:8222,-,-,-,寶一,L2,TWSE OpenAPI 上市公司基本資料（完整母集）,冻结 2026-08-28 TWSE+TPEx（不含兴柜）L2 机械母集,-,human-gate://2026-08-28/H1/issuer:TW:8222,https://openapi.twse.com.tw/v1/opendata/t187ap03_L,2026-08-28,user,2026-08-28,已裁决,l2:TWSE:8222,H1 人闸批准；仅在本行 product_scope 内有效。
h1-include-1018,manual_include,include,issuer,issuer:TW:8249,issuer:TW:8249,-,-,-,菱光,L2,TWSE OpenAPI 上市公司基本資料（完整母集）,冻结 2026-08-28 TWSE+TPEx（不含兴柜）L2 机械母集,-,human-gate://2026-08-28/H1/issuer:TW:8249,https://openapi.twse.com.tw/v1/opendata/t187ap03_L,2026-08-28,user,2026-08-28,已裁决,l2:TWSE:8249,H1 人闸批准；仅在本行 product_scope 内有效。
h1-include-1019,manual_include,include,issuer,issuer:TW:8261,issuer:TW:8261,-,-,-,富鼎,L2,TWSE OpenAPI 上市公司基本資料（完整母集）,冻结 2026-08-28 TWSE+TPEx（不含兴柜）L2 机械母集,-,human-gate://2026-08-28/H1/issuer:TW:8261,https://openapi.twse.com.tw/v1/opendata/t187ap03_L,2026-08-28,user,2026-08-28,已裁决,l2:TWSE:8261,H1 人闸批准；仅在本行 product_scope 内有效。
h1-include-1020,manual_include,include,issuer,issuer:TW:8271,issuer:TW:8271,-,-,-,宇瞻,L2,TWSE OpenAPI 上市公司基本資料（完整母集）,冻结 2026-08-28 TWSE+TPEx（不含兴柜）L2 机械母集,-,human-gate://2026-08-28/H1/issuer:TW:8271,https://openapi.twse.com.tw/v1/opendata/t187ap03_L,2026-08-28,user,2026-08-28,已裁决,l2:TWSE:8271,H1 人闸批准；仅在本行 product_scope 内有效。
h1-include-1021,manual_include,include,issuer,issuer:TW:8341,issuer:TW:8341,-,-,-,日友,L2,TWSE OpenAPI 上市公司基本資料（完整母集）,冻结 2026-08-28 TWSE+TPEx（不含兴柜）L2 机械母集,-,human-gate://2026-08-28/H1/issuer:TW:8341,https://openapi.twse.com.tw/v1/opendata/t187ap03_L,2026-08-28,user,2026-08-28,已裁决,l2:TWSE:8341,H1 人闸批准；仅在本行 product_scope 内有效。
h1-include-1022,manual_include,include,issuer,issuer:TW:8367,issuer:TW:8367,-,-,-,建新國際,L2,TWSE OpenAPI 上市公司基本資料（完整母集）,冻结 2026-08-28 TWSE+TPEx（不含兴柜）L2 机械母集,-,human-gate://2026-08-28/H1/issuer:TW:8367,https://openapi.twse.com.tw/v1/opendata/t187ap03_L,2026-08-28,user,2026-08-28,已裁决,l2:TWSE:8367,H1 人闸批准；仅在本行 product_scope 内有效。
h1-include-1023,manual_include,include,issuer,issuer:TW:8374,issuer:TW:8374,-,-,-,羅昇,L2,TWSE OpenAPI 上市公司基本資料（完整母集）,冻结 2026-08-28 TWSE+TPEx（不含兴柜）L2 机械母集,-,human-gate://2026-08-28/H1/issuer:TW:8374,https://openapi.twse.com.tw/v1/opendata/t187ap03_L,2026-08-28,user,2026-08-28,已裁决,l2:TWSE:8374,H1 人闸批准；仅在本行 product_scope 内有效。
h1-include-1024,manual_include,include,issuer,issuer:TW:8404,issuer:TW:8404,-,-,-,百和興業-KY,L2,TWSE OpenAPI 上市公司基本資料（完整母集）,冻结 2026-08-28 TWSE+TPEx（不含兴柜）L2 机械母集,-,human-gate://2026-08-28/H1/issuer:TW:8404,https://openapi.twse.com.tw/v1/opendata/t187ap03_L,2026-08-28,user,2026-08-28,已裁决,l2:TWSE:8404,H1 人闸批准；仅在本行 product_scope 内有效。
h1-include-1025,manual_include,include,issuer,issuer:TW:8411,issuer:TW:8411,-,-,-,福貞-KY,L2,TWSE OpenAPI 上市公司基本資料（完整母集）,冻结 2026-08-28 TWSE+TPEx（不含兴柜）L2 机械母集,-,human-gate://2026-08-28/H1/issuer:TW:8411,https://openapi.twse.com.tw/v1/opendata/t187ap03_L,2026-08-28,user,2026-08-28,已裁决,l2:TWSE:8411,H1 人闸批准；仅在本行 product_scope 内有效。
h1-include-1026,manual_include,include,issuer,issuer:TW:8422,issuer:TW:8422,-,-,-,可寧衛*,L2,TWSE OpenAPI 上市公司基本資料（完整母集）,冻结 2026-08-28 TWSE+TPEx（不含兴柜）L2 机械母集,-,human-gate://2026-08-28/H1/issuer:TW:8422,https://openapi.twse.com.tw/v1/opendata/t187ap03_L,2026-08-28,user,2026-08-28,已裁决,l2:TWSE:8422,H1 人闸批准；仅在本行 product_scope 内有效。
h1-include-1027,manual_include,include,issuer,issuer:TW:8429,issuer:TW:8429,-,-,-,金麗-KY,L2,TWSE OpenAPI 上市公司基本資料（完整母集）,冻结 2026-08-28 TWSE+TPEx（不含兴柜）L2 机械母集,-,human-gate://2026-08-28/H1/issuer:TW:8429,https://openapi.twse.com.tw/v1/opendata/t187ap03_L,2026-08-28,user,2026-08-28,已裁决,l2:TWSE:8429,H1 人闸批准；仅在本行 product_scope 内有效。
h1-include-1028,manual_include,include,issuer,issuer:TW:8438,issuer:TW:8438,-,-,-,昶昕,L2,TWSE OpenAPI 上市公司基本資料（完整母集）,冻结 2026-08-28 TWSE+TPEx（不含兴柜）L2 机械母集,-,human-gate://2026-08-28/H1/issuer:TW:8438,https://openapi.twse.com.tw/v1/opendata/t187ap03_L,2026-08-28,user,2026-08-28,已裁决,l2:TWSE:8438,H1 人闸批准；仅在本行 product_scope 内有效。
h1-include-1029,manual_include,include,issuer,issuer:TW:8442,issuer:TW:8442,-,-,-,威宏-KY,L2,TWSE OpenAPI 上市公司基本資料（完整母集）,冻结 2026-08-28 TWSE+TPEx（不含兴柜）L2 机械母集,-,human-gate://2026-08-28/H1/issuer:TW:8442,https://openapi.twse.com.tw/v1/opendata/t187ap03_L,2026-08-28,user,2026-08-28,已裁决,l2:TWSE:8442,H1 人闸批准；仅在本行 product_scope 内有效。
h1-include-1030,manual_include,include,issuer,issuer:TW:8443,issuer:TW:8443,-,-,-,阿瘦,L2,TWSE OpenAPI 上市公司基本資料（完整母集）,冻结 2026-08-28 TWSE+TPEx（不含兴柜）L2 机械母集,-,human-gate://2026-08-28/H1/issuer:TW:8443,https://openapi.twse.com.tw/v1/opendata/t187ap03_L,2026-08-28,user,2026-08-28,已裁决,l2:TWSE:8443,H1 人闸批准；仅在本行 product_scope 内有效。
h1-include-1031,manual_include,include,issuer,issuer:TW:8454,issuer:TW:8454,-,-,-,富邦媒,L2,TWSE OpenAPI 上市公司基本資料（完整母集）,冻结 2026-08-28 TWSE+TPEx（不含兴柜）L2 机械母集,-,human-gate://2026-08-28/H1/issuer:TW:8454,https://openapi.twse.com.tw/v1/opendata/t187ap03_L,2026-08-28,user,2026-08-28,已裁决,l2:TWSE:8454,H1 人闸批准；仅在本行 product_scope 内有效。
h1-include-1032,manual_include,include,issuer,issuer:TW:8462,issuer:TW:8462,-,-,-,柏文,L2,TWSE OpenAPI 上市公司基本資料（完整母集）,冻结 2026-08-28 TWSE+TPEx（不含兴柜）L2 机械母集,-,human-gate://2026-08-28/H1/issuer:TW:8462,https://openapi.twse.com.tw/v1/opendata/t187ap03_L,2026-08-28,user,2026-08-28,已裁决,l2:TWSE:8462,H1 人闸批准；仅在本行 product_scope 内有效。
h1-include-1033,manual_include,include,issuer,issuer:TW:8463,issuer:TW:8463,-,-,-,潤泰材,L2,TWSE OpenAPI 上市公司基本資料（完整母集）,冻结 2026-08-28 TWSE+TPEx（不含兴柜）L2 机械母集,-,human-gate://2026-08-28/H1/issuer:TW:8463,https://openapi.twse.com.tw/v1/opendata/t187ap03_L,2026-08-28,user,2026-08-28,已裁决,l2:TWSE:8463,H1 人闸批准；仅在本行 product_scope 内有效。
h1-include-1034,manual_include,include,issuer,issuer:TW:8464,issuer:TW:8464,-,-,-,億豐,L2,TWSE OpenAPI 上市公司基本資料（完整母集）,冻结 2026-08-28 TWSE+TPEx（不含兴柜）L2 机械母集,-,human-gate://2026-08-28/H1/issuer:TW:8464,https://openapi.twse.com.tw/v1/opendata/t187ap03_L,2026-08-28,user,2026-08-28,已裁决,l2:TWSE:8464,H1 人闸批准；仅在本行 product_scope 内有效。
h1-include-1035,manual_include,include,issuer,issuer:TW:8466,issuer:TW:8466,-,-,-,美吉吉-KY,L2,TWSE OpenAPI 上市公司基本資料（完整母集）,冻结 2026-08-28 TWSE+TPEx（不含兴柜）L2 机械母集,-,human-gate://2026-08-28/H1/issuer:TW:8466,https://openapi.twse.com.tw/v1/opendata/t187ap03_L,2026-08-28,user,2026-08-28,已裁决,l2:TWSE:8466,H1 人闸批准；仅在本行 product_scope 内有效。
h1-include-1036,manual_include,include,issuer,issuer:TW:8467,issuer:TW:8467,-,-,-,波力-KY,L2,TWSE OpenAPI 上市公司基本資料（完整母集）,冻结 2026-08-28 TWSE+TPEx（不含兴柜）L2 机械母集,-,human-gate://2026-08-28/H1/issuer:TW:8467,https://openapi.twse.com.tw/v1/opendata/t187ap03_L,2026-08-28,user,2026-08-28,已裁决,l2:TWSE:8467,H1 人闸批准；仅在本行 product_scope 内有效。
h1-include-1037,manual_include,include,issuer,issuer:TW:8473,issuer:TW:8473,-,-,-,山林水,L2,TWSE OpenAPI 上市公司基本資料（完整母集）,冻结 2026-08-28 TWSE+TPEx（不含兴柜）L2 机械母集,-,human-gate://2026-08-28/H1/issuer:TW:8473,https://openapi.twse.com.tw/v1/opendata/t187ap03_L,2026-08-28,user,2026-08-28,已裁决,l2:TWSE:8473,H1 人闸批准；仅在本行 product_scope 内有效。
h1-include-1038,manual_include,include,issuer,issuer:TW:8476,issuer:TW:8476,-,-,-,台境*,L2,TWSE OpenAPI 上市公司基本資料（完整母集）,冻结 2026-08-28 TWSE+TPEx（不含兴柜）L2 机械母集,-,human-gate://2026-08-28/H1/issuer:TW:8476,https://openapi.twse.com.tw/v1/opendata/t187ap03_L,2026-08-28,user,2026-08-28,已裁决,l2:TWSE:8476,H1 人闸批准；仅在本行 product_scope 内有效。
h1-include-1039,manual_include,include,issuer,issuer:TW:8478,issuer:TW:8478,-,-,-,東哥遊艇,L2,TWSE OpenAPI 上市公司基本資料（完整母集）,冻结 2026-08-28 TWSE+TPEx（不含兴柜）L2 机械母集,-,human-gate://2026-08-28/H1/issuer:TW:8478,https://openapi.twse.com.tw/v1/opendata/t187ap03_L,2026-08-28,user,2026-08-28,已裁决,l2:TWSE:8478,H1 人闸批准；仅在本行 product_scope 内有效。
h1-include-1040,manual_include,include,issuer,issuer:TW:8481,issuer:TW:8481,-,-,-,政伸,L2,TWSE OpenAPI 上市公司基本資料（完整母集）,冻结 2026-08-28 TWSE+TPEx（不含兴柜）L2 机械母集,-,human-gate://2026-08-28/H1/issuer:TW:8481,https://openapi.twse.com.tw/v1/opendata/t187ap03_L,2026-08-28,user,2026-08-28,已裁决,l2:TWSE:8481,H1 人闸批准；仅在本行 product_scope 内有效。
h1-include-1041,manual_include,include,issuer,issuer:TW:8482,issuer:TW:8482,-,-,-,商億-KY,L2,TWSE OpenAPI 上市公司基本資料（完整母集）,冻结 2026-08-28 TWSE+TPEx（不含兴柜）L2 机械母集,-,human-gate://2026-08-28/H1/issuer:TW:8482,https://openapi.twse.com.tw/v1/opendata/t187ap03_L,2026-08-28,user,2026-08-28,已裁决,l2:TWSE:8482,H1 人闸批准；仅在本行 product_scope 内有效。
h1-include-1042,manual_include,include,issuer,issuer:TW:8487,issuer:TW:8487,-,-,-,愛爾達-創,L2,TWSE OpenAPI 上市公司基本資料（完整母集）,冻结 2026-08-28 TWSE+TPEx（不含兴柜）L2 机械母集,-,human-gate://2026-08-28/H1/issuer:TW:8487,https://openapi.twse.com.tw/v1/opendata/t187ap03_L,2026-08-28,user,2026-08-28,已裁决,l2:TWSE:8487,H1 人闸批准；仅在本行 product_scope 内有效。
h1-include-1043,manual_include,include,issuer,issuer:TW:8488,issuer:TW:8488,-,-,-,吉源-KY,L2,TWSE OpenAPI 上市公司基本資料（完整母集）,冻结 2026-08-28 TWSE+TPEx（不含兴柜）L2 机械母集,-,human-gate://2026-08-28/H1/issuer:TW:8488,https://openapi.twse.com.tw/v1/opendata/t187ap03_L,2026-08-28,user,2026-08-28,已裁决,l2:TWSE:8488,H1 人闸批准；仅在本行 product_scope 内有效。
h1-include-1044,manual_include,include,issuer,issuer:TW:8499,issuer:TW:8499,-,-,-,鼎炫-KY,L2,TWSE OpenAPI 上市公司基本資料（完整母集）,冻结 2026-08-28 TWSE+TPEx（不含兴柜）L2 机械母集,-,human-gate://2026-08-28/H1/issuer:TW:8499,https://openapi.twse.com.tw/v1/opendata/t187ap03_L,2026-08-28,user,2026-08-28,已裁决,l2:TWSE:8499,H1 人闸批准；仅在本行 product_scope 内有效。
h1-include-1045,manual_include,include,issuer,issuer:TW:8926,issuer:TW:8926,-,-,-,台汽電,L2,TWSE OpenAPI 上市公司基本資料（完整母集）,冻结 2026-08-28 TWSE+TPEx（不含兴柜）L2 机械母集,-,human-gate://2026-08-28/H1/issuer:TW:8926,https://openapi.twse.com.tw/v1/opendata/t187ap03_L,2026-08-28,user,2026-08-28,已裁决,l2:TWSE:8926,H1 人闸批准；仅在本行 product_scope 内有效。
h1-include-1046,manual_include,include,issuer,issuer:TW:8940,issuer:TW:8940,-,-,-,新天地,L2,TWSE OpenAPI 上市公司基本資料（完整母集）,冻结 2026-08-28 TWSE+TPEx（不含兴柜）L2 机械母集,-,human-gate://2026-08-28/H1/issuer:TW:8940,https://openapi.twse.com.tw/v1/opendata/t187ap03_L,2026-08-28,user,2026-08-28,已裁决,l2:TWSE:8940,H1 人闸批准；仅在本行 product_scope 内有效。
h1-include-1047,manual_include,include,issuer,issuer:TW:8996,issuer:TW:8996,-,-,-,高力,L2,TWSE OpenAPI 上市公司基本資料（完整母集）,冻结 2026-08-28 TWSE+TPEx（不含兴柜）L2 机械母集,-,human-gate://2026-08-28/H1/issuer:TW:8996,https://openapi.twse.com.tw/v1/opendata/t187ap03_L,2026-08-28,user,2026-08-28,已裁决,l2:TWSE:8996,H1 人闸批准；仅在本行 product_scope 内有效。
h1-include-1048,manual_include,include,issuer,issuer:TW:9103,issuer:TW:9103,-,-,-,美德醫療-DR,L2,TWSE OpenAPI 上市公司基本資料（完整母集）,冻结 2026-08-28 TWSE+TPEx（不含兴柜）L2 机械母集,-,human-gate://2026-08-28/H1/issuer:TW:9103,https://openapi.twse.com.tw/v1/opendata/t187ap03_L,2026-08-28,user,2026-08-28,已裁决,l2:TWSE:9103,H1 人闸批准；仅在本行 product_scope 内有效。
h1-include-1049,manual_include,include,issuer,issuer:TW:910322,issuer:TW:910322,-,-,-,康師傅-DR,L2,TWSE OpenAPI 上市公司基本資料（完整母集）,冻结 2026-08-28 TWSE+TPEx（不含兴柜）L2 机械母集,-,human-gate://2026-08-28/H1/issuer:TW:910322,https://openapi.twse.com.tw/v1/opendata/t187ap03_L,2026-08-28,user,2026-08-28,已裁决,l2:TWSE:910322,H1 人闸批准；仅在本行 product_scope 内有效。
h1-include-1050,manual_include,include,issuer,issuer:TW:9105,issuer:TW:9105,-,-,-,泰金寶-DR,L2,TWSE OpenAPI 上市公司基本資料（完整母集）,冻结 2026-08-28 TWSE+TPEx（不含兴柜）L2 机械母集,-,human-gate://2026-08-28/H1/issuer:TW:9105,https://openapi.twse.com.tw/v1/opendata/t187ap03_L,2026-08-28,user,2026-08-28,已裁决,l2:TWSE:9105,H1 人闸批准；仅在本行 product_scope 内有效。
h1-include-1051,manual_include,include,issuer,issuer:TW:910861,issuer:TW:910861,-,-,-,神州-DR,L2,TWSE OpenAPI 上市公司基本資料（完整母集）,冻结 2026-08-28 TWSE+TPEx（不含兴柜）L2 机械母集,-,human-gate://2026-08-28/H1/issuer:TW:910861,https://openapi.twse.com.tw/v1/opendata/t187ap03_L,2026-08-28,user,2026-08-28,已裁决,l2:TWSE:910861,H1 人闸批准；仅在本行 product_scope 内有效。
h1-include-1052,manual_include,include,issuer,issuer:TW:9110,issuer:TW:9110,-,-,-,越南控-DR,L2,TWSE OpenAPI 上市公司基本資料（完整母集）,冻结 2026-08-28 TWSE+TPEx（不含兴柜）L2 机械母集,-,human-gate://2026-08-28/H1/issuer:TW:9110,https://openapi.twse.com.tw/v1/opendata/t187ap03_L,2026-08-28,user,2026-08-28,已裁决,l2:TWSE:9110,H1 人闸批准；仅在本行 product_scope 内有效。
h1-include-1053,manual_include,include,issuer,issuer:TW:911608,issuer:TW:911608,-,-,-,明輝-DR,L2,TWSE OpenAPI 上市公司基本資料（完整母集）,冻结 2026-08-28 TWSE+TPEx（不含兴柜）L2 机械母集,-,human-gate://2026-08-28/H1/issuer:TW:911608,https://openapi.twse.com.tw/v1/opendata/t187ap03_L,2026-08-28,user,2026-08-28,已裁决,l2:TWSE:911608,H1 人闸批准；仅在本行 product_scope 内有效。
h1-include-1054,manual_include,include,issuer,issuer:TW:911622,issuer:TW:911622,-,-,-,泰聚亨-DR,L2,TWSE OpenAPI 上市公司基本資料（完整母集）,冻结 2026-08-28 TWSE+TPEx（不含兴柜）L2 机械母集,-,human-gate://2026-08-28/H1/issuer:TW:911622,https://openapi.twse.com.tw/v1/opendata/t187ap03_L,2026-08-28,user,2026-08-28,已裁决,l2:TWSE:911622,H1 人闸批准；仅在本行 product_scope 内有效。
h1-include-1055,manual_include,include,issuer,issuer:TW:911868,issuer:TW:911868,-,-,-,同方友友-DR,L2,TWSE OpenAPI 上市公司基本資料（完整母集）,冻结 2026-08-28 TWSE+TPEx（不含兴柜）L2 机械母集,-,human-gate://2026-08-28/H1/issuer:TW:911868,https://openapi.twse.com.tw/v1/opendata/t187ap03_L,2026-08-28,user,2026-08-28,已裁决,l2:TWSE:911868,H1 人闸批准；仅在本行 product_scope 内有效。
h1-include-1056,manual_include,include,issuer,issuer:TW:912000,issuer:TW:912000,-,-,-,晨訊科-DR,L2,TWSE OpenAPI 上市公司基本資料（完整母集）,冻结 2026-08-28 TWSE+TPEx（不含兴柜）L2 机械母集,-,human-gate://2026-08-28/H1/issuer:TW:912000,https://openapi.twse.com.tw/v1/opendata/t187ap03_L,2026-08-28,user,2026-08-28,已裁决,l2:TWSE:912000,H1 人闸批准；仅在本行 product_scope 内有效。
h1-include-1057,manual_include,include,issuer,issuer:TW:9136,issuer:TW:9136,-,-,-,巨騰-DR,L2,TWSE OpenAPI 上市公司基本資料（完整母集）,冻结 2026-08-28 TWSE+TPEx（不含兴柜）L2 机械母集,-,human-gate://2026-08-28/H1/issuer:TW:9136,https://openapi.twse.com.tw/v1/opendata/t187ap03_L,2026-08-28,user,2026-08-28,已裁决,l2:TWSE:9136,H1 人闸批准；仅在本行 product_scope 内有效。
h1-include-1058,manual_include,include,issuer,issuer:TW:9802,issuer:TW:9802,-,-,-,鈺齊-KY,L2,TWSE OpenAPI 上市公司基本資料（完整母集）,冻结 2026-08-28 TWSE+TPEx（不含兴柜）L2 机械母集,-,human-gate://2026-08-28/H1/issuer:TW:9802,https://openapi.twse.com.tw/v1/opendata/t187ap03_L,2026-08-28,user,2026-08-28,已裁决,l2:TWSE:9802,H1 人闸批准；仅在本行 product_scope 内有效。
h1-include-1059,manual_include,include,issuer,issuer:TW:9902,issuer:TW:9902,-,-,-,台火,L2,TWSE OpenAPI 上市公司基本資料（完整母集）,冻结 2026-08-28 TWSE+TPEx（不含兴柜）L2 机械母集,-,human-gate://2026-08-28/H1/issuer:TW:9902,https://openapi.twse.com.tw/v1/opendata/t187ap03_L,2026-08-28,user,2026-08-28,已裁决,l2:TWSE:9902,H1 人闸批准；仅在本行 product_scope 内有效。
h1-include-1060,manual_include,include,issuer,issuer:TW:9904,issuer:TW:9904,-,-,-,寶成,L2,TWSE OpenAPI 上市公司基本資料（完整母集）,冻结 2026-08-28 TWSE+TPEx（不含兴柜）L2 机械母集,-,human-gate://2026-08-28/H1/issuer:TW:9904,https://openapi.twse.com.tw/v1/opendata/t187ap03_L,2026-08-28,user,2026-08-28,已裁决,l2:TWSE:9904,H1 人闸批准；仅在本行 product_scope 内有效。
h1-include-1061,manual_include,include,issuer,issuer:TW:9905,issuer:TW:9905,-,-,-,大華,L2,TWSE OpenAPI 上市公司基本資料（完整母集）,冻结 2026-08-28 TWSE+TPEx（不含兴柜）L2 机械母集,-,human-gate://2026-08-28/H1/issuer:TW:9905,https://openapi.twse.com.tw/v1/opendata/t187ap03_L,2026-08-28,user,2026-08-28,已裁决,l2:TWSE:9905,H1 人闸批准；仅在本行 product_scope 内有效。
h1-include-1062,manual_include,include,issuer,issuer:TW:9906,issuer:TW:9906,-,-,-,欣巴巴,L2,TWSE OpenAPI 上市公司基本資料（完整母集）,冻结 2026-08-28 TWSE+TPEx（不含兴柜）L2 机械母集,-,human-gate://2026-08-28/H1/issuer:TW:9906,https://openapi.twse.com.tw/v1/opendata/t187ap03_L,2026-08-28,user,2026-08-28,已裁决,l2:TWSE:9906,H1 人闸批准；仅在本行 product_scope 内有效。
h1-include-1063,manual_include,include,issuer,issuer:TW:9907,issuer:TW:9907,-,-,-,統一實,L2,TWSE OpenAPI 上市公司基本資料（完整母集）,冻结 2026-08-28 TWSE+TPEx（不含兴柜）L2 机械母集,-,human-gate://2026-08-28/H1/issuer:TW:9907,https://openapi.twse.com.tw/v1/opendata/t187ap03_L,2026-08-28,user,2026-08-28,已裁决,l2:TWSE:9907,H1 人闸批准；仅在本行 product_scope 内有效。
h1-include-1064,manual_include,include,issuer,issuer:TW:9908,issuer:TW:9908,-,-,-,大台北,L2,TWSE OpenAPI 上市公司基本資料（完整母集）,冻结 2026-08-28 TWSE+TPEx（不含兴柜）L2 机械母集,-,human-gate://2026-08-28/H1/issuer:TW:9908,https://openapi.twse.com.tw/v1/opendata/t187ap03_L,2026-08-28,user,2026-08-28,已裁决,l2:TWSE:9908,H1 人闸批准；仅在本行 product_scope 内有效。
h1-include-1065,manual_include,include,issuer,issuer:TW:9910,issuer:TW:9910,-,-,-,豐泰,L2,TWSE OpenAPI 上市公司基本資料（完整母集）,冻结 2026-08-28 TWSE+TPEx（不含兴柜）L2 机械母集,-,human-gate://2026-08-28/H1/issuer:TW:9910,https://openapi.twse.com.tw/v1/opendata/t187ap03_L,2026-08-28,user,2026-08-28,已裁决,l2:TWSE:9910,H1 人闸批准；仅在本行 product_scope 内有效。
h1-include-1066,manual_include,include,issuer,issuer:TW:9911,issuer:TW:9911,-,-,-,櫻花,L2,TWSE OpenAPI 上市公司基本資料（完整母集）,冻结 2026-08-28 TWSE+TPEx（不含兴柜）L2 机械母集,-,human-gate://2026-08-28/H1/issuer:TW:9911,https://openapi.twse.com.tw/v1/opendata/t187ap03_L,2026-08-28,user,2026-08-28,已裁决,l2:TWSE:9911,H1 人闸批准；仅在本行 product_scope 内有效。
h1-include-1067,manual_include,include,issuer,issuer:TW:9912,issuer:TW:9912,-,-,-,偉聯,L2,TWSE OpenAPI 上市公司基本資料（完整母集）,冻结 2026-08-28 TWSE+TPEx（不含兴柜）L2 机械母集,-,human-gate://2026-08-28/H1/issuer:TW:9912,https://openapi.twse.com.tw/v1/opendata/t187ap03_L,2026-08-28,user,2026-08-28,已裁决,l2:TWSE:9912,H1 人闸批准；仅在本行 product_scope 内有效。
h1-include-1068,manual_include,include,issuer,issuer:TW:9914,issuer:TW:9914,-,-,-,美利達,L2,TWSE OpenAPI 上市公司基本資料（完整母集）,冻结 2026-08-28 TWSE+TPEx（不含兴柜）L2 机械母集,-,human-gate://2026-08-28/H1/issuer:TW:9914,https://openapi.twse.com.tw/v1/opendata/t187ap03_L,2026-08-28,user,2026-08-28,已裁决,l2:TWSE:9914,H1 人闸批准；仅在本行 product_scope 内有效。
h1-include-1069,manual_include,include,issuer,issuer:TW:9917,issuer:TW:9917,-,-,-,中保科,L2,TWSE OpenAPI 上市公司基本資料（完整母集）,冻结 2026-08-28 TWSE+TPEx（不含兴柜）L2 机械母集,-,human-gate://2026-08-28/H1/issuer:TW:9917,https://openapi.twse.com.tw/v1/opendata/t187ap03_L,2026-08-28,user,2026-08-28,已裁决,l2:TWSE:9917,H1 人闸批准；仅在本行 product_scope 内有效。
h1-include-1070,manual_include,include,issuer,issuer:TW:9918,issuer:TW:9918,-,-,-,欣天然,L2,TWSE OpenAPI 上市公司基本資料（完整母集）,冻结 2026-08-28 TWSE+TPEx（不含兴柜）L2 机械母集,-,human-gate://2026-08-28/H1/issuer:TW:9918,https://openapi.twse.com.tw/v1/opendata/t187ap03_L,2026-08-28,user,2026-08-28,已裁决,l2:TWSE:9918,H1 人闸批准；仅在本行 product_scope 内有效。
h1-include-1071,manual_include,include,issuer,issuer:TW:9919,issuer:TW:9919,-,-,-,康那香,L2,TWSE OpenAPI 上市公司基本資料（完整母集）,冻结 2026-08-28 TWSE+TPEx（不含兴柜）L2 机械母集,-,human-gate://2026-08-28/H1/issuer:TW:9919,https://openapi.twse.com.tw/v1/opendata/t187ap03_L,2026-08-28,user,2026-08-28,已裁决,l2:TWSE:9919,H1 人闸批准；仅在本行 product_scope 内有效。
h1-include-1072,manual_include,include,issuer,issuer:TW:9921,issuer:TW:9921,-,-,-,巨大,L2,TWSE OpenAPI 上市公司基本資料（完整母集）,冻结 2026-08-28 TWSE+TPEx（不含兴柜）L2 机械母集,-,human-gate://2026-08-28/H1/issuer:TW:9921,https://openapi.twse.com.tw/v1/opendata/t187ap03_L,2026-08-28,user,2026-08-28,已裁决,l2:TWSE:9921,H1 人闸批准；仅在本行 product_scope 内有效。
h1-include-1073,manual_include,include,issuer,issuer:TW:9924,issuer:TW:9924,-,-,-,福興,L2,TWSE OpenAPI 上市公司基本資料（完整母集）,冻结 2026-08-28 TWSE+TPEx（不含兴柜）L2 机械母集,-,human-gate://2026-08-28/H1/issuer:TW:9924,https://openapi.twse.com.tw/v1/opendata/t187ap03_L,2026-08-28,user,2026-08-28,已裁决,l2:TWSE:9924,H1 人闸批准；仅在本行 product_scope 内有效。
h1-include-1074,manual_include,include,issuer,issuer:TW:9925,issuer:TW:9925,-,-,-,新保,L2,TWSE OpenAPI 上市公司基本資料（完整母集）,冻结 2026-08-28 TWSE+TPEx（不含兴柜）L2 机械母集,-,human-gate://2026-08-28/H1/issuer:TW:9925,https://openapi.twse.com.tw/v1/opendata/t187ap03_L,2026-08-28,user,2026-08-28,已裁决,l2:TWSE:9925,H1 人闸批准；仅在本行 product_scope 内有效。
h1-include-1075,manual_include,include,issuer,issuer:TW:9926,issuer:TW:9926,-,-,-,新海,L2,TWSE OpenAPI 上市公司基本資料（完整母集）,冻结 2026-08-28 TWSE+TPEx（不含兴柜）L2 机械母集,-,human-gate://2026-08-28/H1/issuer:TW:9926,https://openapi.twse.com.tw/v1/opendata/t187ap03_L,2026-08-28,user,2026-08-28,已裁决,l2:TWSE:9926,H1 人闸批准；仅在本行 product_scope 内有效。
h1-include-1076,manual_include,include,issuer,issuer:TW:9927,issuer:TW:9927,-,-,-,泰銘,L2,TWSE OpenAPI 上市公司基本資料（完整母集）,冻结 2026-08-28 TWSE+TPEx（不含兴柜）L2 机械母集,-,human-gate://2026-08-28/H1/issuer:TW:9927,https://openapi.twse.com.tw/v1/opendata/t187ap03_L,2026-08-28,user,2026-08-28,已裁决,l2:TWSE:9927,H1 人闸批准；仅在本行 product_scope 内有效。
h1-include-1077,manual_include,include,issuer,issuer:TW:9928,issuer:TW:9928,-,-,-,中視,L2,TWSE OpenAPI 上市公司基本資料（完整母集）,冻结 2026-08-28 TWSE+TPEx（不含兴柜）L2 机械母集,-,human-gate://2026-08-28/H1/issuer:TW:9928,https://openapi.twse.com.tw/v1/opendata/t187ap03_L,2026-08-28,user,2026-08-28,已裁决,l2:TWSE:9928,H1 人闸批准；仅在本行 product_scope 内有效。
h1-include-1078,manual_include,include,issuer,issuer:TW:9929,issuer:TW:9929,-,-,-,秋雨,L2,TWSE OpenAPI 上市公司基本資料（完整母集）,冻结 2026-08-28 TWSE+TPEx（不含兴柜）L2 机械母集,-,human-gate://2026-08-28/H1/issuer:TW:9929,https://openapi.twse.com.tw/v1/opendata/t187ap03_L,2026-08-28,user,2026-08-28,已裁决,l2:TWSE:9929,H1 人闸批准；仅在本行 product_scope 内有效。
h1-include-1079,manual_include,include,issuer,issuer:TW:9930,issuer:TW:9930,-,-,-,中聯資源,L2,TWSE OpenAPI 上市公司基本資料（完整母集）,冻结 2026-08-28 TWSE+TPEx（不含兴柜）L2 机械母集,-,human-gate://2026-08-28/H1/issuer:TW:9930,https://openapi.twse.com.tw/v1/opendata/t187ap03_L,2026-08-28,user,2026-08-28,已裁决,l2:TWSE:9930,H1 人闸批准；仅在本行 product_scope 内有效。
h1-include-1080,manual_include,include,issuer,issuer:TW:9931,issuer:TW:9931,-,-,-,欣高,L2,TWSE OpenAPI 上市公司基本資料（完整母集）,冻结 2026-08-28 TWSE+TPEx（不含兴柜）L2 机械母集,-,human-gate://2026-08-28/H1/issuer:TW:9931,https://openapi.twse.com.tw/v1/opendata/t187ap03_L,2026-08-28,user,2026-08-28,已裁决,l2:TWSE:9931,H1 人闸批准；仅在本行 product_scope 内有效。
h1-include-1081,manual_include,include,issuer,issuer:TW:9933,issuer:TW:9933,-,-,-,中鼎,L2,TWSE OpenAPI 上市公司基本資料（完整母集）,冻结 2026-08-28 TWSE+TPEx（不含兴柜）L2 机械母集,-,human-gate://2026-08-28/H1/issuer:TW:9933,https://openapi.twse.com.tw/v1/opendata/t187ap03_L,2026-08-28,user,2026-08-28,已裁决,l2:TWSE:9933,H1 人闸批准；仅在本行 product_scope 内有效。
h1-include-1082,manual_include,include,issuer,issuer:TW:9934,issuer:TW:9934,-,-,-,成霖,L2,TWSE OpenAPI 上市公司基本資料（完整母集）,冻结 2026-08-28 TWSE+TPEx（不含兴柜）L2 机械母集,-,human-gate://2026-08-28/H1/issuer:TW:9934,https://openapi.twse.com.tw/v1/opendata/t187ap03_L,2026-08-28,user,2026-08-28,已裁决,l2:TWSE:9934,H1 人闸批准；仅在本行 product_scope 内有效。
h1-include-1083,manual_include,include,issuer,issuer:TW:9935,issuer:TW:9935,-,-,-,慶豐富,L2,TWSE OpenAPI 上市公司基本資料（完整母集）,冻结 2026-08-28 TWSE+TPEx（不含兴柜）L2 机械母集,-,human-gate://2026-08-28/H1/issuer:TW:9935,https://openapi.twse.com.tw/v1/opendata/t187ap03_L,2026-08-28,user,2026-08-28,已裁决,l2:TWSE:9935,H1 人闸批准；仅在本行 product_scope 内有效。
h1-include-1084,manual_include,include,issuer,issuer:TW:9937,issuer:TW:9937,-,-,-,全國,L2,TWSE OpenAPI 上市公司基本資料（完整母集）,冻结 2026-08-28 TWSE+TPEx（不含兴柜）L2 机械母集,-,human-gate://2026-08-28/H1/issuer:TW:9937,https://openapi.twse.com.tw/v1/opendata/t187ap03_L,2026-08-28,user,2026-08-28,已裁决,l2:TWSE:9937,H1 人闸批准；仅在本行 product_scope 内有效。
h1-include-1085,manual_include,include,issuer,issuer:TW:9938,issuer:TW:9938,-,-,-,百和,L2,TWSE OpenAPI 上市公司基本資料（完整母集）,冻结 2026-08-28 TWSE+TPEx（不含兴柜）L2 机械母集,-,human-gate://2026-08-28/H1/issuer:TW:9938,https://openapi.twse.com.tw/v1/opendata/t187ap03_L,2026-08-28,user,2026-08-28,已裁决,l2:TWSE:9938,H1 人闸批准；仅在本行 product_scope 内有效。
h1-include-1086,manual_include,include,issuer,issuer:TW:9939,issuer:TW:9939,-,-,-,宏全,L2,TWSE OpenAPI 上市公司基本資料（完整母集）,冻结 2026-08-28 TWSE+TPEx（不含兴柜）L2 机械母集,-,human-gate://2026-08-28/H1/issuer:TW:9939,https://openapi.twse.com.tw/v1/opendata/t187ap03_L,2026-08-28,user,2026-08-28,已裁决,l2:TWSE:9939,H1 人闸批准；仅在本行 product_scope 内有效。
h1-include-1087,manual_include,include,issuer,issuer:TW:9940,issuer:TW:9940,-,-,-,信義,L2,TWSE OpenAPI 上市公司基本資料（完整母集）,冻结 2026-08-28 TWSE+TPEx（不含兴柜）L2 机械母集,-,human-gate://2026-08-28/H1/issuer:TW:9940,https://openapi.twse.com.tw/v1/opendata/t187ap03_L,2026-08-28,user,2026-08-28,已裁决,l2:TWSE:9940,H1 人闸批准；仅在本行 product_scope 内有效。
h1-include-1088,manual_include,include,issuer,issuer:TW:9941,issuer:TW:9941,-,-,-,裕融,L2,TWSE OpenAPI 上市公司基本資料（完整母集）,冻结 2026-08-28 TWSE+TPEx（不含兴柜）L2 机械母集,-,human-gate://2026-08-28/H1/issuer:TW:9941,https://openapi.twse.com.tw/v1/opendata/t187ap03_L,2026-08-28,user,2026-08-28,已裁决,l2:TWSE:9941,H1 人闸批准；仅在本行 product_scope 内有效。
h1-include-1089,manual_include,include,issuer,issuer:TW:9942,issuer:TW:9942,-,-,-,茂順,L2,TWSE OpenAPI 上市公司基本資料（完整母集）,冻结 2026-08-28 TWSE+TPEx（不含兴柜）L2 机械母集,-,human-gate://2026-08-28/H1/issuer:TW:9942,https://openapi.twse.com.tw/v1/opendata/t187ap03_L,2026-08-28,user,2026-08-28,已裁决,l2:TWSE:9942,H1 人闸批准；仅在本行 product_scope 内有效。
h1-include-1090,manual_include,include,issuer,issuer:TW:9943,issuer:TW:9943,-,-,-,好樂迪,L2,TWSE OpenAPI 上市公司基本資料（完整母集）,冻结 2026-08-28 TWSE+TPEx（不含兴柜）L2 机械母集,-,human-gate://2026-08-28/H1/issuer:TW:9943,https://openapi.twse.com.tw/v1/opendata/t187ap03_L,2026-08-28,user,2026-08-28,已裁决,l2:TWSE:9943,H1 人闸批准；仅在本行 product_scope 内有效。
h1-include-1091,manual_include,include,issuer,issuer:TW:9944,issuer:TW:9944,-,-,-,新麗,L2,TWSE OpenAPI 上市公司基本資料（完整母集）,冻结 2026-08-28 TWSE+TPEx（不含兴柜）L2 机械母集,-,human-gate://2026-08-28/H1/issuer:TW:9944,https://openapi.twse.com.tw/v1/opendata/t187ap03_L,2026-08-28,user,2026-08-28,已裁决,l2:TWSE:9944,H1 人闸批准；仅在本行 product_scope 内有效。
h1-include-1092,manual_include,include,issuer,issuer:TW:9945,issuer:TW:9945,-,-,-,潤泰新,L2,TWSE OpenAPI 上市公司基本資料（完整母集）,冻结 2026-08-28 TWSE+TPEx（不含兴柜）L2 机械母集,-,human-gate://2026-08-28/H1/issuer:TW:9945,https://openapi.twse.com.tw/v1/opendata/t187ap03_L,2026-08-28,user,2026-08-28,已裁决,l2:TWSE:9945,H1 人闸批准；仅在本行 product_scope 内有效。
h1-include-1093,manual_include,include,issuer,issuer:TW:9946,issuer:TW:9946,-,-,-,三發地產,L2,TWSE OpenAPI 上市公司基本資料（完整母集）,冻结 2026-08-28 TWSE+TPEx（不含兴柜）L2 机械母集,-,human-gate://2026-08-28/H1/issuer:TW:9946,https://openapi.twse.com.tw/v1/opendata/t187ap03_L,2026-08-28,user,2026-08-28,已裁决,l2:TWSE:9946,H1 人闸批准；仅在本行 product_scope 内有效。
h1-include-1094,manual_include,include,issuer,issuer:TW:9955,issuer:TW:9955,-,-,-,佳龍,L2,TWSE OpenAPI 上市公司基本資料（完整母集）,冻结 2026-08-28 TWSE+TPEx（不含兴柜）L2 机械母集,-,human-gate://2026-08-28/H1/issuer:TW:9955,https://openapi.twse.com.tw/v1/opendata/t187ap03_L,2026-08-28,user,2026-08-28,已裁决,l2:TWSE:9955,H1 人闸批准；仅在本行 product_scope 内有效。
h1-include-1095,manual_include,include,issuer,issuer:TW:9958,issuer:TW:9958,-,-,-,世紀鋼,L2,TWSE OpenAPI 上市公司基本資料（完整母集）,冻结 2026-08-28 TWSE+TPEx（不含兴柜）L2 机械母集,-,human-gate://2026-08-28/H1/issuer:TW:9958,https://openapi.twse.com.tw/v1/opendata/t187ap03_L,2026-08-28,user,2026-08-28,已裁决,l2:TWSE:9958,H1 人闸批准；仅在本行 product_scope 内有效。
h1-include-1096,manual_include,include,issuer,issuer:TW:1240,issuer:TW:1240,-,-,-,茂生農經,L2,TPEx OpenAPI 上櫃股票基本資料（完整母集）,冻结 2026-08-28 TWSE+TPEx（不含兴柜）L2 机械母集,-,human-gate://2026-08-28/H1/issuer:TW:1240,https://www.tpex.org.tw/openapi/v1/mopsfin_t187ap03_O,2026-08-28,user,2026-08-28,已裁决,l2:TPEX:1240,H1 人闸批准；仅在本行 product_scope 内有效。
h1-include-1097,manual_include,include,issuer,issuer:TW:1259,issuer:TW:1259,-,-,-,安心,L2,TPEx OpenAPI 上櫃股票基本資料（完整母集）,冻结 2026-08-28 TWSE+TPEx（不含兴柜）L2 机械母集,-,human-gate://2026-08-28/H1/issuer:TW:1259,https://www.tpex.org.tw/openapi/v1/mopsfin_t187ap03_O,2026-08-28,user,2026-08-28,已裁决,l2:TPEX:1259,H1 人闸批准；仅在本行 product_scope 内有效。
h1-include-1098,manual_include,include,issuer,issuer:TW:1264,issuer:TW:1264,-,-,-,德麥,L2,TPEx OpenAPI 上櫃股票基本資料（完整母集）,冻结 2026-08-28 TWSE+TPEx（不含兴柜）L2 机械母集,-,human-gate://2026-08-28/H1/issuer:TW:1264,https://www.tpex.org.tw/openapi/v1/mopsfin_t187ap03_O,2026-08-28,user,2026-08-28,已裁决,l2:TPEX:1264,H1 人闸批准；仅在本行 product_scope 内有效。
h1-include-1099,manual_include,include,issuer,issuer:TW:1268,issuer:TW:1268,-,-,-,漢來美食,L2,TPEx OpenAPI 上櫃股票基本資料（完整母集）,冻结 2026-08-28 TWSE+TPEx（不含兴柜）L2 机械母集,-,human-gate://2026-08-28/H1/issuer:TW:1268,https://www.tpex.org.tw/openapi/v1/mopsfin_t187ap03_O,2026-08-28,user,2026-08-28,已裁决,l2:TPEX:1268,H1 人闸批准；仅在本行 product_scope 内有效。
h1-include-1100,manual_include,include,issuer,issuer:TW:1294,issuer:TW:1294,-,-,-,漢田生技,L2,TPEx OpenAPI 上櫃股票基本資料（完整母集）,冻结 2026-08-28 TWSE+TPEx（不含兴柜）L2 机械母集,-,human-gate://2026-08-28/H1/issuer:TW:1294,https://www.tpex.org.tw/openapi/v1/mopsfin_t187ap03_O,2026-08-28,user,2026-08-28,已裁决,l2:TPEX:1294,H1 人闸批准；仅在本行 product_scope 内有效。
h1-include-1101,manual_include,include,issuer,issuer:TW:1295,issuer:TW:1295,-,-,-,生合,L2,TPEx OpenAPI 上櫃股票基本資料（完整母集）,冻结 2026-08-28 TWSE+TPEx（不含兴柜）L2 机械母集,-,human-gate://2026-08-28/H1/issuer:TW:1295,https://www.tpex.org.tw/openapi/v1/mopsfin_t187ap03_O,2026-08-28,user,2026-08-28,已裁决,l2:TPEX:1295,H1 人闸批准；仅在本行 product_scope 内有效。
h1-include-1102,manual_include,include,issuer,issuer:TW:1336,issuer:TW:1336,-,-,-,台翰,L2,TPEx OpenAPI 上櫃股票基本資料（完整母集）,冻结 2026-08-28 TWSE+TPEx（不含兴柜）L2 机械母集,-,human-gate://2026-08-28/H1/issuer:TW:1336,https://www.tpex.org.tw/openapi/v1/mopsfin_t187ap03_O,2026-08-28,user,2026-08-28,已裁决,l2:TPEX:1336,H1 人闸批准；仅在本行 product_scope 内有效。
h1-include-1103,manual_include,include,issuer,issuer:TW:1565,issuer:TW:1565,-,-,-,精華,L2,TPEx OpenAPI 上櫃股票基本資料（完整母集）,冻结 2026-08-28 TWSE+TPEx（不含兴柜）L2 机械母集,-,human-gate://2026-08-28/H1/issuer:TW:1565,https://www.tpex.org.tw/openapi/v1/mopsfin_t187ap03_O,2026-08-28,user,2026-08-28,已裁决,l2:TPEX:1565,H1 人闸批准；仅在本行 product_scope 内有效。
h1-include-1104,manual_include,include,issuer,issuer:TW:1569,issuer:TW:1569,-,-,-,濱川,L2,TPEx OpenAPI 上櫃股票基本資料（完整母集）,冻结 2026-08-28 TWSE+TPEx（不含兴柜）L2 机械母集,-,human-gate://2026-08-28/H1/issuer:TW:1569,https://www.tpex.org.tw/openapi/v1/mopsfin_t187ap03_O,2026-08-28,user,2026-08-28,已裁决,l2:TPEX:1569,H1 人闸批准；仅在本行 product_scope 内有效。
h1-include-1105,manual_include,include,issuer,issuer:TW:1570,issuer:TW:1570,-,-,-,力肯,L2,TPEx OpenAPI 上櫃股票基本資料（完整母集）,冻结 2026-08-28 TWSE+TPEx（不含兴柜）L2 机械母集,-,human-gate://2026-08-28/H1/issuer:TW:1570,https://www.tpex.org.tw/openapi/v1/mopsfin_t187ap03_O,2026-08-28,user,2026-08-28,已裁决,l2:TPEX:1570,H1 人闸批准；仅在本行 product_scope 内有效。
h1-include-1106,manual_include,include,issuer,issuer:TW:1580,issuer:TW:1580,-,-,-,新麥,L2,TPEx OpenAPI 上櫃股票基本資料（完整母集）,冻结 2026-08-28 TWSE+TPEx（不含兴柜）L2 机械母集,-,human-gate://2026-08-28/H1/issuer:TW:1580,https://www.tpex.org.tw/openapi/v1/mopsfin_t187ap03_O,2026-08-28,user,2026-08-28,已裁决,l2:TPEX:1580,H1 人闸批准；仅在本行 product_scope 内有效。
h1-include-1107,manual_include,include,issuer,issuer:TW:1584,issuer:TW:1584,-,-,-,精剛,L2,TPEx OpenAPI 上櫃股票基本資料（完整母集）,冻结 2026-08-28 TWSE+TPEx（不含兴柜）L2 机械母集,-,human-gate://2026-08-28/H1/issuer:TW:1584,https://www.tpex.org.tw/openapi/v1/mopsfin_t187ap03_O,2026-08-28,user,2026-08-28,已裁决,l2:TPEX:1584,H1 人闸批准；仅在本行 product_scope 内有效。
h1-include-1108,manual_include,include,issuer,issuer:TW:1586,issuer:TW:1586,-,-,-,和勤,L2,TPEx OpenAPI 上櫃股票基本資料（完整母集）,冻结 2026-08-28 TWSE+TPEx（不含兴柜）L2 机械母集,-,human-gate://2026-08-28/H1/issuer:TW:1586,https://www.tpex.org.tw/openapi/v1/mopsfin_t187ap03_O,2026-08-28,user,2026-08-28,已裁决,l2:TPEX:1586,H1 人闸批准；仅在本行 product_scope 内有效。
h1-include-1109,manual_include,include,issuer,issuer:TW:1591,issuer:TW:1591,-,-,-,駿吉-KY,L2,TPEx OpenAPI 上櫃股票基本資料（完整母集）,冻结 2026-08-28 TWSE+TPEx（不含兴柜）L2 机械母集,-,human-gate://2026-08-28/H1/issuer:TW:1591,https://www.tpex.org.tw/openapi/v1/mopsfin_t187ap03_O,2026-08-28,user,2026-08-28,已裁决,l2:TPEX:1591,H1 人闸批准；仅在本行 product_scope 内有效。
h1-include-1110,manual_include,include,issuer,issuer:TW:1593,issuer:TW:1593,-,-,-,祺驊,L2,TPEx OpenAPI 上櫃股票基本資料（完整母集）,冻结 2026-08-28 TWSE+TPEx（不含兴柜）L2 机械母集,-,human-gate://2026-08-28/H1/issuer:TW:1593,https://www.tpex.org.tw/openapi/v1/mopsfin_t187ap03_O,2026-08-28,user,2026-08-28,已裁决,l2:TPEX:1593,H1 人闸批准；仅在本行 product_scope 内有效。
h1-include-1111,manual_include,include,issuer,issuer:TW:1595,issuer:TW:1595,-,-,-,川寶,L2,TPEx OpenAPI 上櫃股票基本資料（完整母集）,冻结 2026-08-28 TWSE+TPEx（不含兴柜）L2 机械母集,-,human-gate://2026-08-28/H1/issuer:TW:1595,https://www.tpex.org.tw/openapi/v1/mopsfin_t187ap03_O,2026-08-28,user,2026-08-28,已裁决,l2:TPEX:1595,H1 人闸批准；仅在本行 product_scope 内有效。
h1-include-1112,manual_include,include,issuer,issuer:TW:1599,issuer:TW:1599,-,-,-,宏佳騰,L2,TPEx OpenAPI 上櫃股票基本資料（完整母集）,冻结 2026-08-28 TWSE+TPEx（不含兴柜）L2 机械母集,-,human-gate://2026-08-28/H1/issuer:TW:1599,https://www.tpex.org.tw/openapi/v1/mopsfin_t187ap03_O,2026-08-28,user,2026-08-28,已裁决,l2:TPEX:1599,H1 人闸批准；仅在本行 product_scope 内有效。
h1-include-1113,manual_include,include,issuer,issuer:TW:1742,issuer:TW:1742,-,-,-,台蠟,L2,TPEx OpenAPI 上櫃股票基本資料（完整母集）,冻结 2026-08-28 TWSE+TPEx（不含兴柜）L2 机械母集,-,human-gate://2026-08-28/H1/issuer:TW:1742,https://www.tpex.org.tw/openapi/v1/mopsfin_t187ap03_O,2026-08-28,user,2026-08-28,已裁决,l2:TPEX:1742,H1 人闸批准；仅在本行 product_scope 内有效。
h1-include-1114,manual_include,include,issuer,issuer:TW:1777,issuer:TW:1777,-,-,-,生泰,L2,TPEx OpenAPI 上櫃股票基本資料（完整母集）,冻结 2026-08-28 TWSE+TPEx（不含兴柜）L2 机械母集,-,human-gate://2026-08-28/H1/issuer:TW:1777,https://www.tpex.org.tw/openapi/v1/mopsfin_t187ap03_O,2026-08-28,user,2026-08-28,已裁决,l2:TPEX:1777,H1 人闸批准；仅在本行 product_scope 内有效。
h1-include-1115,manual_include,include,issuer,issuer:TW:1780,issuer:TW:1780,-,-,-,立弘,L2,TPEx OpenAPI 上櫃股票基本資料（完整母集）,冻结 2026-08-28 TWSE+TPEx（不含兴柜）L2 机械母集,-,human-gate://2026-08-28/H1/issuer:TW:1780,https://www.tpex.org.tw/openapi/v1/mopsfin_t187ap03_O,2026-08-28,user,2026-08-28,已裁决,l2:TPEX:1780,H1 人闸批准；仅在本行 product_scope 内有效。
h1-include-1116,manual_include,include,issuer,issuer:TW:1781,issuer:TW:1781,-,-,-,合世,L2,TPEx OpenAPI 上櫃股票基本資料（完整母集）,冻结 2026-08-28 TWSE+TPEx（不含兴柜）L2 机械母集,-,human-gate://2026-08-28/H1/issuer:TW:1781,https://www.tpex.org.tw/openapi/v1/mopsfin_t187ap03_O,2026-08-28,user,2026-08-28,已裁决,l2:TPEX:1781,H1 人闸批准；仅在本行 product_scope 内有效。
h1-include-1117,manual_include,include,issuer,issuer:TW:1784,issuer:TW:1784,-,-,-,訊聯,L2,TPEx OpenAPI 上櫃股票基本資料（完整母集）,冻结 2026-08-28 TWSE+TPEx（不含兴柜）L2 机械母集,-,human-gate://2026-08-28/H1/issuer:TW:1784,https://www.tpex.org.tw/openapi/v1/mopsfin_t187ap03_O,2026-08-28,user,2026-08-28,已裁决,l2:TPEX:1784,H1 人闸批准；仅在本行 product_scope 内有效。
h1-include-1118,manual_include,include,issuer,issuer:TW:1785,issuer:TW:1785,-,-,-,光洋科,L2,TPEx OpenAPI 上櫃股票基本資料（完整母集）,冻结 2026-08-28 TWSE+TPEx（不含兴柜）L2 机械母集,-,human-gate://2026-08-28/H1/issuer:TW:1785,https://www.tpex.org.tw/openapi/v1/mopsfin_t187ap03_O,2026-08-28,user,2026-08-28,已裁决,l2:TPEX:1785,H1 人闸批准；仅在本行 product_scope 内有效。
h1-include-1119,manual_include,include,issuer,issuer:TW:1788,issuer:TW:1788,-,-,-,杏昌,L2,TPEx OpenAPI 上櫃股票基本資料（完整母集）,冻结 2026-08-28 TWSE+TPEx（不含兴柜）L2 机械母集,-,human-gate://2026-08-28/H1/issuer:TW:1788,https://www.tpex.org.tw/openapi/v1/mopsfin_t187ap03_O,2026-08-28,user,2026-08-28,已裁决,l2:TPEX:1788,H1 人闸批准；仅在本行 product_scope 内有效。
h1-include-1120,manual_include,include,issuer,issuer:TW:1796,issuer:TW:1796,-,-,-,金穎生技,L2,TPEx OpenAPI 上櫃股票基本資料（完整母集）,冻结 2026-08-28 TWSE+TPEx（不含兴柜）L2 机械母集,-,human-gate://2026-08-28/H1/issuer:TW:1796,https://www.tpex.org.tw/openapi/v1/mopsfin_t187ap03_O,2026-08-28,user,2026-08-28,已裁决,l2:TPEX:1796,H1 人闸批准；仅在本行 product_scope 内有效。
h1-include-1121,manual_include,include,issuer,issuer:TW:1799,issuer:TW:1799,-,-,-,易威,L2,TPEx OpenAPI 上櫃股票基本資料（完整母集）,冻结 2026-08-28 TWSE+TPEx（不含兴柜）L2 机械母集,-,human-gate://2026-08-28/H1/issuer:TW:1799,https://www.tpex.org.tw/openapi/v1/mopsfin_t187ap03_O,2026-08-28,user,2026-08-28,已裁决,l2:TPEX:1799,H1 人闸批准；仅在本行 product_scope 内有效。
h1-include-1122,manual_include,include,issuer,issuer:TW:1813,issuer:TW:1813,-,-,-,寶利徠,L2,TPEx OpenAPI 上櫃股票基本資料（完整母集）,冻结 2026-08-28 TWSE+TPEx（不含兴柜）L2 机械母集,-,human-gate://2026-08-28/H1/issuer:TW:1813,https://www.tpex.org.tw/openapi/v1/mopsfin_t187ap03_O,2026-08-28,user,2026-08-28,已裁决,l2:TPEX:1813,H1 人闸批准；仅在本行 product_scope 内有效。
h1-include-1123,manual_include,include,issuer,issuer:TW:1815,issuer:TW:1815,-,-,-,富喬,L2,TPEx OpenAPI 上櫃股票基本資料（完整母集）,冻结 2026-08-28 TWSE+TPEx（不含兴柜）L2 机械母集,-,human-gate://2026-08-28/H1/issuer:TW:1815,https://www.tpex.org.tw/openapi/v1/mopsfin_t187ap03_O,2026-08-28,user,2026-08-28,已裁决,l2:TPEX:1815,H1 人闸批准；仅在本行 product_scope 内有效。
h1-include-1124,manual_include,include,issuer,issuer:TW:2035,issuer:TW:2035,-,-,-,唐榮公司,L2,TPEx OpenAPI 上櫃股票基本資料（完整母集）,冻结 2026-08-28 TWSE+TPEx（不含兴柜）L2 机械母集,-,human-gate://2026-08-28/H1/issuer:TW:2035,https://www.tpex.org.tw/openapi/v1/mopsfin_t187ap03_O,2026-08-28,user,2026-08-28,已裁决,l2:TPEX:2035,H1 人闸批准；仅在本行 product_scope 内有效。
h1-include-1125,manual_include,include,issuer,issuer:TW:2061,issuer:TW:2061,-,-,-,風青,L2,TPEx OpenAPI 上櫃股票基本資料（完整母集）,冻结 2026-08-28 TWSE+TPEx（不含兴柜）L2 机械母集,-,human-gate://2026-08-28/H1/issuer:TW:2061,https://www.tpex.org.tw/openapi/v1/mopsfin_t187ap03_O,2026-08-28,user,2026-08-28,已裁决,l2:TPEX:2061,H1 人闸批准；仅在本行 product_scope 内有效。
h1-include-1126,manual_include,include,issuer,issuer:TW:2063,issuer:TW:2063,-,-,-,世鎧精密,L2,TPEx OpenAPI 上櫃股票基本資料（完整母集）,冻结 2026-08-28 TWSE+TPEx（不含兴柜）L2 机械母集,-,human-gate://2026-08-28/H1/issuer:TW:2063,https://www.tpex.org.tw/openapi/v1/mopsfin_t187ap03_O,2026-08-28,user,2026-08-28,已裁决,l2:TPEX:2063,H1 人闸批准；仅在本行 product_scope 内有效。
h1-include-1127,manual_include,include,issuer,issuer:TW:2064,issuer:TW:2064,-,-,-,晉椿,L2,TPEx OpenAPI 上櫃股票基本資料（完整母集）,冻结 2026-08-28 TWSE+TPEx（不含兴柜）L2 机械母集,-,human-gate://2026-08-28/H1/issuer:TW:2064,https://www.tpex.org.tw/openapi/v1/mopsfin_t187ap03_O,2026-08-28,user,2026-08-28,已裁决,l2:TPEX:2064,H1 人闸批准；仅在本行 product_scope 内有效。
h1-include-1128,manual_include,include,issuer,issuer:TW:2065,issuer:TW:2065,-,-,-,世豐,L2,TPEx OpenAPI 上櫃股票基本資料（完整母集）,冻结 2026-08-28 TWSE+TPEx（不含兴柜）L2 机械母集,-,human-gate://2026-08-28/H1/issuer:TW:2065,https://www.tpex.org.tw/openapi/v1/mopsfin_t187ap03_O,2026-08-28,user,2026-08-28,已裁决,l2:TPEX:2065,H1 人闸批准；仅在本行 product_scope 内有效。
h1-include-1129,manual_include,include,issuer,issuer:TW:2066,issuer:TW:2066,-,-,-,世德,L2,TPEx OpenAPI 上櫃股票基本資料（完整母集）,冻结 2026-08-28 TWSE+TPEx（不含兴柜）L2 机械母集,-,human-gate://2026-08-28/H1/issuer:TW:2066,https://www.tpex.org.tw/openapi/v1/mopsfin_t187ap03_O,2026-08-28,user,2026-08-28,已裁决,l2:TPEX:2066,H1 人闸批准；仅在本行 product_scope 内有效。
h1-include-1130,manual_include,include,issuer,issuer:TW:2067,issuer:TW:2067,-,-,-,嘉鋼,L2,TPEx OpenAPI 上櫃股票基本資料（完整母集）,冻结 2026-08-28 TWSE+TPEx（不含兴柜）L2 机械母集,-,human-gate://2026-08-28/H1/issuer:TW:2067,https://www.tpex.org.tw/openapi/v1/mopsfin_t187ap03_O,2026-08-28,user,2026-08-28,已裁决,l2:TPEX:2067,H1 人闸批准；仅在本行 product_scope 内有效。
h1-include-1131,manual_include,include,issuer,issuer:TW:2070,issuer:TW:2070,-,-,-,精湛,L2,TPEx OpenAPI 上櫃股票基本資料（完整母集）,冻结 2026-08-28 TWSE+TPEx（不含兴柜）L2 机械母集,-,human-gate://2026-08-28/H1/issuer:TW:2070,https://www.tpex.org.tw/openapi/v1/mopsfin_t187ap03_O,2026-08-28,user,2026-08-28,已裁决,l2:TPEX:2070,H1 人闸批准；仅在本行 product_scope 内有效。
h1-include-1132,manual_include,include,issuer,issuer:TW:2073,issuer:TW:2073,-,-,-,雄順,L2,TPEx OpenAPI 上櫃股票基本資料（完整母集）,冻结 2026-08-28 TWSE+TPEx（不含兴柜）L2 机械母集,-,human-gate://2026-08-28/H1/issuer:TW:2073,https://www.tpex.org.tw/openapi/v1/mopsfin_t187ap03_O,2026-08-28,user,2026-08-28,已裁决,l2:TPEX:2073,H1 人闸批准；仅在本行 product_scope 内有效。
h1-include-1133,manual_include,include,issuer,issuer:TW:2221,issuer:TW:2221,-,-,-,大甲,L2,TPEx OpenAPI 上櫃股票基本資料（完整母集）,冻结 2026-08-28 TWSE+TPEx（不含兴柜）L2 机械母集,-,human-gate://2026-08-28/H1/issuer:TW:2221,https://www.tpex.org.tw/openapi/v1/mopsfin_t187ap03_O,2026-08-28,user,2026-08-28,已裁决,l2:TPEX:2221,H1 人闸批准；仅在本行 product_scope 内有效。
h1-include-1134,manual_include,include,issuer,issuer:TW:2230,issuer:TW:2230,-,-,-,泰茂,L2,TPEx OpenAPI 上櫃股票基本資料（完整母集）,冻结 2026-08-28 TWSE+TPEx（不含兴柜）L2 机械母集,-,human-gate://2026-08-28/H1/issuer:TW:2230,https://www.tpex.org.tw/openapi/v1/mopsfin_t187ap03_O,2026-08-28,user,2026-08-28,已裁决,l2:TPEX:2230,H1 人闸批准；仅在本行 product_scope 内有效。
h1-include-1135,manual_include,include,issuer,issuer:TW:2235,issuer:TW:2235,-,-,-,謚源,L2,TPEx OpenAPI 上櫃股票基本資料（完整母集）,冻结 2026-08-28 TWSE+TPEx（不含兴柜）L2 机械母集,-,human-gate://2026-08-28/H1/issuer:TW:2235,https://www.tpex.org.tw/openapi/v1/mopsfin_t187ap03_O,2026-08-28,user,2026-08-28,已裁决,l2:TPEX:2235,H1 人闸批准；仅在本行 product_scope 内有效。
h1-include-1136,manual_include,include,issuer,issuer:TW:2596,issuer:TW:2596,-,-,-,綠意,L2,TPEx OpenAPI 上櫃股票基本資料（完整母集）,冻结 2026-08-28 TWSE+TPEx（不含兴柜）L2 机械母集,-,human-gate://2026-08-28/H1/issuer:TW:2596,https://www.tpex.org.tw/openapi/v1/mopsfin_t187ap03_O,2026-08-28,user,2026-08-28,已裁决,l2:TPEX:2596,H1 人闸批准；仅在本行 product_scope 内有效。
h1-include-1137,manual_include,include,issuer,issuer:TW:2640,issuer:TW:2640,-,-,-,大車隊,L2,TPEx OpenAPI 上櫃股票基本資料（完整母集）,冻结 2026-08-28 TWSE+TPEx（不含兴柜）L2 机械母集,-,human-gate://2026-08-28/H1/issuer:TW:2640,https://www.tpex.org.tw/openapi/v1/mopsfin_t187ap03_O,2026-08-28,user,2026-08-28,已裁决,l2:TPEX:2640,H1 人闸批准；仅在本行 product_scope 内有效。
h1-include-1138,manual_include,include,issuer,issuer:TW:2641,issuer:TW:2641,-,-,-,正德,L2,TPEx OpenAPI 上櫃股票基本資料（完整母集）,冻结 2026-08-28 TWSE+TPEx（不含兴柜）L2 机械母集,-,human-gate://2026-08-28/H1/issuer:TW:2641,https://www.tpex.org.tw/openapi/v1/mopsfin_t187ap03_O,2026-08-28,user,2026-08-28,已裁决,l2:TPEX:2641,H1 人闸批准；仅在本行 product_scope 内有效。
h1-include-1139,manual_include,include,issuer,issuer:TW:2643,issuer:TW:2643,-,-,-,捷迅,L2,TPEx OpenAPI 上櫃股票基本資料（完整母集）,冻结 2026-08-28 TWSE+TPEx（不含兴柜）L2 机械母集,-,human-gate://2026-08-28/H1/issuer:TW:2643,https://www.tpex.org.tw/openapi/v1/mopsfin_t187ap03_O,2026-08-28,user,2026-08-28,已裁决,l2:TPEX:2643,H1 人闸批准；仅在本行 product_scope 内有效。
h1-include-1140,manual_include,include,issuer,issuer:TW:2718,issuer:TW:2718,-,-,-,全心投控,L2,TPEx OpenAPI 上櫃股票基本資料（完整母集）,冻结 2026-08-28 TWSE+TPEx（不含兴柜）L2 机械母集,-,human-gate://2026-08-28/H1/issuer:TW:2718,https://www.tpex.org.tw/openapi/v1/mopsfin_t187ap03_O,2026-08-28,user,2026-08-28,已裁决,l2:TPEX:2718,H1 人闸批准；仅在本行 product_scope 内有效。
h1-include-1141,manual_include,include,issuer,issuer:TW:2719,issuer:TW:2719,-,-,-,燦星旅,L2,TPEx OpenAPI 上櫃股票基本資料（完整母集）,冻结 2026-08-28 TWSE+TPEx（不含兴柜）L2 机械母集,-,human-gate://2026-08-28/H1/issuer:TW:2719,https://www.tpex.org.tw/openapi/v1/mopsfin_t187ap03_O,2026-08-28,user,2026-08-28,已裁决,l2:TPEX:2719,H1 人闸批准；仅在本行 product_scope 内有效。
h1-include-1142,manual_include,include,issuer,issuer:TW:2724,issuer:TW:2724,-,-,-,藝舍-KY,L2,TPEx OpenAPI 上櫃股票基本資料（完整母集）,冻结 2026-08-28 TWSE+TPEx（不含兴柜）L2 机械母集,-,human-gate://2026-08-28/H1/issuer:TW:2724,https://www.tpex.org.tw/openapi/v1/mopsfin_t187ap03_O,2026-08-28,user,2026-08-28,已裁决,l2:TPEX:2724,H1 人闸批准；仅在本行 product_scope 内有效。
h1-include-1143,manual_include,include,issuer,issuer:TW:2726,issuer:TW:2726,-,-,-,雅茗-KY,L2,TPEx OpenAPI 上櫃股票基本資料（完整母集）,冻结 2026-08-28 TWSE+TPEx（不含兴柜）L2 机械母集,-,human-gate://2026-08-28/H1/issuer:TW:2726,https://www.tpex.org.tw/openapi/v1/mopsfin_t187ap03_O,2026-08-28,user,2026-08-28,已裁决,l2:TPEX:2726,H1 人闸批准；仅在本行 product_scope 内有效。
h1-include-1144,manual_include,include,issuer,issuer:TW:2729,issuer:TW:2729,-,-,-,瓦城,L2,TPEx OpenAPI 上櫃股票基本資料（完整母集）,冻结 2026-08-28 TWSE+TPEx（不含兴柜）L2 机械母集,-,human-gate://2026-08-28/H1/issuer:TW:2729,https://www.tpex.org.tw/openapi/v1/mopsfin_t187ap03_O,2026-08-28,user,2026-08-28,已裁决,l2:TPEX:2729,H1 人闸批准；仅在本行 product_scope 内有效。
h1-include-1145,manual_include,include,issuer,issuer:TW:2732,issuer:TW:2732,-,-,-,六角,L2,TPEx OpenAPI 上櫃股票基本資料（完整母集）,冻结 2026-08-28 TWSE+TPEx（不含兴柜）L2 机械母集,-,human-gate://2026-08-28/H1/issuer:TW:2732,https://www.tpex.org.tw/openapi/v1/mopsfin_t187ap03_O,2026-08-28,user,2026-08-28,已裁决,l2:TPEX:2732,H1 人闸批准；仅在本行 product_scope 内有效。
h1-include-1146,manual_include,include,issuer,issuer:TW:2734,issuer:TW:2734,-,-,-,易飛網,L2,TPEx OpenAPI 上櫃股票基本資料（完整母集）,冻结 2026-08-28 TWSE+TPEx（不含兴柜）L2 机械母集,-,human-gate://2026-08-28/H1/issuer:TW:2734,https://www.tpex.org.tw/openapi/v1/mopsfin_t187ap03_O,2026-08-28,user,2026-08-28,已裁决,l2:TPEX:2734,H1 人闸批准；仅在本行 product_scope 内有效。
h1-include-1147,manual_include,include,issuer,issuer:TW:2736,issuer:TW:2736,-,-,-,富野,L2,TPEx OpenAPI 上櫃股票基本資料（完整母集）,冻结 2026-08-28 TWSE+TPEx（不含兴柜）L2 机械母集,-,human-gate://2026-08-28/H1/issuer:TW:2736,https://www.tpex.org.tw/openapi/v1/mopsfin_t187ap03_O,2026-08-28,user,2026-08-28,已裁决,l2:TPEX:2736,H1 人闸批准；仅在本行 product_scope 内有效。
h1-include-1148,manual_include,include,issuer,issuer:TW:2740,issuer:TW:2740,-,-,-,華軒,L2,TPEx OpenAPI 上櫃股票基本資料（完整母集）,冻结 2026-08-28 TWSE+TPEx（不含兴柜）L2 机械母集,-,human-gate://2026-08-28/H1/issuer:TW:2740,https://www.tpex.org.tw/openapi/v1/mopsfin_t187ap03_O,2026-08-28,user,2026-08-28,已裁决,l2:TPEX:2740,H1 人闸批准；仅在本行 product_scope 内有效。
h1-include-1149,manual_include,include,issuer,issuer:TW:2743,issuer:TW:2743,-,-,-,山富,L2,TPEx OpenAPI 上櫃股票基本資料（完整母集）,冻结 2026-08-28 TWSE+TPEx（不含兴柜）L2 机械母集,-,human-gate://2026-08-28/H1/issuer:TW:2743,https://www.tpex.org.tw/openapi/v1/mopsfin_t187ap03_O,2026-08-28,user,2026-08-28,已裁决,l2:TPEX:2743,H1 人闸批准；仅在本行 product_scope 内有效。
h1-include-1150,manual_include,include,issuer,issuer:TW:2745,issuer:TW:2745,-,-,-,五福,L2,TPEx OpenAPI 上櫃股票基本資料（完整母集）,冻结 2026-08-28 TWSE+TPEx（不含兴柜）L2 机械母集,-,human-gate://2026-08-28/H1/issuer:TW:2745,https://www.tpex.org.tw/openapi/v1/mopsfin_t187ap03_O,2026-08-28,user,2026-08-28,已裁决,l2:TPEX:2745,H1 人闸批准；仅在本行 product_scope 内有效。
h1-include-1151,manual_include,include,issuer,issuer:TW:2751,issuer:TW:2751,-,-,-,王座,L2,TPEx OpenAPI 上櫃股票基本資料（完整母集）,冻结 2026-08-28 TWSE+TPEx（不含兴柜）L2 机械母集,-,human-gate://2026-08-28/H1/issuer:TW:2751,https://www.tpex.org.tw/openapi/v1/mopsfin_t187ap03_O,2026-08-28,user,2026-08-28,已裁决,l2:TPEX:2751,H1 人闸批准；仅在本行 product_scope 内有效。
h1-include-1152,manual_include,include,issuer,issuer:TW:2752,issuer:TW:2752,-,-,-,豆府,L2,TPEx OpenAPI 上櫃股票基本資料（完整母集）,冻结 2026-08-28 TWSE+TPEx（不含兴柜）L2 机械母集,-,human-gate://2026-08-28/H1/issuer:TW:2752,https://www.tpex.org.tw/openapi/v1/mopsfin_t187ap03_O,2026-08-28,user,2026-08-28,已裁决,l2:TPEX:2752,H1 人闸批准；仅在本行 product_scope 内有效。
h1-include-1153,manual_include,include,issuer,issuer:TW:2754,issuer:TW:2754,-,-,-,亞洲藏壽司,L2,TPEx OpenAPI 上櫃股票基本資料（完整母集）,冻结 2026-08-28 TWSE+TPEx（不含兴柜）L2 机械母集,-,human-gate://2026-08-28/H1/issuer:TW:2754,https://www.tpex.org.tw/openapi/v1/mopsfin_t187ap03_O,2026-08-28,user,2026-08-28,已裁决,l2:TPEX:2754,H1 人闸批准；仅在本行 product_scope 内有效。
h1-include-1154,manual_include,include,issuer,issuer:TW:2755,issuer:TW:2755,-,-,-,揚秦,L2,TPEx OpenAPI 上櫃股票基本資料（完整母集）,冻结 2026-08-28 TWSE+TPEx（不含兴柜）L2 机械母集,-,human-gate://2026-08-28/H1/issuer:TW:2755,https://www.tpex.org.tw/openapi/v1/mopsfin_t187ap03_O,2026-08-28,user,2026-08-28,已裁决,l2:TPEX:2755,H1 人闸批准；仅在本行 product_scope 内有效。
h1-include-1155,manual_include,include,issuer,issuer:TW:2756,issuer:TW:2756,-,-,-,聯發國際,L2,TPEx OpenAPI 上櫃股票基本資料（完整母集）,冻结 2026-08-28 TWSE+TPEx（不含兴柜）L2 机械母集,-,human-gate://2026-08-28/H1/issuer:TW:2756,https://www.tpex.org.tw/openapi/v1/mopsfin_t187ap03_O,2026-08-28,user,2026-08-28,已裁决,l2:TPEX:2756,H1 人闸批准；仅在本行 product_scope 内有效。
h1-include-1156,manual_include,include,issuer,issuer:TW:2916,issuer:TW:2916,-,-,-,滿心,L2,TPEx OpenAPI 上櫃股票基本資料（完整母集）,冻结 2026-08-28 TWSE+TPEx（不含兴柜）L2 机械母集,-,human-gate://2026-08-28/H1/issuer:TW:2916,https://www.tpex.org.tw/openapi/v1/mopsfin_t187ap03_O,2026-08-28,user,2026-08-28,已裁决,l2:TPEX:2916,H1 人闸批准；仅在本行 product_scope 内有效。
h1-include-1157,manual_include,include,issuer,issuer:TW:2924,issuer:TW:2924,-,-,-,宏太-KY,L2,TPEx OpenAPI 上櫃股票基本資料（完整母集）,冻结 2026-08-28 TWSE+TPEx（不含兴柜）L2 机械母集,-,human-gate://2026-08-28/H1/issuer:TW:2924,https://www.tpex.org.tw/openapi/v1/mopsfin_t187ap03_O,2026-08-28,user,2026-08-28,已裁决,l2:TPEX:2924,H1 人闸批准；仅在本行 product_scope 内有效。
h1-include-1158,manual_include,include,issuer,issuer:TW:2926,issuer:TW:2926,-,-,-,誠品生活,L2,TPEx OpenAPI 上櫃股票基本資料（完整母集）,冻结 2026-08-28 TWSE+TPEx（不含兴柜）L2 机械母集,-,human-gate://2026-08-28/H1/issuer:TW:2926,https://www.tpex.org.tw/openapi/v1/mopsfin_t187ap03_O,2026-08-28,user,2026-08-28,已裁决,l2:TPEX:2926,H1 人闸批准；仅在本行 product_scope 内有效。
h1-include-1159,manual_include,include,issuer,issuer:TW:2937,issuer:TW:2937,-,-,-,集雅社,L2,TPEx OpenAPI 上櫃股票基本資料（完整母集）,冻结 2026-08-28 TWSE+TPEx（不含兴柜）L2 机械母集,-,human-gate://2026-08-28/H1/issuer:TW:2937,https://www.tpex.org.tw/openapi/v1/mopsfin_t187ap03_O,2026-08-28,user,2026-08-28,已裁决,l2:TPEX:2937,H1 人闸批准；仅在本行 product_scope 内有效。
h1-include-1160,manual_include,include,issuer,issuer:TW:2941,issuer:TW:2941,-,-,-,米斯特,L2,TPEx OpenAPI 上櫃股票基本資料（完整母集）,冻结 2026-08-28 TWSE+TPEx（不含兴柜）L2 机械母集,-,human-gate://2026-08-28/H1/issuer:TW:2941,https://www.tpex.org.tw/openapi/v1/mopsfin_t187ap03_O,2026-08-28,user,2026-08-28,已裁决,l2:TPEX:2941,H1 人闸批准；仅在本行 product_scope 内有效。
h1-include-1161,manual_include,include,issuer,issuer:TW:2947,issuer:TW:2947,-,-,-,振宇五金,L2,TPEx OpenAPI 上櫃股票基本資料（完整母集）,冻结 2026-08-28 TWSE+TPEx（不含兴柜）L2 机械母集,-,human-gate://2026-08-28/H1/issuer:TW:2947,https://www.tpex.org.tw/openapi/v1/mopsfin_t187ap03_O,2026-08-28,user,2026-08-28,已裁决,l2:TPEX:2947,H1 人闸批准；仅在本行 product_scope 内有效。
h1-include-1162,manual_include,include,issuer,issuer:TW:2948,issuer:TW:2948,-,-,-,寶陞,L2,TPEx OpenAPI 上櫃股票基本資料（完整母集）,冻结 2026-08-28 TWSE+TPEx（不含兴柜）L2 机械母集,-,human-gate://2026-08-28/H1/issuer:TW:2948,https://www.tpex.org.tw/openapi/v1/mopsfin_t187ap03_O,2026-08-28,user,2026-08-28,已裁决,l2:TPEX:2948,H1 人闸批准；仅在本行 product_scope 内有效。
h1-include-1163,manual_include,include,issuer,issuer:TW:2949,issuer:TW:2949,-,-,-,欣新網,L2,TPEx OpenAPI 上櫃股票基本資料（完整母集）,冻结 2026-08-28 TWSE+TPEx（不含兴柜）L2 机械母集,-,human-gate://2026-08-28/H1/issuer:TW:2949,https://www.tpex.org.tw/openapi/v1/mopsfin_t187ap03_O,2026-08-28,user,2026-08-28,已裁决,l2:TPEX:2949,H1 人闸批准；仅在本行 product_scope 内有效。
h1-include-1164,manual_include,include,issuer,issuer:TW:3064,issuer:TW:3064,-,-,-,泰偉,L2,TPEx OpenAPI 上櫃股票基本資料（完整母集）,冻结 2026-08-28 TWSE+TPEx（不含兴柜）L2 机械母集,-,human-gate://2026-08-28/H1/issuer:TW:3064,https://www.tpex.org.tw/openapi/v1/mopsfin_t187ap03_O,2026-08-28,user,2026-08-28,已裁决,l2:TPEX:3064,H1 人闸批准；仅在本行 product_scope 内有效。
h1-include-1165,manual_include,include,issuer,issuer:TW:3066,issuer:TW:3066,-,-,-,李洲,L2,TPEx OpenAPI 上櫃股票基本資料（完整母集）,冻结 2026-08-28 TWSE+TPEx（不含兴柜）L2 机械母集,-,human-gate://2026-08-28/H1/issuer:TW:3066,https://www.tpex.org.tw/openapi/v1/mopsfin_t187ap03_O,2026-08-28,user,2026-08-28,已裁决,l2:TPEX:3066,H1 人闸批准；仅在本行 product_scope 内有效。
h1-include-1166,manual_include,include,issuer,issuer:TW:3067,issuer:TW:3067,-,-,-,全域,L2,TPEx OpenAPI 上櫃股票基本資料（完整母集）,冻结 2026-08-28 TWSE+TPEx（不含兴柜）L2 机械母集,-,human-gate://2026-08-28/H1/issuer:TW:3067,https://www.tpex.org.tw/openapi/v1/mopsfin_t187ap03_O,2026-08-28,user,2026-08-28,已裁决,l2:TPEX:3067,H1 人闸批准；仅在本行 product_scope 内有效。
h1-include-1167,manual_include,include,issuer,issuer:TW:3071,issuer:TW:3071,-,-,-,協禧,L2,TPEx OpenAPI 上櫃股票基本資料（完整母集）,冻结 2026-08-28 TWSE+TPEx（不含兴柜）L2 机械母集,-,human-gate://2026-08-28/H1/issuer:TW:3071,https://www.tpex.org.tw/openapi/v1/mopsfin_t187ap03_O,2026-08-28,user,2026-08-28,已裁决,l2:TPEX:3071,H1 人闸批准；仅在本行 product_scope 内有效。
h1-include-1168,manual_include,include,issuer,issuer:TW:3073,issuer:TW:3073,-,-,-,天方能源,L2,TPEx OpenAPI 上櫃股票基本資料（完整母集）,冻结 2026-08-28 TWSE+TPEx（不含兴柜）L2 机械母集,-,human-gate://2026-08-28/H1/issuer:TW:3073,https://www.tpex.org.tw/openapi/v1/mopsfin_t187ap03_O,2026-08-28,user,2026-08-28,已裁决,l2:TPEX:3073,H1 人闸批准；仅在本行 product_scope 内有效。
h1-include-1169,manual_include,include,issuer,issuer:TW:3078,issuer:TW:3078,-,-,-,僑威,L2,TPEx OpenAPI 上櫃股票基本資料（完整母集）,冻结 2026-08-28 TWSE+TPEx（不含兴柜）L2 机械母集,-,human-gate://2026-08-28/H1/issuer:TW:3078,https://www.tpex.org.tw/openapi/v1/mopsfin_t187ap03_O,2026-08-28,user,2026-08-28,已裁决,l2:TPEX:3078,H1 人闸批准；仅在本行 product_scope 内有效。
h1-include-1170,manual_include,include,issuer,issuer:TW:3081,issuer:TW:3081,-,-,-,聯亞,L2,TPEx OpenAPI 上櫃股票基本資料（完整母集）,冻结 2026-08-28 TWSE+TPEx（不含兴柜）L2 机械母集,-,human-gate://2026-08-28/H1/issuer:TW:3081,https://www.tpex.org.tw/openapi/v1/mopsfin_t187ap03_O,2026-08-28,user,2026-08-28,已裁决,l2:TPEX:3081,H1 人闸批准；仅在本行 product_scope 内有效。
h1-include-1171,manual_include,include,issuer,issuer:TW:3083,issuer:TW:3083,-,-,-,網龍,L2,TPEx OpenAPI 上櫃股票基本資料（完整母集）,冻结 2026-08-28 TWSE+TPEx（不含兴柜）L2 机械母集,-,human-gate://2026-08-28/H1/issuer:TW:3083,https://www.tpex.org.tw/openapi/v1/mopsfin_t187ap03_O,2026-08-28,user,2026-08-28,已裁决,l2:TPEX:3083,H1 人闸批准；仅在本行 product_scope 内有效。
h1-include-1172,manual_include,include,issuer,issuer:TW:3085,issuer:TW:3085,-,-,-,新零售,L2,TPEx OpenAPI 上櫃股票基本資料（完整母集）,冻结 2026-08-28 TWSE+TPEx（不含兴柜）L2 机械母集,-,human-gate://2026-08-28/H1/issuer:TW:3085,https://www.tpex.org.tw/openapi/v1/mopsfin_t187ap03_O,2026-08-28,user,2026-08-28,已裁决,l2:TPEX:3085,H1 人闸批准；仅在本行 product_scope 内有效。
h1-include-1173,manual_include,include,issuer,issuer:TW:3086,issuer:TW:3086,-,-,-,華義*,L2,TPEx OpenAPI 上櫃股票基本資料（完整母集）,冻结 2026-08-28 TWSE+TPEx（不含兴柜）L2 机械母集,-,human-gate://2026-08-28/H1/issuer:TW:3086,https://www.tpex.org.tw/openapi/v1/mopsfin_t187ap03_O,2026-08-28,user,2026-08-28,已裁决,l2:TPEX:3086,H1 人闸批准；仅在本行 product_scope 内有效。
h1-include-1174,manual_include,include,issuer,issuer:TW:3088,issuer:TW:3088,-,-,-,艾訊,L2,TPEx OpenAPI 上櫃股票基本資料（完整母集）,冻结 2026-08-28 TWSE+TPEx（不含兴柜）L2 机械母集,-,human-gate://2026-08-28/H1/issuer:TW:3088,https://www.tpex.org.tw/openapi/v1/mopsfin_t187ap03_O,2026-08-28,user,2026-08-28,已裁决,l2:TPEX:3088,H1 人闸批准；仅在本行 product_scope 内有效。
h1-include-1175,manual_include,include,issuer,issuer:TW:3093,issuer:TW:3093,-,-,-,港建*,L2,TPEx OpenAPI 上櫃股票基本資料（完整母集）,冻结 2026-08-28 TWSE+TPEx（不含兴柜）L2 机械母集,-,human-gate://2026-08-28/H1/issuer:TW:3093,https://www.tpex.org.tw/openapi/v1/mopsfin_t187ap03_O,2026-08-28,user,2026-08-28,已裁决,l2:TPEX:3093,H1 人闸批准；仅在本行 product_scope 内有效。
h1-include-1176,manual_include,include,issuer,issuer:TW:3095,issuer:TW:3095,-,-,-,及成,L2,TPEx OpenAPI 上櫃股票基本資料（完整母集）,冻结 2026-08-28 TWSE+TPEx（不含兴柜）L2 机械母集,-,human-gate://2026-08-28/H1/issuer:TW:3095,https://www.tpex.org.tw/openapi/v1/mopsfin_t187ap03_O,2026-08-28,user,2026-08-28,已裁决,l2:TPEX:3095,H1 人闸批准；仅在本行 product_scope 内有效。
h1-include-1177,manual_include,include,issuer,issuer:TW:3105,issuer:TW:3105,-,-,-,穩懋,L2,TPEx OpenAPI 上櫃股票基本資料（完整母集）,冻结 2026-08-28 TWSE+TPEx（不含兴柜）L2 机械母集,-,human-gate://2026-08-28/H1/issuer:TW:3105,https://www.tpex.org.tw/openapi/v1/mopsfin_t187ap03_O,2026-08-28,user,2026-08-28,已裁决,l2:TPEX:3105,H1 人闸批准；仅在本行 product_scope 内有效。
h1-include-1178,manual_include,include,issuer,issuer:TW:3114,issuer:TW:3114,-,-,-,好德,L2,TPEx OpenAPI 上櫃股票基本資料（完整母集）,冻结 2026-08-28 TWSE+TPEx（不含兴柜）L2 机械母集,-,human-gate://2026-08-28/H1/issuer:TW:3114,https://www.tpex.org.tw/openapi/v1/mopsfin_t187ap03_O,2026-08-28,user,2026-08-28,已裁决,l2:TPEX:3114,H1 人闸批准；仅在本行 product_scope 内有效。
h1-include-1179,manual_include,include,issuer,issuer:TW:3115,issuer:TW:3115,-,-,-,富榮綱,L2,TPEx OpenAPI 上櫃股票基本資料（完整母集）,冻结 2026-08-28 TWSE+TPEx（不含兴柜）L2 机械母集,-,human-gate://2026-08-28/H1/issuer:TW:3115,https://www.tpex.org.tw/openapi/v1/mopsfin_t187ap03_O,2026-08-28,user,2026-08-28,已裁决,l2:TPEX:3115,H1 人闸批准；仅在本行 product_scope 内有效。
h1-include-1180,manual_include,include,issuer,issuer:TW:3118,issuer:TW:3118,-,-,-,進階,L2,TPEx OpenAPI 上櫃股票基本資料（完整母集）,冻结 2026-08-28 TWSE+TPEx（不含兴柜）L2 机械母集,-,human-gate://2026-08-28/H1/issuer:TW:3118,https://www.tpex.org.tw/openapi/v1/mopsfin_t187ap03_O,2026-08-28,user,2026-08-28,已裁决,l2:TPEX:3118,H1 人闸批准；仅在本行 product_scope 内有效。
h1-include-1181,manual_include,include,issuer,issuer:TW:3122,issuer:TW:3122,-,-,-,笙泉,L2,TPEx OpenAPI 上櫃股票基本資料（完整母集）,冻结 2026-08-28 TWSE+TPEx（不含兴柜）L2 机械母集,-,human-gate://2026-08-28/H1/issuer:TW:3122,https://www.tpex.org.tw/openapi/v1/mopsfin_t187ap03_O,2026-08-28,user,2026-08-28,已裁决,l2:TPEX:3122,H1 人闸批准；仅在本行 product_scope 内有效。
h1-include-1182,manual_include,include,issuer,issuer:TW:3128,issuer:TW:3128,-,-,-,昇銳,L2,TPEx OpenAPI 上櫃股票基本資料（完整母集）,冻结 2026-08-28 TWSE+TPEx（不含兴柜）L2 机械母集,-,human-gate://2026-08-28/H1/issuer:TW:3128,https://www.tpex.org.tw/openapi/v1/mopsfin_t187ap03_O,2026-08-28,user,2026-08-28,已裁决,l2:TPEX:3128,H1 人闸批准；仅在本行 product_scope 内有效。
h1-include-1183,manual_include,include,issuer,issuer:TW:3131,issuer:TW:3131,-,-,-,弘塑,L2,TPEx OpenAPI 上櫃股票基本資料（完整母集）,冻结 2026-08-28 TWSE+TPEx（不含兴柜）L2 机械母集,-,human-gate://2026-08-28/H1/issuer:TW:3131,https://www.tpex.org.tw/openapi/v1/mopsfin_t187ap03_O,2026-08-28,user,2026-08-28,已裁决,l2:TPEX:3131,H1 人闸批准；仅在本行 product_scope 内有效。
h1-include-1184,manual_include,include,issuer,issuer:TW:3141,issuer:TW:3141,-,-,-,晶宏,L2,TPEx OpenAPI 上櫃股票基本資料（完整母集）,冻结 2026-08-28 TWSE+TPEx（不含兴柜）L2 机械母集,-,human-gate://2026-08-28/H1/issuer:TW:3141,https://www.tpex.org.tw/openapi/v1/mopsfin_t187ap03_O,2026-08-28,user,2026-08-28,已裁决,l2:TPEX:3141,H1 人闸批准；仅在本行 product_scope 内有效。
h1-include-1185,manual_include,include,issuer,issuer:TW:3147,issuer:TW:3147,-,-,-,大綜,L2,TPEx OpenAPI 上櫃股票基本資料（完整母集）,冻结 2026-08-28 TWSE+TPEx（不含兴柜）L2 机械母集,-,human-gate://2026-08-28/H1/issuer:TW:3147,https://www.tpex.org.tw/openapi/v1/mopsfin_t187ap03_O,2026-08-28,user,2026-08-28,已裁决,l2:TPEX:3147,H1 人闸批准；仅在本行 product_scope 内有效。
h1-include-1186,manual_include,include,issuer,issuer:TW:3152,issuer:TW:3152,-,-,-,璟德,L2,TPEx OpenAPI 上櫃股票基本資料（完整母集）,冻结 2026-08-28 TWSE+TPEx（不含兴柜）L2 机械母集,-,human-gate://2026-08-28/H1/issuer:TW:3152,https://www.tpex.org.tw/openapi/v1/mopsfin_t187ap03_O,2026-08-28,user,2026-08-28,已裁决,l2:TPEX:3152,H1 人闸批准；仅在本行 product_scope 内有效。
h1-include-1187,manual_include,include,issuer,issuer:TW:3158,issuer:TW:3158,-,-,-,嘉實,L2,TPEx OpenAPI 上櫃股票基本資料（完整母集）,冻结 2026-08-28 TWSE+TPEx（不含兴柜）L2 机械母集,-,human-gate://2026-08-28/H1/issuer:TW:3158,https://www.tpex.org.tw/openapi/v1/mopsfin_t187ap03_O,2026-08-28,user,2026-08-28,已裁决,l2:TPEX:3158,H1 人闸批准；仅在本行 product_scope 内有效。
h1-include-1188,manual_include,include,issuer,issuer:TW:3162,issuer:TW:3162,-,-,-,精確,L2,TPEx OpenAPI 上櫃股票基本資料（完整母集）,冻结 2026-08-28 TWSE+TPEx（不含兴柜）L2 机械母集,-,human-gate://2026-08-28/H1/issuer:TW:3162,https://www.tpex.org.tw/openapi/v1/mopsfin_t187ap03_O,2026-08-28,user,2026-08-28,已裁决,l2:TPEX:3162,H1 人闸批准；仅在本行 product_scope 内有效。
h1-include-1189,manual_include,include,issuer,issuer:TW:3163,issuer:TW:3163,-,-,-,波若威,L2,TPEx OpenAPI 上櫃股票基本資料（完整母集）,冻结 2026-08-28 TWSE+TPEx（不含兴柜）L2 机械母集,-,human-gate://2026-08-28/H1/issuer:TW:3163,https://www.tpex.org.tw/openapi/v1/mopsfin_t187ap03_O,2026-08-28,user,2026-08-28,已裁决,l2:TPEX:3163,H1 人闸批准；仅在本行 product_scope 内有效。
h1-include-1190,manual_include,include,issuer,issuer:TW:3169,issuer:TW:3169,-,-,-,亞信,L2,TPEx OpenAPI 上櫃股票基本資料（完整母集）,冻结 2026-08-28 TWSE+TPEx（不含兴柜）L2 机械母集,-,human-gate://2026-08-28/H1/issuer:TW:3169,https://www.tpex.org.tw/openapi/v1/mopsfin_t187ap03_O,2026-08-28,user,2026-08-28,已裁决,l2:TPEX:3169,H1 人闸批准；仅在本行 product_scope 内有效。
h1-include-1191,manual_include,include,issuer,issuer:TW:3171,issuer:TW:3171,-,-,-,炎洲流通,L2,TPEx OpenAPI 上櫃股票基本資料（完整母集）,冻结 2026-08-28 TWSE+TPEx（不含兴柜）L2 机械母集,-,human-gate://2026-08-28/H1/issuer:TW:3171,https://www.tpex.org.tw/openapi/v1/mopsfin_t187ap03_O,2026-08-28,user,2026-08-28,已裁决,l2:TPEX:3171,H1 人闸批准；仅在本行 product_scope 内有效。
h1-include-1192,manual_include,include,issuer,issuer:TW:3176,issuer:TW:3176,-,-,-,基亞,L2,TPEx OpenAPI 上櫃股票基本資料（完整母集）,冻结 2026-08-28 TWSE+TPEx（不含兴柜）L2 机械母集,-,human-gate://2026-08-28/H1/issuer:TW:3176,https://www.tpex.org.tw/openapi/v1/mopsfin_t187ap03_O,2026-08-28,user,2026-08-28,已裁决,l2:TPEX:3176,H1 人闸批准；仅在本行 product_scope 内有效。
h1-include-1193,manual_include,include,issuer,issuer:TW:3178,issuer:TW:3178,-,-,-,公準,L2,TPEx OpenAPI 上櫃股票基本資料（完整母集）,冻结 2026-08-28 TWSE+TPEx（不含兴柜）L2 机械母集,-,human-gate://2026-08-28/H1/issuer:TW:3178,https://www.tpex.org.tw/openapi/v1/mopsfin_t187ap03_O,2026-08-28,user,2026-08-28,已裁决,l2:TPEX:3178,H1 人闸批准；仅在本行 product_scope 内有效。
h1-include-1194,manual_include,include,issuer,issuer:TW:3188,issuer:TW:3188,-,-,-,鑫龍騰,L2,TPEx OpenAPI 上櫃股票基本資料（完整母集）,冻结 2026-08-28 TWSE+TPEx（不含兴柜）L2 机械母集,-,human-gate://2026-08-28/H1/issuer:TW:3188,https://www.tpex.org.tw/openapi/v1/mopsfin_t187ap03_O,2026-08-28,user,2026-08-28,已裁决,l2:TPEX:3188,H1 人闸批准；仅在本行 product_scope 内有效。
h1-include-1195,manual_include,include,issuer,issuer:TW:3191,issuer:TW:3191,-,-,-,雲嘉南,L2,TPEx OpenAPI 上櫃股票基本資料（完整母集）,冻结 2026-08-28 TWSE+TPEx（不含兴柜）L2 机械母集,-,human-gate://2026-08-28/H1/issuer:TW:3191,https://www.tpex.org.tw/openapi/v1/mopsfin_t187ap03_O,2026-08-28,user,2026-08-28,已裁决,l2:TPEX:3191,H1 人闸批准；仅在本行 product_scope 内有效。
h1-include-1196,manual_include,include,issuer,issuer:TW:3205,issuer:TW:3205,-,-,-,佰研,L2,TPEx OpenAPI 上櫃股票基本資料（完整母集）,冻结 2026-08-28 TWSE+TPEx（不含兴柜）L2 机械母集,-,human-gate://2026-08-28/H1/issuer:TW:3205,https://www.tpex.org.tw/openapi/v1/mopsfin_t187ap03_O,2026-08-28,user,2026-08-28,已裁决,l2:TPEX:3205,H1 人闸批准；仅在本行 product_scope 内有效。
h1-include-1197,manual_include,include,issuer,issuer:TW:3206,issuer:TW:3206,-,-,-,志豐,L2,TPEx OpenAPI 上櫃股票基本資料（完整母集）,冻结 2026-08-28 TWSE+TPEx（不含兴柜）L2 机械母集,-,human-gate://2026-08-28/H1/issuer:TW:3206,https://www.tpex.org.tw/openapi/v1/mopsfin_t187ap03_O,2026-08-28,user,2026-08-28,已裁决,l2:TPEX:3206,H1 人闸批准；仅在本行 product_scope 内有效。
h1-include-1198,manual_include,include,issuer,issuer:TW:3207,issuer:TW:3207,-,-,-,耀勝,L2,TPEx OpenAPI 上櫃股票基本資料（完整母集）,冻结 2026-08-28 TWSE+TPEx（不含兴柜）L2 机械母集,-,human-gate://2026-08-28/H1/issuer:TW:3207,https://www.tpex.org.tw/openapi/v1/mopsfin_t187ap03_O,2026-08-28,user,2026-08-28,已裁决,l2:TPEX:3207,H1 人闸批准；仅在本行 product_scope 内有效。
h1-include-1199,manual_include,include,issuer,issuer:TW:3211,issuer:TW:3211,-,-,-,順達,L2,TPEx OpenAPI 上櫃股票基本資料（完整母集）,冻结 2026-08-28 TWSE+TPEx（不含兴柜）L2 机械母集,-,human-gate://2026-08-28/H1/issuer:TW:3211,https://www.tpex.org.tw/openapi/v1/mopsfin_t187ap03_O,2026-08-28,user,2026-08-28,已裁决,l2:TPEX:3211,H1 人闸批准；仅在本行 product_scope 内有效。
h1-include-1200,manual_include,include,issuer,issuer:TW:3213,issuer:TW:3213,-,-,-,茂訊,L2,TPEx OpenAPI 上櫃股票基本資料（完整母集）,冻结 2026-08-28 TWSE+TPEx（不含兴柜）L2 机械母集,-,human-gate://2026-08-28/H1/issuer:TW:3213,https://www.tpex.org.tw/openapi/v1/mopsfin_t187ap03_O,2026-08-28,user,2026-08-28,已裁决,l2:TPEX:3213,H1 人闸批准；仅在本行 product_scope 内有效。
h1-include-1201,manual_include,include,issuer,issuer:TW:3217,issuer:TW:3217,-,-,-,優群,L2,TPEx OpenAPI 上櫃股票基本資料（完整母集）,冻结 2026-08-28 TWSE+TPEx（不含兴柜）L2 机械母集,-,human-gate://2026-08-28/H1/issuer:TW:3217,https://www.tpex.org.tw/openapi/v1/mopsfin_t187ap03_O,2026-08-28,user,2026-08-28,已裁决,l2:TPEX:3217,H1 人闸批准；仅在本行 product_scope 内有效。
h1-include-1202,manual_include,include,issuer,issuer:TW:3218,issuer:TW:3218,-,-,-,大學光,L2,TPEx OpenAPI 上櫃股票基本資料（完整母集）,冻结 2026-08-28 TWSE+TPEx（不含兴柜）L2 机械母集,-,human-gate://2026-08-28/H1/issuer:TW:3218,https://www.tpex.org.tw/openapi/v1/mopsfin_t187ap03_O,2026-08-28,user,2026-08-28,已裁决,l2:TPEX:3218,H1 人闸批准；仅在本行 product_scope 内有效。
h1-include-1203,manual_include,include,issuer,issuer:TW:3219,issuer:TW:3219,-,-,-,倚強科,L2,TPEx OpenAPI 上櫃股票基本資料（完整母集）,冻结 2026-08-28 TWSE+TPEx（不含兴柜）L2 机械母集,-,human-gate://2026-08-28/H1/issuer:TW:3219,https://www.tpex.org.tw/openapi/v1/mopsfin_t187ap03_O,2026-08-28,user,2026-08-28,已裁决,l2:TPEX:3219,H1 人闸批准；仅在本行 product_scope 内有效。
h1-include-1204,manual_include,include,issuer,issuer:TW:3221,issuer:TW:3221,-,-,-,台嘉碩,L2,TPEx OpenAPI 上櫃股票基本資料（完整母集）,冻结 2026-08-28 TWSE+TPEx（不含兴柜）L2 机械母集,-,human-gate://2026-08-28/H1/issuer:TW:3221,https://www.tpex.org.tw/openapi/v1/mopsfin_t187ap03_O,2026-08-28,user,2026-08-28,已裁决,l2:TPEX:3221,H1 人闸批准；仅在本行 product_scope 内有效。
h1-include-1205,manual_include,include,issuer,issuer:TW:3224,issuer:TW:3224,-,-,-,三顧,L2,TPEx OpenAPI 上櫃股票基本資料（完整母集）,冻结 2026-08-28 TWSE+TPEx（不含兴柜）L2 机械母集,-,human-gate://2026-08-28/H1/issuer:TW:3224,https://www.tpex.org.tw/openapi/v1/mopsfin_t187ap03_O,2026-08-28,user,2026-08-28,已裁决,l2:TPEX:3224,H1 人闸批准；仅在本行 product_scope 内有效。
h1-include-1206,manual_include,include,issuer,issuer:TW:3226,issuer:TW:3226,-,-,-,龍鋒,L2,TPEx OpenAPI 上櫃股票基本資料（完整母集）,冻结 2026-08-28 TWSE+TPEx（不含兴柜）L2 机械母集,-,human-gate://2026-08-28/H1/issuer:TW:3226,https://www.tpex.org.tw/openapi/v1/mopsfin_t187ap03_O,2026-08-28,user,2026-08-28,已裁决,l2:TPEX:3226,H1 人闸批准；仅在本行 product_scope 内有效。
h1-include-1207,manual_include,include,issuer,issuer:TW:3227,issuer:TW:3227,-,-,-,原相,L2,TPEx OpenAPI 上櫃股票基本資料（完整母集）,冻结 2026-08-28 TWSE+TPEx（不含兴柜）L2 机械母集,-,human-gate://2026-08-28/H1/issuer:TW:3227,https://www.tpex.org.tw/openapi/v1/mopsfin_t187ap03_O,2026-08-28,user,2026-08-28,已裁决,l2:TPEX:3227,H1 人闸批准；仅在本行 product_scope 内有效。
h1-include-1208,manual_include,include,issuer,issuer:TW:3228,issuer:TW:3228,-,-,-,金麗科,L2,TPEx OpenAPI 上櫃股票基本資料（完整母集）,冻结 2026-08-28 TWSE+TPEx（不含兴柜）L2 机械母集,-,human-gate://2026-08-28/H1/issuer:TW:3228,https://www.tpex.org.tw/openapi/v1/mopsfin_t187ap03_O,2026-08-28,user,2026-08-28,已裁决,l2:TPEX:3228,H1 人闸批准；仅在本行 product_scope 内有效。
h1-include-1209,manual_include,include,issuer,issuer:TW:3230,issuer:TW:3230,-,-,-,錦明,L2,TPEx OpenAPI 上櫃股票基本資料（完整母集）,冻结 2026-08-28 TWSE+TPEx（不含兴柜）L2 机械母集,-,human-gate://2026-08-28/H1/issuer:TW:3230,https://www.tpex.org.tw/openapi/v1/mopsfin_t187ap03_O,2026-08-28,user,2026-08-28,已裁决,l2:TPEX:3230,H1 人闸批准；仅在本行 product_scope 内有效。
h1-include-1210,manual_include,include,issuer,issuer:TW:3232,issuer:TW:3232,-,-,-,昱捷,L2,TPEx OpenAPI 上櫃股票基本資料（完整母集）,冻结 2026-08-28 TWSE+TPEx（不含兴柜）L2 机械母集,-,human-gate://2026-08-28/H1/issuer:TW:3232,https://www.tpex.org.tw/openapi/v1/mopsfin_t187ap03_O,2026-08-28,user,2026-08-28,已裁决,l2:TPEX:3232,H1 人闸批准；仅在本行 product_scope 内有效。
h1-include-1211,manual_include,include,issuer,issuer:TW:3234,issuer:TW:3234,-,-,-,光環,L2,TPEx OpenAPI 上櫃股票基本資料（完整母集）,冻结 2026-08-28 TWSE+TPEx（不含兴柜）L2 机械母集,-,human-gate://2026-08-28/H1/issuer:TW:3234,https://www.tpex.org.tw/openapi/v1/mopsfin_t187ap03_O,2026-08-28,user,2026-08-28,已裁决,l2:TPEX:3234,H1 人闸批准；仅在本行 product_scope 内有效。
h1-include-1212,manual_include,include,issuer,issuer:TW:3236,issuer:TW:3236,-,-,-,千如,L2,TPEx OpenAPI 上櫃股票基本資料（完整母集）,冻结 2026-08-28 TWSE+TPEx（不含兴柜）L2 机械母集,-,human-gate://2026-08-28/H1/issuer:TW:3236,https://www.tpex.org.tw/openapi/v1/mopsfin_t187ap03_O,2026-08-28,user,2026-08-28,已裁决,l2:TPEX:3236,H1 人闸批准；仅在本行 product_scope 内有效。
h1-include-1213,manual_include,include,issuer,issuer:TW:3252,issuer:TW:3252,-,-,-,海灣,L2,TPEx OpenAPI 上櫃股票基本資料（完整母集）,冻结 2026-08-28 TWSE+TPEx（不含兴柜）L2 机械母集,-,human-gate://2026-08-28/H1/issuer:TW:3252,https://www.tpex.org.tw/openapi/v1/mopsfin_t187ap03_O,2026-08-28,user,2026-08-28,已裁决,l2:TPEX:3252,H1 人闸批准；仅在本行 product_scope 内有效。
h1-include-1214,manual_include,include,issuer,issuer:TW:3259,issuer:TW:3259,-,-,-,鑫創,L2,TPEx OpenAPI 上櫃股票基本資料（完整母集）,冻结 2026-08-28 TWSE+TPEx（不含兴柜）L2 机械母集,-,human-gate://2026-08-28/H1/issuer:TW:3259,https://www.tpex.org.tw/openapi/v1/mopsfin_t187ap03_O,2026-08-28,user,2026-08-28,已裁决,l2:TPEX:3259,H1 人闸批准；仅在本行 product_scope 内有效。
h1-include-1215,manual_include,include,issuer,issuer:TW:3260,issuer:TW:3260,-,-,-,威剛,L2,TPEx OpenAPI 上櫃股票基本資料（完整母集）,冻结 2026-08-28 TWSE+TPEx（不含兴柜）L2 机械母集,-,human-gate://2026-08-28/H1/issuer:TW:3260,https://www.tpex.org.tw/openapi/v1/mopsfin_t187ap03_O,2026-08-28,user,2026-08-28,已裁决,l2:TPEX:3260,H1 人闸批准；仅在本行 product_scope 内有效。
h1-include-1216,manual_include,include,issuer,issuer:TW:3264,issuer:TW:3264,-,-,-,欣銓,L2,TPEx OpenAPI 上櫃股票基本資料（完整母集）,冻结 2026-08-28 TWSE+TPEx（不含兴柜）L2 机械母集,-,human-gate://2026-08-28/H1/issuer:TW:3264,https://www.tpex.org.tw/openapi/v1/mopsfin_t187ap03_O,2026-08-28,user,2026-08-28,已裁决,l2:TPEX:3264,H1 人闸批准；仅在本行 product_scope 内有效。
h1-include-1217,manual_include,include,issuer,issuer:TW:3265,issuer:TW:3265,-,-,-,台星科,L2,TPEx OpenAPI 上櫃股票基本資料（完整母集）,冻结 2026-08-28 TWSE+TPEx（不含兴柜）L2 机械母集,-,human-gate://2026-08-28/H1/issuer:TW:3265,https://www.tpex.org.tw/openapi/v1/mopsfin_t187ap03_O,2026-08-28,user,2026-08-28,已裁决,l2:TPEX:3265,H1 人闸批准；仅在本行 product_scope 内有效。
h1-include-1218,manual_include,include,issuer,issuer:TW:3268,issuer:TW:3268,-,-,-,海德威,L2,TPEx OpenAPI 上櫃股票基本資料（完整母集）,冻结 2026-08-28 TWSE+TPEx（不含兴柜）L2 机械母集,-,human-gate://2026-08-28/H1/issuer:TW:3268,https://www.tpex.org.tw/openapi/v1/mopsfin_t187ap03_O,2026-08-28,user,2026-08-28,已裁决,l2:TPEX:3268,H1 人闸批准；仅在本行 product_scope 内有效。
h1-include-1219,manual_include,include,issuer,issuer:TW:3272,issuer:TW:3272,-,-,-,東碩,L2,TPEx OpenAPI 上櫃股票基本資料（完整母集）,冻结 2026-08-28 TWSE+TPEx（不含兴柜）L2 机械母集,-,human-gate://2026-08-28/H1/issuer:TW:3272,https://www.tpex.org.tw/openapi/v1/mopsfin_t187ap03_O,2026-08-28,user,2026-08-28,已裁决,l2:TPEX:3272,H1 人闸批准；仅在本行 product_scope 内有效。
h1-include-1220,manual_include,include,issuer,issuer:TW:3276,issuer:TW:3276,-,-,-,宇環,L2,TPEx OpenAPI 上櫃股票基本資料（完整母集）,冻结 2026-08-28 TWSE+TPEx（不含兴柜）L2 机械母集,-,human-gate://2026-08-28/H1/issuer:TW:3276,https://www.tpex.org.tw/openapi/v1/mopsfin_t187ap03_O,2026-08-28,user,2026-08-28,已裁决,l2:TPEX:3276,H1 人闸批准；仅在本行 product_scope 内有效。
h1-include-1221,manual_include,include,issuer,issuer:TW:3284,issuer:TW:3284,-,-,-,太普高,L2,TPEx OpenAPI 上櫃股票基本資料（完整母集）,冻结 2026-08-28 TWSE+TPEx（不含兴柜）L2 机械母集,-,human-gate://2026-08-28/H1/issuer:TW:3284,https://www.tpex.org.tw/openapi/v1/mopsfin_t187ap03_O,2026-08-28,user,2026-08-28,已裁决,l2:TPEX:3284,H1 人闸批准；仅在本行 product_scope 内有效。
h1-include-1222,manual_include,include,issuer,issuer:TW:3285,issuer:TW:3285,-,-,-,微端,L2,TPEx OpenAPI 上櫃股票基本資料（完整母集）,冻结 2026-08-28 TWSE+TPEx（不含兴柜）L2 机械母集,-,human-gate://2026-08-28/H1/issuer:TW:3285,https://www.tpex.org.tw/openapi/v1/mopsfin_t187ap03_O,2026-08-28,user,2026-08-28,已裁决,l2:TPEX:3285,H1 人闸批准；仅在本行 product_scope 内有效。
h1-include-1223,manual_include,include,issuer,issuer:TW:3287,issuer:TW:3287,-,-,-,廣寰科,L2,TPEx OpenAPI 上櫃股票基本資料（完整母集）,冻结 2026-08-28 TWSE+TPEx（不含兴柜）L2 机械母集,-,human-gate://2026-08-28/H1/issuer:TW:3287,https://www.tpex.org.tw/openapi/v1/mopsfin_t187ap03_O,2026-08-28,user,2026-08-28,已裁决,l2:TPEX:3287,H1 人闸批准；仅在本行 product_scope 内有效。
h1-include-1224,manual_include,include,issuer,issuer:TW:3288,issuer:TW:3288,-,-,-,點晶,L2,TPEx OpenAPI 上櫃股票基本資料（完整母集）,冻结 2026-08-28 TWSE+TPEx（不含兴柜）L2 机械母集,-,human-gate://2026-08-28/H1/issuer:TW:3288,https://www.tpex.org.tw/openapi/v1/mopsfin_t187ap03_O,2026-08-28,user,2026-08-28,已裁决,l2:TPEX:3288,H1 人闸批准；仅在本行 product_scope 内有效。
h1-include-1225,manual_include,include,issuer,issuer:TW:3289,issuer:TW:3289,-,-,-,宜特,L2,TPEx OpenAPI 上櫃股票基本資料（完整母集）,冻结 2026-08-28 TWSE+TPEx（不含兴柜）L2 机械母集,-,human-gate://2026-08-28/H1/issuer:TW:3289,https://www.tpex.org.tw/openapi/v1/mopsfin_t187ap03_O,2026-08-28,user,2026-08-28,已裁决,l2:TPEX:3289,H1 人闸批准；仅在本行 product_scope 内有效。
h1-include-1226,manual_include,include,issuer,issuer:TW:3290,issuer:TW:3290,-,-,-,東浦,L2,TPEx OpenAPI 上櫃股票基本資料（完整母集）,冻结 2026-08-28 TWSE+TPEx（不含兴柜）L2 机械母集,-,human-gate://2026-08-28/H1/issuer:TW:3290,https://www.tpex.org.tw/openapi/v1/mopsfin_t187ap03_O,2026-08-28,user,2026-08-28,已裁决,l2:TPEX:3290,H1 人闸批准；仅在本行 product_scope 内有效。
h1-include-1227,manual_include,include,issuer,issuer:TW:3293,issuer:TW:3293,-,-,-,鈊象,L2,TPEx OpenAPI 上櫃股票基本資料（完整母集）,冻结 2026-08-28 TWSE+TPEx（不含兴柜）L2 机械母集,-,human-gate://2026-08-28/H1/issuer:TW:3293,https://www.tpex.org.tw/openapi/v1/mopsfin_t187ap03_O,2026-08-28,user,2026-08-28,已裁决,l2:TPEX:3293,H1 人闸批准；仅在本行 product_scope 内有效。
h1-include-1228,manual_include,include,issuer,issuer:TW:3294,issuer:TW:3294,-,-,-,英濟,L2,TPEx OpenAPI 上櫃股票基本資料（完整母集）,冻结 2026-08-28 TWSE+TPEx（不含兴柜）L2 机械母集,-,human-gate://2026-08-28/H1/issuer:TW:3294,https://www.tpex.org.tw/openapi/v1/mopsfin_t187ap03_O,2026-08-28,user,2026-08-28,已裁决,l2:TPEX:3294,H1 人闸批准；仅在本行 product_scope 内有效。
h1-include-1229,manual_include,include,issuer,issuer:TW:3297,issuer:TW:3297,-,-,-,杭特,L2,TPEx OpenAPI 上櫃股票基本資料（完整母集）,冻结 2026-08-28 TWSE+TPEx（不含兴柜）L2 机械母集,-,human-gate://2026-08-28/H1/issuer:TW:3297,https://www.tpex.org.tw/openapi/v1/mopsfin_t187ap03_O,2026-08-28,user,2026-08-28,已裁决,l2:TPEX:3297,H1 人闸批准；仅在本行 product_scope 内有效。
h1-include-1230,manual_include,include,issuer,issuer:TW:3303,issuer:TW:3303,-,-,-,岱稜,L2,TPEx OpenAPI 上櫃股票基本資料（完整母集）,冻结 2026-08-28 TWSE+TPEx（不含兴柜）L2 机械母集,-,human-gate://2026-08-28/H1/issuer:TW:3303,https://www.tpex.org.tw/openapi/v1/mopsfin_t187ap03_O,2026-08-28,user,2026-08-28,已裁决,l2:TPEX:3303,H1 人闸批准；仅在本行 product_scope 内有效。
h1-include-1231,manual_include,include,issuer,issuer:TW:3306,issuer:TW:3306,-,-,-,鼎天,L2,TPEx OpenAPI 上櫃股票基本資料（完整母集）,冻结 2026-08-28 TWSE+TPEx（不含兴柜）L2 机械母集,-,human-gate://2026-08-28/H1/issuer:TW:3306,https://www.tpex.org.tw/openapi/v1/mopsfin_t187ap03_O,2026-08-28,user,2026-08-28,已裁决,l2:TPEX:3306,H1 人闸批准；仅在本行 product_scope 内有效。
h1-include-1232,manual_include,include,issuer,issuer:TW:3310,issuer:TW:3310,-,-,-,佳穎,L2,TPEx OpenAPI 上櫃股票基本資料（完整母集）,冻结 2026-08-28 TWSE+TPEx（不含兴柜）L2 机械母集,-,human-gate://2026-08-28/H1/issuer:TW:3310,https://www.tpex.org.tw/openapi/v1/mopsfin_t187ap03_O,2026-08-28,user,2026-08-28,已裁决,l2:TPEX:3310,H1 人闸批准；仅在本行 product_scope 内有效。
h1-include-1233,manual_include,include,issuer,issuer:TW:3313,issuer:TW:3313,-,-,-,斐成,L2,TPEx OpenAPI 上櫃股票基本資料（完整母集）,冻结 2026-08-28 TWSE+TPEx（不含兴柜）L2 机械母集,-,human-gate://2026-08-28/H1/issuer:TW:3313,https://www.tpex.org.tw/openapi/v1/mopsfin_t187ap03_O,2026-08-28,user,2026-08-28,已裁决,l2:TPEX:3313,H1 人闸批准；仅在本行 product_scope 内有效。
h1-include-1234,manual_include,include,issuer,issuer:TW:3317,issuer:TW:3317,-,-,-,尼克森,L2,TPEx OpenAPI 上櫃股票基本資料（完整母集）,冻结 2026-08-28 TWSE+TPEx（不含兴柜）L2 机械母集,-,human-gate://2026-08-28/H1/issuer:TW:3317,https://www.tpex.org.tw/openapi/v1/mopsfin_t187ap03_O,2026-08-28,user,2026-08-28,已裁决,l2:TPEX:3317,H1 人闸批准；仅在本行 product_scope 内有效。
h1-include-1235,manual_include,include,issuer,issuer:TW:3322,issuer:TW:3322,-,-,-,建舜電,L2,TPEx OpenAPI 上櫃股票基本資料（完整母集）,冻结 2026-08-28 TWSE+TPEx（不含兴柜）L2 机械母集,-,human-gate://2026-08-28/H1/issuer:TW:3322,https://www.tpex.org.tw/openapi/v1/mopsfin_t187ap03_O,2026-08-28,user,2026-08-28,已裁决,l2:TPEX:3322,H1 人闸批准；仅在本行 product_scope 内有效。
h1-include-1236,manual_include,include,issuer,issuer:TW:3323,issuer:TW:3323,-,-,-,加百裕,L2,TPEx OpenAPI 上櫃股票基本資料（完整母集）,冻结 2026-08-28 TWSE+TPEx（不含兴柜）L2 机械母集,-,human-gate://2026-08-28/H1/issuer:TW:3323,https://www.tpex.org.tw/openapi/v1/mopsfin_t187ap03_O,2026-08-28,user,2026-08-28,已裁决,l2:TPEX:3323,H1 人闸批准；仅在本行 product_scope 内有效。
h1-include-1237,manual_include,include,issuer,issuer:TW:3324,issuer:TW:3324,-,-,-,雙鴻,L2,TPEx OpenAPI 上櫃股票基本資料（完整母集）,冻结 2026-08-28 TWSE+TPEx（不含兴柜）L2 机械母集,-,human-gate://2026-08-28/H1/issuer:TW:3324,https://www.tpex.org.tw/openapi/v1/mopsfin_t187ap03_O,2026-08-28,user,2026-08-28,已裁决,l2:TPEX:3324,H1 人闸批准；仅在本行 product_scope 内有效。
h1-include-1238,manual_include,include,issuer,issuer:TW:3325,issuer:TW:3325,-,-,-,旭品,L2,TPEx OpenAPI 上櫃股票基本資料（完整母集）,冻结 2026-08-28 TWSE+TPEx（不含兴柜）L2 机械母集,-,human-gate://2026-08-28/H1/issuer:TW:3325,https://www.tpex.org.tw/openapi/v1/mopsfin_t187ap03_O,2026-08-28,user,2026-08-28,已裁决,l2:TPEX:3325,H1 人闸批准；仅在本行 product_scope 内有效。
h1-include-1239,manual_include,include,issuer,issuer:TW:3332,issuer:TW:3332,-,-,-,幸康,L2,TPEx OpenAPI 上櫃股票基本資料（完整母集）,冻结 2026-08-28 TWSE+TPEx（不含兴柜）L2 机械母集,-,human-gate://2026-08-28/H1/issuer:TW:3332,https://www.tpex.org.tw/openapi/v1/mopsfin_t187ap03_O,2026-08-28,user,2026-08-28,已裁决,l2:TPEX:3332,H1 人闸批准；仅在本行 product_scope 内有效。
h1-include-1240,manual_include,include,issuer,issuer:TW:3339,issuer:TW:3339,-,-,-,泰谷,L2,TPEx OpenAPI 上櫃股票基本資料（完整母集）,冻结 2026-08-28 TWSE+TPEx（不含兴柜）L2 机械母集,-,human-gate://2026-08-28/H1/issuer:TW:3339,https://www.tpex.org.tw/openapi/v1/mopsfin_t187ap03_O,2026-08-28,user,2026-08-28,已裁决,l2:TPEX:3339,H1 人闸批准；仅在本行 product_scope 内有效。
h1-include-1241,manual_include,include,issuer,issuer:TW:3349,issuer:TW:3349,-,-,-,寶德,L2,TPEx OpenAPI 上櫃股票基本資料（完整母集）,冻结 2026-08-28 TWSE+TPEx（不含兴柜）L2 机械母集,-,human-gate://2026-08-28/H1/issuer:TW:3349,https://www.tpex.org.tw/openapi/v1/mopsfin_t187ap03_O,2026-08-28,user,2026-08-28,已裁决,l2:TPEX:3349,H1 人闸批准；仅在本行 product_scope 内有效。
h1-include-1242,manual_include,include,issuer,issuer:TW:3354,issuer:TW:3354,-,-,-,律勝,L2,TPEx OpenAPI 上櫃股票基本資料（完整母集）,冻结 2026-08-28 TWSE+TPEx（不含兴柜）L2 机械母集,-,human-gate://2026-08-28/H1/issuer:TW:3354,https://www.tpex.org.tw/openapi/v1/mopsfin_t187ap03_O,2026-08-28,user,2026-08-28,已裁决,l2:TPEX:3354,H1 人闸批准；仅在本行 product_scope 内有效。
h1-include-1243,manual_include,include,issuer,issuer:TW:3357,issuer:TW:3357,-,-,-,臺慶科,L2,TPEx OpenAPI 上櫃股票基本資料（完整母集）,冻结 2026-08-28 TWSE+TPEx（不含兴柜）L2 机械母集,-,human-gate://2026-08-28/H1/issuer:TW:3357,https://www.tpex.org.tw/openapi/v1/mopsfin_t187ap03_O,2026-08-28,user,2026-08-28,已裁决,l2:TPEX:3357,H1 人闸批准；仅在本行 product_scope 内有效。
h1-include-1244,manual_include,include,issuer,issuer:TW:3360,issuer:TW:3360,-,-,-,尚立,L2,TPEx OpenAPI 上櫃股票基本資料（完整母集）,冻结 2026-08-28 TWSE+TPEx（不含兴柜）L2 机械母集,-,human-gate://2026-08-28/H1/issuer:TW:3360,https://www.tpex.org.tw/openapi/v1/mopsfin_t187ap03_O,2026-08-28,user,2026-08-28,已裁决,l2:TPEX:3360,H1 人闸批准；仅在本行 product_scope 内有效。
h1-include-1245,manual_include,include,issuer,issuer:TW:3362,issuer:TW:3362,-,-,-,先進光,L2,TPEx OpenAPI 上櫃股票基本資料（完整母集）,冻结 2026-08-28 TWSE+TPEx（不含兴柜）L2 机械母集,-,human-gate://2026-08-28/H1/issuer:TW:3362,https://www.tpex.org.tw/openapi/v1/mopsfin_t187ap03_O,2026-08-28,user,2026-08-28,已裁决,l2:TPEX:3362,H1 人闸批准；仅在本行 product_scope 内有效。
h1-include-1246,manual_include,include,issuer,issuer:TW:3363,issuer:TW:3363,-,-,-,上詮,L2,TPEx OpenAPI 上櫃股票基本資料（完整母集）,冻结 2026-08-28 TWSE+TPEx（不含兴柜）L2 机械母集,-,human-gate://2026-08-28/H1/issuer:TW:3363,https://www.tpex.org.tw/openapi/v1/mopsfin_t187ap03_O,2026-08-28,user,2026-08-28,已裁决,l2:TPEX:3363,H1 人闸批准；仅在本行 product_scope 内有效。
h1-include-1247,manual_include,include,issuer,issuer:TW:3372,issuer:TW:3372,-,-,-,典範,L2,TPEx OpenAPI 上櫃股票基本資料（完整母集）,冻结 2026-08-28 TWSE+TPEx（不含兴柜）L2 机械母集,-,human-gate://2026-08-28/H1/issuer:TW:3372,https://www.tpex.org.tw/openapi/v1/mopsfin_t187ap03_O,2026-08-28,user,2026-08-28,已裁决,l2:TPEX:3372,H1 人闸批准；仅在本行 product_scope 内有效。
h1-include-1248,manual_include,include,issuer,issuer:TW:3373,issuer:TW:3373,-,-,-,熱映,L2,TPEx OpenAPI 上櫃股票基本資料（完整母集）,冻结 2026-08-28 TWSE+TPEx（不含兴柜）L2 机械母集,-,human-gate://2026-08-28/H1/issuer:TW:3373,https://www.tpex.org.tw/openapi/v1/mopsfin_t187ap03_O,2026-08-28,user,2026-08-28,已裁决,l2:TPEX:3373,H1 人闸批准；仅在本行 product_scope 内有效。
h1-include-1249,manual_include,include,issuer,issuer:TW:3374,issuer:TW:3374,-,-,-,精材,L2,TPEx OpenAPI 上櫃股票基本資料（完整母集）,冻结 2026-08-28 TWSE+TPEx（不含兴柜）L2 机械母集,-,human-gate://2026-08-28/H1/issuer:TW:3374,https://www.tpex.org.tw/openapi/v1/mopsfin_t187ap03_O,2026-08-28,user,2026-08-28,已裁决,l2:TPEX:3374,H1 人闸批准；仅在本行 product_scope 内有效。
h1-include-1250,manual_include,include,issuer,issuer:TW:3379,issuer:TW:3379,-,-,-,彬台,L2,TPEx OpenAPI 上櫃股票基本資料（完整母集）,冻结 2026-08-28 TWSE+TPEx（不含兴柜）L2 机械母集,-,human-gate://2026-08-28/H1/issuer:TW:3379,https://www.tpex.org.tw/openapi/v1/mopsfin_t187ap03_O,2026-08-28,user,2026-08-28,已裁决,l2:TPEX:3379,H1 人闸批准；仅在本行 product_scope 内有效。
h1-include-1251,manual_include,include,issuer,issuer:TW:3388,issuer:TW:3388,-,-,-,崇越電,L2,TPEx OpenAPI 上櫃股票基本資料（完整母集）,冻结 2026-08-28 TWSE+TPEx（不含兴柜）L2 机械母集,-,human-gate://2026-08-28/H1/issuer:TW:3388,https://www.tpex.org.tw/openapi/v1/mopsfin_t187ap03_O,2026-08-28,user,2026-08-28,已裁决,l2:TPEX:3388,H1 人闸批准；仅在本行 product_scope 内有效。
h1-include-1252,manual_include,include,issuer,issuer:TW:3390,issuer:TW:3390,-,-,-,旭軟,L2,TPEx OpenAPI 上櫃股票基本資料（完整母集）,冻结 2026-08-28 TWSE+TPEx（不含兴柜）L2 机械母集,-,human-gate://2026-08-28/H1/issuer:TW:3390,https://www.tpex.org.tw/openapi/v1/mopsfin_t187ap03_O,2026-08-28,user,2026-08-28,已裁决,l2:TPEX:3390,H1 人闸批准；仅在本行 product_scope 内有效。
h1-include-1253,manual_include,include,issuer,issuer:TW:3402,issuer:TW:3402,-,-,-,漢科,L2,TPEx OpenAPI 上櫃股票基本資料（完整母集）,冻结 2026-08-28 TWSE+TPEx（不含兴柜）L2 机械母集,-,human-gate://2026-08-28/H1/issuer:TW:3402,https://www.tpex.org.tw/openapi/v1/mopsfin_t187ap03_O,2026-08-28,user,2026-08-28,已裁决,l2:TPEX:3402,H1 人闸批准；仅在本行 product_scope 内有效。
h1-include-1254,manual_include,include,issuer,issuer:TW:3430,issuer:TW:3430,-,-,-,奇鈦科,L2,TPEx OpenAPI 上櫃股票基本資料（完整母集）,冻结 2026-08-28 TWSE+TPEx（不含兴柜）L2 机械母集,-,human-gate://2026-08-28/H1/issuer:TW:3430,https://www.tpex.org.tw/openapi/v1/mopsfin_t187ap03_O,2026-08-28,user,2026-08-28,已裁决,l2:TPEX:3430,H1 人闸批准；仅在本行 product_scope 内有效。
h1-include-1255,manual_include,include,issuer,issuer:TW:3434,issuer:TW:3434,-,-,-,哲固,L2,TPEx OpenAPI 上櫃股票基本資料（完整母集）,冻结 2026-08-28 TWSE+TPEx（不含兴柜）L2 机械母集,-,human-gate://2026-08-28/H1/issuer:TW:3434,https://www.tpex.org.tw/openapi/v1/mopsfin_t187ap03_O,2026-08-28,user,2026-08-28,已裁决,l2:TPEX:3434,H1 人闸批准；仅在本行 product_scope 内有效。
h1-include-1256,manual_include,include,issuer,issuer:TW:3438,issuer:TW:3438,-,-,-,類比科,L2,TPEx OpenAPI 上櫃股票基本資料（完整母集）,冻结 2026-08-28 TWSE+TPEx（不含兴柜）L2 机械母集,-,human-gate://2026-08-28/H1/issuer:TW:3438,https://www.tpex.org.tw/openapi/v1/mopsfin_t187ap03_O,2026-08-28,user,2026-08-28,已裁决,l2:TPEX:3438,H1 人闸批准；仅在本行 product_scope 内有效。
h1-include-1257,manual_include,include,issuer,issuer:TW:3441,issuer:TW:3441,-,-,-,聯一光電,L2,TPEx OpenAPI 上櫃股票基本資料（完整母集）,冻结 2026-08-28 TWSE+TPEx（不含兴柜）L2 机械母集,-,human-gate://2026-08-28/H1/issuer:TW:3441,https://www.tpex.org.tw/openapi/v1/mopsfin_t187ap03_O,2026-08-28,user,2026-08-28,已裁决,l2:TPEX:3441,H1 人闸批准；仅在本行 product_scope 内有效。
h1-include-1258,manual_include,include,issuer,issuer:TW:3444,issuer:TW:3444,-,-,-,利機,L2,TPEx OpenAPI 上櫃股票基本資料（完整母集）,冻结 2026-08-28 TWSE+TPEx（不含兴柜）L2 机械母集,-,human-gate://2026-08-28/H1/issuer:TW:3444,https://www.tpex.org.tw/openapi/v1/mopsfin_t187ap03_O,2026-08-28,user,2026-08-28,已裁决,l2:TPEX:3444,H1 人闸批准；仅在本行 product_scope 内有效。
h1-include-1259,manual_include,include,issuer,issuer:TW:3455,issuer:TW:3455,-,-,-,由田,L2,TPEx OpenAPI 上櫃股票基本資料（完整母集）,冻结 2026-08-28 TWSE+TPEx（不含兴柜）L2 机械母集,-,human-gate://2026-08-28/H1/issuer:TW:3455,https://www.tpex.org.tw/openapi/v1/mopsfin_t187ap03_O,2026-08-28,user,2026-08-28,已裁决,l2:TPEX:3455,H1 人闸批准；仅在本行 product_scope 内有效。
h1-include-1260,manual_include,include,issuer,issuer:TW:3465,issuer:TW:3465,-,-,-,進泰電子,L2,TPEx OpenAPI 上櫃股票基本資料（完整母集）,冻结 2026-08-28 TWSE+TPEx（不含兴柜）L2 机械母集,-,human-gate://2026-08-28/H1/issuer:TW:3465,https://www.tpex.org.tw/openapi/v1/mopsfin_t187ap03_O,2026-08-28,user,2026-08-28,已裁决,l2:TPEX:3465,H1 人闸批准；仅在本行 product_scope 内有效。
h1-include-1261,manual_include,include,issuer,issuer:TW:3466,issuer:TW:3466,-,-,-,德晉,L2,TPEx OpenAPI 上櫃股票基本資料（完整母集）,冻结 2026-08-28 TWSE+TPEx（不含兴柜）L2 机械母集,-,human-gate://2026-08-28/H1/issuer:TW:3466,https://www.tpex.org.tw/openapi/v1/mopsfin_t187ap03_O,2026-08-28,user,2026-08-28,已裁决,l2:TPEX:3466,H1 人闸批准；仅在本行 product_scope 内有效。
h1-include-1262,manual_include,include,issuer,issuer:TW:3467,issuer:TW:3467,-,-,-,台灣精材,L2,TPEx OpenAPI 上櫃股票基本資料（完整母集）,冻结 2026-08-28 TWSE+TPEx（不含兴柜）L2 机械母集,-,human-gate://2026-08-28/H1/issuer:TW:3467,https://www.tpex.org.tw/openapi/v1/mopsfin_t187ap03_O,2026-08-28,user,2026-08-28,已裁决,l2:TPEX:3467,H1 人闸批准；仅在本行 product_scope 内有效。
h1-include-1263,manual_include,include,issuer,issuer:TW:3479,issuer:TW:3479,-,-,-,安勤,L2,TPEx OpenAPI 上櫃股票基本資料（完整母集）,冻结 2026-08-28 TWSE+TPEx（不含兴柜）L2 机械母集,-,human-gate://2026-08-28/H1/issuer:TW:3479,https://www.tpex.org.tw/openapi/v1/mopsfin_t187ap03_O,2026-08-28,user,2026-08-28,已裁决,l2:TPEX:3479,H1 人闸批准；仅在本行 product_scope 内有效。
h1-include-1264,manual_include,include,issuer,issuer:TW:3483,issuer:TW:3483,-,-,-,力致,L2,TPEx OpenAPI 上櫃股票基本資料（完整母集）,冻结 2026-08-28 TWSE+TPEx（不含兴柜）L2 机械母集,-,human-gate://2026-08-28/H1/issuer:TW:3483,https://www.tpex.org.tw/openapi/v1/mopsfin_t187ap03_O,2026-08-28,user,2026-08-28,已裁决,l2:TPEX:3483,H1 人闸批准；仅在本行 product_scope 内有效。
h1-include-1265,manual_include,include,issuer,issuer:TW:3484,issuer:TW:3484,-,-,-,崧騰,L2,TPEx OpenAPI 上櫃股票基本資料（完整母集）,冻结 2026-08-28 TWSE+TPEx（不含兴柜）L2 机械母集,-,human-gate://2026-08-28/H1/issuer:TW:3484,https://www.tpex.org.tw/openapi/v1/mopsfin_t187ap03_O,2026-08-28,user,2026-08-28,已裁决,l2:TPEX:3484,H1 人闸批准；仅在本行 product_scope 内有效。
h1-include-1266,manual_include,include,issuer,issuer:TW:3485,issuer:TW:3485,-,-,-,敘豐,L2,TPEx OpenAPI 上櫃股票基本資料（完整母集）,冻结 2026-08-28 TWSE+TPEx（不含兴柜）L2 机械母集,-,human-gate://2026-08-28/H1/issuer:TW:3485,https://www.tpex.org.tw/openapi/v1/mopsfin_t187ap03_O,2026-08-28,user,2026-08-28,已裁决,l2:TPEX:3485,H1 人闸批准；仅在本行 product_scope 内有效。
h1-include-1267,manual_include,include,issuer,issuer:TW:3489,issuer:TW:3489,-,-,-,森寶,L2,TPEx OpenAPI 上櫃股票基本資料（完整母集）,冻结 2026-08-28 TWSE+TPEx（不含兴柜）L2 机械母集,-,human-gate://2026-08-28/H1/issuer:TW:3489,https://www.tpex.org.tw/openapi/v1/mopsfin_t187ap03_O,2026-08-28,user,2026-08-28,已裁决,l2:TPEX:3489,H1 人闸批准；仅在本行 product_scope 内有效。
h1-include-1268,manual_include,include,issuer,issuer:TW:3490,issuer:TW:3490,-,-,-,單井,L2,TPEx OpenAPI 上櫃股票基本資料（完整母集）,冻结 2026-08-28 TWSE+TPEx（不含兴柜）L2 机械母集,-,human-gate://2026-08-28/H1/issuer:TW:3490,https://www.tpex.org.tw/openapi/v1/mopsfin_t187ap03_O,2026-08-28,user,2026-08-28,已裁决,l2:TPEX:3490,H1 人闸批准；仅在本行 product_scope 内有效。
h1-include-1269,manual_include,include,issuer,issuer:TW:3491,issuer:TW:3491,-,-,-,昇達科,L2,TPEx OpenAPI 上櫃股票基本資料（完整母集）,冻结 2026-08-28 TWSE+TPEx（不含兴柜）L2 机械母集,-,human-gate://2026-08-28/H1/issuer:TW:3491,https://www.tpex.org.tw/openapi/v1/mopsfin_t187ap03_O,2026-08-28,user,2026-08-28,已裁决,l2:TPEX:3491,H1 人闸批准；仅在本行 product_scope 内有效。
h1-include-1270,manual_include,include,issuer,issuer:TW:3492,issuer:TW:3492,-,-,-,長盛,L2,TPEx OpenAPI 上櫃股票基本資料（完整母集）,冻结 2026-08-28 TWSE+TPEx（不含兴柜）L2 机械母集,-,human-gate://2026-08-28/H1/issuer:TW:3492,https://www.tpex.org.tw/openapi/v1/mopsfin_t187ap03_O,2026-08-28,user,2026-08-28,已裁决,l2:TPEX:3492,H1 人闸批准；仅在本行 product_scope 内有效。
h1-include-1271,manual_include,include,issuer,issuer:TW:3498,issuer:TW:3498,-,-,-,陽程,L2,TPEx OpenAPI 上櫃股票基本資料（完整母集）,冻结 2026-08-28 TWSE+TPEx（不含兴柜）L2 机械母集,-,human-gate://2026-08-28/H1/issuer:TW:3498,https://www.tpex.org.tw/openapi/v1/mopsfin_t187ap03_O,2026-08-28,user,2026-08-28,已裁决,l2:TPEX:3498,H1 人闸批准；仅在本行 product_scope 内有效。
h1-include-1272,manual_include,include,issuer,issuer:TW:3499,issuer:TW:3499,-,-,-,環天科,L2,TPEx OpenAPI 上櫃股票基本資料（完整母集）,冻结 2026-08-28 TWSE+TPEx（不含兴柜）L2 机械母集,-,human-gate://2026-08-28/H1/issuer:TW:3499,https://www.tpex.org.tw/openapi/v1/mopsfin_t187ap03_O,2026-08-28,user,2026-08-28,已裁决,l2:TPEX:3499,H1 人闸批准；仅在本行 product_scope 内有效。
h1-include-1273,manual_include,include,issuer,issuer:TW:3508,issuer:TW:3508,-,-,-,位速,L2,TPEx OpenAPI 上櫃股票基本資料（完整母集）,冻结 2026-08-28 TWSE+TPEx（不含兴柜）L2 机械母集,-,human-gate://2026-08-28/H1/issuer:TW:3508,https://www.tpex.org.tw/openapi/v1/mopsfin_t187ap03_O,2026-08-28,user,2026-08-28,已裁决,l2:TPEX:3508,H1 人闸批准；仅在本行 product_scope 内有效。
h1-include-1274,manual_include,include,issuer,issuer:TW:3511,issuer:TW:3511,-,-,-,矽瑪,L2,TPEx OpenAPI 上櫃股票基本資料（完整母集）,冻结 2026-08-28 TWSE+TPEx（不含兴柜）L2 机械母集,-,human-gate://2026-08-28/H1/issuer:TW:3511,https://www.tpex.org.tw/openapi/v1/mopsfin_t187ap03_O,2026-08-28,user,2026-08-28,已裁决,l2:TPEX:3511,H1 人闸批准；仅在本行 product_scope 内有效。
h1-include-1275,manual_include,include,issuer,issuer:TW:3512,issuer:TW:3512,-,-,-,皇龍,L2,TPEx OpenAPI 上櫃股票基本資料（完整母集）,冻结 2026-08-28 TWSE+TPEx（不含兴柜）L2 机械母集,-,human-gate://2026-08-28/H1/issuer:TW:3512,https://www.tpex.org.tw/openapi/v1/mopsfin_t187ap03_O,2026-08-28,user,2026-08-28,已裁决,l2:TPEX:3512,H1 人闸批准；仅在本行 product_scope 内有效。
h1-include-1276,manual_include,include,issuer,issuer:TW:3516,issuer:TW:3516,-,-,-,亞帝歐,L2,TPEx OpenAPI 上櫃股票基本資料（完整母集）,冻结 2026-08-28 TWSE+TPEx（不含兴柜）L2 机械母集,-,human-gate://2026-08-28/H1/issuer:TW:3516,https://www.tpex.org.tw/openapi/v1/mopsfin_t187ap03_O,2026-08-28,user,2026-08-28,已裁决,l2:TPEX:3516,H1 人闸批准；仅在本行 product_scope 内有效。
h1-include-1277,manual_include,include,issuer,issuer:TW:3520,issuer:TW:3520,-,-,-,華盈,L2,TPEx OpenAPI 上櫃股票基本資料（完整母集）,冻结 2026-08-28 TWSE+TPEx（不含兴柜）L2 机械母集,-,human-gate://2026-08-28/H1/issuer:TW:3520,https://www.tpex.org.tw/openapi/v1/mopsfin_t187ap03_O,2026-08-28,user,2026-08-28,已裁决,l2:TPEX:3520,H1 人闸批准；仅在本行 product_scope 内有效。
h1-include-1278,manual_include,include,issuer,issuer:TW:3521,issuer:TW:3521,-,-,-,台鋼建設,L2,TPEx OpenAPI 上櫃股票基本資料（完整母集）,冻结 2026-08-28 TWSE+TPEx（不含兴柜）L2 机械母集,-,human-gate://2026-08-28/H1/issuer:TW:3521,https://www.tpex.org.tw/openapi/v1/mopsfin_t187ap03_O,2026-08-28,user,2026-08-28,已裁决,l2:TPEX:3521,H1 人闸批准；仅在本行 product_scope 内有效。
h1-include-1279,manual_include,include,issuer,issuer:TW:3522,issuer:TW:3522,-,-,-,御嵿,L2,TPEx OpenAPI 上櫃股票基本資料（完整母集）,冻结 2026-08-28 TWSE+TPEx（不含兴柜）L2 机械母集,-,human-gate://2026-08-28/H1/issuer:TW:3522,https://www.tpex.org.tw/openapi/v1/mopsfin_t187ap03_O,2026-08-28,user,2026-08-28,已裁决,l2:TPEX:3522,H1 人闸批准；仅在本行 product_scope 内有效。
h1-include-1280,manual_include,include,issuer,issuer:TW:3523,issuer:TW:3523,-,-,-,迎輝,L2,TPEx OpenAPI 上櫃股票基本資料（完整母集）,冻结 2026-08-28 TWSE+TPEx（不含兴柜）L2 机械母集,-,human-gate://2026-08-28/H1/issuer:TW:3523,https://www.tpex.org.tw/openapi/v1/mopsfin_t187ap03_O,2026-08-28,user,2026-08-28,已裁决,l2:TPEX:3523,H1 人闸批准；仅在本行 product_scope 内有效。
h1-include-1281,manual_include,include,issuer,issuer:TW:3526,issuer:TW:3526,-,-,-,凡甲,L2,TPEx OpenAPI 上櫃股票基本資料（完整母集）,冻结 2026-08-28 TWSE+TPEx（不含兴柜）L2 机械母集,-,human-gate://2026-08-28/H1/issuer:TW:3526,https://www.tpex.org.tw/openapi/v1/mopsfin_t187ap03_O,2026-08-28,user,2026-08-28,已裁决,l2:TPEX:3526,H1 人闸批准；仅在本行 product_scope 内有效。
h1-include-1282,manual_include,include,issuer,issuer:TW:3527,issuer:TW:3527,-,-,-,聚積,L2,TPEx OpenAPI 上櫃股票基本資料（完整母集）,冻结 2026-08-28 TWSE+TPEx（不含兴柜）L2 机械母集,-,human-gate://2026-08-28/H1/issuer:TW:3527,https://www.tpex.org.tw/openapi/v1/mopsfin_t187ap03_O,2026-08-28,user,2026-08-28,已裁决,l2:TPEX:3527,H1 人闸批准；仅在本行 product_scope 内有效。
h1-include-1283,manual_include,include,issuer,issuer:TW:3529,issuer:TW:3529,-,-,-,力旺,L2,TPEx OpenAPI 上櫃股票基本資料（完整母集）,冻结 2026-08-28 TWSE+TPEx（不含兴柜）L2 机械母集,-,human-gate://2026-08-28/H1/issuer:TW:3529,https://www.tpex.org.tw/openapi/v1/mopsfin_t187ap03_O,2026-08-28,user,2026-08-28,已裁决,l2:TPEX:3529,H1 人闸批准；仅在本行 product_scope 内有效。
h1-include-1284,manual_include,include,issuer,issuer:TW:3531,issuer:TW:3531,-,-,-,先益,L2,TPEx OpenAPI 上櫃股票基本資料（完整母集）,冻结 2026-08-28 TWSE+TPEx（不含兴柜）L2 机械母集,-,human-gate://2026-08-28/H1/issuer:TW:3531,https://www.tpex.org.tw/openapi/v1/mopsfin_t187ap03_O,2026-08-28,user,2026-08-28,已裁决,l2:TPEX:3531,H1 人闸批准；仅在本行 product_scope 内有效。
h1-include-1285,manual_include,include,issuer,issuer:TW:3537,issuer:TW:3537,-,-,-,堡達,L2,TPEx OpenAPI 上櫃股票基本資料（完整母集）,冻结 2026-08-28 TWSE+TPEx（不含兴柜）L2 机械母集,-,human-gate://2026-08-28/H1/issuer:TW:3537,https://www.tpex.org.tw/openapi/v1/mopsfin_t187ap03_O,2026-08-28,user,2026-08-28,已裁决,l2:TPEX:3537,H1 人闸批准；仅在本行 product_scope 内有效。
h1-include-1286,manual_include,include,issuer,issuer:TW:3540,issuer:TW:3540,-,-,-,曜越,L2,TPEx OpenAPI 上櫃股票基本資料（完整母集）,冻结 2026-08-28 TWSE+TPEx（不含兴柜）L2 机械母集,-,human-gate://2026-08-28/H1/issuer:TW:3540,https://www.tpex.org.tw/openapi/v1/mopsfin_t187ap03_O,2026-08-28,user,2026-08-28,已裁决,l2:TPEX:3540,H1 人闸批准；仅在本行 product_scope 内有效。
h1-include-1287,manual_include,include,issuer,issuer:TW:3541,issuer:TW:3541,-,-,-,西柏,L2,TPEx OpenAPI 上櫃股票基本資料（完整母集）,冻结 2026-08-28 TWSE+TPEx（不含兴柜）L2 机械母集,-,human-gate://2026-08-28/H1/issuer:TW:3541,https://www.tpex.org.tw/openapi/v1/mopsfin_t187ap03_O,2026-08-28,user,2026-08-28,已裁决,l2:TPEX:3541,H1 人闸批准；仅在本行 product_scope 内有效。
h1-include-1288,manual_include,include,issuer,issuer:TW:3546,issuer:TW:3546,-,-,-,宇峻,L2,TPEx OpenAPI 上櫃股票基本資料（完整母集）,冻结 2026-08-28 TWSE+TPEx（不含兴柜）L2 机械母集,-,human-gate://2026-08-28/H1/issuer:TW:3546,https://www.tpex.org.tw/openapi/v1/mopsfin_t187ap03_O,2026-08-28,user,2026-08-28,已裁决,l2:TPEX:3546,H1 人闸批准；仅在本行 product_scope 内有效。
h1-include-1289,manual_include,include,issuer,issuer:TW:3548,issuer:TW:3548,-,-,-,兆利,L2,TPEx OpenAPI 上櫃股票基本資料（完整母集）,冻结 2026-08-28 TWSE+TPEx（不含兴柜）L2 机械母集,-,human-gate://2026-08-28/H1/issuer:TW:3548,https://www.tpex.org.tw/openapi/v1/mopsfin_t187ap03_O,2026-08-28,user,2026-08-28,已裁决,l2:TPEX:3548,H1 人闸批准；仅在本行 product_scope 内有效。
h1-include-1290,manual_include,include,issuer,issuer:TW:3551,issuer:TW:3551,-,-,-,世禾,L2,TPEx OpenAPI 上櫃股票基本資料（完整母集）,冻结 2026-08-28 TWSE+TPEx（不含兴柜）L2 机械母集,-,human-gate://2026-08-28/H1/issuer:TW:3551,https://www.tpex.org.tw/openapi/v1/mopsfin_t187ap03_O,2026-08-28,user,2026-08-28,已裁决,l2:TPEX:3551,H1 人闸批准；仅在本行 product_scope 内有效。
h1-include-1291,manual_include,include,issuer,issuer:TW:3552,issuer:TW:3552,-,-,-,同致,L2,TPEx OpenAPI 上櫃股票基本資料（完整母集）,冻结 2026-08-28 TWSE+TPEx（不含兴柜）L2 机械母集,-,human-gate://2026-08-28/H1/issuer:TW:3552,https://www.tpex.org.tw/openapi/v1/mopsfin_t187ap03_O,2026-08-28,user,2026-08-28,已裁决,l2:TPEX:3552,H1 人闸批准；仅在本行 product_scope 内有效。
h1-include-1292,manual_include,include,issuer,issuer:TW:3555,issuer:TW:3555,-,-,-,博士旺,L2,TPEx OpenAPI 上櫃股票基本資料（完整母集）,冻结 2026-08-28 TWSE+TPEx（不含兴柜）L2 机械母集,-,human-gate://2026-08-28/H1/issuer:TW:3555,https://www.tpex.org.tw/openapi/v1/mopsfin_t187ap03_O,2026-08-28,user,2026-08-28,已裁决,l2:TPEX:3555,H1 人闸批准；仅在本行 product_scope 内有效。
h1-include-1293,manual_include,include,issuer,issuer:TW:3556,issuer:TW:3556,-,-,-,禾瑞亞,L2,TPEx OpenAPI 上櫃股票基本資料（完整母集）,冻结 2026-08-28 TWSE+TPEx（不含兴柜）L2 机械母集,-,human-gate://2026-08-28/H1/issuer:TW:3556,https://www.tpex.org.tw/openapi/v1/mopsfin_t187ap03_O,2026-08-28,user,2026-08-28,已裁决,l2:TPEX:3556,H1 人闸批准；仅在本行 product_scope 内有效。
h1-include-1294,manual_include,include,issuer,issuer:TW:3558,issuer:TW:3558,-,-,-,神準,L2,TPEx OpenAPI 上櫃股票基本資料（完整母集）,冻结 2026-08-28 TWSE+TPEx（不含兴柜）L2 机械母集,-,human-gate://2026-08-28/H1/issuer:TW:3558,https://www.tpex.org.tw/openapi/v1/mopsfin_t187ap03_O,2026-08-28,user,2026-08-28,已裁决,l2:TPEX:3558,H1 人闸批准；仅在本行 product_scope 内有效。
h1-include-1295,manual_include,include,issuer,issuer:TW:3564,issuer:TW:3564,-,-,-,其陽,L2,TPEx OpenAPI 上櫃股票基本資料（完整母集）,冻结 2026-08-28 TWSE+TPEx（不含兴柜）L2 机械母集,-,human-gate://2026-08-28/H1/issuer:TW:3564,https://www.tpex.org.tw/openapi/v1/mopsfin_t187ap03_O,2026-08-28,user,2026-08-28,已裁决,l2:TPEX:3564,H1 人闸批准；仅在本行 product_scope 内有效。
h1-include-1296,manual_include,include,issuer,issuer:TW:3567,issuer:TW:3567,-,-,-,逸昌,L2,TPEx OpenAPI 上櫃股票基本資料（完整母集）,冻结 2026-08-28 TWSE+TPEx（不含兴柜）L2 机械母集,-,human-gate://2026-08-28/H1/issuer:TW:3567,https://www.tpex.org.tw/openapi/v1/mopsfin_t187ap03_O,2026-08-28,user,2026-08-28,已裁决,l2:TPEX:3567,H1 人闸批准；仅在本行 product_scope 内有效。
h1-include-1297,manual_include,include,issuer,issuer:TW:3570,issuer:TW:3570,-,-,-,大塚,L2,TPEx OpenAPI 上櫃股票基本資料（完整母集）,冻结 2026-08-28 TWSE+TPEx（不含兴柜）L2 机械母集,-,human-gate://2026-08-28/H1/issuer:TW:3570,https://www.tpex.org.tw/openapi/v1/mopsfin_t187ap03_O,2026-08-28,user,2026-08-28,已裁决,l2:TPEX:3570,H1 人闸批准；仅在本行 product_scope 内有效。
h1-include-1298,manual_include,include,issuer,issuer:TW:3577,issuer:TW:3577,-,-,-,泓格,L2,TPEx OpenAPI 上櫃股票基本資料（完整母集）,冻结 2026-08-28 TWSE+TPEx（不含兴柜）L2 机械母集,-,human-gate://2026-08-28/H1/issuer:TW:3577,https://www.tpex.org.tw/openapi/v1/mopsfin_t187ap03_O,2026-08-28,user,2026-08-28,已裁决,l2:TPEX:3577,H1 人闸批准；仅在本行 product_scope 内有效。
h1-include-1299,manual_include,include,issuer,issuer:TW:3580,issuer:TW:3580,-,-,-,友威科,L2,TPEx OpenAPI 上櫃股票基本資料（完整母集）,冻结 2026-08-28 TWSE+TPEx（不含兴柜）L2 机械母集,-,human-gate://2026-08-28/H1/issuer:TW:3580,https://www.tpex.org.tw/openapi/v1/mopsfin_t187ap03_O,2026-08-28,user,2026-08-28,已裁决,l2:TPEX:3580,H1 人闸批准；仅在本行 product_scope 内有效。
h1-include-1300,manual_include,include,issuer,issuer:TW:3581,issuer:TW:3581,-,-,-,博磊,L2,TPEx OpenAPI 上櫃股票基本資料（完整母集）,冻结 2026-08-28 TWSE+TPEx（不含兴柜）L2 机械母集,-,human-gate://2026-08-28/H1/issuer:TW:3581,https://www.tpex.org.tw/openapi/v1/mopsfin_t187ap03_O,2026-08-28,user,2026-08-28,已裁决,l2:TPEX:3581,H1 人闸批准；仅在本行 product_scope 内有效。
h1-include-1301,manual_include,include,issuer,issuer:TW:3587,issuer:TW:3587,-,-,-,閎康,L2,TPEx OpenAPI 上櫃股票基本資料（完整母集）,冻结 2026-08-28 TWSE+TPEx（不含兴柜）L2 机械母集,-,human-gate://2026-08-28/H1/issuer:TW:3587,https://www.tpex.org.tw/openapi/v1/mopsfin_t187ap03_O,2026-08-28,user,2026-08-28,已裁决,l2:TPEX:3587,H1 人闸批准；仅在本行 product_scope 内有效。
h1-include-1302,manual_include,include,issuer,issuer:TW:3594,issuer:TW:3594,-,-,-,磐儀,L2,TPEx OpenAPI 上櫃股票基本資料（完整母集）,冻结 2026-08-28 TWSE+TPEx（不含兴柜）L2 机械母集,-,human-gate://2026-08-28/H1/issuer:TW:3594,https://www.tpex.org.tw/openapi/v1/mopsfin_t187ap03_O,2026-08-28,user,2026-08-28,已裁决,l2:TPEX:3594,H1 人闸批准；仅在本行 product_scope 内有效。
h1-include-1303,manual_include,include,issuer,issuer:TW:3597,issuer:TW:3597,-,-,-,映興,L2,TPEx OpenAPI 上櫃股票基本資料（完整母集）,冻结 2026-08-28 TWSE+TPEx（不含兴柜）L2 机械母集,-,human-gate://2026-08-28/H1/issuer:TW:3597,https://www.tpex.org.tw/openapi/v1/mopsfin_t187ap03_O,2026-08-28,user,2026-08-28,已裁决,l2:TPEX:3597,H1 人闸批准；仅在本行 product_scope 内有效。
h1-include-1304,manual_include,include,issuer,issuer:TW:3609,issuer:TW:3609,-,-,-,三一東林,L2,TPEx OpenAPI 上櫃股票基本資料（完整母集）,冻结 2026-08-28 TWSE+TPEx（不含兴柜）L2 机械母集,-,human-gate://2026-08-28/H1/issuer:TW:3609,https://www.tpex.org.tw/openapi/v1/mopsfin_t187ap03_O,2026-08-28,user,2026-08-28,已裁决,l2:TPEX:3609,H1 人闸批准；仅在本行 product_scope 内有效。
h1-include-1305,manual_include,include,issuer,issuer:TW:3611,issuer:TW:3611,-,-,-,鼎翰,L2,TPEx OpenAPI 上櫃股票基本資料（完整母集）,冻结 2026-08-28 TWSE+TPEx（不含兴柜）L2 机械母集,-,human-gate://2026-08-28/H1/issuer:TW:3611,https://www.tpex.org.tw/openapi/v1/mopsfin_t187ap03_O,2026-08-28,user,2026-08-28,已裁决,l2:TPEX:3611,H1 人闸批准；仅在本行 product_scope 内有效。
h1-include-1306,manual_include,include,issuer,issuer:TW:3615,issuer:TW:3615,-,-,-,安可,L2,TPEx OpenAPI 上櫃股票基本資料（完整母集）,冻结 2026-08-28 TWSE+TPEx（不含兴柜）L2 机械母集,-,human-gate://2026-08-28/H1/issuer:TW:3615,https://www.tpex.org.tw/openapi/v1/mopsfin_t187ap03_O,2026-08-28,user,2026-08-28,已裁决,l2:TPEX:3615,H1 人闸批准；仅在本行 product_scope 内有效。
h1-include-1307,manual_include,include,issuer,issuer:TW:3623,issuer:TW:3623,-,-,-,富晶通,L2,TPEx OpenAPI 上櫃股票基本資料（完整母集）,冻结 2026-08-28 TWSE+TPEx（不含兴柜）L2 机械母集,-,human-gate://2026-08-28/H1/issuer:TW:3623,https://www.tpex.org.tw/openapi/v1/mopsfin_t187ap03_O,2026-08-28,user,2026-08-28,已裁决,l2:TPEX:3623,H1 人闸批准；仅在本行 product_scope 内有效。
h1-include-1308,manual_include,include,issuer,issuer:TW:3624,issuer:TW:3624,-,-,-,光頡,L2,TPEx OpenAPI 上櫃股票基本資料（完整母集）,冻结 2026-08-28 TWSE+TPEx（不含兴柜）L2 机械母集,-,human-gate://2026-08-28/H1/issuer:TW:3624,https://www.tpex.org.tw/openapi/v1/mopsfin_t187ap03_O,2026-08-28,user,2026-08-28,已裁决,l2:TPEX:3624,H1 人闸批准；仅在本行 product_scope 内有效。
h1-include-1309,manual_include,include,issuer,issuer:TW:3625,issuer:TW:3625,-,-,-,西勝,L2,TPEx OpenAPI 上櫃股票基本資料（完整母集）,冻结 2026-08-28 TWSE+TPEx（不含兴柜）L2 机械母集,-,human-gate://2026-08-28/H1/issuer:TW:3625,https://www.tpex.org.tw/openapi/v1/mopsfin_t187ap03_O,2026-08-28,user,2026-08-28,已裁决,l2:TPEX:3625,H1 人闸批准；仅在本行 product_scope 内有效。
h1-include-1310,manual_include,include,issuer,issuer:TW:3628,issuer:TW:3628,-,-,-,盈正,L2,TPEx OpenAPI 上櫃股票基本資料（完整母集）,冻结 2026-08-28 TWSE+TPEx（不含兴柜）L2 机械母集,-,human-gate://2026-08-28/H1/issuer:TW:3628,https://www.tpex.org.tw/openapi/v1/mopsfin_t187ap03_O,2026-08-28,user,2026-08-28,已裁决,l2:TPEX:3628,H1 人闸批准；仅在本行 product_scope 内有效。
h1-include-1311,manual_include,include,issuer,issuer:TW:3629,issuer:TW:3629,-,-,-,地心引力,L2,TPEx OpenAPI 上櫃股票基本資料（完整母集）,冻结 2026-08-28 TWSE+TPEx（不含兴柜）L2 机械母集,-,human-gate://2026-08-28/H1/issuer:TW:3629,https://www.tpex.org.tw/openapi/v1/mopsfin_t187ap03_O,2026-08-28,user,2026-08-28,已裁决,l2:TPEX:3629,H1 人闸批准；仅在本行 product_scope 内有效。
h1-include-1312,manual_include,include,issuer,issuer:TW:3630,issuer:TW:3630,-,-,-,新鉅科,L2,TPEx OpenAPI 上櫃股票基本資料（完整母集）,冻结 2026-08-28 TWSE+TPEx（不含兴柜）L2 机械母集,-,human-gate://2026-08-28/H1/issuer:TW:3630,https://www.tpex.org.tw/openapi/v1/mopsfin_t187ap03_O,2026-08-28,user,2026-08-28,已裁决,l2:TPEX:3630,H1 人闸批准；仅在本行 product_scope 内有效。
h1-include-1313,manual_include,include,issuer,issuer:TW:3631,issuer:TW:3631,-,-,-,晟楠,L2,TPEx OpenAPI 上櫃股票基本資料（完整母集）,冻结 2026-08-28 TWSE+TPEx（不含兴柜）L2 机械母集,-,human-gate://2026-08-28/H1/issuer:TW:3631,https://www.tpex.org.tw/openapi/v1/mopsfin_t187ap03_O,2026-08-28,user,2026-08-28,已裁决,l2:TPEX:3631,H1 人闸批准；仅在本行 product_scope 内有效。
h1-include-1314,manual_include,include,issuer,issuer:TW:3632,issuer:TW:3632,-,-,-,研勤,L2,TPEx OpenAPI 上櫃股票基本資料（完整母集）,冻结 2026-08-28 TWSE+TPEx（不含兴柜）L2 机械母集,-,human-gate://2026-08-28/H1/issuer:TW:3632,https://www.tpex.org.tw/openapi/v1/mopsfin_t187ap03_O,2026-08-28,user,2026-08-28,已裁决,l2:TPEX:3632,H1 人闸批准；仅在本行 product_scope 内有效。
h1-include-1315,manual_include,include,issuer,issuer:TW:3646,issuer:TW:3646,-,-,-,艾恩特,L2,TPEx OpenAPI 上櫃股票基本資料（完整母集）,冻结 2026-08-28 TWSE+TPEx（不含兴柜）L2 机械母集,-,human-gate://2026-08-28/H1/issuer:TW:3646,https://www.tpex.org.tw/openapi/v1/mopsfin_t187ap03_O,2026-08-28,user,2026-08-28,已裁决,l2:TPEX:3646,H1 人闸批准；仅在本行 product_scope 内有效。
h1-include-1316,manual_include,include,issuer,issuer:TW:3663,issuer:TW:3663,-,-,-,鑫科,L2,TPEx OpenAPI 上櫃股票基本資料（完整母集）,冻结 2026-08-28 TWSE+TPEx（不含兴柜）L2 机械母集,-,human-gate://2026-08-28/H1/issuer:TW:3663,https://www.tpex.org.tw/openapi/v1/mopsfin_t187ap03_O,2026-08-28,user,2026-08-28,已裁决,l2:TPEX:3663,H1 人闸批准；仅在本行 product_scope 内有效。
h1-include-1317,manual_include,include,issuer,issuer:TW:3664,issuer:TW:3664,-,-,-,安瑞-KY,L2,TPEx OpenAPI 上櫃股票基本資料（完整母集）,冻结 2026-08-28 TWSE+TPEx（不含兴柜）L2 机械母集,-,human-gate://2026-08-28/H1/issuer:TW:3664,https://www.tpex.org.tw/openapi/v1/mopsfin_t187ap03_O,2026-08-28,user,2026-08-28,已裁决,l2:TPEX:3664,H1 人闸批准；仅在本行 product_scope 内有效。
h1-include-1318,manual_include,include,issuer,issuer:TW:3666,issuer:TW:3666,-,-,-,光耀,L2,TPEx OpenAPI 上櫃股票基本資料（完整母集）,冻结 2026-08-28 TWSE+TPEx（不含兴柜）L2 机械母集,-,human-gate://2026-08-28/H1/issuer:TW:3666,https://www.tpex.org.tw/openapi/v1/mopsfin_t187ap03_O,2026-08-28,user,2026-08-28,已裁决,l2:TPEX:3666,H1 人闸批准；仅在本行 product_scope 内有效。
h1-include-1319,manual_include,include,issuer,issuer:TW:3672,issuer:TW:3672,-,-,-,康聯訊,L2,TPEx OpenAPI 上櫃股票基本資料（完整母集）,冻结 2026-08-28 TWSE+TPEx（不含兴柜）L2 机械母集,-,human-gate://2026-08-28/H1/issuer:TW:3672,https://www.tpex.org.tw/openapi/v1/mopsfin_t187ap03_O,2026-08-28,user,2026-08-28,已裁决,l2:TPEX:3672,H1 人闸批准；仅在本行 product_scope 内有效。
h1-include-1320,manual_include,include,issuer,issuer:TW:3675,issuer:TW:3675,-,-,-,德微,L2,TPEx OpenAPI 上櫃股票基本資料（完整母集）,冻结 2026-08-28 TWSE+TPEx（不含兴柜）L2 机械母集,-,human-gate://2026-08-28/H1/issuer:TW:3675,https://www.tpex.org.tw/openapi/v1/mopsfin_t187ap03_O,2026-08-28,user,2026-08-28,已裁决,l2:TPEX:3675,H1 人闸批准；仅在本行 product_scope 内有效。
h1-include-1321,manual_include,include,issuer,issuer:TW:3680,issuer:TW:3680,-,-,-,家登,L2,TPEx OpenAPI 上櫃股票基本資料（完整母集）,冻结 2026-08-28 TWSE+TPEx（不含兴柜）L2 机械母集,-,human-gate://2026-08-28/H1/issuer:TW:3680,https://www.tpex.org.tw/openapi/v1/mopsfin_t187ap03_O,2026-08-28,user,2026-08-28,已裁决,l2:TPEX:3680,H1 人闸批准；仅在本行 product_scope 内有效。
h1-include-1322,manual_include,include,issuer,issuer:TW:3684,issuer:TW:3684,-,-,-,榮昌,L2,TPEx OpenAPI 上櫃股票基本資料（完整母集）,冻结 2026-08-28 TWSE+TPEx（不含兴柜）L2 机械母集,-,human-gate://2026-08-28/H1/issuer:TW:3684,https://www.tpex.org.tw/openapi/v1/mopsfin_t187ap03_O,2026-08-28,user,2026-08-28,已裁决,l2:TPEX:3684,H1 人闸批准；仅在本行 product_scope 内有效。
h1-include-1323,manual_include,include,issuer,issuer:TW:3685,issuer:TW:3685,-,-,-,元創精密,L2,TPEx OpenAPI 上櫃股票基本資料（完整母集）,冻结 2026-08-28 TWSE+TPEx（不含兴柜）L2 机械母集,-,human-gate://2026-08-28/H1/issuer:TW:3685,https://www.tpex.org.tw/openapi/v1/mopsfin_t187ap03_O,2026-08-28,user,2026-08-28,已裁决,l2:TPEX:3685,H1 人闸批准；仅在本行 product_scope 内有效。
h1-include-1324,manual_include,include,issuer,issuer:TW:3687,issuer:TW:3687,-,-,-,歐買尬,L2,TPEx OpenAPI 上櫃股票基本資料（完整母集）,冻结 2026-08-28 TWSE+TPEx（不含兴柜）L2 机械母集,-,human-gate://2026-08-28/H1/issuer:TW:3687,https://www.tpex.org.tw/openapi/v1/mopsfin_t187ap03_O,2026-08-28,user,2026-08-28,已裁决,l2:TPEX:3687,H1 人闸批准；仅在本行 product_scope 内有效。
h1-include-1325,manual_include,include,issuer,issuer:TW:3689,issuer:TW:3689,-,-,-,湧德,L2,TPEx OpenAPI 上櫃股票基本資料（完整母集）,冻结 2026-08-28 TWSE+TPEx（不含兴柜）L2 机械母集,-,human-gate://2026-08-28/H1/issuer:TW:3689,https://www.tpex.org.tw/openapi/v1/mopsfin_t187ap03_O,2026-08-28,user,2026-08-28,已裁决,l2:TPEX:3689,H1 人闸批准；仅在本行 product_scope 内有效。
h1-include-1326,manual_include,include,issuer,issuer:TW:3691,issuer:TW:3691,-,-,-,碩禾,L2,TPEx OpenAPI 上櫃股票基本資料（完整母集）,冻结 2026-08-28 TWSE+TPEx（不含兴柜）L2 机械母集,-,human-gate://2026-08-28/H1/issuer:TW:3691,https://www.tpex.org.tw/openapi/v1/mopsfin_t187ap03_O,2026-08-28,user,2026-08-28,已裁决,l2:TPEX:3691,H1 人闸批准；仅在本行 product_scope 内有效。
h1-include-1327,manual_include,include,issuer,issuer:TW:3693,issuer:TW:3693,-,-,-,營邦,L2,TPEx OpenAPI 上櫃股票基本資料（完整母集）,冻结 2026-08-28 TWSE+TPEx（不含兴柜）L2 机械母集,-,human-gate://2026-08-28/H1/issuer:TW:3693,https://www.tpex.org.tw/openapi/v1/mopsfin_t187ap03_O,2026-08-28,user,2026-08-28,已裁决,l2:TPEX:3693,H1 人闸批准；仅在本行 product_scope 内有效。
h1-include-1328,manual_include,include,issuer,issuer:TW:3707,issuer:TW:3707,-,-,-,漢磊,L2,TPEx OpenAPI 上櫃股票基本資料（完整母集）,冻结 2026-08-28 TWSE+TPEx（不含兴柜）L2 机械母集,-,human-gate://2026-08-28/H1/issuer:TW:3707,https://www.tpex.org.tw/openapi/v1/mopsfin_t187ap03_O,2026-08-28,user,2026-08-28,已裁决,l2:TPEX:3707,H1 人闸批准；仅在本行 product_scope 内有效。
h1-include-1329,manual_include,include,issuer,issuer:TW:3709,issuer:TW:3709,-,-,-,鑫聯大投控,L2,TPEx OpenAPI 上櫃股票基本資料（完整母集）,冻结 2026-08-28 TWSE+TPEx（不含兴柜）L2 机械母集,-,human-gate://2026-08-28/H1/issuer:TW:3709,https://www.tpex.org.tw/openapi/v1/mopsfin_t187ap03_O,2026-08-28,user,2026-08-28,已裁决,l2:TPEX:3709,H1 人闸批准；仅在本行 product_scope 内有效。
h1-include-1330,manual_include,include,issuer,issuer:TW:3710,issuer:TW:3710,-,-,-,連展投控,L2,TPEx OpenAPI 上櫃股票基本資料（完整母集）,冻结 2026-08-28 TWSE+TPEx（不含兴柜）L2 机械母集,-,human-gate://2026-08-28/H1/issuer:TW:3710,https://www.tpex.org.tw/openapi/v1/mopsfin_t187ap03_O,2026-08-28,user,2026-08-28,已裁决,l2:TPEX:3710,H1 人闸批准；仅在本行 product_scope 内有效。
h1-include-1331,manual_include,include,issuer,issuer:TW:3713,issuer:TW:3713,-,-,-,新晶投控,L2,TPEx OpenAPI 上櫃股票基本資料（完整母集）,冻结 2026-08-28 TWSE+TPEx（不含兴柜）L2 机械母集,-,human-gate://2026-08-28/H1/issuer:TW:3713,https://www.tpex.org.tw/openapi/v1/mopsfin_t187ap03_O,2026-08-28,user,2026-08-28,已裁决,l2:TPEX:3713,H1 人闸批准；仅在本行 product_scope 内有效。
h1-include-1332,manual_include,include,issuer,issuer:TW:4102,issuer:TW:4102,-,-,-,永日,L2,TPEx OpenAPI 上櫃股票基本資料（完整母集）,冻结 2026-08-28 TWSE+TPEx（不含兴柜）L2 机械母集,-,human-gate://2026-08-28/H1/issuer:TW:4102,https://www.tpex.org.tw/openapi/v1/mopsfin_t187ap03_O,2026-08-28,user,2026-08-28,已裁决,l2:TPEX:4102,H1 人闸批准；仅在本行 product_scope 内有效。
h1-include-1333,manual_include,include,issuer,issuer:TW:4105,issuer:TW:4105,-,-,-,東洋,L2,TPEx OpenAPI 上櫃股票基本資料（完整母集）,冻结 2026-08-28 TWSE+TPEx（不含兴柜）L2 机械母集,-,human-gate://2026-08-28/H1/issuer:TW:4105,https://www.tpex.org.tw/openapi/v1/mopsfin_t187ap03_O,2026-08-28,user,2026-08-28,已裁决,l2:TPEX:4105,H1 人闸批准；仅在本行 product_scope 内有效。
h1-include-1334,manual_include,include,issuer,issuer:TW:4107,issuer:TW:4107,-,-,-,邦特,L2,TPEx OpenAPI 上櫃股票基本資料（完整母集）,冻结 2026-08-28 TWSE+TPEx（不含兴柜）L2 机械母集,-,human-gate://2026-08-28/H1/issuer:TW:4107,https://www.tpex.org.tw/openapi/v1/mopsfin_t187ap03_O,2026-08-28,user,2026-08-28,已裁决,l2:TPEX:4107,H1 人闸批准；仅在本行 product_scope 内有效。
h1-include-1335,manual_include,include,issuer,issuer:TW:4109,issuer:TW:4109,-,-,-,加捷生醫,L2,TPEx OpenAPI 上櫃股票基本資料（完整母集）,冻结 2026-08-28 TWSE+TPEx（不含兴柜）L2 机械母集,-,human-gate://2026-08-28/H1/issuer:TW:4109,https://www.tpex.org.tw/openapi/v1/mopsfin_t187ap03_O,2026-08-28,user,2026-08-28,已裁决,l2:TPEX:4109,H1 人闸批准；仅在本行 product_scope 内有效。
h1-include-1336,manual_include,include,issuer,issuer:TW:4111,issuer:TW:4111,-,-,-,濟生,L2,TPEx OpenAPI 上櫃股票基本資料（完整母集）,冻结 2026-08-28 TWSE+TPEx（不含兴柜）L2 机械母集,-,human-gate://2026-08-28/H1/issuer:TW:4111,https://www.tpex.org.tw/openapi/v1/mopsfin_t187ap03_O,2026-08-28,user,2026-08-28,已裁决,l2:TPEX:4111,H1 人闸批准；仅在本行 product_scope 内有效。
h1-include-1337,manual_include,include,issuer,issuer:TW:4113,issuer:TW:4113,-,-,-,聯上,L2,TPEx OpenAPI 上櫃股票基本資料（完整母集）,冻结 2026-08-28 TWSE+TPEx（不含兴柜）L2 机械母集,-,human-gate://2026-08-28/H1/issuer:TW:4113,https://www.tpex.org.tw/openapi/v1/mopsfin_t187ap03_O,2026-08-28,user,2026-08-28,已裁决,l2:TPEX:4113,H1 人闸批准；仅在本行 product_scope 内有效。
h1-include-1338,manual_include,include,issuer,issuer:TW:4114,issuer:TW:4114,-,-,-,健喬,L2,TPEx OpenAPI 上櫃股票基本資料（完整母集）,冻结 2026-08-28 TWSE+TPEx（不含兴柜）L2 机械母集,-,human-gate://2026-08-28/H1/issuer:TW:4114,https://www.tpex.org.tw/openapi/v1/mopsfin_t187ap03_O,2026-08-28,user,2026-08-28,已裁决,l2:TPEX:4114,H1 人闸批准；仅在本行 product_scope 内有效。
h1-include-1339,manual_include,include,issuer,issuer:TW:4116,issuer:TW:4116,-,-,-,明基醫,L2,TPEx OpenAPI 上櫃股票基本資料（完整母集）,冻结 2026-08-28 TWSE+TPEx（不含兴柜）L2 机械母集,-,human-gate://2026-08-28/H1/issuer:TW:4116,https://www.tpex.org.tw/openapi/v1/mopsfin_t187ap03_O,2026-08-28,user,2026-08-28,已裁决,l2:TPEX:4116,H1 人闸批准；仅在本行 product_scope 内有效。
h1-include-1340,manual_include,include,issuer,issuer:TW:4120,issuer:TW:4120,-,-,-,友華,L2,TPEx OpenAPI 上櫃股票基本資料（完整母集）,冻结 2026-08-28 TWSE+TPEx（不含兴柜）L2 机械母集,-,human-gate://2026-08-28/H1/issuer:TW:4120,https://www.tpex.org.tw/openapi/v1/mopsfin_t187ap03_O,2026-08-28,user,2026-08-28,已裁决,l2:TPEX:4120,H1 人闸批准；仅在本行 product_scope 内有效。
h1-include-1341,manual_include,include,issuer,issuer:TW:4121,issuer:TW:4121,-,-,-,優盛,L2,TPEx OpenAPI 上櫃股票基本資料（完整母集）,冻结 2026-08-28 TWSE+TPEx（不含兴柜）L2 机械母集,-,human-gate://2026-08-28/H1/issuer:TW:4121,https://www.tpex.org.tw/openapi/v1/mopsfin_t187ap03_O,2026-08-28,user,2026-08-28,已裁决,l2:TPEX:4121,H1 人闸批准；仅在本行 product_scope 内有效。
h1-include-1342,manual_include,include,issuer,issuer:TW:4123,issuer:TW:4123,-,-,-,晟德,L2,TPEx OpenAPI 上櫃股票基本資料（完整母集）,冻结 2026-08-28 TWSE+TPEx（不含兴柜）L2 机械母集,-,human-gate://2026-08-28/H1/issuer:TW:4123,https://www.tpex.org.tw/openapi/v1/mopsfin_t187ap03_O,2026-08-28,user,2026-08-28,已裁决,l2:TPEX:4123,H1 人闸批准；仅在本行 product_scope 内有效。
h1-include-1343,manual_include,include,issuer,issuer:TW:4126,issuer:TW:4126,-,-,-,太醫,L2,TPEx OpenAPI 上櫃股票基本資料（完整母集）,冻结 2026-08-28 TWSE+TPEx（不含兴柜）L2 机械母集,-,human-gate://2026-08-28/H1/issuer:TW:4126,https://www.tpex.org.tw/openapi/v1/mopsfin_t187ap03_O,2026-08-28,user,2026-08-28,已裁决,l2:TPEX:4126,H1 人闸批准；仅在本行 product_scope 内有效。
h1-include-1344,manual_include,include,issuer,issuer:TW:4127,issuer:TW:4127,-,-,-,天良,L2,TPEx OpenAPI 上櫃股票基本資料（完整母集）,冻结 2026-08-28 TWSE+TPEx（不含兴柜）L2 机械母集,-,human-gate://2026-08-28/H1/issuer:TW:4127,https://www.tpex.org.tw/openapi/v1/mopsfin_t187ap03_O,2026-08-28,user,2026-08-28,已裁决,l2:TPEX:4127,H1 人闸批准；仅在本行 product_scope 内有效。
h1-include-1345,manual_include,include,issuer,issuer:TW:4128,issuer:TW:4128,-,-,-,中天,L2,TPEx OpenAPI 上櫃股票基本資料（完整母集）,冻结 2026-08-28 TWSE+TPEx（不含兴柜）L2 机械母集,-,human-gate://2026-08-28/H1/issuer:TW:4128,https://www.tpex.org.tw/openapi/v1/mopsfin_t187ap03_O,2026-08-28,user,2026-08-28,已裁决,l2:TPEX:4128,H1 人闸批准；仅在本行 product_scope 内有效。
h1-include-1346,manual_include,include,issuer,issuer:TW:4129,issuer:TW:4129,-,-,-,聯合,L2,TPEx OpenAPI 上櫃股票基本資料（完整母集）,冻结 2026-08-28 TWSE+TPEx（不含兴柜）L2 机械母集,-,human-gate://2026-08-28/H1/issuer:TW:4129,https://www.tpex.org.tw/openapi/v1/mopsfin_t187ap03_O,2026-08-28,user,2026-08-28,已裁决,l2:TPEX:4129,H1 人闸批准；仅在本行 product_scope 内有效。
h1-include-1347,manual_include,include,issuer,issuer:TW:4131,issuer:TW:4131,-,-,-,浩泰,L2,TPEx OpenAPI 上櫃股票基本資料（完整母集）,冻结 2026-08-28 TWSE+TPEx（不含兴柜）L2 机械母集,-,human-gate://2026-08-28/H1/issuer:TW:4131,https://www.tpex.org.tw/openapi/v1/mopsfin_t187ap03_O,2026-08-28,user,2026-08-28,已裁决,l2:TPEX:4131,H1 人闸批准；仅在本行 product_scope 内有效。
h1-include-1348,manual_include,include,issuer,issuer:TW:4138,issuer:TW:4138,-,-,-,曜亞,L2,TPEx OpenAPI 上櫃股票基本資料（完整母集）,冻结 2026-08-28 TWSE+TPEx（不含兴柜）L2 机械母集,-,human-gate://2026-08-28/H1/issuer:TW:4138,https://www.tpex.org.tw/openapi/v1/mopsfin_t187ap03_O,2026-08-28,user,2026-08-28,已裁决,l2:TPEX:4138,H1 人闸批准；仅在本行 product_scope 内有效。
h1-include-1349,manual_include,include,issuer,issuer:TW:4139,issuer:TW:4139,-,-,-,馬光-KY,L2,TPEx OpenAPI 上櫃股票基本資料（完整母集）,冻结 2026-08-28 TWSE+TPEx（不含兴柜）L2 机械母集,-,human-gate://2026-08-28/H1/issuer:TW:4139,https://www.tpex.org.tw/openapi/v1/mopsfin_t187ap03_O,2026-08-28,user,2026-08-28,已裁决,l2:TPEX:4139,H1 人闸批准；仅在本行 product_scope 内有效。
h1-include-1350,manual_include,include,issuer,issuer:TW:4147,issuer:TW:4147,-,-,-,中裕,L2,TPEx OpenAPI 上櫃股票基本資料（完整母集）,冻结 2026-08-28 TWSE+TPEx（不含兴柜）L2 机械母集,-,human-gate://2026-08-28/H1/issuer:TW:4147,https://www.tpex.org.tw/openapi/v1/mopsfin_t187ap03_O,2026-08-28,user,2026-08-28,已裁决,l2:TPEX:4147,H1 人闸批准；仅在本行 product_scope 内有效。
h1-include-1351,manual_include,include,issuer,issuer:TW:4153,issuer:TW:4153,-,-,-,鈺緯,L2,TPEx OpenAPI 上櫃股票基本資料（完整母集）,冻结 2026-08-28 TWSE+TPEx（不含兴柜）L2 机械母集,-,human-gate://2026-08-28/H1/issuer:TW:4153,https://www.tpex.org.tw/openapi/v1/mopsfin_t187ap03_O,2026-08-28,user,2026-08-28,已裁决,l2:TPEX:4153,H1 人闸批准；仅在本行 product_scope 内有效。
h1-include-1352,manual_include,include,issuer,issuer:TW:4154,issuer:TW:4154,-,-,-,樂威科-KY,L2,TPEx OpenAPI 上櫃股票基本資料（完整母集）,冻结 2026-08-28 TWSE+TPEx（不含兴柜）L2 机械母集,-,human-gate://2026-08-28/H1/issuer:TW:4154,https://www.tpex.org.tw/openapi/v1/mopsfin_t187ap03_O,2026-08-28,user,2026-08-28,已裁决,l2:TPEX:4154,H1 人闸批准；仅在本行 product_scope 内有效。
h1-include-1353,manual_include,include,issuer,issuer:TW:4157,issuer:TW:4157,-,-,-,太景*-KY,L2,TPEx OpenAPI 上櫃股票基本資料（完整母集）,冻结 2026-08-28 TWSE+TPEx（不含兴柜）L2 机械母集,-,human-gate://2026-08-28/H1/issuer:TW:4157,https://www.tpex.org.tw/openapi/v1/mopsfin_t187ap03_O,2026-08-28,user,2026-08-28,已裁决,l2:TPEX:4157,H1 人闸批准；仅在本行 product_scope 内有效。
h1-include-1354,manual_include,include,issuer,issuer:TW:4160,issuer:TW:4160,-,-,-,訊聯基因,L2,TPEx OpenAPI 上櫃股票基本資料（完整母集）,冻结 2026-08-28 TWSE+TPEx（不含兴柜）L2 机械母集,-,human-gate://2026-08-28/H1/issuer:TW:4160,https://www.tpex.org.tw/openapi/v1/mopsfin_t187ap03_O,2026-08-28,user,2026-08-28,已裁决,l2:TPEX:4160,H1 人闸批准；仅在本行 product_scope 内有效。
h1-include-1355,manual_include,include,issuer,issuer:TW:4161,issuer:TW:4161,-,-,-,聿新科,L2,TPEx OpenAPI 上櫃股票基本資料（完整母集）,冻结 2026-08-28 TWSE+TPEx（不含兴柜）L2 机械母集,-,human-gate://2026-08-28/H1/issuer:TW:4161,https://www.tpex.org.tw/openapi/v1/mopsfin_t187ap03_O,2026-08-28,user,2026-08-28,已裁决,l2:TPEX:4161,H1 人闸批准；仅在本行 product_scope 内有效。
h1-include-1356,manual_include,include,issuer,issuer:TW:4162,issuer:TW:4162,-,-,-,智擎,L2,TPEx OpenAPI 上櫃股票基本資料（完整母集）,冻结 2026-08-28 TWSE+TPEx（不含兴柜）L2 机械母集,-,human-gate://2026-08-28/H1/issuer:TW:4162,https://www.tpex.org.tw/openapi/v1/mopsfin_t187ap03_O,2026-08-28,user,2026-08-28,已裁决,l2:TPEX:4162,H1 人闸批准；仅在本行 product_scope 内有效。
h1-include-1357,manual_include,include,issuer,issuer:TW:4163,issuer:TW:4163,-,-,-,鐿鈦,L2,TPEx OpenAPI 上櫃股票基本資料（完整母集）,冻结 2026-08-28 TWSE+TPEx（不含兴柜）L2 机械母集,-,human-gate://2026-08-28/H1/issuer:TW:4163,https://www.tpex.org.tw/openapi/v1/mopsfin_t187ap03_O,2026-08-28,user,2026-08-28,已裁决,l2:TPEX:4163,H1 人闸批准；仅在本行 product_scope 内有效。
h1-include-1358,manual_include,include,issuer,issuer:TW:4166,issuer:TW:4166,-,-,-,友霖,L2,TPEx OpenAPI 上櫃股票基本資料（完整母集）,冻结 2026-08-28 TWSE+TPEx（不含兴柜）L2 机械母集,-,human-gate://2026-08-28/H1/issuer:TW:4166,https://www.tpex.org.tw/openapi/v1/mopsfin_t187ap03_O,2026-08-28,user,2026-08-28,已裁决,l2:TPEX:4166,H1 人闸批准；仅在本行 product_scope 内有效。
h1-include-1359,manual_include,include,issuer,issuer:TW:4167,issuer:TW:4167,-,-,-,松瑞藥,L2,TPEx OpenAPI 上櫃股票基本資料（完整母集）,冻结 2026-08-28 TWSE+TPEx（不含兴柜）L2 机械母集,-,human-gate://2026-08-28/H1/issuer:TW:4167,https://www.tpex.org.tw/openapi/v1/mopsfin_t187ap03_O,2026-08-28,user,2026-08-28,已裁决,l2:TPEX:4167,H1 人闸批准；仅在本行 product_scope 内有效。
h1-include-1360,manual_include,include,issuer,issuer:TW:4168,issuer:TW:4168,-,-,-,醣聯,L2,TPEx OpenAPI 上櫃股票基本資料（完整母集）,冻结 2026-08-28 TWSE+TPEx（不含兴柜）L2 机械母集,-,human-gate://2026-08-28/H1/issuer:TW:4168,https://www.tpex.org.tw/openapi/v1/mopsfin_t187ap03_O,2026-08-28,user,2026-08-28,已裁决,l2:TPEX:4168,H1 人闸批准；仅在本行 product_scope 内有效。
h1-include-1361,manual_include,include,issuer,issuer:TW:4171,issuer:TW:4171,-,-,-,瑞基,L2,TPEx OpenAPI 上櫃股票基本資料（完整母集）,冻结 2026-08-28 TWSE+TPEx（不含兴柜）L2 机械母集,-,human-gate://2026-08-28/H1/issuer:TW:4171,https://www.tpex.org.tw/openapi/v1/mopsfin_t187ap03_O,2026-08-28,user,2026-08-28,已裁决,l2:TPEX:4171,H1 人闸批准；仅在本行 product_scope 内有效。
h1-include-1362,manual_include,include,issuer,issuer:TW:4173,issuer:TW:4173,-,-,-,久裕,L2,TPEx OpenAPI 上櫃股票基本資料（完整母集）,冻结 2026-08-28 TWSE+TPEx（不含兴柜）L2 机械母集,-,human-gate://2026-08-28/H1/issuer:TW:4173,https://www.tpex.org.tw/openapi/v1/mopsfin_t187ap03_O,2026-08-28,user,2026-08-28,已裁决,l2:TPEX:4173,H1 人闸批准；仅在本行 product_scope 内有效。
h1-include-1363,manual_include,include,issuer,issuer:TW:4174,issuer:TW:4174,-,-,-,浩鼎,L2,TPEx OpenAPI 上櫃股票基本資料（完整母集）,冻结 2026-08-28 TWSE+TPEx（不含兴柜）L2 机械母集,-,human-gate://2026-08-28/H1/issuer:TW:4174,https://www.tpex.org.tw/openapi/v1/mopsfin_t187ap03_O,2026-08-28,user,2026-08-28,已裁决,l2:TPEX:4174,H1 人闸批准；仅在本行 product_scope 内有效。
h1-include-1364,manual_include,include,issuer,issuer:TW:4175,issuer:TW:4175,-,-,-,杏一,L2,TPEx OpenAPI 上櫃股票基本資料（完整母集）,冻结 2026-08-28 TWSE+TPEx（不含兴柜）L2 机械母集,-,human-gate://2026-08-28/H1/issuer:TW:4175,https://www.tpex.org.tw/openapi/v1/mopsfin_t187ap03_O,2026-08-28,user,2026-08-28,已裁决,l2:TPEX:4175,H1 人闸批准；仅在本行 product_scope 内有效。
h1-include-1365,manual_include,include,issuer,issuer:TW:4183,issuer:TW:4183,-,-,-,福永生技,L2,TPEx OpenAPI 上櫃股票基本資料（完整母集）,冻结 2026-08-28 TWSE+TPEx（不含兴柜）L2 机械母集,-,human-gate://2026-08-28/H1/issuer:TW:4183,https://www.tpex.org.tw/openapi/v1/mopsfin_t187ap03_O,2026-08-28,user,2026-08-28,已裁决,l2:TPEX:4183,H1 人闸批准；仅在本行 product_scope 内有效。
h1-include-1366,manual_include,include,issuer,issuer:TW:4188,issuer:TW:4188,-,-,-,安克,L2,TPEx OpenAPI 上櫃股票基本資料（完整母集）,冻结 2026-08-28 TWSE+TPEx（不含兴柜）L2 机械母集,-,human-gate://2026-08-28/H1/issuer:TW:4188,https://www.tpex.org.tw/openapi/v1/mopsfin_t187ap03_O,2026-08-28,user,2026-08-28,已裁决,l2:TPEX:4188,H1 人闸批准；仅在本行 product_scope 内有效。
h1-include-1367,manual_include,include,issuer,issuer:TW:4192,issuer:TW:4192,-,-,-,杏國,L2,TPEx OpenAPI 上櫃股票基本資料（完整母集）,冻结 2026-08-28 TWSE+TPEx（不含兴柜）L2 机械母集,-,human-gate://2026-08-28/H1/issuer:TW:4192,https://www.tpex.org.tw/openapi/v1/mopsfin_t187ap03_O,2026-08-28,user,2026-08-28,已裁决,l2:TPEX:4192,H1 人闸批准；仅在本行 product_scope 内有效。
h1-include-1368,manual_include,include,issuer,issuer:TW:4198,issuer:TW:4198,-,-,-,欣大健康,L2,TPEx OpenAPI 上櫃股票基本資料（完整母集）,冻结 2026-08-28 TWSE+TPEx（不含兴柜）L2 机械母集,-,human-gate://2026-08-28/H1/issuer:TW:4198,https://www.tpex.org.tw/openapi/v1/mopsfin_t187ap03_O,2026-08-28,user,2026-08-28,已裁决,l2:TPEX:4198,H1 人闸批准；仅在本行 product_scope 内有效。
h1-include-1369,manual_include,include,issuer,issuer:TW:4205,issuer:TW:4205,-,-,-,中華食,L2,TPEx OpenAPI 上櫃股票基本資料（完整母集）,冻结 2026-08-28 TWSE+TPEx（不含兴柜）L2 机械母集,-,human-gate://2026-08-28/H1/issuer:TW:4205,https://www.tpex.org.tw/openapi/v1/mopsfin_t187ap03_O,2026-08-28,user,2026-08-28,已裁决,l2:TPEX:4205,H1 人闸批准；仅在本行 product_scope 内有效。
h1-include-1370,manual_include,include,issuer,issuer:TW:4207,issuer:TW:4207,-,-,-,環泰,L2,TPEx OpenAPI 上櫃股票基本資料（完整母集）,冻结 2026-08-28 TWSE+TPEx（不含兴柜）L2 机械母集,-,human-gate://2026-08-28/H1/issuer:TW:4207,https://www.tpex.org.tw/openapi/v1/mopsfin_t187ap03_O,2026-08-28,user,2026-08-28,已裁决,l2:TPEX:4207,H1 人闸批准；仅在本行 product_scope 内有效。
h1-include-1371,manual_include,include,issuer,issuer:TW:4303,issuer:TW:4303,-,-,-,信立,L2,TPEx OpenAPI 上櫃股票基本資料（完整母集）,冻结 2026-08-28 TWSE+TPEx（不含兴柜）L2 机械母集,-,human-gate://2026-08-28/H1/issuer:TW:4303,https://www.tpex.org.tw/openapi/v1/mopsfin_t187ap03_O,2026-08-28,user,2026-08-28,已裁决,l2:TPEX:4303,H1 人闸批准；仅在本行 product_scope 内有效。
h1-include-1372,manual_include,include,issuer,issuer:TW:4304,issuer:TW:4304,-,-,-,勝昱,L2,TPEx OpenAPI 上櫃股票基本資料（完整母集）,冻结 2026-08-28 TWSE+TPEx（不含兴柜）L2 机械母集,-,human-gate://2026-08-28/H1/issuer:TW:4304,https://www.tpex.org.tw/openapi/v1/mopsfin_t187ap03_O,2026-08-28,user,2026-08-28,已裁决,l2:TPEX:4304,H1 人闸批准；仅在本行 product_scope 内有效。
h1-include-1373,manual_include,include,issuer,issuer:TW:4305,issuer:TW:4305,-,-,-,世坤,L2,TPEx OpenAPI 上櫃股票基本資料（完整母集）,冻结 2026-08-28 TWSE+TPEx（不含兴柜）L2 机械母集,-,human-gate://2026-08-28/H1/issuer:TW:4305,https://www.tpex.org.tw/openapi/v1/mopsfin_t187ap03_O,2026-08-28,user,2026-08-28,已裁决,l2:TPEX:4305,H1 人闸批准；仅在本行 product_scope 内有效。
h1-include-1374,manual_include,include,issuer,issuer:TW:4401,issuer:TW:4401,-,-,-,東隆興,L2,TPEx OpenAPI 上櫃股票基本資料（完整母集）,冻结 2026-08-28 TWSE+TPEx（不含兴柜）L2 机械母集,-,human-gate://2026-08-28/H1/issuer:TW:4401,https://www.tpex.org.tw/openapi/v1/mopsfin_t187ap03_O,2026-08-28,user,2026-08-28,已裁决,l2:TPEX:4401,H1 人闸批准；仅在本行 product_scope 内有效。
h1-include-1375,manual_include,include,issuer,issuer:TW:4402,issuer:TW:4402,-,-,-,郡都開發,L2,TPEx OpenAPI 上櫃股票基本資料（完整母集）,冻结 2026-08-28 TWSE+TPEx（不含兴柜）L2 机械母集,-,human-gate://2026-08-28/H1/issuer:TW:4402,https://www.tpex.org.tw/openapi/v1/mopsfin_t187ap03_O,2026-08-28,user,2026-08-28,已裁决,l2:TPEX:4402,H1 人闸批准；仅在本行 product_scope 内有效。
h1-include-1376,manual_include,include,issuer,issuer:TW:4406,issuer:TW:4406,-,-,-,新昕纖,L2,TPEx OpenAPI 上櫃股票基本資料（完整母集）,冻结 2026-08-28 TWSE+TPEx（不含兴柜）L2 机械母集,-,human-gate://2026-08-28/H1/issuer:TW:4406,https://www.tpex.org.tw/openapi/v1/mopsfin_t187ap03_O,2026-08-28,user,2026-08-28,已裁决,l2:TPEX:4406,H1 人闸批准；仅在本行 product_scope 内有效。
h1-include-1377,manual_include,include,issuer,issuer:TW:4413,issuer:TW:4413,-,-,-,飛寶企業,L2,TPEx OpenAPI 上櫃股票基本資料（完整母集）,冻结 2026-08-28 TWSE+TPEx（不含兴柜）L2 机械母集,-,human-gate://2026-08-28/H1/issuer:TW:4413,https://www.tpex.org.tw/openapi/v1/mopsfin_t187ap03_O,2026-08-28,user,2026-08-28,已裁决,l2:TPEX:4413,H1 人闸批准；仅在本行 product_scope 内有效。
h1-include-1378,manual_include,include,issuer,issuer:TW:4416,issuer:TW:4416,-,-,-,三圓,L2,TPEx OpenAPI 上櫃股票基本資料（完整母集）,冻结 2026-08-28 TWSE+TPEx（不含兴柜）L2 机械母集,-,human-gate://2026-08-28/H1/issuer:TW:4416,https://www.tpex.org.tw/openapi/v1/mopsfin_t187ap03_O,2026-08-28,user,2026-08-28,已裁决,l2:TPEX:4416,H1 人闸批准；仅在本行 product_scope 内有效。
h1-include-1379,manual_include,include,issuer,issuer:TW:4417,issuer:TW:4417,-,-,-,金洲,L2,TPEx OpenAPI 上櫃股票基本資料（完整母集）,冻结 2026-08-28 TWSE+TPEx（不含兴柜）L2 机械母集,-,human-gate://2026-08-28/H1/issuer:TW:4417,https://www.tpex.org.tw/openapi/v1/mopsfin_t187ap03_O,2026-08-28,user,2026-08-28,已裁决,l2:TPEX:4417,H1 人闸批准；仅在本行 product_scope 内有效。
h1-include-1380,manual_include,include,issuer,issuer:TW:4419,issuer:TW:4419,-,-,-,皇家美食,L2,TPEx OpenAPI 上櫃股票基本資料（完整母集）,冻结 2026-08-28 TWSE+TPEx（不含兴柜）L2 机械母集,-,human-gate://2026-08-28/H1/issuer:TW:4419,https://www.tpex.org.tw/openapi/v1/mopsfin_t187ap03_O,2026-08-28,user,2026-08-28,已裁决,l2:TPEX:4419,H1 人闸批准；仅在本行 product_scope 内有效。
h1-include-1381,manual_include,include,issuer,issuer:TW:4420,issuer:TW:4420,-,-,-,光明,L2,TPEx OpenAPI 上櫃股票基本資料（完整母集）,冻结 2026-08-28 TWSE+TPEx（不含兴柜）L2 机械母集,-,human-gate://2026-08-28/H1/issuer:TW:4420,https://www.tpex.org.tw/openapi/v1/mopsfin_t187ap03_O,2026-08-28,user,2026-08-28,已裁决,l2:TPEX:4420,H1 人闸批准；仅在本行 product_scope 内有效。
h1-include-1382,manual_include,include,issuer,issuer:TW:4430,issuer:TW:4430,-,-,-,耀億,L2,TPEx OpenAPI 上櫃股票基本資料（完整母集）,冻结 2026-08-28 TWSE+TPEx（不含兴柜）L2 机械母集,-,human-gate://2026-08-28/H1/issuer:TW:4430,https://www.tpex.org.tw/openapi/v1/mopsfin_t187ap03_O,2026-08-28,user,2026-08-28,已裁决,l2:TPEX:4430,H1 人闸批准；仅在本行 product_scope 内有效。
h1-include-1383,manual_include,include,issuer,issuer:TW:4432,issuer:TW:4432,-,-,-,銘旺實,L2,TPEx OpenAPI 上櫃股票基本資料（完整母集）,冻结 2026-08-28 TWSE+TPEx（不含兴柜）L2 机械母集,-,human-gate://2026-08-28/H1/issuer:TW:4432,https://www.tpex.org.tw/openapi/v1/mopsfin_t187ap03_O,2026-08-28,user,2026-08-28,已裁决,l2:TPEX:4432,H1 人闸批准；仅在本行 product_scope 内有效。
h1-include-1384,manual_include,include,issuer,issuer:TW:4433,issuer:TW:4433,-,-,-,興采,L2,TPEx OpenAPI 上櫃股票基本資料（完整母集）,冻结 2026-08-28 TWSE+TPEx（不含兴柜）L2 机械母集,-,human-gate://2026-08-28/H1/issuer:TW:4433,https://www.tpex.org.tw/openapi/v1/mopsfin_t187ap03_O,2026-08-28,user,2026-08-28,已裁决,l2:TPEX:4433,H1 人闸批准；仅在本行 product_scope 内有效。
h1-include-1385,manual_include,include,issuer,issuer:TW:4442,issuer:TW:4442,-,-,-,竣邦-KY,L2,TPEx OpenAPI 上櫃股票基本資料（完整母集）,冻结 2026-08-28 TWSE+TPEx（不含兴柜）L2 机械母集,-,human-gate://2026-08-28/H1/issuer:TW:4442,https://www.tpex.org.tw/openapi/v1/mopsfin_t187ap03_O,2026-08-28,user,2026-08-28,已裁决,l2:TPEX:4442,H1 人闸批准；仅在本行 product_scope 内有效。
h1-include-1386,manual_include,include,issuer,issuer:TW:4502,issuer:TW:4502,-,-,-,健信,L2,TPEx OpenAPI 上櫃股票基本資料（完整母集）,冻结 2026-08-28 TWSE+TPEx（不含兴柜）L2 机械母集,-,human-gate://2026-08-28/H1/issuer:TW:4502,https://www.tpex.org.tw/openapi/v1/mopsfin_t187ap03_O,2026-08-28,user,2026-08-28,已裁决,l2:TPEX:4502,H1 人闸批准；仅在本行 product_scope 内有效。
h1-include-1387,manual_include,include,issuer,issuer:TW:4503,issuer:TW:4503,-,-,-,金雨,L2,TPEx OpenAPI 上櫃股票基本資料（完整母集）,冻结 2026-08-28 TWSE+TPEx（不含兴柜）L2 机械母集,-,human-gate://2026-08-28/H1/issuer:TW:4503,https://www.tpex.org.tw/openapi/v1/mopsfin_t187ap03_O,2026-08-28,user,2026-08-28,已裁决,l2:TPEX:4503,H1 人闸批准；仅在本行 product_scope 内有效。
h1-include-1388,manual_include,include,issuer,issuer:TW:4506,issuer:TW:4506,-,-,-,崇友,L2,TPEx OpenAPI 上櫃股票基本資料（完整母集）,冻结 2026-08-28 TWSE+TPEx（不含兴柜）L2 机械母集,-,human-gate://2026-08-28/H1/issuer:TW:4506,https://www.tpex.org.tw/openapi/v1/mopsfin_t187ap03_O,2026-08-28,user,2026-08-28,已裁决,l2:TPEX:4506,H1 人闸批准；仅在本行 product_scope 内有效。
h1-include-1389,manual_include,include,issuer,issuer:TW:4510,issuer:TW:4510,-,-,-,高鋒,L2,TPEx OpenAPI 上櫃股票基本資料（完整母集）,冻结 2026-08-28 TWSE+TPEx（不含兴柜）L2 机械母集,-,human-gate://2026-08-28/H1/issuer:TW:4510,https://www.tpex.org.tw/openapi/v1/mopsfin_t187ap03_O,2026-08-28,user,2026-08-28,已裁决,l2:TPEX:4510,H1 人闸批准；仅在本行 product_scope 内有效。
h1-include-1390,manual_include,include,issuer,issuer:TW:4513,issuer:TW:4513,-,-,-,福裕,L2,TPEx OpenAPI 上櫃股票基本資料（完整母集）,冻结 2026-08-28 TWSE+TPEx（不含兴柜）L2 机械母集,-,human-gate://2026-08-28/H1/issuer:TW:4513,https://www.tpex.org.tw/openapi/v1/mopsfin_t187ap03_O,2026-08-28,user,2026-08-28,已裁决,l2:TPEX:4513,H1 人闸批准；仅在本行 product_scope 内有效。
h1-include-1391,manual_include,include,issuer,issuer:TW:4523,issuer:TW:4523,-,-,-,永彰,L2,TPEx OpenAPI 上櫃股票基本資料（完整母集）,冻结 2026-08-28 TWSE+TPEx（不含兴柜）L2 机械母集,-,human-gate://2026-08-28/H1/issuer:TW:4523,https://www.tpex.org.tw/openapi/v1/mopsfin_t187ap03_O,2026-08-28,user,2026-08-28,已裁决,l2:TPEX:4523,H1 人闸批准；仅在本行 product_scope 内有效。
h1-include-1392,manual_include,include,issuer,issuer:TW:4527,issuer:TW:4527,-,-,-,方方土霖,L2,TPEx OpenAPI 上櫃股票基本資料（完整母集）,冻结 2026-08-28 TWSE+TPEx（不含兴柜）L2 机械母集,-,human-gate://2026-08-28/H1/issuer:TW:4527,https://www.tpex.org.tw/openapi/v1/mopsfin_t187ap03_O,2026-08-28,user,2026-08-28,已裁决,l2:TPEX:4527,H1 人闸批准；仅在本行 product_scope 内有效。
h1-include-1393,manual_include,include,issuer,issuer:TW:4528,issuer:TW:4528,-,-,-,江興鍛,L2,TPEx OpenAPI 上櫃股票基本資料（完整母集）,冻结 2026-08-28 TWSE+TPEx（不含兴柜）L2 机械母集,-,human-gate://2026-08-28/H1/issuer:TW:4528,https://www.tpex.org.tw/openapi/v1/mopsfin_t187ap03_O,2026-08-28,user,2026-08-28,已裁决,l2:TPEX:4528,H1 人闸批准；仅在本行 product_scope 内有效。
h1-include-1394,manual_include,include,issuer,issuer:TW:4529,issuer:TW:4529,-,-,-,淳紳,L2,TPEx OpenAPI 上櫃股票基本資料（完整母集）,冻结 2026-08-28 TWSE+TPEx（不含兴柜）L2 机械母集,-,human-gate://2026-08-28/H1/issuer:TW:4529,https://www.tpex.org.tw/openapi/v1/mopsfin_t187ap03_O,2026-08-28,user,2026-08-28,已裁决,l2:TPEX:4529,H1 人闸批准；仅在本行 product_scope 内有效。
h1-include-1395,manual_include,include,issuer,issuer:TW:4530,issuer:TW:4530,-,-,-,天意能創,L2,TPEx OpenAPI 上櫃股票基本資料（完整母集）,冻结 2026-08-28 TWSE+TPEx（不含兴柜）L2 机械母集,-,human-gate://2026-08-28/H1/issuer:TW:4530,https://www.tpex.org.tw/openapi/v1/mopsfin_t187ap03_O,2026-08-28,user,2026-08-28,已裁决,l2:TPEX:4530,H1 人闸批准；仅在本行 product_scope 内有效。
h1-include-1396,manual_include,include,issuer,issuer:TW:4533,issuer:TW:4533,-,-,-,協易機,L2,TPEx OpenAPI 上櫃股票基本資料（完整母集）,冻结 2026-08-28 TWSE+TPEx（不含兴柜）L2 机械母集,-,human-gate://2026-08-28/H1/issuer:TW:4533,https://www.tpex.org.tw/openapi/v1/mopsfin_t187ap03_O,2026-08-28,user,2026-08-28,已裁决,l2:TPEX:4533,H1 人闸批准；仅在本行 product_scope 内有效。
h1-include-1397,manual_include,include,issuer,issuer:TW:4534,issuer:TW:4534,-,-,-,慶騰,L2,TPEx OpenAPI 上櫃股票基本資料（完整母集）,冻结 2026-08-28 TWSE+TPEx（不含兴柜）L2 机械母集,-,human-gate://2026-08-28/H1/issuer:TW:4534,https://www.tpex.org.tw/openapi/v1/mopsfin_t187ap03_O,2026-08-28,user,2026-08-28,已裁决,l2:TPEX:4534,H1 人闸批准；仅在本行 product_scope 内有效。
h1-include-1398,manual_include,include,issuer,issuer:TW:4535,issuer:TW:4535,-,-,-,至興,L2,TPEx OpenAPI 上櫃股票基本資料（完整母集）,冻结 2026-08-28 TWSE+TPEx（不含兴柜）L2 机械母集,-,human-gate://2026-08-28/H1/issuer:TW:4535,https://www.tpex.org.tw/openapi/v1/mopsfin_t187ap03_O,2026-08-28,user,2026-08-28,已裁决,l2:TPEX:4535,H1 人闸批准；仅在本行 product_scope 内有效。
h1-include-1399,manual_include,include,issuer,issuer:TW:4538,issuer:TW:4538,-,-,-,大詠城,L2,TPEx OpenAPI 上櫃股票基本資料（完整母集）,冻结 2026-08-28 TWSE+TPEx（不含兴柜）L2 机械母集,-,human-gate://2026-08-28/H1/issuer:TW:4538,https://www.tpex.org.tw/openapi/v1/mopsfin_t187ap03_O,2026-08-28,user,2026-08-28,已裁决,l2:TPEX:4538,H1 人闸批准；仅在本行 product_scope 内有效。
h1-include-1400,manual_include,include,issuer,issuer:TW:4541,issuer:TW:4541,-,-,-,晟田,L2,TPEx OpenAPI 上櫃股票基本資料（完整母集）,冻结 2026-08-28 TWSE+TPEx（不含兴柜）L2 机械母集,-,human-gate://2026-08-28/H1/issuer:TW:4541,https://www.tpex.org.tw/openapi/v1/mopsfin_t187ap03_O,2026-08-28,user,2026-08-28,已裁决,l2:TPEX:4541,H1 人闸批准；仅在本行 product_scope 内有效。
h1-include-1401,manual_include,include,issuer,issuer:TW:4542,issuer:TW:4542,-,-,-,科嶠,L2,TPEx OpenAPI 上櫃股票基本資料（完整母集）,冻结 2026-08-28 TWSE+TPEx（不含兴柜）L2 机械母集,-,human-gate://2026-08-28/H1/issuer:TW:4542,https://www.tpex.org.tw/openapi/v1/mopsfin_t187ap03_O,2026-08-28,user,2026-08-28,已裁决,l2:TPEX:4542,H1 人闸批准；仅在本行 product_scope 内有效。
h1-include-1402,manual_include,include,issuer,issuer:TW:4543,issuer:TW:4543,-,-,-,萬在,L2,TPEx OpenAPI 上櫃股票基本資料（完整母集）,冻结 2026-08-28 TWSE+TPEx（不含兴柜）L2 机械母集,-,human-gate://2026-08-28/H1/issuer:TW:4543,https://www.tpex.org.tw/openapi/v1/mopsfin_t187ap03_O,2026-08-28,user,2026-08-28,已裁决,l2:TPEX:4543,H1 人闸批准；仅在本行 product_scope 内有效。
h1-include-1403,manual_include,include,issuer,issuer:TW:4549,issuer:TW:4549,-,-,-,桓達,L2,TPEx OpenAPI 上櫃股票基本資料（完整母集）,冻结 2026-08-28 TWSE+TPEx（不含兴柜）L2 机械母集,-,human-gate://2026-08-28/H1/issuer:TW:4549,https://www.tpex.org.tw/openapi/v1/mopsfin_t187ap03_O,2026-08-28,user,2026-08-28,已裁决,l2:TPEX:4549,H1 人闸批准；仅在本行 product_scope 内有效。
h1-include-1404,manual_include,include,issuer,issuer:TW:4550,issuer:TW:4550,-,-,-,長佳,L2,TPEx OpenAPI 上櫃股票基本資料（完整母集）,冻结 2026-08-28 TWSE+TPEx（不含兴柜）L2 机械母集,-,human-gate://2026-08-28/H1/issuer:TW:4550,https://www.tpex.org.tw/openapi/v1/mopsfin_t187ap03_O,2026-08-28,user,2026-08-28,已裁决,l2:TPEX:4550,H1 人闸批准；仅在本行 product_scope 内有效。
h1-include-1405,manual_include,include,issuer,issuer:TW:4554,issuer:TW:4554,-,-,-,橙的,L2,TPEx OpenAPI 上櫃股票基本資料（完整母集）,冻结 2026-08-28 TWSE+TPEx（不含兴柜）L2 机械母集,-,human-gate://2026-08-28/H1/issuer:TW:4554,https://www.tpex.org.tw/openapi/v1/mopsfin_t187ap03_O,2026-08-28,user,2026-08-28,已裁决,l2:TPEX:4554,H1 人闸批准；仅在本行 product_scope 内有效。
h1-include-1406,manual_include,include,issuer,issuer:TW:4556,issuer:TW:4556,-,-,-,旭然,L2,TPEx OpenAPI 上櫃股票基本資料（完整母集）,冻结 2026-08-28 TWSE+TPEx（不含兴柜）L2 机械母集,-,human-gate://2026-08-28/H1/issuer:TW:4556,https://www.tpex.org.tw/openapi/v1/mopsfin_t187ap03_O,2026-08-28,user,2026-08-28,已裁决,l2:TPEX:4556,H1 人闸批准；仅在本行 product_scope 内有效。
h1-include-1407,manual_include,include,issuer,issuer:TW:4558,issuer:TW:4558,-,-,-,寶緯,L2,TPEx OpenAPI 上櫃股票基本資料（完整母集）,冻结 2026-08-28 TWSE+TPEx（不含兴柜）L2 机械母集,-,human-gate://2026-08-28/H1/issuer:TW:4558,https://www.tpex.org.tw/openapi/v1/mopsfin_t187ap03_O,2026-08-28,user,2026-08-28,已裁决,l2:TPEX:4558,H1 人闸批准；仅在本行 product_scope 内有效。
h1-include-1408,manual_include,include,issuer,issuer:TW:4561,issuer:TW:4561,-,-,-,健椿,L2,TPEx OpenAPI 上櫃股票基本資料（完整母集）,冻结 2026-08-28 TWSE+TPEx（不含兴柜）L2 机械母集,-,human-gate://2026-08-28/H1/issuer:TW:4561,https://www.tpex.org.tw/openapi/v1/mopsfin_t187ap03_O,2026-08-28,user,2026-08-28,已裁决,l2:TPEX:4561,H1 人闸批准；仅在本行 product_scope 内有效。
h1-include-1409,manual_include,include,issuer,issuer:TW:4563,issuer:TW:4563,-,-,-,百德,L2,TPEx OpenAPI 上櫃股票基本資料（完整母集）,冻结 2026-08-28 TWSE+TPEx（不含兴柜）L2 机械母集,-,human-gate://2026-08-28/H1/issuer:TW:4563,https://www.tpex.org.tw/openapi/v1/mopsfin_t187ap03_O,2026-08-28,user,2026-08-28,已裁决,l2:TPEX:4563,H1 人闸批准；仅在本行 product_scope 内有效。
h1-include-1410,manual_include,include,issuer,issuer:TW:4568,issuer:TW:4568,-,-,-,科際精密,L2,TPEx OpenAPI 上櫃股票基本資料（完整母集）,冻结 2026-08-28 TWSE+TPEx（不含兴柜）L2 机械母集,-,human-gate://2026-08-28/H1/issuer:TW:4568,https://www.tpex.org.tw/openapi/v1/mopsfin_t187ap03_O,2026-08-28,user,2026-08-28,已裁决,l2:TPEX:4568,H1 人闸批准；仅在本行 product_scope 内有效。
h1-include-1411,manual_include,include,issuer,issuer:TW:4577,issuer:TW:4577,-,-,-,達航科技,L2,TPEx OpenAPI 上櫃股票基本資料（完整母集）,冻结 2026-08-28 TWSE+TPEx（不含兴柜）L2 机械母集,-,human-gate://2026-08-28/H1/issuer:TW:4577,https://www.tpex.org.tw/openapi/v1/mopsfin_t187ap03_O,2026-08-28,user,2026-08-28,已裁决,l2:TPEX:4577,H1 人闸批准；仅在本行 product_scope 内有效。
h1-include-1412,manual_include,include,issuer,issuer:TW:4580,issuer:TW:4580,-,-,-,捷流閥業,L2,TPEx OpenAPI 上櫃股票基本資料（完整母集）,冻结 2026-08-28 TWSE+TPEx（不含兴柜）L2 机械母集,-,human-gate://2026-08-28/H1/issuer:TW:4580,https://www.tpex.org.tw/openapi/v1/mopsfin_t187ap03_O,2026-08-28,user,2026-08-28,已裁决,l2:TPEX:4580,H1 人闸批准；仅在本行 product_scope 内有效。
h1-include-1413,manual_include,include,issuer,issuer:TW:4584,issuer:TW:4584,-,-,-,君帆,L2,TPEx OpenAPI 上櫃股票基本資料（完整母集）,冻结 2026-08-28 TWSE+TPEx（不含兴柜）L2 机械母集,-,human-gate://2026-08-28/H1/issuer:TW:4584,https://www.tpex.org.tw/openapi/v1/mopsfin_t187ap03_O,2026-08-28,user,2026-08-28,已裁决,l2:TPEX:4584,H1 人闸批准；仅在本行 product_scope 内有效。
h1-include-1414,manual_include,include,issuer,issuer:TW:4609,issuer:TW:4609,-,-,-,唐鋒,L2,TPEx OpenAPI 上櫃股票基本資料（完整母集）,冻结 2026-08-28 TWSE+TPEx（不含兴柜）L2 机械母集,-,human-gate://2026-08-28/H1/issuer:TW:4609,https://www.tpex.org.tw/openapi/v1/mopsfin_t187ap03_O,2026-08-28,user,2026-08-28,已裁决,l2:TPEX:4609,H1 人闸批准；仅在本行 product_scope 内有效。
h1-include-1415,manual_include,include,issuer,issuer:TW:4702,issuer:TW:4702,-,-,-,中美實,L2,TPEx OpenAPI 上櫃股票基本資料（完整母集）,冻结 2026-08-28 TWSE+TPEx（不含兴柜）L2 机械母集,-,human-gate://2026-08-28/H1/issuer:TW:4702,https://www.tpex.org.tw/openapi/v1/mopsfin_t187ap03_O,2026-08-28,user,2026-08-28,已裁决,l2:TPEX:4702,H1 人闸批准；仅在本行 product_scope 内有效。
h1-include-1416,manual_include,include,issuer,issuer:TW:4706,issuer:TW:4706,-,-,-,大恭,L2,TPEx OpenAPI 上櫃股票基本資料（完整母集）,冻结 2026-08-28 TWSE+TPEx（不含兴柜）L2 机械母集,-,human-gate://2026-08-28/H1/issuer:TW:4706,https://www.tpex.org.tw/openapi/v1/mopsfin_t187ap03_O,2026-08-28,user,2026-08-28,已裁决,l2:TPEX:4706,H1 人闸批准；仅在本行 product_scope 内有效。
h1-include-1417,manual_include,include,issuer,issuer:TW:4707,issuer:TW:4707,-,-,-,磐亞,L2,TPEx OpenAPI 上櫃股票基本資料（完整母集）,冻结 2026-08-28 TWSE+TPEx（不含兴柜）L2 机械母集,-,human-gate://2026-08-28/H1/issuer:TW:4707,https://www.tpex.org.tw/openapi/v1/mopsfin_t187ap03_O,2026-08-28,user,2026-08-28,已裁决,l2:TPEX:4707,H1 人闸批准；仅在本行 product_scope 内有效。
h1-include-1418,manual_include,include,issuer,issuer:TW:4711,issuer:TW:4711,-,-,-,永純,L2,TPEx OpenAPI 上櫃股票基本資料（完整母集）,冻结 2026-08-28 TWSE+TPEx（不含兴柜）L2 机械母集,-,human-gate://2026-08-28/H1/issuer:TW:4711,https://www.tpex.org.tw/openapi/v1/mopsfin_t187ap03_O,2026-08-28,user,2026-08-28,已裁决,l2:TPEX:4711,H1 人闸批准；仅在本行 product_scope 内有效。
h1-include-1419,manual_include,include,issuer,issuer:TW:4714,issuer:TW:4714,-,-,-,永捷,L2,TPEx OpenAPI 上櫃股票基本資料（完整母集）,冻结 2026-08-28 TWSE+TPEx（不含兴柜）L2 机械母集,-,human-gate://2026-08-28/H1/issuer:TW:4714,https://www.tpex.org.tw/openapi/v1/mopsfin_t187ap03_O,2026-08-28,user,2026-08-28,已裁决,l2:TPEX:4714,H1 人闸批准；仅在本行 product_scope 内有效。
h1-include-1420,manual_include,include,issuer,issuer:TW:4716,issuer:TW:4716,-,-,-,大立,L2,TPEx OpenAPI 上櫃股票基本資料（完整母集）,冻结 2026-08-28 TWSE+TPEx（不含兴柜）L2 机械母集,-,human-gate://2026-08-28/H1/issuer:TW:4716,https://www.tpex.org.tw/openapi/v1/mopsfin_t187ap03_O,2026-08-28,user,2026-08-28,已裁决,l2:TPEX:4716,H1 人闸批准；仅在本行 product_scope 内有效。
h1-include-1421,manual_include,include,issuer,issuer:TW:4721,issuer:TW:4721,-,-,-,美琪瑪,L2,TPEx OpenAPI 上櫃股票基本資料（完整母集）,冻结 2026-08-28 TWSE+TPEx（不含兴柜）L2 机械母集,-,human-gate://2026-08-28/H1/issuer:TW:4721,https://www.tpex.org.tw/openapi/v1/mopsfin_t187ap03_O,2026-08-28,user,2026-08-28,已裁决,l2:TPEX:4721,H1 人闸批准；仅在本行 product_scope 内有效。
h1-include-1422,manual_include,include,issuer,issuer:TW:4726,issuer:TW:4726,-,-,-,永昕,L2,TPEx OpenAPI 上櫃股票基本資料（完整母集）,冻结 2026-08-28 TWSE+TPEx（不含兴柜）L2 机械母集,-,human-gate://2026-08-28/H1/issuer:TW:4726,https://www.tpex.org.tw/openapi/v1/mopsfin_t187ap03_O,2026-08-28,user,2026-08-28,已裁决,l2:TPEX:4726,H1 人闸批准；仅在本行 product_scope 内有效。
h1-include-1423,manual_include,include,issuer,issuer:TW:4728,issuer:TW:4728,-,-,-,雙美,L2,TPEx OpenAPI 上櫃股票基本資料（完整母集）,冻结 2026-08-28 TWSE+TPEx（不含兴柜）L2 机械母集,-,human-gate://2026-08-28/H1/issuer:TW:4728,https://www.tpex.org.tw/openapi/v1/mopsfin_t187ap03_O,2026-08-28,user,2026-08-28,已裁决,l2:TPEX:4728,H1 人闸批准；仅在本行 product_scope 内有效。
h1-include-1424,manual_include,include,issuer,issuer:TW:4729,issuer:TW:4729,-,-,-,熒茂,L2,TPEx OpenAPI 上櫃股票基本資料（完整母集）,冻结 2026-08-28 TWSE+TPEx（不含兴柜）L2 机械母集,-,human-gate://2026-08-28/H1/issuer:TW:4729,https://www.tpex.org.tw/openapi/v1/mopsfin_t187ap03_O,2026-08-28,user,2026-08-28,已裁决,l2:TPEX:4729,H1 人闸批准；仅在本行 product_scope 内有效。
h1-include-1425,manual_include,include,issuer,issuer:TW:4735,issuer:TW:4735,-,-,-,豪展,L2,TPEx OpenAPI 上櫃股票基本資料（完整母集）,冻结 2026-08-28 TWSE+TPEx（不含兴柜）L2 机械母集,-,human-gate://2026-08-28/H1/issuer:TW:4735,https://www.tpex.org.tw/openapi/v1/mopsfin_t187ap03_O,2026-08-28,user,2026-08-28,已裁决,l2:TPEX:4735,H1 人闸批准；仅在本行 product_scope 内有效。
h1-include-1426,manual_include,include,issuer,issuer:TW:4741,issuer:TW:4741,-,-,-,泓瀚,L2,TPEx OpenAPI 上櫃股票基本資料（完整母集）,冻结 2026-08-28 TWSE+TPEx（不含兴柜）L2 机械母集,-,human-gate://2026-08-28/H1/issuer:TW:4741,https://www.tpex.org.tw/openapi/v1/mopsfin_t187ap03_O,2026-08-28,user,2026-08-28,已裁决,l2:TPEX:4741,H1 人闸批准；仅在本行 product_scope 内有效。
h1-include-1427,manual_include,include,issuer,issuer:TW:4743,issuer:TW:4743,-,-,-,合一,L2,TPEx OpenAPI 上櫃股票基本資料（完整母集）,冻结 2026-08-28 TWSE+TPEx（不含兴柜）L2 机械母集,-,human-gate://2026-08-28/H1/issuer:TW:4743,https://www.tpex.org.tw/openapi/v1/mopsfin_t187ap03_O,2026-08-28,user,2026-08-28,已裁决,l2:TPEX:4743,H1 人闸批准；仅在本行 product_scope 内有效。
h1-include-1428,manual_include,include,issuer,issuer:TW:4744,issuer:TW:4744,-,-,-,皇將,L2,TPEx OpenAPI 上櫃股票基本資料（完整母集）,冻结 2026-08-28 TWSE+TPEx（不含兴柜）L2 机械母集,-,human-gate://2026-08-28/H1/issuer:TW:4744,https://www.tpex.org.tw/openapi/v1/mopsfin_t187ap03_O,2026-08-28,user,2026-08-28,已裁决,l2:TPEX:4744,H1 人闸批准；仅在本行 product_scope 内有效。
h1-include-1429,manual_include,include,issuer,issuer:TW:4745,issuer:TW:4745,-,-,-,合富-KY,L2,TPEx OpenAPI 上櫃股票基本資料（完整母集）,冻结 2026-08-28 TWSE+TPEx（不含兴柜）L2 机械母集,-,human-gate://2026-08-28/H1/issuer:TW:4745,https://www.tpex.org.tw/openapi/v1/mopsfin_t187ap03_O,2026-08-28,user,2026-08-28,已裁决,l2:TPEX:4745,H1 人闸批准；仅在本行 product_scope 内有效。
h1-include-1430,manual_include,include,issuer,issuer:TW:4747,issuer:TW:4747,-,-,-,強生製藥,L2,TPEx OpenAPI 上櫃股票基本資料（完整母集）,冻结 2026-08-28 TWSE+TPEx（不含兴柜）L2 机械母集,-,human-gate://2026-08-28/H1/issuer:TW:4747,https://www.tpex.org.tw/openapi/v1/mopsfin_t187ap03_O,2026-08-28,user,2026-08-28,已裁决,l2:TPEX:4747,H1 人闸批准；仅在本行 product_scope 内有效。
h1-include-1431,manual_include,include,issuer,issuer:TW:4749,issuer:TW:4749,-,-,-,新應材,L2,TPEx OpenAPI 上櫃股票基本資料（完整母集）,冻结 2026-08-28 TWSE+TPEx（不含兴柜）L2 机械母集,-,human-gate://2026-08-28/H1/issuer:TW:4749,https://www.tpex.org.tw/openapi/v1/mopsfin_t187ap03_O,2026-08-28,user,2026-08-28,已裁决,l2:TPEX:4749,H1 人闸批准；仅在本行 product_scope 内有效。
h1-include-1432,manual_include,include,issuer,issuer:TW:4754,issuer:TW:4754,-,-,-,國碳科,L2,TPEx OpenAPI 上櫃股票基本資料（完整母集）,冻结 2026-08-28 TWSE+TPEx（不含兴柜）L2 机械母集,-,human-gate://2026-08-28/H1/issuer:TW:4754,https://www.tpex.org.tw/openapi/v1/mopsfin_t187ap03_O,2026-08-28,user,2026-08-28,已裁决,l2:TPEX:4754,H1 人闸批准；仅在本行 product_scope 内有效。
h1-include-1433,manual_include,include,issuer,issuer:TW:4760,issuer:TW:4760,-,-,-,勤凱科技,L2,TPEx OpenAPI 上櫃股票基本資料（完整母集）,冻结 2026-08-28 TWSE+TPEx（不含兴柜）L2 机械母集,-,human-gate://2026-08-28/H1/issuer:TW:4760,https://www.tpex.org.tw/openapi/v1/mopsfin_t187ap03_O,2026-08-28,user,2026-08-28,已裁决,l2:TPEX:4760,H1 人闸批准；仅在本行 product_scope 内有效。
h1-include-1434,manual_include,include,issuer,issuer:TW:4767,issuer:TW:4767,-,-,-,誠泰科技,L2,TPEx OpenAPI 上櫃股票基本資料（完整母集）,冻结 2026-08-28 TWSE+TPEx（不含兴柜）L2 机械母集,-,human-gate://2026-08-28/H1/issuer:TW:4767,https://www.tpex.org.tw/openapi/v1/mopsfin_t187ap03_O,2026-08-28,user,2026-08-28,已裁决,l2:TPEX:4767,H1 人闸批准；仅在本行 product_scope 内有效。
h1-include-1435,manual_include,include,issuer,issuer:TW:4768,issuer:TW:4768,-,-,-,晶呈科技,L2,TPEx OpenAPI 上櫃股票基本資料（完整母集）,冻结 2026-08-28 TWSE+TPEx（不含兴柜）L2 机械母集,-,human-gate://2026-08-28/H1/issuer:TW:4768,https://www.tpex.org.tw/openapi/v1/mopsfin_t187ap03_O,2026-08-28,user,2026-08-28,已裁决,l2:TPEX:4768,H1 人闸批准；仅在本行 product_scope 内有效。
h1-include-1436,manual_include,include,issuer,issuer:TW:4772,issuer:TW:4772,-,-,-,台特化,L2,TPEx OpenAPI 上櫃股票基本資料（完整母集）,冻结 2026-08-28 TWSE+TPEx（不含兴柜）L2 机械母集,-,human-gate://2026-08-28/H1/issuer:TW:4772,https://www.tpex.org.tw/openapi/v1/mopsfin_t187ap03_O,2026-08-28,user,2026-08-28,已裁决,l2:TPEX:4772,H1 人闸批准；仅在本行 product_scope 内有效。
h1-include-1437,manual_include,include,issuer,issuer:TW:4804,issuer:TW:4804,-,-,-,大略-KY,L2,TPEx OpenAPI 上櫃股票基本資料（完整母集）,冻结 2026-08-28 TWSE+TPEx（不含兴柜）L2 机械母集,-,human-gate://2026-08-28/H1/issuer:TW:4804,https://www.tpex.org.tw/openapi/v1/mopsfin_t187ap03_O,2026-08-28,user,2026-08-28,已裁决,l2:TPEX:4804,H1 人闸批准；仅在本行 product_scope 内有效。
h1-include-1438,manual_include,include,issuer,issuer:TW:4806,issuer:TW:4806,-,-,-,桂田文創,L2,TPEx OpenAPI 上櫃股票基本資料（完整母集）,冻结 2026-08-28 TWSE+TPEx（不含兴柜）L2 机械母集,-,human-gate://2026-08-28/H1/issuer:TW:4806,https://www.tpex.org.tw/openapi/v1/mopsfin_t187ap03_O,2026-08-28,user,2026-08-28,已裁决,l2:TPEX:4806,H1 人闸批准；仅在本行 product_scope 内有效。
h1-include-1439,manual_include,include,issuer,issuer:TW:4903,issuer:TW:4903,-,-,-,聯光通,L2,TPEx OpenAPI 上櫃股票基本資料（完整母集）,冻结 2026-08-28 TWSE+TPEx（不含兴柜）L2 机械母集,-,human-gate://2026-08-28/H1/issuer:TW:4903,https://www.tpex.org.tw/openapi/v1/mopsfin_t187ap03_O,2026-08-28,user,2026-08-28,已裁决,l2:TPEX:4903,H1 人闸批准；仅在本行 product_scope 内有效。
h1-include-1440,manual_include,include,issuer,issuer:TW:4905,issuer:TW:4905,-,-,-,台聯電,L2,TPEx OpenAPI 上櫃股票基本資料（完整母集）,冻结 2026-08-28 TWSE+TPEx（不含兴柜）L2 机械母集,-,human-gate://2026-08-28/H1/issuer:TW:4905,https://www.tpex.org.tw/openapi/v1/mopsfin_t187ap03_O,2026-08-28,user,2026-08-28,已裁决,l2:TPEX:4905,H1 人闸批准；仅在本行 product_scope 内有效。
h1-include-1441,manual_include,include,issuer,issuer:TW:4907,issuer:TW:4907,-,-,-,富宇,L2,TPEx OpenAPI 上櫃股票基本資料（完整母集）,冻结 2026-08-28 TWSE+TPEx（不含兴柜）L2 机械母集,-,human-gate://2026-08-28/H1/issuer:TW:4907,https://www.tpex.org.tw/openapi/v1/mopsfin_t187ap03_O,2026-08-28,user,2026-08-28,已裁决,l2:TPEX:4907,H1 人闸批准；仅在本行 product_scope 内有效。
h1-include-1442,manual_include,include,issuer,issuer:TW:4908,issuer:TW:4908,-,-,-,前鼎,L2,TPEx OpenAPI 上櫃股票基本資料（完整母集）,冻结 2026-08-28 TWSE+TPEx（不含兴柜）L2 机械母集,-,human-gate://2026-08-28/H1/issuer:TW:4908,https://www.tpex.org.tw/openapi/v1/mopsfin_t187ap03_O,2026-08-28,user,2026-08-28,已裁决,l2:TPEX:4908,H1 人闸批准；仅在本行 product_scope 内有效。
h1-include-1443,manual_include,include,issuer,issuer:TW:4909,issuer:TW:4909,-,-,-,新復興,L2,TPEx OpenAPI 上櫃股票基本資料（完整母集）,冻结 2026-08-28 TWSE+TPEx（不含兴柜）L2 机械母集,-,human-gate://2026-08-28/H1/issuer:TW:4909,https://www.tpex.org.tw/openapi/v1/mopsfin_t187ap03_O,2026-08-28,user,2026-08-28,已裁决,l2:TPEX:4909,H1 人闸批准；仅在本行 product_scope 内有效。
h1-include-1444,manual_include,include,issuer,issuer:TW:4911,issuer:TW:4911,-,-,-,德英,L2,TPEx OpenAPI 上櫃股票基本資料（完整母集）,冻结 2026-08-28 TWSE+TPEx（不含兴柜）L2 机械母集,-,human-gate://2026-08-28/H1/issuer:TW:4911,https://www.tpex.org.tw/openapi/v1/mopsfin_t187ap03_O,2026-08-28,user,2026-08-28,已裁决,l2:TPEX:4911,H1 人闸批准；仅在本行 product_scope 内有效。
h1-include-1445,manual_include,include,issuer,issuer:TW:4923,issuer:TW:4923,-,-,-,力士,L2,TPEx OpenAPI 上櫃股票基本資料（完整母集）,冻结 2026-08-28 TWSE+TPEx（不含兴柜）L2 机械母集,-,human-gate://2026-08-28/H1/issuer:TW:4923,https://www.tpex.org.tw/openapi/v1/mopsfin_t187ap03_O,2026-08-28,user,2026-08-28,已裁决,l2:TPEX:4923,H1 人闸批准；仅在本行 product_scope 内有效。
h1-include-1446,manual_include,include,issuer,issuer:TW:4924,issuer:TW:4924,-,-,-,欣厚-KY,L2,TPEx OpenAPI 上櫃股票基本資料（完整母集）,冻结 2026-08-28 TWSE+TPEx（不含兴柜）L2 机械母集,-,human-gate://2026-08-28/H1/issuer:TW:4924,https://www.tpex.org.tw/openapi/v1/mopsfin_t187ap03_O,2026-08-28,user,2026-08-28,已裁决,l2:TPEX:4924,H1 人闸批准；仅在本行 product_scope 内有效。
h1-include-1447,manual_include,include,issuer,issuer:TW:4931,issuer:TW:4931,-,-,-,新盛力,L2,TPEx OpenAPI 上櫃股票基本資料（完整母集）,冻结 2026-08-28 TWSE+TPEx（不含兴柜）L2 机械母集,-,human-gate://2026-08-28/H1/issuer:TW:4931,https://www.tpex.org.tw/openapi/v1/mopsfin_t187ap03_O,2026-08-28,user,2026-08-28,已裁决,l2:TPEX:4931,H1 人闸批准；仅在本行 product_scope 内有效。
h1-include-1448,manual_include,include,issuer,issuer:TW:4933,issuer:TW:4933,-,-,-,友輝,L2,TPEx OpenAPI 上櫃股票基本資料（完整母集）,冻结 2026-08-28 TWSE+TPEx（不含兴柜）L2 机械母集,-,human-gate://2026-08-28/H1/issuer:TW:4933,https://www.tpex.org.tw/openapi/v1/mopsfin_t187ap03_O,2026-08-28,user,2026-08-28,已裁决,l2:TPEX:4933,H1 人闸批准；仅在本行 product_scope 内有效。
h1-include-1449,manual_include,include,issuer,issuer:TW:4939,issuer:TW:4939,-,-,-,亞電,L2,TPEx OpenAPI 上櫃股票基本資料（完整母集）,冻结 2026-08-28 TWSE+TPEx（不含兴柜）L2 机械母集,-,human-gate://2026-08-28/H1/issuer:TW:4939,https://www.tpex.org.tw/openapi/v1/mopsfin_t187ap03_O,2026-08-28,user,2026-08-28,已裁决,l2:TPEX:4939,H1 人闸批准；仅在本行 product_scope 内有效。
h1-include-1450,manual_include,include,issuer,issuer:TW:4946,issuer:TW:4946,-,-,-,辣椒,L2,TPEx OpenAPI 上櫃股票基本資料（完整母集）,冻结 2026-08-28 TWSE+TPEx（不含兴柜）L2 机械母集,-,human-gate://2026-08-28/H1/issuer:TW:4946,https://www.tpex.org.tw/openapi/v1/mopsfin_t187ap03_O,2026-08-28,user,2026-08-28,已裁决,l2:TPEX:4946,H1 人闸批准；仅在本行 product_scope 内有效。
h1-include-1451,manual_include,include,issuer,issuer:TW:4950,issuer:TW:4950,-,-,-,金耘國際,L2,TPEx OpenAPI 上櫃股票基本資料（完整母集）,冻结 2026-08-28 TWSE+TPEx（不含兴柜）L2 机械母集,-,human-gate://2026-08-28/H1/issuer:TW:4950,https://www.tpex.org.tw/openapi/v1/mopsfin_t187ap03_O,2026-08-28,user,2026-08-28,已裁决,l2:TPEX:4950,H1 人闸批准；仅在本行 product_scope 内有效。
h1-include-1452,manual_include,include,issuer,issuer:TW:4951,issuer:TW:4951,-,-,-,精拓科,L2,TPEx OpenAPI 上櫃股票基本資料（完整母集）,冻结 2026-08-28 TWSE+TPEx（不含兴柜）L2 机械母集,-,human-gate://2026-08-28/H1/issuer:TW:4951,https://www.tpex.org.tw/openapi/v1/mopsfin_t187ap03_O,2026-08-28,user,2026-08-28,已裁决,l2:TPEX:4951,H1 人闸批准；仅在本行 product_scope 内有效。
h1-include-1453,manual_include,include,issuer,issuer:TW:4953,issuer:TW:4953,-,-,-,緯致,L2,TPEx OpenAPI 上櫃股票基本資料（完整母集）,冻结 2026-08-28 TWSE+TPEx（不含兴柜）L2 机械母集,-,human-gate://2026-08-28/H1/issuer:TW:4953,https://www.tpex.org.tw/openapi/v1/mopsfin_t187ap03_O,2026-08-28,user,2026-08-28,已裁决,l2:TPEX:4953,H1 人闸批准；仅在本行 product_scope 内有效。
h1-include-1454,manual_include,include,issuer,issuer:TW:4966,issuer:TW:4966,-,-,-,譜瑞-KY,L2,TPEx OpenAPI 上櫃股票基本資料（完整母集）,冻结 2026-08-28 TWSE+TPEx（不含兴柜）L2 机械母集,-,human-gate://2026-08-28/H1/issuer:TW:4966,https://www.tpex.org.tw/openapi/v1/mopsfin_t187ap03_O,2026-08-28,user,2026-08-28,已裁决,l2:TPEX:4966,H1 人闸批准；仅在本行 product_scope 内有效。
h1-include-1455,manual_include,include,issuer,issuer:TW:4971,issuer:TW:4971,-,-,-,IET-KY,L2,TPEx OpenAPI 上櫃股票基本資料（完整母集）,冻结 2026-08-28 TWSE+TPEx（不含兴柜）L2 机械母集,-,human-gate://2026-08-28/H1/issuer:TW:4971,https://www.tpex.org.tw/openapi/v1/mopsfin_t187ap03_O,2026-08-28,user,2026-08-28,已裁决,l2:TPEX:4971,H1 人闸批准；仅在本行 product_scope 内有效。
h1-include-1456,manual_include,include,issuer,issuer:TW:4972,issuer:TW:4972,-,-,-,湯石照明,L2,TPEx OpenAPI 上櫃股票基本資料（完整母集）,冻结 2026-08-28 TWSE+TPEx（不含兴柜）L2 机械母集,-,human-gate://2026-08-28/H1/issuer:TW:4972,https://www.tpex.org.tw/openapi/v1/mopsfin_t187ap03_O,2026-08-28,user,2026-08-28,已裁决,l2:TPEX:4972,H1 人闸批准；仅在本行 product_scope 内有效。
h1-include-1457,manual_include,include,issuer,issuer:TW:4973,issuer:TW:4973,-,-,-,廣穎電通,L2,TPEx OpenAPI 上櫃股票基本資料（完整母集）,冻结 2026-08-28 TWSE+TPEx（不含兴柜）L2 机械母集,-,human-gate://2026-08-28/H1/issuer:TW:4973,https://www.tpex.org.tw/openapi/v1/mopsfin_t187ap03_O,2026-08-28,user,2026-08-28,已裁决,l2:TPEX:4973,H1 人闸批准；仅在本行 product_scope 内有效。
h1-include-1458,manual_include,include,issuer,issuer:TW:4974,issuer:TW:4974,-,-,-,亞泰,L2,TPEx OpenAPI 上櫃股票基本資料（完整母集）,冻结 2026-08-28 TWSE+TPEx（不含兴柜）L2 机械母集,-,human-gate://2026-08-28/H1/issuer:TW:4974,https://www.tpex.org.tw/openapi/v1/mopsfin_t187ap03_O,2026-08-28,user,2026-08-28,已裁决,l2:TPEX:4974,H1 人闸批准；仅在本行 product_scope 内有效。
h1-include-1459,manual_include,include,issuer,issuer:TW:4979,issuer:TW:4979,-,-,-,華星光,L2,TPEx OpenAPI 上櫃股票基本資料（完整母集）,冻结 2026-08-28 TWSE+TPEx（不含兴柜）L2 机械母集,-,human-gate://2026-08-28/H1/issuer:TW:4979,https://www.tpex.org.tw/openapi/v1/mopsfin_t187ap03_O,2026-08-28,user,2026-08-28,已裁决,l2:TPEX:4979,H1 人闸批准；仅在本行 product_scope 内有效。
h1-include-1460,manual_include,include,issuer,issuer:TW:4991,issuer:TW:4991,-,-,-,環宇-KY,L2,TPEx OpenAPI 上櫃股票基本資料（完整母集）,冻结 2026-08-28 TWSE+TPEx（不含兴柜）L2 机械母集,-,human-gate://2026-08-28/H1/issuer:TW:4991,https://www.tpex.org.tw/openapi/v1/mopsfin_t187ap03_O,2026-08-28,user,2026-08-28,已裁决,l2:TPEX:4991,H1 人闸批准；仅在本行 product_scope 内有效。
h1-include-1461,manual_include,include,issuer,issuer:TW:4995,issuer:TW:4995,-,-,-,晶達,L2,TPEx OpenAPI 上櫃股票基本資料（完整母集）,冻结 2026-08-28 TWSE+TPEx（不含兴柜）L2 机械母集,-,human-gate://2026-08-28/H1/issuer:TW:4995,https://www.tpex.org.tw/openapi/v1/mopsfin_t187ap03_O,2026-08-28,user,2026-08-28,已裁决,l2:TPEX:4995,H1 人闸批准；仅在本行 product_scope 内有效。
h1-include-1462,manual_include,include,issuer,issuer:TW:5009,issuer:TW:5009,-,-,-,榮剛,L2,TPEx OpenAPI 上櫃股票基本資料（完整母集）,冻结 2026-08-28 TWSE+TPEx（不含兴柜）L2 机械母集,-,human-gate://2026-08-28/H1/issuer:TW:5009,https://www.tpex.org.tw/openapi/v1/mopsfin_t187ap03_O,2026-08-28,user,2026-08-28,已裁决,l2:TPEX:5009,H1 人闸批准；仅在本行 product_scope 内有效。
h1-include-1463,manual_include,include,issuer,issuer:TW:5011,issuer:TW:5011,-,-,-,久陽,L2,TPEx OpenAPI 上櫃股票基本資料（完整母集）,冻结 2026-08-28 TWSE+TPEx（不含兴柜）L2 机械母集,-,human-gate://2026-08-28/H1/issuer:TW:5011,https://www.tpex.org.tw/openapi/v1/mopsfin_t187ap03_O,2026-08-28,user,2026-08-28,已裁决,l2:TPEX:5011,H1 人闸批准；仅在本行 product_scope 内有效。
h1-include-1464,manual_include,include,issuer,issuer:TW:5013,issuer:TW:5013,-,-,-,強新,L2,TPEx OpenAPI 上櫃股票基本資料（完整母集）,冻结 2026-08-28 TWSE+TPEx（不含兴柜）L2 机械母集,-,human-gate://2026-08-28/H1/issuer:TW:5013,https://www.tpex.org.tw/openapi/v1/mopsfin_t187ap03_O,2026-08-28,user,2026-08-28,已裁决,l2:TPEX:5013,H1 人闸批准；仅在本行 product_scope 内有效。
h1-include-1465,manual_include,include,issuer,issuer:TW:5014,issuer:TW:5014,-,-,-,建錩,L2,TPEx OpenAPI 上櫃股票基本資料（完整母集）,冻结 2026-08-28 TWSE+TPEx（不含兴柜）L2 机械母集,-,human-gate://2026-08-28/H1/issuer:TW:5014,https://www.tpex.org.tw/openapi/v1/mopsfin_t187ap03_O,2026-08-28,user,2026-08-28,已裁决,l2:TPEX:5014,H1 人闸批准；仅在本行 product_scope 内有效。
h1-include-1466,manual_include,include,issuer,issuer:TW:5015,issuer:TW:5015,-,-,-,華祺,L2,TPEx OpenAPI 上櫃股票基本資料（完整母集）,冻结 2026-08-28 TWSE+TPEx（不含兴柜）L2 机械母集,-,human-gate://2026-08-28/H1/issuer:TW:5015,https://www.tpex.org.tw/openapi/v1/mopsfin_t187ap03_O,2026-08-28,user,2026-08-28,已裁决,l2:TPEX:5015,H1 人闸批准；仅在本行 product_scope 内有效。
h1-include-1467,manual_include,include,issuer,issuer:TW:5016,issuer:TW:5016,-,-,-,松和,L2,TPEx OpenAPI 上櫃股票基本資料（完整母集）,冻结 2026-08-28 TWSE+TPEx（不含兴柜）L2 机械母集,-,human-gate://2026-08-28/H1/issuer:TW:5016,https://www.tpex.org.tw/openapi/v1/mopsfin_t187ap03_O,2026-08-28,user,2026-08-28,已裁决,l2:TPEX:5016,H1 人闸批准；仅在本行 product_scope 内有效。
h1-include-1468,manual_include,include,issuer,issuer:TW:5201,issuer:TW:5201,-,-,-,凱衛,L2,TPEx OpenAPI 上櫃股票基本資料（完整母集）,冻结 2026-08-28 TWSE+TPEx（不含兴柜）L2 机械母集,-,human-gate://2026-08-28/H1/issuer:TW:5201,https://www.tpex.org.tw/openapi/v1/mopsfin_t187ap03_O,2026-08-28,user,2026-08-28,已裁决,l2:TPEX:5201,H1 人闸批准；仅在本行 product_scope 内有效。
h1-include-1469,manual_include,include,issuer,issuer:TW:5202,issuer:TW:5202,-,-,-,力新,L2,TPEx OpenAPI 上櫃股票基本資料（完整母集）,冻结 2026-08-28 TWSE+TPEx（不含兴柜）L2 机械母集,-,human-gate://2026-08-28/H1/issuer:TW:5202,https://www.tpex.org.tw/openapi/v1/mopsfin_t187ap03_O,2026-08-28,user,2026-08-28,已裁决,l2:TPEX:5202,H1 人闸批准；仅在本行 product_scope 内有效。
h1-include-1470,manual_include,include,issuer,issuer:TW:5205,issuer:TW:5205,-,-,-,中茂,L2,TPEx OpenAPI 上櫃股票基本資料（完整母集）,冻结 2026-08-28 TWSE+TPEx（不含兴柜）L2 机械母集,-,human-gate://2026-08-28/H1/issuer:TW:5205,https://www.tpex.org.tw/openapi/v1/mopsfin_t187ap03_O,2026-08-28,user,2026-08-28,已裁决,l2:TPEX:5205,H1 人闸批准；仅在本行 product_scope 内有效。
h1-include-1471,manual_include,include,issuer,issuer:TW:5206,issuer:TW:5206,-,-,-,坤悅,L2,TPEx OpenAPI 上櫃股票基本資料（完整母集）,冻结 2026-08-28 TWSE+TPEx（不含兴柜）L2 机械母集,-,human-gate://2026-08-28/H1/issuer:TW:5206,https://www.tpex.org.tw/openapi/v1/mopsfin_t187ap03_O,2026-08-28,user,2026-08-28,已裁决,l2:TPEX:5206,H1 人闸批准；仅在本行 product_scope 内有效。
h1-include-1472,manual_include,include,issuer,issuer:TW:5209,issuer:TW:5209,-,-,-,新鼎,L2,TPEx OpenAPI 上櫃股票基本資料（完整母集）,冻结 2026-08-28 TWSE+TPEx（不含兴柜）L2 机械母集,-,human-gate://2026-08-28/H1/issuer:TW:5209,https://www.tpex.org.tw/openapi/v1/mopsfin_t187ap03_O,2026-08-28,user,2026-08-28,已裁决,l2:TPEX:5209,H1 人闸批准；仅在本行 product_scope 内有效。
h1-include-1473,manual_include,include,issuer,issuer:TW:5210,issuer:TW:5210,-,-,-,寶碩,L2,TPEx OpenAPI 上櫃股票基本資料（完整母集）,冻结 2026-08-28 TWSE+TPEx（不含兴柜）L2 机械母集,-,human-gate://2026-08-28/H1/issuer:TW:5210,https://www.tpex.org.tw/openapi/v1/mopsfin_t187ap03_O,2026-08-28,user,2026-08-28,已裁决,l2:TPEX:5210,H1 人闸批准；仅在本行 product_scope 内有效。
h1-include-1474,manual_include,include,issuer,issuer:TW:5211,issuer:TW:5211,-,-,-,蒙恬,L2,TPEx OpenAPI 上櫃股票基本資料（完整母集）,冻结 2026-08-28 TWSE+TPEx（不含兴柜）L2 机械母集,-,human-gate://2026-08-28/H1/issuer:TW:5211,https://www.tpex.org.tw/openapi/v1/mopsfin_t187ap03_O,2026-08-28,user,2026-08-28,已裁决,l2:TPEX:5211,H1 人闸批准；仅在本行 product_scope 内有效。
h1-include-1475,manual_include,include,issuer,issuer:TW:5212,issuer:TW:5212,-,-,-,凌網,L2,TPEx OpenAPI 上櫃股票基本資料（完整母集）,冻结 2026-08-28 TWSE+TPEx（不含兴柜）L2 机械母集,-,human-gate://2026-08-28/H1/issuer:TW:5212,https://www.tpex.org.tw/openapi/v1/mopsfin_t187ap03_O,2026-08-28,user,2026-08-28,已裁决,l2:TPEX:5212,H1 人闸批准；仅在本行 product_scope 内有效。
h1-include-1476,manual_include,include,issuer,issuer:TW:5213,issuer:TW:5213,-,-,-,亞昕,L2,TPEx OpenAPI 上櫃股票基本資料（完整母集）,冻结 2026-08-28 TWSE+TPEx（不含兴柜）L2 机械母集,-,human-gate://2026-08-28/H1/issuer:TW:5213,https://www.tpex.org.tw/openapi/v1/mopsfin_t187ap03_O,2026-08-28,user,2026-08-28,已裁决,l2:TPEX:5213,H1 人闸批准；仅在本行 product_scope 内有效。
h1-include-1477,manual_include,include,issuer,issuer:TW:5220,issuer:TW:5220,-,-,-,萬達光電,L2,TPEx OpenAPI 上櫃股票基本資料（完整母集）,冻结 2026-08-28 TWSE+TPEx（不含兴柜）L2 机械母集,-,human-gate://2026-08-28/H1/issuer:TW:5220,https://www.tpex.org.tw/openapi/v1/mopsfin_t187ap03_O,2026-08-28,user,2026-08-28,已裁决,l2:TPEX:5220,H1 人闸批准；仅在本行 product_scope 内有效。
h1-include-1478,manual_include,include,issuer,issuer:TW:5223,issuer:TW:5223,-,-,-,安力-KY,L2,TPEx OpenAPI 上櫃股票基本資料（完整母集）,冻结 2026-08-28 TWSE+TPEx（不含兴柜）L2 机械母集,-,human-gate://2026-08-28/H1/issuer:TW:5223,https://www.tpex.org.tw/openapi/v1/mopsfin_t187ap03_O,2026-08-28,user,2026-08-28,已裁决,l2:TPEX:5223,H1 人闸批准；仅在本行 product_scope 内有效。
h1-include-1479,manual_include,include,issuer,issuer:TW:5227,issuer:TW:5227,-,-,-,立凱-KY,L2,TPEx OpenAPI 上櫃股票基本資料（完整母集）,冻结 2026-08-28 TWSE+TPEx（不含兴柜）L2 机械母集,-,human-gate://2026-08-28/H1/issuer:TW:5227,https://www.tpex.org.tw/openapi/v1/mopsfin_t187ap03_O,2026-08-28,user,2026-08-28,已裁决,l2:TPEX:5227,H1 人闸批准；仅在本行 product_scope 内有效。
h1-include-1480,manual_include,include,issuer,issuer:TW:5228,issuer:TW:5228,-,-,-,鈺鎧,L2,TPEx OpenAPI 上櫃股票基本資料（完整母集）,冻结 2026-08-28 TWSE+TPEx（不含兴柜）L2 机械母集,-,human-gate://2026-08-28/H1/issuer:TW:5228,https://www.tpex.org.tw/openapi/v1/mopsfin_t187ap03_O,2026-08-28,user,2026-08-28,已裁决,l2:TPEX:5228,H1 人闸批准；仅在本行 product_scope 内有效。
h1-include-1481,manual_include,include,issuer,issuer:TW:5230,issuer:TW:5230,-,-,-,雷笛克光學,L2,TPEx OpenAPI 上櫃股票基本資料（完整母集）,冻结 2026-08-28 TWSE+TPEx（不含兴柜）L2 机械母集,-,human-gate://2026-08-28/H1/issuer:TW:5230,https://www.tpex.org.tw/openapi/v1/mopsfin_t187ap03_O,2026-08-28,user,2026-08-28,已裁决,l2:TPEX:5230,H1 人闸批准；仅在本行 product_scope 内有效。
h1-include-1482,manual_include,include,issuer,issuer:TW:5245,issuer:TW:5245,-,-,-,智晶,L2,TPEx OpenAPI 上櫃股票基本資料（完整母集）,冻结 2026-08-28 TWSE+TPEx（不含兴柜）L2 机械母集,-,human-gate://2026-08-28/H1/issuer:TW:5245,https://www.tpex.org.tw/openapi/v1/mopsfin_t187ap03_O,2026-08-28,user,2026-08-28,已裁决,l2:TPEX:5245,H1 人闸批准；仅在本行 product_scope 内有效。
h1-include-1483,manual_include,include,issuer,issuer:TW:5251,issuer:TW:5251,-,-,-,天鉞電,L2,TPEx OpenAPI 上櫃股票基本資料（完整母集）,冻结 2026-08-28 TWSE+TPEx（不含兴柜）L2 机械母集,-,human-gate://2026-08-28/H1/issuer:TW:5251,https://www.tpex.org.tw/openapi/v1/mopsfin_t187ap03_O,2026-08-28,user,2026-08-28,已裁决,l2:TPEX:5251,H1 人闸批准；仅在本行 product_scope 内有效。
h1-include-1484,manual_include,include,issuer,issuer:TW:5263,issuer:TW:5263,-,-,-,智崴,L2,TPEx OpenAPI 上櫃股票基本資料（完整母集）,冻结 2026-08-28 TWSE+TPEx（不含兴柜）L2 机械母集,-,human-gate://2026-08-28/H1/issuer:TW:5263,https://www.tpex.org.tw/openapi/v1/mopsfin_t187ap03_O,2026-08-28,user,2026-08-28,已裁决,l2:TPEX:5263,H1 人闸批准；仅在本行 product_scope 内有效。
h1-include-1485,manual_include,include,issuer,issuer:TW:5272,issuer:TW:5272,-,-,-,笙科,L2,TPEx OpenAPI 上櫃股票基本資料（完整母集）,冻结 2026-08-28 TWSE+TPEx（不含兴柜）L2 机械母集,-,human-gate://2026-08-28/H1/issuer:TW:5272,https://www.tpex.org.tw/openapi/v1/mopsfin_t187ap03_O,2026-08-28,user,2026-08-28,已裁决,l2:TPEX:5272,H1 人闸批准；仅在本行 product_scope 内有效。
h1-include-1486,manual_include,include,issuer,issuer:TW:5274,issuer:TW:5274,-,-,-,信驊,L2,TPEx OpenAPI 上櫃股票基本資料（完整母集）,冻结 2026-08-28 TWSE+TPEx（不含兴柜）L2 机械母集,-,human-gate://2026-08-28/H1/issuer:TW:5274,https://www.tpex.org.tw/openapi/v1/mopsfin_t187ap03_O,2026-08-28,user,2026-08-28,已裁决,l2:TPEX:5274,H1 人闸批准；仅在本行 product_scope 内有效。
h1-include-1487,manual_include,include,issuer,issuer:TW:5276,issuer:TW:5276,-,-,-,達輝-KY,L2,TPEx OpenAPI 上櫃股票基本資料（完整母集）,冻结 2026-08-28 TWSE+TPEx（不含兴柜）L2 机械母集,-,human-gate://2026-08-28/H1/issuer:TW:5276,https://www.tpex.org.tw/openapi/v1/mopsfin_t187ap03_O,2026-08-28,user,2026-08-28,已裁决,l2:TPEX:5276,H1 人闸批准；仅在本行 product_scope 内有效。
h1-include-1488,manual_include,include,issuer,issuer:TW:5278,issuer:TW:5278,-,-,-,尚凡*,L2,TPEx OpenAPI 上櫃股票基本資料（完整母集）,冻结 2026-08-28 TWSE+TPEx（不含兴柜）L2 机械母集,-,human-gate://2026-08-28/H1/issuer:TW:5278,https://www.tpex.org.tw/openapi/v1/mopsfin_t187ap03_O,2026-08-28,user,2026-08-28,已裁决,l2:TPEX:5278,H1 人闸批准；仅在本行 product_scope 内有效。
h1-include-1489,manual_include,include,issuer,issuer:TW:5287,issuer:TW:5287,-,-,-,數字,L2,TPEx OpenAPI 上櫃股票基本資料（完整母集）,冻结 2026-08-28 TWSE+TPEx（不含兴柜）L2 机械母集,-,human-gate://2026-08-28/H1/issuer:TW:5287,https://www.tpex.org.tw/openapi/v1/mopsfin_t187ap03_O,2026-08-28,user,2026-08-28,已裁决,l2:TPEX:5287,H1 人闸批准；仅在本行 product_scope 内有效。
h1-include-1490,manual_include,include,issuer,issuer:TW:5289,issuer:TW:5289,-,-,-,宜鼎,L2,TPEx OpenAPI 上櫃股票基本資料（完整母集）,冻结 2026-08-28 TWSE+TPEx（不含兴柜）L2 机械母集,-,human-gate://2026-08-28/H1/issuer:TW:5289,https://www.tpex.org.tw/openapi/v1/mopsfin_t187ap03_O,2026-08-28,user,2026-08-28,已裁决,l2:TPEX:5289,H1 人闸批准；仅在本行 product_scope 内有效。
h1-include-1491,manual_include,include,issuer,issuer:TW:5291,issuer:TW:5291,-,-,-,邑昇,L2,TPEx OpenAPI 上櫃股票基本資料（完整母集）,冻结 2026-08-28 TWSE+TPEx（不含兴柜）L2 机械母集,-,human-gate://2026-08-28/H1/issuer:TW:5291,https://www.tpex.org.tw/openapi/v1/mopsfin_t187ap03_O,2026-08-28,user,2026-08-28,已裁决,l2:TPEX:5291,H1 人闸批准；仅在本行 product_scope 内有效。
h1-include-1492,manual_include,include,issuer,issuer:TW:5299,issuer:TW:5299,-,-,-,杰力,L2,TPEx OpenAPI 上櫃股票基本資料（完整母集）,冻结 2026-08-28 TWSE+TPEx（不含兴柜）L2 机械母集,-,human-gate://2026-08-28/H1/issuer:TW:5299,https://www.tpex.org.tw/openapi/v1/mopsfin_t187ap03_O,2026-08-28,user,2026-08-28,已裁决,l2:TPEX:5299,H1 人闸批准；仅在本行 product_scope 内有效。
h1-include-1493,manual_include,include,issuer,issuer:TW:5301,issuer:TW:5301,-,-,-,寶得利,L2,TPEx OpenAPI 上櫃股票基本資料（完整母集）,冻结 2026-08-28 TWSE+TPEx（不含兴柜）L2 机械母集,-,human-gate://2026-08-28/H1/issuer:TW:5301,https://www.tpex.org.tw/openapi/v1/mopsfin_t187ap03_O,2026-08-28,user,2026-08-28,已裁决,l2:TPEX:5301,H1 人闸批准；仅在本行 product_scope 内有效。
h1-include-1494,manual_include,include,issuer,issuer:TW:5302,issuer:TW:5302,-,-,-,太欣,L2,TPEx OpenAPI 上櫃股票基本資料（完整母集）,冻结 2026-08-28 TWSE+TPEx（不含兴柜）L2 机械母集,-,human-gate://2026-08-28/H1/issuer:TW:5302,https://www.tpex.org.tw/openapi/v1/mopsfin_t187ap03_O,2026-08-28,user,2026-08-28,已裁决,l2:TPEX:5302,H1 人闸批准；仅在本行 product_scope 内有效。
h1-include-1495,manual_include,include,issuer,issuer:TW:5309,issuer:TW:5309,-,-,-,系統電,L2,TPEx OpenAPI 上櫃股票基本資料（完整母集）,冻结 2026-08-28 TWSE+TPEx（不含兴柜）L2 机械母集,-,human-gate://2026-08-28/H1/issuer:TW:5309,https://www.tpex.org.tw/openapi/v1/mopsfin_t187ap03_O,2026-08-28,user,2026-08-28,已裁决,l2:TPEX:5309,H1 人闸批准；仅在本行 product_scope 内有效。
h1-include-1496,manual_include,include,issuer,issuer:TW:5310,issuer:TW:5310,-,-,-,天剛,L2,TPEx OpenAPI 上櫃股票基本資料（完整母集）,冻结 2026-08-28 TWSE+TPEx（不含兴柜）L2 机械母集,-,human-gate://2026-08-28/H1/issuer:TW:5310,https://www.tpex.org.tw/openapi/v1/mopsfin_t187ap03_O,2026-08-28,user,2026-08-28,已裁决,l2:TPEX:5310,H1 人闸批准；仅在本行 product_scope 内有效。
h1-include-1497,manual_include,include,issuer,issuer:TW:5312,issuer:TW:5312,-,-,-,寶島科,L2,TPEx OpenAPI 上櫃股票基本資料（完整母集）,冻结 2026-08-28 TWSE+TPEx（不含兴柜）L2 机械母集,-,human-gate://2026-08-28/H1/issuer:TW:5312,https://www.tpex.org.tw/openapi/v1/mopsfin_t187ap03_O,2026-08-28,user,2026-08-28,已裁决,l2:TPEX:5312,H1 人闸批准；仅在本行 product_scope 内有效。
h1-include-1498,manual_include,include,issuer,issuer:TW:5314,issuer:TW:5314,-,-,-,世紀*,L2,TPEx OpenAPI 上櫃股票基本資料（完整母集）,冻结 2026-08-28 TWSE+TPEx（不含兴柜）L2 机械母集,-,human-gate://2026-08-28/H1/issuer:TW:5314,https://www.tpex.org.tw/openapi/v1/mopsfin_t187ap03_O,2026-08-28,user,2026-08-28,已裁决,l2:TPEX:5314,H1 人闸批准；仅在本行 product_scope 内有效。
h1-include-1499,manual_include,include,issuer,issuer:TW:5315,issuer:TW:5315,-,-,-,光聯,L2,TPEx OpenAPI 上櫃股票基本資料（完整母集）,冻结 2026-08-28 TWSE+TPEx（不含兴柜）L2 机械母集,-,human-gate://2026-08-28/H1/issuer:TW:5315,https://www.tpex.org.tw/openapi/v1/mopsfin_t187ap03_O,2026-08-28,user,2026-08-28,已裁决,l2:TPEX:5315,H1 人闸批准；仅在本行 product_scope 内有效。
h1-include-1500,manual_include,include,issuer,issuer:TW:5321,issuer:TW:5321,-,-,-,美而快,L2,TPEx OpenAPI 上櫃股票基本資料（完整母集）,冻结 2026-08-28 TWSE+TPEx（不含兴柜）L2 机械母集,-,human-gate://2026-08-28/H1/issuer:TW:5321,https://www.tpex.org.tw/openapi/v1/mopsfin_t187ap03_O,2026-08-28,user,2026-08-28,已裁决,l2:TPEX:5321,H1 人闸批准；仅在本行 product_scope 内有效。
h1-include-1501,manual_include,include,issuer,issuer:TW:5324,issuer:TW:5324,-,-,-,士開,L2,TPEx OpenAPI 上櫃股票基本資料（完整母集）,冻结 2026-08-28 TWSE+TPEx（不含兴柜）L2 机械母集,-,human-gate://2026-08-28/H1/issuer:TW:5324,https://www.tpex.org.tw/openapi/v1/mopsfin_t187ap03_O,2026-08-28,user,2026-08-28,已裁决,l2:TPEX:5324,H1 人闸批准；仅在本行 product_scope 内有效。
h1-include-1502,manual_include,include,issuer,issuer:TW:5328,issuer:TW:5328,-,-,-,華容,L2,TPEx OpenAPI 上櫃股票基本資料（完整母集）,冻结 2026-08-28 TWSE+TPEx（不含兴柜）L2 机械母集,-,human-gate://2026-08-28/H1/issuer:TW:5328,https://www.tpex.org.tw/openapi/v1/mopsfin_t187ap03_O,2026-08-28,user,2026-08-28,已裁决,l2:TPEX:5328,H1 人闸批准；仅在本行 product_scope 内有效。
h1-include-1503,manual_include,include,issuer,issuer:TW:5340,issuer:TW:5340,-,-,-,建榮,L2,TPEx OpenAPI 上櫃股票基本資料（完整母集）,冻结 2026-08-28 TWSE+TPEx（不含兴柜）L2 机械母集,-,human-gate://2026-08-28/H1/issuer:TW:5340,https://www.tpex.org.tw/openapi/v1/mopsfin_t187ap03_O,2026-08-28,user,2026-08-28,已裁决,l2:TPEX:5340,H1 人闸批准；仅在本行 product_scope 内有效。
h1-include-1504,manual_include,include,issuer,issuer:TW:5344,issuer:TW:5344,-,-,-,立衛,L2,TPEx OpenAPI 上櫃股票基本資料（完整母集）,冻结 2026-08-28 TWSE+TPEx（不含兴柜）L2 机械母集,-,human-gate://2026-08-28/H1/issuer:TW:5344,https://www.tpex.org.tw/openapi/v1/mopsfin_t187ap03_O,2026-08-28,user,2026-08-28,已裁决,l2:TPEX:5344,H1 人闸批准；仅在本行 product_scope 内有效。
h1-include-1505,manual_include,include,issuer,issuer:TW:5345,issuer:TW:5345,-,-,-,馥鴻,L2,TPEx OpenAPI 上櫃股票基本資料（完整母集）,冻结 2026-08-28 TWSE+TPEx（不含兴柜）L2 机械母集,-,human-gate://2026-08-28/H1/issuer:TW:5345,https://www.tpex.org.tw/openapi/v1/mopsfin_t187ap03_O,2026-08-28,user,2026-08-28,已裁决,l2:TPEX:5345,H1 人闸批准；仅在本行 product_scope 内有效。
h1-include-1506,manual_include,include,issuer,issuer:TW:5347,issuer:TW:5347,-,-,-,世界,L2,TPEx OpenAPI 上櫃股票基本資料（完整母集）,冻结 2026-08-28 TWSE+TPEx（不含兴柜）L2 机械母集,-,human-gate://2026-08-28/H1/issuer:TW:5347,https://www.tpex.org.tw/openapi/v1/mopsfin_t187ap03_O,2026-08-28,user,2026-08-28,已裁决,l2:TPEX:5347,H1 人闸批准；仅在本行 product_scope 内有效。
h1-include-1507,manual_include,include,issuer,issuer:TW:5348,issuer:TW:5348,-,-,-,正能量智能,L2,TPEx OpenAPI 上櫃股票基本資料（完整母集）,冻结 2026-08-28 TWSE+TPEx（不含兴柜）L2 机械母集,-,human-gate://2026-08-28/H1/issuer:TW:5348,https://www.tpex.org.tw/openapi/v1/mopsfin_t187ap03_O,2026-08-28,user,2026-08-28,已裁决,l2:TPEX:5348,H1 人闸批准；仅在本行 product_scope 内有效。
h1-include-1508,manual_include,include,issuer,issuer:TW:5351,issuer:TW:5351,-,-,-,鈺創,L2,TPEx OpenAPI 上櫃股票基本資料（完整母集）,冻结 2026-08-28 TWSE+TPEx（不含兴柜）L2 机械母集,-,human-gate://2026-08-28/H1/issuer:TW:5351,https://www.tpex.org.tw/openapi/v1/mopsfin_t187ap03_O,2026-08-28,user,2026-08-28,已裁决,l2:TPEX:5351,H1 人闸批准；仅在本行 product_scope 内有效。
h1-include-1509,manual_include,include,issuer,issuer:TW:5353,issuer:TW:5353,-,-,-,台林,L2,TPEx OpenAPI 上櫃股票基本資料（完整母集）,冻结 2026-08-28 TWSE+TPEx（不含兴柜）L2 机械母集,-,human-gate://2026-08-28/H1/issuer:TW:5353,https://www.tpex.org.tw/openapi/v1/mopsfin_t187ap03_O,2026-08-28,user,2026-08-28,已裁决,l2:TPEX:5353,H1 人闸批准；仅在本行 product_scope 内有效。
h1-include-1510,manual_include,include,issuer,issuer:TW:5355,issuer:TW:5355,-,-,-,佳總,L2,TPEx OpenAPI 上櫃股票基本資料（完整母集）,冻结 2026-08-28 TWSE+TPEx（不含兴柜）L2 机械母集,-,human-gate://2026-08-28/H1/issuer:TW:5355,https://www.tpex.org.tw/openapi/v1/mopsfin_t187ap03_O,2026-08-28,user,2026-08-28,已裁决,l2:TPEX:5355,H1 人闸批准；仅在本行 product_scope 内有效。
h1-include-1511,manual_include,include,issuer,issuer:TW:5356,issuer:TW:5356,-,-,-,協益,L2,TPEx OpenAPI 上櫃股票基本資料（完整母集）,冻结 2026-08-28 TWSE+TPEx（不含兴柜）L2 机械母集,-,human-gate://2026-08-28/H1/issuer:TW:5356,https://www.tpex.org.tw/openapi/v1/mopsfin_t187ap03_O,2026-08-28,user,2026-08-28,已裁决,l2:TPEX:5356,H1 人闸批准；仅在本行 product_scope 内有效。
h1-include-1512,manual_include,include,issuer,issuer:TW:5364,issuer:TW:5364,-,-,-,力麗店,L2,TPEx OpenAPI 上櫃股票基本資料（完整母集）,冻结 2026-08-28 TWSE+TPEx（不含兴柜）L2 机械母集,-,human-gate://2026-08-28/H1/issuer:TW:5364,https://www.tpex.org.tw/openapi/v1/mopsfin_t187ap03_O,2026-08-28,user,2026-08-28,已裁决,l2:TPEX:5364,H1 人闸批准；仅在本行 product_scope 内有效。
h1-include-1513,manual_include,include,issuer,issuer:TW:5371,issuer:TW:5371,-,-,-,中光電,L2,TPEx OpenAPI 上櫃股票基本資料（完整母集）,冻结 2026-08-28 TWSE+TPEx（不含兴柜）L2 机械母集,-,human-gate://2026-08-28/H1/issuer:TW:5371,https://www.tpex.org.tw/openapi/v1/mopsfin_t187ap03_O,2026-08-28,user,2026-08-28,已裁决,l2:TPEX:5371,H1 人闸批准；仅在本行 product_scope 内有效。
h1-include-1514,manual_include,include,issuer,issuer:TW:5381,issuer:TW:5381,-,-,-,光譜,L2,TPEx OpenAPI 上櫃股票基本資料（完整母集）,冻结 2026-08-28 TWSE+TPEx（不含兴柜）L2 机械母集,-,human-gate://2026-08-28/H1/issuer:TW:5381,https://www.tpex.org.tw/openapi/v1/mopsfin_t187ap03_O,2026-08-28,user,2026-08-28,已裁决,l2:TPEX:5381,H1 人闸批准；仅在本行 product_scope 内有效。
h1-include-1515,manual_include,include,issuer,issuer:TW:5386,issuer:TW:5386,-,-,-,青雲,L2,TPEx OpenAPI 上櫃股票基本資料（完整母集）,冻结 2026-08-28 TWSE+TPEx（不含兴柜）L2 机械母集,-,human-gate://2026-08-28/H1/issuer:TW:5386,https://www.tpex.org.tw/openapi/v1/mopsfin_t187ap03_O,2026-08-28,user,2026-08-28,已裁决,l2:TPEX:5386,H1 人闸批准；仅在本行 product_scope 内有效。
h1-include-1516,manual_include,include,issuer,issuer:TW:5392,issuer:TW:5392,-,-,-,能率,L2,TPEx OpenAPI 上櫃股票基本資料（完整母集）,冻结 2026-08-28 TWSE+TPEx（不含兴柜）L2 机械母集,-,human-gate://2026-08-28/H1/issuer:TW:5392,https://www.tpex.org.tw/openapi/v1/mopsfin_t187ap03_O,2026-08-28,user,2026-08-28,已裁决,l2:TPEX:5392,H1 人闸批准；仅在本行 product_scope 内有效。
h1-include-1517,manual_include,include,issuer,issuer:TW:5398,issuer:TW:5398,-,-,-,慕康生醫,L2,TPEx OpenAPI 上櫃股票基本資料（完整母集）,冻结 2026-08-28 TWSE+TPEx（不含兴柜）L2 机械母集,-,human-gate://2026-08-28/H1/issuer:TW:5398,https://www.tpex.org.tw/openapi/v1/mopsfin_t187ap03_O,2026-08-28,user,2026-08-28,已裁决,l2:TPEX:5398,H1 人闸批准；仅在本行 product_scope 内有效。
h1-include-1518,manual_include,include,issuer,issuer:TW:5403,issuer:TW:5403,-,-,-,中菲,L2,TPEx OpenAPI 上櫃股票基本資料（完整母集）,冻结 2026-08-28 TWSE+TPEx（不含兴柜）L2 机械母集,-,human-gate://2026-08-28/H1/issuer:TW:5403,https://www.tpex.org.tw/openapi/v1/mopsfin_t187ap03_O,2026-08-28,user,2026-08-28,已裁决,l2:TPEX:5403,H1 人闸批准；仅在本行 product_scope 内有效。
h1-include-1519,manual_include,include,issuer,issuer:TW:5410,issuer:TW:5410,-,-,-,國眾,L2,TPEx OpenAPI 上櫃股票基本資料（完整母集）,冻结 2026-08-28 TWSE+TPEx（不含兴柜）L2 机械母集,-,human-gate://2026-08-28/H1/issuer:TW:5410,https://www.tpex.org.tw/openapi/v1/mopsfin_t187ap03_O,2026-08-28,user,2026-08-28,已裁决,l2:TPEX:5410,H1 人闸批准；仅在本行 product_scope 内有效。
h1-include-1520,manual_include,include,issuer,issuer:TW:5425,issuer:TW:5425,-,-,-,台半,L2,TPEx OpenAPI 上櫃股票基本資料（完整母集）,冻结 2026-08-28 TWSE+TPEx（不含兴柜）L2 机械母集,-,human-gate://2026-08-28/H1/issuer:TW:5425,https://www.tpex.org.tw/openapi/v1/mopsfin_t187ap03_O,2026-08-28,user,2026-08-28,已裁决,l2:TPEX:5425,H1 人闸批准；仅在本行 product_scope 内有效。
h1-include-1521,manual_include,include,issuer,issuer:TW:5426,issuer:TW:5426,-,-,-,振發,L2,TPEx OpenAPI 上櫃股票基本資料（完整母集）,冻结 2026-08-28 TWSE+TPEx（不含兴柜）L2 机械母集,-,human-gate://2026-08-28/H1/issuer:TW:5426,https://www.tpex.org.tw/openapi/v1/mopsfin_t187ap03_O,2026-08-28,user,2026-08-28,已裁决,l2:TPEX:5426,H1 人闸批准；仅在本行 product_scope 内有效。
h1-include-1522,manual_include,include,issuer,issuer:TW:5432,issuer:TW:5432,-,-,-,新門,L2,TPEx OpenAPI 上櫃股票基本資料（完整母集）,冻结 2026-08-28 TWSE+TPEx（不含兴柜）L2 机械母集,-,human-gate://2026-08-28/H1/issuer:TW:5432,https://www.tpex.org.tw/openapi/v1/mopsfin_t187ap03_O,2026-08-28,user,2026-08-28,已裁决,l2:TPEX:5432,H1 人闸批准；仅在本行 product_scope 内有效。
h1-include-1523,manual_include,include,issuer,issuer:TW:5438,issuer:TW:5438,-,-,-,東友,L2,TPEx OpenAPI 上櫃股票基本資料（完整母集）,冻结 2026-08-28 TWSE+TPEx（不含兴柜）L2 机械母集,-,human-gate://2026-08-28/H1/issuer:TW:5438,https://www.tpex.org.tw/openapi/v1/mopsfin_t187ap03_O,2026-08-28,user,2026-08-28,已裁决,l2:TPEX:5438,H1 人闸批准；仅在本行 product_scope 内有效。
h1-include-1524,manual_include,include,issuer,issuer:TW:5439,issuer:TW:5439,-,-,-,高技,L2,TPEx OpenAPI 上櫃股票基本資料（完整母集）,冻结 2026-08-28 TWSE+TPEx（不含兴柜）L2 机械母集,-,human-gate://2026-08-28/H1/issuer:TW:5439,https://www.tpex.org.tw/openapi/v1/mopsfin_t187ap03_O,2026-08-28,user,2026-08-28,已裁决,l2:TPEX:5439,H1 人闸批准；仅在本行 product_scope 内有效。
h1-include-1525,manual_include,include,issuer,issuer:TW:5443,issuer:TW:5443,-,-,-,均豪,L2,TPEx OpenAPI 上櫃股票基本資料（完整母集）,冻结 2026-08-28 TWSE+TPEx（不含兴柜）L2 机械母集,-,human-gate://2026-08-28/H1/issuer:TW:5443,https://www.tpex.org.tw/openapi/v1/mopsfin_t187ap03_O,2026-08-28,user,2026-08-28,已裁决,l2:TPEX:5443,H1 人闸批准；仅在本行 product_scope 内有效。
h1-include-1526,manual_include,include,issuer,issuer:TW:5450,issuer:TW:5450,-,-,-,南良,L2,TPEx OpenAPI 上櫃股票基本資料（完整母集）,冻结 2026-08-28 TWSE+TPEx（不含兴柜）L2 机械母集,-,human-gate://2026-08-28/H1/issuer:TW:5450,https://www.tpex.org.tw/openapi/v1/mopsfin_t187ap03_O,2026-08-28,user,2026-08-28,已裁决,l2:TPEX:5450,H1 人闸批准；仅在本行 product_scope 内有效。
h1-include-1527,manual_include,include,issuer,issuer:TW:5452,issuer:TW:5452,-,-,-,佶優,L2,TPEx OpenAPI 上櫃股票基本資料（完整母集）,冻结 2026-08-28 TWSE+TPEx（不含兴柜）L2 机械母集,-,human-gate://2026-08-28/H1/issuer:TW:5452,https://www.tpex.org.tw/openapi/v1/mopsfin_t187ap03_O,2026-08-28,user,2026-08-28,已裁决,l2:TPEX:5452,H1 人闸批准；仅在本行 product_scope 内有效。
h1-include-1528,manual_include,include,issuer,issuer:TW:5455,issuer:TW:5455,-,-,-,昇益,L2,TPEx OpenAPI 上櫃股票基本資料（完整母集）,冻结 2026-08-28 TWSE+TPEx（不含兴柜）L2 机械母集,-,human-gate://2026-08-28/H1/issuer:TW:5455,https://www.tpex.org.tw/openapi/v1/mopsfin_t187ap03_O,2026-08-28,user,2026-08-28,已裁决,l2:TPEX:5455,H1 人闸批准；仅在本行 product_scope 内有效。
h1-include-1529,manual_include,include,issuer,issuer:TW:5457,issuer:TW:5457,-,-,-,宣德,L2,TPEx OpenAPI 上櫃股票基本資料（完整母集）,冻结 2026-08-28 TWSE+TPEx（不含兴柜）L2 机械母集,-,human-gate://2026-08-28/H1/issuer:TW:5457,https://www.tpex.org.tw/openapi/v1/mopsfin_t187ap03_O,2026-08-28,user,2026-08-28,已裁决,l2:TPEX:5457,H1 人闸批准；仅在本行 product_scope 内有效。
h1-include-1530,manual_include,include,issuer,issuer:TW:5460,issuer:TW:5460,-,-,-,同協,L2,TPEx OpenAPI 上櫃股票基本資料（完整母集）,冻结 2026-08-28 TWSE+TPEx（不含兴柜）L2 机械母集,-,human-gate://2026-08-28/H1/issuer:TW:5460,https://www.tpex.org.tw/openapi/v1/mopsfin_t187ap03_O,2026-08-28,user,2026-08-28,已裁决,l2:TPEX:5460,H1 人闸批准；仅在本行 product_scope 内有效。
h1-include-1531,manual_include,include,issuer,issuer:TW:5464,issuer:TW:5464,-,-,-,霖宏,L2,TPEx OpenAPI 上櫃股票基本資料（完整母集）,冻结 2026-08-28 TWSE+TPEx（不含兴柜）L2 机械母集,-,human-gate://2026-08-28/H1/issuer:TW:5464,https://www.tpex.org.tw/openapi/v1/mopsfin_t187ap03_O,2026-08-28,user,2026-08-28,已裁决,l2:TPEX:5464,H1 人闸批准；仅在本行 product_scope 内有效。
h1-include-1532,manual_include,include,issuer,issuer:TW:5465,issuer:TW:5465,-,-,-,富驊,L2,TPEx OpenAPI 上櫃股票基本資料（完整母集）,冻结 2026-08-28 TWSE+TPEx（不含兴柜）L2 机械母集,-,human-gate://2026-08-28/H1/issuer:TW:5465,https://www.tpex.org.tw/openapi/v1/mopsfin_t187ap03_O,2026-08-28,user,2026-08-28,已裁决,l2:TPEX:5465,H1 人闸批准；仅在本行 product_scope 内有效。
h1-include-1533,manual_include,include,issuer,issuer:TW:5468,issuer:TW:5468,-,-,-,凱鈺,L2,TPEx OpenAPI 上櫃股票基本資料（完整母集）,冻结 2026-08-28 TWSE+TPEx（不含兴柜）L2 机械母集,-,human-gate://2026-08-28/H1/issuer:TW:5468,https://www.tpex.org.tw/openapi/v1/mopsfin_t187ap03_O,2026-08-28,user,2026-08-28,已裁决,l2:TPEX:5468,H1 人闸批准；仅在本行 product_scope 内有效。
h1-include-1534,manual_include,include,issuer,issuer:TW:5474,issuer:TW:5474,-,-,-,聰泰,L2,TPEx OpenAPI 上櫃股票基本資料（完整母集）,冻结 2026-08-28 TWSE+TPEx（不含兴柜）L2 机械母集,-,human-gate://2026-08-28/H1/issuer:TW:5474,https://www.tpex.org.tw/openapi/v1/mopsfin_t187ap03_O,2026-08-28,user,2026-08-28,已裁决,l2:TPEX:5474,H1 人闸批准；仅在本行 product_scope 内有效。
h1-include-1535,manual_include,include,issuer,issuer:TW:5475,issuer:TW:5475,-,-,-,德宏,L2,TPEx OpenAPI 上櫃股票基本資料（完整母集）,冻结 2026-08-28 TWSE+TPEx（不含兴柜）L2 机械母集,-,human-gate://2026-08-28/H1/issuer:TW:5475,https://www.tpex.org.tw/openapi/v1/mopsfin_t187ap03_O,2026-08-28,user,2026-08-28,已裁决,l2:TPEX:5475,H1 人闸批准；仅在本行 product_scope 内有效。
h1-include-1536,manual_include,include,issuer,issuer:TW:5478,issuer:TW:5478,-,-,-,智冠,L2,TPEx OpenAPI 上櫃股票基本資料（完整母集）,冻结 2026-08-28 TWSE+TPEx（不含兴柜）L2 机械母集,-,human-gate://2026-08-28/H1/issuer:TW:5478,https://www.tpex.org.tw/openapi/v1/mopsfin_t187ap03_O,2026-08-28,user,2026-08-28,已裁决,l2:TPEX:5478,H1 人闸批准；仅在本行 product_scope 内有效。
h1-include-1537,manual_include,include,issuer,issuer:TW:5481,issuer:TW:5481,-,-,-,新華,L2,TPEx OpenAPI 上櫃股票基本資料（完整母集）,冻结 2026-08-28 TWSE+TPEx（不含兴柜）L2 机械母集,-,human-gate://2026-08-28/H1/issuer:TW:5481,https://www.tpex.org.tw/openapi/v1/mopsfin_t187ap03_O,2026-08-28,user,2026-08-28,已裁决,l2:TPEX:5481,H1 人闸批准；仅在本行 product_scope 内有效。
h1-include-1538,manual_include,include,issuer,issuer:TW:5483,issuer:TW:5483,-,-,-,中美晶,L2,TPEx OpenAPI 上櫃股票基本資料（完整母集）,冻结 2026-08-28 TWSE+TPEx（不含兴柜）L2 机械母集,-,human-gate://2026-08-28/H1/issuer:TW:5483,https://www.tpex.org.tw/openapi/v1/mopsfin_t187ap03_O,2026-08-28,user,2026-08-28,已裁决,l2:TPEX:5483,H1 人闸批准；仅在本行 product_scope 内有效。
h1-include-1539,manual_include,include,issuer,issuer:TW:5487,issuer:TW:5487,-,-,-,通泰,L2,TPEx OpenAPI 上櫃股票基本資料（完整母集）,冻结 2026-08-28 TWSE+TPEx（不含兴柜）L2 机械母集,-,human-gate://2026-08-28/H1/issuer:TW:5487,https://www.tpex.org.tw/openapi/v1/mopsfin_t187ap03_O,2026-08-28,user,2026-08-28,已裁决,l2:TPEX:5487,H1 人闸批准；仅在本行 product_scope 内有效。
h1-include-1540,manual_include,include,issuer,issuer:TW:5488,issuer:TW:5488,-,-,-,松普,L2,TPEx OpenAPI 上櫃股票基本資料（完整母集）,冻结 2026-08-28 TWSE+TPEx（不含兴柜）L2 机械母集,-,human-gate://2026-08-28/H1/issuer:TW:5488,https://www.tpex.org.tw/openapi/v1/mopsfin_t187ap03_O,2026-08-28,user,2026-08-28,已裁决,l2:TPEX:5488,H1 人闸批准；仅在本行 product_scope 内有效。
h1-include-1541,manual_include,include,issuer,issuer:TW:5489,issuer:TW:5489,-,-,-,彩富,L2,TPEx OpenAPI 上櫃股票基本資料（完整母集）,冻结 2026-08-28 TWSE+TPEx（不含兴柜）L2 机械母集,-,human-gate://2026-08-28/H1/issuer:TW:5489,https://www.tpex.org.tw/openapi/v1/mopsfin_t187ap03_O,2026-08-28,user,2026-08-28,已裁决,l2:TPEX:5489,H1 人闸批准；仅在本行 product_scope 内有效。
h1-include-1542,manual_include,include,issuer,issuer:TW:5490,issuer:TW:5490,-,-,-,同亨,L2,TPEx OpenAPI 上櫃股票基本資料（完整母集）,冻结 2026-08-28 TWSE+TPEx（不含兴柜）L2 机械母集,-,human-gate://2026-08-28/H1/issuer:TW:5490,https://www.tpex.org.tw/openapi/v1/mopsfin_t187ap03_O,2026-08-28,user,2026-08-28,已裁决,l2:TPEX:5490,H1 人闸批准；仅在本行 product_scope 内有效。
h1-include-1543,manual_include,include,issuer,issuer:TW:5493,issuer:TW:5493,-,-,-,三聯,L2,TPEx OpenAPI 上櫃股票基本資料（完整母集）,冻结 2026-08-28 TWSE+TPEx（不含兴柜）L2 机械母集,-,human-gate://2026-08-28/H1/issuer:TW:5493,https://www.tpex.org.tw/openapi/v1/mopsfin_t187ap03_O,2026-08-28,user,2026-08-28,已裁决,l2:TPEX:5493,H1 人闸批准；仅在本行 product_scope 内有效。
h1-include-1544,manual_include,include,issuer,issuer:TW:5498,issuer:TW:5498,-,-,-,凱崴,L2,TPEx OpenAPI 上櫃股票基本資料（完整母集）,冻结 2026-08-28 TWSE+TPEx（不含兴柜）L2 机械母集,-,human-gate://2026-08-28/H1/issuer:TW:5498,https://www.tpex.org.tw/openapi/v1/mopsfin_t187ap03_O,2026-08-28,user,2026-08-28,已裁决,l2:TPEX:5498,H1 人闸批准；仅在本行 product_scope 内有效。
h1-include-1545,manual_include,include,issuer,issuer:TW:5508,issuer:TW:5508,-,-,-,永信建,L2,TPEx OpenAPI 上櫃股票基本資料（完整母集）,冻结 2026-08-28 TWSE+TPEx（不含兴柜）L2 机械母集,-,human-gate://2026-08-28/H1/issuer:TW:5508,https://www.tpex.org.tw/openapi/v1/mopsfin_t187ap03_O,2026-08-28,user,2026-08-28,已裁决,l2:TPEX:5508,H1 人闸批准；仅在本行 product_scope 内有效。
h1-include-1546,manual_include,include,issuer,issuer:TW:5511,issuer:TW:5511,-,-,-,德昌,L2,TPEx OpenAPI 上櫃股票基本資料（完整母集）,冻结 2026-08-28 TWSE+TPEx（不含兴柜）L2 机械母集,-,human-gate://2026-08-28/H1/issuer:TW:5511,https://www.tpex.org.tw/openapi/v1/mopsfin_t187ap03_O,2026-08-28,user,2026-08-28,已裁决,l2:TPEX:5511,H1 人闸批准；仅在本行 product_scope 内有效。
h1-include-1547,manual_include,include,issuer,issuer:TW:5512,issuer:TW:5512,-,-,-,力麒,L2,TPEx OpenAPI 上櫃股票基本資料（完整母集）,冻结 2026-08-28 TWSE+TPEx（不含兴柜）L2 机械母集,-,human-gate://2026-08-28/H1/issuer:TW:5512,https://www.tpex.org.tw/openapi/v1/mopsfin_t187ap03_O,2026-08-28,user,2026-08-28,已裁决,l2:TPEX:5512,H1 人闸批准；仅在本行 product_scope 内有效。
h1-include-1548,manual_include,include,issuer,issuer:TW:5514,issuer:TW:5514,-,-,-,三豐,L2,TPEx OpenAPI 上櫃股票基本資料（完整母集）,冻结 2026-08-28 TWSE+TPEx（不含兴柜）L2 机械母集,-,human-gate://2026-08-28/H1/issuer:TW:5514,https://www.tpex.org.tw/openapi/v1/mopsfin_t187ap03_O,2026-08-28,user,2026-08-28,已裁决,l2:TPEX:5514,H1 人闸批准；仅在本行 product_scope 内有效。
h1-include-1549,manual_include,include,issuer,issuer:TW:5516,issuer:TW:5516,-,-,-,雙喜,L2,TPEx OpenAPI 上櫃股票基本資料（完整母集）,冻结 2026-08-28 TWSE+TPEx（不含兴柜）L2 机械母集,-,human-gate://2026-08-28/H1/issuer:TW:5516,https://www.tpex.org.tw/openapi/v1/mopsfin_t187ap03_O,2026-08-28,user,2026-08-28,已裁决,l2:TPEX:5516,H1 人闸批准；仅在本行 product_scope 内有效。
h1-include-1550,manual_include,include,issuer,issuer:TW:5520,issuer:TW:5520,-,-,-,力泰,L2,TPEx OpenAPI 上櫃股票基本資料（完整母集）,冻结 2026-08-28 TWSE+TPEx（不含兴柜）L2 机械母集,-,human-gate://2026-08-28/H1/issuer:TW:5520,https://www.tpex.org.tw/openapi/v1/mopsfin_t187ap03_O,2026-08-28,user,2026-08-28,已裁决,l2:TPEX:5520,H1 人闸批准；仅在本行 product_scope 内有效。
h1-include-1551,manual_include,include,issuer,issuer:TW:5523,issuer:TW:5523,-,-,-,豐謙,L2,TPEx OpenAPI 上櫃股票基本資料（完整母集）,冻结 2026-08-28 TWSE+TPEx（不含兴柜）L2 机械母集,-,human-gate://2026-08-28/H1/issuer:TW:5523,https://www.tpex.org.tw/openapi/v1/mopsfin_t187ap03_O,2026-08-28,user,2026-08-28,已裁决,l2:TPEX:5523,H1 人闸批准；仅在本行 product_scope 内有效。
h1-include-1552,manual_include,include,issuer,issuer:TW:5529,issuer:TW:5529,-,-,-,鉅陞,L2,TPEx OpenAPI 上櫃股票基本資料（完整母集）,冻结 2026-08-28 TWSE+TPEx（不含兴柜）L2 机械母集,-,human-gate://2026-08-28/H1/issuer:TW:5529,https://www.tpex.org.tw/openapi/v1/mopsfin_t187ap03_O,2026-08-28,user,2026-08-28,已裁决,l2:TPEX:5529,H1 人闸批准；仅在本行 product_scope 内有效。
h1-include-1553,manual_include,include,issuer,issuer:TW:5530,issuer:TW:5530,-,-,-,龍巖,L2,TPEx OpenAPI 上櫃股票基本資料（完整母集）,冻结 2026-08-28 TWSE+TPEx（不含兴柜）L2 机械母集,-,human-gate://2026-08-28/H1/issuer:TW:5530,https://www.tpex.org.tw/openapi/v1/mopsfin_t187ap03_O,2026-08-28,user,2026-08-28,已裁决,l2:TPEX:5530,H1 人闸批准；仅在本行 product_scope 内有效。
h1-include-1554,manual_include,include,issuer,issuer:TW:5536,issuer:TW:5536,-,-,-,聖暉*,L2,TPEx OpenAPI 上櫃股票基本資料（完整母集）,冻结 2026-08-28 TWSE+TPEx（不含兴柜）L2 机械母集,-,human-gate://2026-08-28/H1/issuer:TW:5536,https://www.tpex.org.tw/openapi/v1/mopsfin_t187ap03_O,2026-08-28,user,2026-08-28,已裁决,l2:TPEX:5536,H1 人闸批准；仅在本行 product_scope 内有效。
h1-include-1555,manual_include,include,issuer,issuer:TW:5543,issuer:TW:5543,-,-,-,桓鼎-KY,L2,TPEx OpenAPI 上櫃股票基本資料（完整母集）,冻结 2026-08-28 TWSE+TPEx（不含兴柜）L2 机械母集,-,human-gate://2026-08-28/H1/issuer:TW:5543,https://www.tpex.org.tw/openapi/v1/mopsfin_t187ap03_O,2026-08-28,user,2026-08-28,已裁决,l2:TPEX:5543,H1 人闸批准；仅在本行 product_scope 内有效。
h1-include-1556,manual_include,include,issuer,issuer:TW:5547,issuer:TW:5547,-,-,-,久舜,L2,TPEx OpenAPI 上櫃股票基本資料（完整母集）,冻结 2026-08-28 TWSE+TPEx（不含兴柜）L2 机械母集,-,human-gate://2026-08-28/H1/issuer:TW:5547,https://www.tpex.org.tw/openapi/v1/mopsfin_t187ap03_O,2026-08-28,user,2026-08-28,已裁决,l2:TPEX:5547,H1 人闸批准；仅在本行 product_scope 内有效。
h1-include-1557,manual_include,include,issuer,issuer:TW:5548,issuer:TW:5548,-,-,-,安倉,L2,TPEx OpenAPI 上櫃股票基本資料（完整母集）,冻结 2026-08-28 TWSE+TPEx（不含兴柜）L2 机械母集,-,human-gate://2026-08-28/H1/issuer:TW:5548,https://www.tpex.org.tw/openapi/v1/mopsfin_t187ap03_O,2026-08-28,user,2026-08-28,已裁决,l2:TPEX:5548,H1 人闸批准；仅在本行 product_scope 内有效。
h1-include-1558,manual_include,include,issuer,issuer:TW:5601,issuer:TW:5601,-,-,-,台聯櫃,L2,TPEx OpenAPI 上櫃股票基本資料（完整母集）,冻结 2026-08-28 TWSE+TPEx（不含兴柜）L2 机械母集,-,human-gate://2026-08-28/H1/issuer:TW:5601,https://www.tpex.org.tw/openapi/v1/mopsfin_t187ap03_O,2026-08-28,user,2026-08-28,已裁决,l2:TPEX:5601,H1 人闸批准；仅在本行 product_scope 内有效。
h1-include-1559,manual_include,include,issuer,issuer:TW:5603,issuer:TW:5603,-,-,-,陸海,L2,TPEx OpenAPI 上櫃股票基本資料（完整母集）,冻结 2026-08-28 TWSE+TPEx（不含兴柜）L2 机械母集,-,human-gate://2026-08-28/H1/issuer:TW:5603,https://www.tpex.org.tw/openapi/v1/mopsfin_t187ap03_O,2026-08-28,user,2026-08-28,已裁决,l2:TPEX:5603,H1 人闸批准；仅在本行 product_scope 内有效。
h1-include-1560,manual_include,include,issuer,issuer:TW:5604,issuer:TW:5604,-,-,-,中連,L2,TPEx OpenAPI 上櫃股票基本資料（完整母集）,冻结 2026-08-28 TWSE+TPEx（不含兴柜）L2 机械母集,-,human-gate://2026-08-28/H1/issuer:TW:5604,https://www.tpex.org.tw/openapi/v1/mopsfin_t187ap03_O,2026-08-28,user,2026-08-28,已裁决,l2:TPEX:5604,H1 人闸批准；仅在本行 product_scope 内有效。
h1-include-1561,manual_include,include,issuer,issuer:TW:5609,issuer:TW:5609,-,-,-,中菲行,L2,TPEx OpenAPI 上櫃股票基本資料（完整母集）,冻结 2026-08-28 TWSE+TPEx（不含兴柜）L2 机械母集,-,human-gate://2026-08-28/H1/issuer:TW:5609,https://www.tpex.org.tw/openapi/v1/mopsfin_t187ap03_O,2026-08-28,user,2026-08-28,已裁决,l2:TPEX:5609,H1 人闸批准；仅在本行 product_scope 内有效。
h1-include-1562,manual_include,include,issuer,issuer:TW:5701,issuer:TW:5701,-,-,-,劍湖山,L2,TPEx OpenAPI 上櫃股票基本資料（完整母集）,冻结 2026-08-28 TWSE+TPEx（不含兴柜）L2 机械母集,-,human-gate://2026-08-28/H1/issuer:TW:5701,https://www.tpex.org.tw/openapi/v1/mopsfin_t187ap03_O,2026-08-28,user,2026-08-28,已裁决,l2:TPEX:5701,H1 人闸批准；仅在本行 product_scope 内有效。
h1-include-1563,manual_include,include,issuer,issuer:TW:5703,issuer:TW:5703,-,-,-,亞都麗緻,L2,TPEx OpenAPI 上櫃股票基本資料（完整母集）,冻结 2026-08-28 TWSE+TPEx（不含兴柜）L2 机械母集,-,human-gate://2026-08-28/H1/issuer:TW:5703,https://www.tpex.org.tw/openapi/v1/mopsfin_t187ap03_O,2026-08-28,user,2026-08-28,已裁决,l2:TPEX:5703,H1 人闸批准；仅在本行 product_scope 内有效。
h1-include-1564,manual_include,include,issuer,issuer:TW:5704,issuer:TW:5704,-,-,-,老爺知,L2,TPEx OpenAPI 上櫃股票基本資料（完整母集）,冻结 2026-08-28 TWSE+TPEx（不含兴柜）L2 机械母集,-,human-gate://2026-08-28/H1/issuer:TW:5704,https://www.tpex.org.tw/openapi/v1/mopsfin_t187ap03_O,2026-08-28,user,2026-08-28,已裁决,l2:TPEX:5704,H1 人闸批准；仅在本行 product_scope 内有效。
h1-include-1565,manual_include,include,issuer,issuer:TW:5864,issuer:TW:5864,-,-,-,致和證,L2,TPEx OpenAPI 上櫃股票基本資料（完整母集）,冻结 2026-08-28 TWSE+TPEx（不含兴柜）L2 机械母集,-,human-gate://2026-08-28/H1/issuer:TW:5864,https://www.tpex.org.tw/openapi/v1/mopsfin_t187ap03_O,2026-08-28,user,2026-08-28,已裁决,l2:TPEX:5864,H1 人闸批准；仅在本行 product_scope 内有效。
h1-include-1566,manual_include,include,issuer,issuer:TW:5878,issuer:TW:5878,-,-,-,台名,L2,TPEx OpenAPI 上櫃股票基本資料（完整母集）,冻结 2026-08-28 TWSE+TPEx（不含兴柜）L2 机械母集,-,human-gate://2026-08-28/H1/issuer:TW:5878,https://www.tpex.org.tw/openapi/v1/mopsfin_t187ap03_O,2026-08-28,user,2026-08-28,已裁决,l2:TPEX:5878,H1 人闸批准；仅在本行 product_scope 内有效。
h1-include-1567,manual_include,include,issuer,issuer:TW:5902,issuer:TW:5902,-,-,-,德記,L2,TPEx OpenAPI 上櫃股票基本資料（完整母集）,冻结 2026-08-28 TWSE+TPEx（不含兴柜）L2 机械母集,-,human-gate://2026-08-28/H1/issuer:TW:5902,https://www.tpex.org.tw/openapi/v1/mopsfin_t187ap03_O,2026-08-28,user,2026-08-28,已裁决,l2:TPEX:5902,H1 人闸批准；仅在本行 product_scope 内有效。
h1-include-1568,manual_include,include,issuer,issuer:TW:5903,issuer:TW:5903,-,-,-,全家,L2,TPEx OpenAPI 上櫃股票基本資料（完整母集）,冻结 2026-08-28 TWSE+TPEx（不含兴柜）L2 机械母集,-,human-gate://2026-08-28/H1/issuer:TW:5903,https://www.tpex.org.tw/openapi/v1/mopsfin_t187ap03_O,2026-08-28,user,2026-08-28,已裁决,l2:TPEX:5903,H1 人闸批准；仅在本行 product_scope 内有效。
h1-include-1569,manual_include,include,issuer,issuer:TW:5904,issuer:TW:5904,-,-,-,寶雅*,L2,TPEx OpenAPI 上櫃股票基本資料（完整母集）,冻结 2026-08-28 TWSE+TPEx（不含兴柜）L2 机械母集,-,human-gate://2026-08-28/H1/issuer:TW:5904,https://www.tpex.org.tw/openapi/v1/mopsfin_t187ap03_O,2026-08-28,user,2026-08-28,已裁决,l2:TPEX:5904,H1 人闸批准；仅在本行 product_scope 内有效。
h1-include-1570,manual_include,include,issuer,issuer:TW:5905,issuer:TW:5905,-,-,-,南仁湖,L2,TPEx OpenAPI 上櫃股票基本資料（完整母集）,冻结 2026-08-28 TWSE+TPEx（不含兴柜）L2 机械母集,-,human-gate://2026-08-28/H1/issuer:TW:5905,https://www.tpex.org.tw/openapi/v1/mopsfin_t187ap03_O,2026-08-28,user,2026-08-28,已裁决,l2:TPEX:5905,H1 人闸批准；仅在本行 product_scope 内有效。
h1-include-1571,manual_include,include,issuer,issuer:TW:6015,issuer:TW:6015,-,-,-,宏遠證,L2,TPEx OpenAPI 上櫃股票基本資料（完整母集）,冻结 2026-08-28 TWSE+TPEx（不含兴柜）L2 机械母集,-,human-gate://2026-08-28/H1/issuer:TW:6015,https://www.tpex.org.tw/openapi/v1/mopsfin_t187ap03_O,2026-08-28,user,2026-08-28,已裁决,l2:TPEX:6015,H1 人闸批准；仅在本行 product_scope 内有效。
h1-include-1572,manual_include,include,issuer,issuer:TW:6016,issuer:TW:6016,-,-,-,康和證,L2,TPEx OpenAPI 上櫃股票基本資料（完整母集）,冻结 2026-08-28 TWSE+TPEx（不含兴柜）L2 机械母集,-,human-gate://2026-08-28/H1/issuer:TW:6016,https://www.tpex.org.tw/openapi/v1/mopsfin_t187ap03_O,2026-08-28,user,2026-08-28,已裁决,l2:TPEX:6016,H1 人闸批准；仅在本行 product_scope 内有效。
h1-include-1573,manual_include,include,issuer,issuer:TW:6020,issuer:TW:6020,-,-,-,大展證,L2,TPEx OpenAPI 上櫃股票基本資料（完整母集）,冻结 2026-08-28 TWSE+TPEx（不含兴柜）L2 机械母集,-,human-gate://2026-08-28/H1/issuer:TW:6020,https://www.tpex.org.tw/openapi/v1/mopsfin_t187ap03_O,2026-08-28,user,2026-08-28,已裁决,l2:TPEX:6020,H1 人闸批准；仅在本行 product_scope 内有效。
h1-include-1574,manual_include,include,issuer,issuer:TW:6021,issuer:TW:6021,-,-,-,美好證,L2,TPEx OpenAPI 上櫃股票基本資料（完整母集）,冻结 2026-08-28 TWSE+TPEx（不含兴柜）L2 机械母集,-,human-gate://2026-08-28/H1/issuer:TW:6021,https://www.tpex.org.tw/openapi/v1/mopsfin_t187ap03_O,2026-08-28,user,2026-08-28,已裁决,l2:TPEX:6021,H1 人闸批准；仅在本行 product_scope 内有效。
h1-include-1575,manual_include,include,issuer,issuer:TW:6023,issuer:TW:6023,-,-,-,元大期貨,L2,TPEx OpenAPI 上櫃股票基本資料（完整母集）,冻结 2026-08-28 TWSE+TPEx（不含兴柜）L2 机械母集,-,human-gate://2026-08-28/H1/issuer:TW:6023,https://www.tpex.org.tw/openapi/v1/mopsfin_t187ap03_O,2026-08-28,user,2026-08-28,已裁决,l2:TPEX:6023,H1 人闸批准；仅在本行 product_scope 内有效。
h1-include-1576,manual_include,include,issuer,issuer:TW:6026,issuer:TW:6026,-,-,-,福邦證,L2,TPEx OpenAPI 上櫃股票基本資料（完整母集）,冻结 2026-08-28 TWSE+TPEx（不含兴柜）L2 机械母集,-,human-gate://2026-08-28/H1/issuer:TW:6026,https://www.tpex.org.tw/openapi/v1/mopsfin_t187ap03_O,2026-08-28,user,2026-08-28,已裁决,l2:TPEX:6026,H1 人闸批准；仅在本行 product_scope 内有效。
h1-include-1577,manual_include,include,issuer,issuer:TW:6028,issuer:TW:6028,-,-,-,公勝保經,L2,TPEx OpenAPI 上櫃股票基本資料（完整母集）,冻结 2026-08-28 TWSE+TPEx（不含兴柜）L2 机械母集,-,human-gate://2026-08-28/H1/issuer:TW:6028,https://www.tpex.org.tw/openapi/v1/mopsfin_t187ap03_O,2026-08-28,user,2026-08-28,已裁决,l2:TPEX:6028,H1 人闸批准；仅在本行 product_scope 内有效。
h1-include-1578,manual_include,include,issuer,issuer:TW:6101,issuer:TW:6101,-,-,-,寬魚國際,L2,TPEx OpenAPI 上櫃股票基本資料（完整母集）,冻结 2026-08-28 TWSE+TPEx（不含兴柜）L2 机械母集,-,human-gate://2026-08-28/H1/issuer:TW:6101,https://www.tpex.org.tw/openapi/v1/mopsfin_t187ap03_O,2026-08-28,user,2026-08-28,已裁决,l2:TPEX:6101,H1 人闸批准；仅在本行 product_scope 内有效。
h1-include-1579,manual_include,include,issuer,issuer:TW:6103,issuer:TW:6103,-,-,-,合邦,L2,TPEx OpenAPI 上櫃股票基本資料（完整母集）,冻结 2026-08-28 TWSE+TPEx（不含兴柜）L2 机械母集,-,human-gate://2026-08-28/H1/issuer:TW:6103,https://www.tpex.org.tw/openapi/v1/mopsfin_t187ap03_O,2026-08-28,user,2026-08-28,已裁决,l2:TPEX:6103,H1 人闸批准；仅在本行 product_scope 内有效。
h1-include-1580,manual_include,include,issuer,issuer:TW:6104,issuer:TW:6104,-,-,-,創惟,L2,TPEx OpenAPI 上櫃股票基本資料（完整母集）,冻结 2026-08-28 TWSE+TPEx（不含兴柜）L2 机械母集,-,human-gate://2026-08-28/H1/issuer:TW:6104,https://www.tpex.org.tw/openapi/v1/mopsfin_t187ap03_O,2026-08-28,user,2026-08-28,已裁决,l2:TPEX:6104,H1 人闸批准；仅在本行 product_scope 内有效。
h1-include-1581,manual_include,include,issuer,issuer:TW:6109,issuer:TW:6109,-,-,-,亞元,L2,TPEx OpenAPI 上櫃股票基本資料（完整母集）,冻结 2026-08-28 TWSE+TPEx（不含兴柜）L2 机械母集,-,human-gate://2026-08-28/H1/issuer:TW:6109,https://www.tpex.org.tw/openapi/v1/mopsfin_t187ap03_O,2026-08-28,user,2026-08-28,已裁决,l2:TPEX:6109,H1 人闸批准；仅在本行 product_scope 内有效。
h1-include-1582,manual_include,include,issuer,issuer:TW:6111,issuer:TW:6111,-,-,-,光聚晶電,L2,TPEx OpenAPI 上櫃股票基本資料（完整母集）,冻结 2026-08-28 TWSE+TPEx（不含兴柜）L2 机械母集,-,human-gate://2026-08-28/H1/issuer:TW:6111,https://www.tpex.org.tw/openapi/v1/mopsfin_t187ap03_O,2026-08-28,user,2026-08-28,已裁决,l2:TPEX:6111,H1 人闸批准；仅在本行 product_scope 内有效。
h1-include-1583,manual_include,include,issuer,issuer:TW:6113,issuer:TW:6113,-,-,-,亞矽,L2,TPEx OpenAPI 上櫃股票基本資料（完整母集）,冻结 2026-08-28 TWSE+TPEx（不含兴柜）L2 机械母集,-,human-gate://2026-08-28/H1/issuer:TW:6113,https://www.tpex.org.tw/openapi/v1/mopsfin_t187ap03_O,2026-08-28,user,2026-08-28,已裁决,l2:TPEX:6113,H1 人闸批准；仅在本行 product_scope 内有效。
h1-include-1584,manual_include,include,issuer,issuer:TW:6114,issuer:TW:6114,-,-,-,久威,L2,TPEx OpenAPI 上櫃股票基本資料（完整母集）,冻结 2026-08-28 TWSE+TPEx（不含兴柜）L2 机械母集,-,human-gate://2026-08-28/H1/issuer:TW:6114,https://www.tpex.org.tw/openapi/v1/mopsfin_t187ap03_O,2026-08-28,user,2026-08-28,已裁决,l2:TPEX:6114,H1 人闸批准；仅在本行 product_scope 内有效。
h1-include-1585,manual_include,include,issuer,issuer:TW:6118,issuer:TW:6118,-,-,-,建達,L2,TPEx OpenAPI 上櫃股票基本資料（完整母集）,冻结 2026-08-28 TWSE+TPEx（不含兴柜）L2 机械母集,-,human-gate://2026-08-28/H1/issuer:TW:6118,https://www.tpex.org.tw/openapi/v1/mopsfin_t187ap03_O,2026-08-28,user,2026-08-28,已裁决,l2:TPEX:6118,H1 人闸批准；仅在本行 product_scope 内有效。
h1-include-1586,manual_include,include,issuer,issuer:TW:6121,issuer:TW:6121,-,-,-,新普,L2,TPEx OpenAPI 上櫃股票基本資料（完整母集）,冻结 2026-08-28 TWSE+TPEx（不含兴柜）L2 机械母集,-,human-gate://2026-08-28/H1/issuer:TW:6121,https://www.tpex.org.tw/openapi/v1/mopsfin_t187ap03_O,2026-08-28,user,2026-08-28,已裁决,l2:TPEX:6121,H1 人闸批准；仅在本行 product_scope 内有效。
h1-include-1587,manual_include,include,issuer,issuer:TW:6122,issuer:TW:6122,-,-,-,擎邦,L2,TPEx OpenAPI 上櫃股票基本資料（完整母集）,冻结 2026-08-28 TWSE+TPEx（不含兴柜）L2 机械母集,-,human-gate://2026-08-28/H1/issuer:TW:6122,https://www.tpex.org.tw/openapi/v1/mopsfin_t187ap03_O,2026-08-28,user,2026-08-28,已裁决,l2:TPEX:6122,H1 人闸批准；仅在本行 product_scope 内有效。
h1-include-1588,manual_include,include,issuer,issuer:TW:6123,issuer:TW:6123,-,-,-,上奇,L2,TPEx OpenAPI 上櫃股票基本資料（完整母集）,冻结 2026-08-28 TWSE+TPEx（不含兴柜）L2 机械母集,-,human-gate://2026-08-28/H1/issuer:TW:6123,https://www.tpex.org.tw/openapi/v1/mopsfin_t187ap03_O,2026-08-28,user,2026-08-28,已裁决,l2:TPEX:6123,H1 人闸批准；仅在本行 product_scope 内有效。
h1-include-1589,manual_include,include,issuer,issuer:TW:6124,issuer:TW:6124,-,-,-,業強,L2,TPEx OpenAPI 上櫃股票基本資料（完整母集）,冻结 2026-08-28 TWSE+TPEx（不含兴柜）L2 机械母集,-,human-gate://2026-08-28/H1/issuer:TW:6124,https://www.tpex.org.tw/openapi/v1/mopsfin_t187ap03_O,2026-08-28,user,2026-08-28,已裁决,l2:TPEX:6124,H1 人闸批准；仅在本行 product_scope 内有效。
h1-include-1590,manual_include,include,issuer,issuer:TW:6125,issuer:TW:6125,-,-,-,廣運,L2,TPEx OpenAPI 上櫃股票基本資料（完整母集）,冻结 2026-08-28 TWSE+TPEx（不含兴柜）L2 机械母集,-,human-gate://2026-08-28/H1/issuer:TW:6125,https://www.tpex.org.tw/openapi/v1/mopsfin_t187ap03_O,2026-08-28,user,2026-08-28,已裁决,l2:TPEX:6125,H1 人闸批准；仅在本行 product_scope 内有效。
h1-include-1591,manual_include,include,issuer,issuer:TW:6126,issuer:TW:6126,-,-,-,信音,L2,TPEx OpenAPI 上櫃股票基本資料（完整母集）,冻结 2026-08-28 TWSE+TPEx（不含兴柜）L2 机械母集,-,human-gate://2026-08-28/H1/issuer:TW:6126,https://www.tpex.org.tw/openapi/v1/mopsfin_t187ap03_O,2026-08-28,user,2026-08-28,已裁决,l2:TPEX:6126,H1 人闸批准；仅在本行 product_scope 内有效。
h1-include-1592,manual_include,include,issuer,issuer:TW:6127,issuer:TW:6127,-,-,-,九豪,L2,TPEx OpenAPI 上櫃股票基本資料（完整母集）,冻结 2026-08-28 TWSE+TPEx（不含兴柜）L2 机械母集,-,human-gate://2026-08-28/H1/issuer:TW:6127,https://www.tpex.org.tw/openapi/v1/mopsfin_t187ap03_O,2026-08-28,user,2026-08-28,已裁决,l2:TPEX:6127,H1 人闸批准；仅在本行 product_scope 内有效。
h1-include-1593,manual_include,include,issuer,issuer:TW:6129,issuer:TW:6129,-,-,-,普誠,L2,TPEx OpenAPI 上櫃股票基本資料（完整母集）,冻结 2026-08-28 TWSE+TPEx（不含兴柜）L2 机械母集,-,human-gate://2026-08-28/H1/issuer:TW:6129,https://www.tpex.org.tw/openapi/v1/mopsfin_t187ap03_O,2026-08-28,user,2026-08-28,已裁决,l2:TPEX:6129,H1 人闸批准；仅在本行 product_scope 内有效。
h1-include-1594,manual_include,include,issuer,issuer:TW:6130,issuer:TW:6130,-,-,-,上亞科技,L2,TPEx OpenAPI 上櫃股票基本資料（完整母集）,冻结 2026-08-28 TWSE+TPEx（不含兴柜）L2 机械母集,-,human-gate://2026-08-28/H1/issuer:TW:6130,https://www.tpex.org.tw/openapi/v1/mopsfin_t187ap03_O,2026-08-28,user,2026-08-28,已裁决,l2:TPEX:6130,H1 人闸批准；仅在本行 product_scope 内有效。
h1-include-1595,manual_include,include,issuer,issuer:TW:6134,issuer:TW:6134,-,-,-,萬旭,L2,TPEx OpenAPI 上櫃股票基本資料（完整母集）,冻结 2026-08-28 TWSE+TPEx（不含兴柜）L2 机械母集,-,human-gate://2026-08-28/H1/issuer:TW:6134,https://www.tpex.org.tw/openapi/v1/mopsfin_t187ap03_O,2026-08-28,user,2026-08-28,已裁决,l2:TPEX:6134,H1 人闸批准；仅在本行 product_scope 内有效。
h1-include-1596,manual_include,include,issuer,issuer:TW:6138,issuer:TW:6138,-,-,-,茂達,L2,TPEx OpenAPI 上櫃股票基本資料（完整母集）,冻结 2026-08-28 TWSE+TPEx（不含兴柜）L2 机械母集,-,human-gate://2026-08-28/H1/issuer:TW:6138,https://www.tpex.org.tw/openapi/v1/mopsfin_t187ap03_O,2026-08-28,user,2026-08-28,已裁决,l2:TPEX:6138,H1 人闸批准；仅在本行 product_scope 内有效。
h1-include-1597,manual_include,include,issuer,issuer:TW:6140,issuer:TW:6140,-,-,-,訊達電腦,L2,TPEx OpenAPI 上櫃股票基本資料（完整母集）,冻结 2026-08-28 TWSE+TPEx（不含兴柜）L2 机械母集,-,human-gate://2026-08-28/H1/issuer:TW:6140,https://www.tpex.org.tw/openapi/v1/mopsfin_t187ap03_O,2026-08-28,user,2026-08-28,已裁决,l2:TPEX:6140,H1 人闸批准；仅在本行 product_scope 内有效。
h1-include-1598,manual_include,include,issuer,issuer:TW:6143,issuer:TW:6143,-,-,-,振曜,L2,TPEx OpenAPI 上櫃股票基本資料（完整母集）,冻结 2026-08-28 TWSE+TPEx（不含兴柜）L2 机械母集,-,human-gate://2026-08-28/H1/issuer:TW:6143,https://www.tpex.org.tw/openapi/v1/mopsfin_t187ap03_O,2026-08-28,user,2026-08-28,已裁决,l2:TPEX:6143,H1 人闸批准；仅在本行 product_scope 内有效。
h1-include-1599,manual_include,include,issuer,issuer:TW:6144,issuer:TW:6144,-,-,-,得利影,L2,TPEx OpenAPI 上櫃股票基本資料（完整母集）,冻结 2026-08-28 TWSE+TPEx（不含兴柜）L2 机械母集,-,human-gate://2026-08-28/H1/issuer:TW:6144,https://www.tpex.org.tw/openapi/v1/mopsfin_t187ap03_O,2026-08-28,user,2026-08-28,已裁决,l2:TPEX:6144,H1 人闸批准；仅在本行 product_scope 内有效。
h1-include-1600,manual_include,include,issuer,issuer:TW:6146,issuer:TW:6146,-,-,-,耕興,L2,TPEx OpenAPI 上櫃股票基本資料（完整母集）,冻结 2026-08-28 TWSE+TPEx（不含兴柜）L2 机械母集,-,human-gate://2026-08-28/H1/issuer:TW:6146,https://www.tpex.org.tw/openapi/v1/mopsfin_t187ap03_O,2026-08-28,user,2026-08-28,已裁决,l2:TPEX:6146,H1 人闸批准；仅在本行 product_scope 内有效。
h1-include-1601,manual_include,include,issuer,issuer:TW:6147,issuer:TW:6147,-,-,-,頎邦,L2,TPEx OpenAPI 上櫃股票基本資料（完整母集）,冻结 2026-08-28 TWSE+TPEx（不含兴柜）L2 机械母集,-,human-gate://2026-08-28/H1/issuer:TW:6147,https://www.tpex.org.tw/openapi/v1/mopsfin_t187ap03_O,2026-08-28,user,2026-08-28,已裁决,l2:TPEX:6147,H1 人闸批准；仅在本行 product_scope 内有效。
h1-include-1602,manual_include,include,issuer,issuer:TW:6148,issuer:TW:6148,-,-,-,驊宏資,L2,TPEx OpenAPI 上櫃股票基本資料（完整母集）,冻结 2026-08-28 TWSE+TPEx（不含兴柜）L2 机械母集,-,human-gate://2026-08-28/H1/issuer:TW:6148,https://www.tpex.org.tw/openapi/v1/mopsfin_t187ap03_O,2026-08-28,user,2026-08-28,已裁决,l2:TPEX:6148,H1 人闸批准；仅在本行 product_scope 内有效。
h1-include-1603,manual_include,include,issuer,issuer:TW:6150,issuer:TW:6150,-,-,-,撼訊,L2,TPEx OpenAPI 上櫃股票基本資料（完整母集）,冻结 2026-08-28 TWSE+TPEx（不含兴柜）L2 机械母集,-,human-gate://2026-08-28/H1/issuer:TW:6150,https://www.tpex.org.tw/openapi/v1/mopsfin_t187ap03_O,2026-08-28,user,2026-08-28,已裁决,l2:TPEX:6150,H1 人闸批准；仅在本行 product_scope 内有效。
h1-include-1604,manual_include,include,issuer,issuer:TW:6151,issuer:TW:6151,-,-,-,晉倫,L2,TPEx OpenAPI 上櫃股票基本資料（完整母集）,冻结 2026-08-28 TWSE+TPEx（不含兴柜）L2 机械母集,-,human-gate://2026-08-28/H1/issuer:TW:6151,https://www.tpex.org.tw/openapi/v1/mopsfin_t187ap03_O,2026-08-28,user,2026-08-28,已裁决,l2:TPEX:6151,H1 人闸批准；仅在本行 product_scope 内有效。
h1-include-1605,manual_include,include,issuer,issuer:TW:6154,issuer:TW:6154,-,-,-,順發,L2,TPEx OpenAPI 上櫃股票基本資料（完整母集）,冻结 2026-08-28 TWSE+TPEx（不含兴柜）L2 机械母集,-,human-gate://2026-08-28/H1/issuer:TW:6154,https://www.tpex.org.tw/openapi/v1/mopsfin_t187ap03_O,2026-08-28,user,2026-08-28,已裁决,l2:TPEX:6154,H1 人闸批准；仅在本行 product_scope 内有效。
h1-include-1606,manual_include,include,issuer,issuer:TW:6156,issuer:TW:6156,-,-,-,松上,L2,TPEx OpenAPI 上櫃股票基本資料（完整母集）,冻结 2026-08-28 TWSE+TPEx（不含兴柜）L2 机械母集,-,human-gate://2026-08-28/H1/issuer:TW:6156,https://www.tpex.org.tw/openapi/v1/mopsfin_t187ap03_O,2026-08-28,user,2026-08-28,已裁决,l2:TPEX:6156,H1 人闸批准；仅在本行 product_scope 内有效。
h1-include-1607,manual_include,include,issuer,issuer:TW:6158,issuer:TW:6158,-,-,-,禾昌,L2,TPEx OpenAPI 上櫃股票基本資料（完整母集）,冻结 2026-08-28 TWSE+TPEx（不含兴柜）L2 机械母集,-,human-gate://2026-08-28/H1/issuer:TW:6158,https://www.tpex.org.tw/openapi/v1/mopsfin_t187ap03_O,2026-08-28,user,2026-08-28,已裁决,l2:TPEX:6158,H1 人闸批准；仅在本行 product_scope 内有效。
h1-include-1608,manual_include,include,issuer,issuer:TW:6160,issuer:TW:6160,-,-,-,欣技,L2,TPEx OpenAPI 上櫃股票基本資料（完整母集）,冻结 2026-08-28 TWSE+TPEx（不含兴柜）L2 机械母集,-,human-gate://2026-08-28/H1/issuer:TW:6160,https://www.tpex.org.tw/openapi/v1/mopsfin_t187ap03_O,2026-08-28,user,2026-08-28,已裁决,l2:TPEX:6160,H1 人闸批准；仅在本行 product_scope 内有效。
h1-include-1609,manual_include,include,issuer,issuer:TW:6161,issuer:TW:6161,-,-,-,捷波,L2,TPEx OpenAPI 上櫃股票基本資料（完整母集）,冻结 2026-08-28 TWSE+TPEx（不含兴柜）L2 机械母集,-,human-gate://2026-08-28/H1/issuer:TW:6161,https://www.tpex.org.tw/openapi/v1/mopsfin_t187ap03_O,2026-08-28,user,2026-08-28,已裁决,l2:TPEX:6161,H1 人闸批准；仅在本行 product_scope 内有效。
h1-include-1610,manual_include,include,issuer,issuer:TW:6163,issuer:TW:6163,-,-,-,華電網,L2,TPEx OpenAPI 上櫃股票基本資料（完整母集）,冻结 2026-08-28 TWSE+TPEx（不含兴柜）L2 机械母集,-,human-gate://2026-08-28/H1/issuer:TW:6163,https://www.tpex.org.tw/openapi/v1/mopsfin_t187ap03_O,2026-08-28,user,2026-08-28,已裁决,l2:TPEX:6163,H1 人闸批准；仅在本行 product_scope 内有效。
h1-include-1611,manual_include,include,issuer,issuer:TW:6167,issuer:TW:6167,-,-,-,久正,L2,TPEx OpenAPI 上櫃股票基本資料（完整母集）,冻结 2026-08-28 TWSE+TPEx（不含兴柜）L2 机械母集,-,human-gate://2026-08-28/H1/issuer:TW:6167,https://www.tpex.org.tw/openapi/v1/mopsfin_t187ap03_O,2026-08-28,user,2026-08-28,已裁决,l2:TPEX:6167,H1 人闸批准；仅在本行 product_scope 内有效。
h1-include-1612,manual_include,include,issuer,issuer:TW:6169,issuer:TW:6169,-,-,-,昱泉,L2,TPEx OpenAPI 上櫃股票基本資料（完整母集）,冻结 2026-08-28 TWSE+TPEx（不含兴柜）L2 机械母集,-,human-gate://2026-08-28/H1/issuer:TW:6169,https://www.tpex.org.tw/openapi/v1/mopsfin_t187ap03_O,2026-08-28,user,2026-08-28,已裁决,l2:TPEX:6169,H1 人闸批准；仅在本行 product_scope 内有效。
h1-include-1613,manual_include,include,issuer,issuer:TW:6170,issuer:TW:6170,-,-,-,統振,L2,TPEx OpenAPI 上櫃股票基本資料（完整母集）,冻结 2026-08-28 TWSE+TPEx（不含兴柜）L2 机械母集,-,human-gate://2026-08-28/H1/issuer:TW:6170,https://www.tpex.org.tw/openapi/v1/mopsfin_t187ap03_O,2026-08-28,user,2026-08-28,已裁决,l2:TPEX:6170,H1 人闸批准；仅在本行 product_scope 内有效。
h1-include-1614,manual_include,include,issuer,issuer:TW:6171,issuer:TW:6171,-,-,-,大城地產,L2,TPEx OpenAPI 上櫃股票基本資料（完整母集）,冻结 2026-08-28 TWSE+TPEx（不含兴柜）L2 机械母集,-,human-gate://2026-08-28/H1/issuer:TW:6171,https://www.tpex.org.tw/openapi/v1/mopsfin_t187ap03_O,2026-08-28,user,2026-08-28,已裁决,l2:TPEX:6171,H1 人闸批准；仅在本行 product_scope 内有效。
h1-include-1615,manual_include,include,issuer,issuer:TW:6173,issuer:TW:6173,-,-,-,信昌電,L2,TPEx OpenAPI 上櫃股票基本資料（完整母集）,冻结 2026-08-28 TWSE+TPEx（不含兴柜）L2 机械母集,-,human-gate://2026-08-28/H1/issuer:TW:6173,https://www.tpex.org.tw/openapi/v1/mopsfin_t187ap03_O,2026-08-28,user,2026-08-28,已裁决,l2:TPEX:6173,H1 人闸批准；仅在本行 product_scope 内有效。
h1-include-1616,manual_include,include,issuer,issuer:TW:6174,issuer:TW:6174,-,-,-,安碁,L2,TPEx OpenAPI 上櫃股票基本資料（完整母集）,冻结 2026-08-28 TWSE+TPEx（不含兴柜）L2 机械母集,-,human-gate://2026-08-28/H1/issuer:TW:6174,https://www.tpex.org.tw/openapi/v1/mopsfin_t187ap03_O,2026-08-28,user,2026-08-28,已裁决,l2:TPEX:6174,H1 人闸批准；仅在本行 product_scope 内有效。
h1-include-1617,manual_include,include,issuer,issuer:TW:6175,issuer:TW:6175,-,-,-,立敦,L2,TPEx OpenAPI 上櫃股票基本資料（完整母集）,冻结 2026-08-28 TWSE+TPEx（不含兴柜）L2 机械母集,-,human-gate://2026-08-28/H1/issuer:TW:6175,https://www.tpex.org.tw/openapi/v1/mopsfin_t187ap03_O,2026-08-28,user,2026-08-28,已裁决,l2:TPEX:6175,H1 人闸批准；仅在本行 product_scope 内有效。
h1-include-1618,manual_include,include,issuer,issuer:TW:6179,issuer:TW:6179,-,-,-,亞通,L2,TPEx OpenAPI 上櫃股票基本資料（完整母集）,冻结 2026-08-28 TWSE+TPEx（不含兴柜）L2 机械母集,-,human-gate://2026-08-28/H1/issuer:TW:6179,https://www.tpex.org.tw/openapi/v1/mopsfin_t187ap03_O,2026-08-28,user,2026-08-28,已裁决,l2:TPEX:6179,H1 人闸批准；仅在本行 product_scope 内有效。
h1-include-1619,manual_include,include,issuer,issuer:TW:6180,issuer:TW:6180,-,-,-,橘子,L2,TPEx OpenAPI 上櫃股票基本資料（完整母集）,冻结 2026-08-28 TWSE+TPEx（不含兴柜）L2 机械母集,-,human-gate://2026-08-28/H1/issuer:TW:6180,https://www.tpex.org.tw/openapi/v1/mopsfin_t187ap03_O,2026-08-28,user,2026-08-28,已裁决,l2:TPEX:6180,H1 人闸批准；仅在本行 product_scope 内有效。
h1-include-1620,manual_include,include,issuer,issuer:TW:6182,issuer:TW:6182,-,-,-,合晶,L2,TPEx OpenAPI 上櫃股票基本資料（完整母集）,冻结 2026-08-28 TWSE+TPEx（不含兴柜）L2 机械母集,-,human-gate://2026-08-28/H1/issuer:TW:6182,https://www.tpex.org.tw/openapi/v1/mopsfin_t187ap03_O,2026-08-28,user,2026-08-28,已裁决,l2:TPEX:6182,H1 人闸批准；仅在本行 product_scope 内有效。
h1-include-1621,manual_include,include,issuer,issuer:TW:6185,issuer:TW:6185,-,-,-,幃翔,L2,TPEx OpenAPI 上櫃股票基本資料（完整母集）,冻结 2026-08-28 TWSE+TPEx（不含兴柜）L2 机械母集,-,human-gate://2026-08-28/H1/issuer:TW:6185,https://www.tpex.org.tw/openapi/v1/mopsfin_t187ap03_O,2026-08-28,user,2026-08-28,已裁决,l2:TPEX:6185,H1 人闸批准；仅在本行 product_scope 内有效。
h1-include-1622,manual_include,include,issuer,issuer:TW:6186,issuer:TW:6186,-,-,-,新潤,L2,TPEx OpenAPI 上櫃股票基本資料（完整母集）,冻结 2026-08-28 TWSE+TPEx（不含兴柜）L2 机械母集,-,human-gate://2026-08-28/H1/issuer:TW:6186,https://www.tpex.org.tw/openapi/v1/mopsfin_t187ap03_O,2026-08-28,user,2026-08-28,已裁决,l2:TPEX:6186,H1 人闸批准；仅在本行 product_scope 内有效。
h1-include-1623,manual_include,include,issuer,issuer:TW:6187,issuer:TW:6187,-,-,-,萬潤,L2,TPEx OpenAPI 上櫃股票基本資料（完整母集）,冻结 2026-08-28 TWSE+TPEx（不含兴柜）L2 机械母集,-,human-gate://2026-08-28/H1/issuer:TW:6187,https://www.tpex.org.tw/openapi/v1/mopsfin_t187ap03_O,2026-08-28,user,2026-08-28,已裁决,l2:TPEX:6187,H1 人闸批准；仅在本行 product_scope 内有效。
h1-include-1624,manual_include,include,issuer,issuer:TW:6188,issuer:TW:6188,-,-,-,廣明,L2,TPEx OpenAPI 上櫃股票基本資料（完整母集）,冻结 2026-08-28 TWSE+TPEx（不含兴柜）L2 机械母集,-,human-gate://2026-08-28/H1/issuer:TW:6188,https://www.tpex.org.tw/openapi/v1/mopsfin_t187ap03_O,2026-08-28,user,2026-08-28,已裁决,l2:TPEX:6188,H1 人闸批准；仅在本行 product_scope 内有效。
h1-include-1625,manual_include,include,issuer,issuer:TW:6190,issuer:TW:6190,-,-,-,萬泰科,L2,TPEx OpenAPI 上櫃股票基本資料（完整母集）,冻结 2026-08-28 TWSE+TPEx（不含兴柜）L2 机械母集,-,human-gate://2026-08-28/H1/issuer:TW:6190,https://www.tpex.org.tw/openapi/v1/mopsfin_t187ap03_O,2026-08-28,user,2026-08-28,已裁决,l2:TPEX:6190,H1 人闸批准；仅在本行 product_scope 内有效。
h1-include-1626,manual_include,include,issuer,issuer:TW:6194,issuer:TW:6194,-,-,-,育富,L2,TPEx OpenAPI 上櫃股票基本資料（完整母集）,冻结 2026-08-28 TWSE+TPEx（不含兴柜）L2 机械母集,-,human-gate://2026-08-28/H1/issuer:TW:6194,https://www.tpex.org.tw/openapi/v1/mopsfin_t187ap03_O,2026-08-28,user,2026-08-28,已裁决,l2:TPEX:6194,H1 人闸批准；仅在本行 product_scope 内有效。
h1-include-1627,manual_include,include,issuer,issuer:TW:6195,issuer:TW:6195,-,-,-,詩肯,L2,TPEx OpenAPI 上櫃股票基本資料（完整母集）,冻结 2026-08-28 TWSE+TPEx（不含兴柜）L2 机械母集,-,human-gate://2026-08-28/H1/issuer:TW:6195,https://www.tpex.org.tw/openapi/v1/mopsfin_t187ap03_O,2026-08-28,user,2026-08-28,已裁决,l2:TPEX:6195,H1 人闸批准；仅在本行 product_scope 内有效。
h1-include-1628,manual_include,include,issuer,issuer:TW:6198,issuer:TW:6198,-,-,-,瑞築,L2,TPEx OpenAPI 上櫃股票基本資料（完整母集）,冻结 2026-08-28 TWSE+TPEx（不含兴柜）L2 机械母集,-,human-gate://2026-08-28/H1/issuer:TW:6198,https://www.tpex.org.tw/openapi/v1/mopsfin_t187ap03_O,2026-08-28,user,2026-08-28,已裁决,l2:TPEX:6198,H1 人闸批准；仅在本行 product_scope 内有效。
h1-include-1629,manual_include,include,issuer,issuer:TW:6199,issuer:TW:6199,-,-,-,天品,L2,TPEx OpenAPI 上櫃股票基本資料（完整母集）,冻结 2026-08-28 TWSE+TPEx（不含兴柜）L2 机械母集,-,human-gate://2026-08-28/H1/issuer:TW:6199,https://www.tpex.org.tw/openapi/v1/mopsfin_t187ap03_O,2026-08-28,user,2026-08-28,已裁决,l2:TPEX:6199,H1 人闸批准；仅在本行 product_scope 内有效。
h1-include-1630,manual_include,include,issuer,issuer:TW:6203,issuer:TW:6203,-,-,-,海韻電,L2,TPEx OpenAPI 上櫃股票基本資料（完整母集）,冻结 2026-08-28 TWSE+TPEx（不含兴柜）L2 机械母集,-,human-gate://2026-08-28/H1/issuer:TW:6203,https://www.tpex.org.tw/openapi/v1/mopsfin_t187ap03_O,2026-08-28,user,2026-08-28,已裁决,l2:TPEX:6203,H1 人闸批准；仅在本行 product_scope 内有效。
h1-include-1631,manual_include,include,issuer,issuer:TW:6204,issuer:TW:6204,-,-,-,艾華,L2,TPEx OpenAPI 上櫃股票基本資料（完整母集）,冻结 2026-08-28 TWSE+TPEx（不含兴柜）L2 机械母集,-,human-gate://2026-08-28/H1/issuer:TW:6204,https://www.tpex.org.tw/openapi/v1/mopsfin_t187ap03_O,2026-08-28,user,2026-08-28,已裁决,l2:TPEX:6204,H1 人闸批准；仅在本行 product_scope 内有效。
h1-include-1632,manual_include,include,issuer,issuer:TW:6207,issuer:TW:6207,-,-,-,雷科,L2,TPEx OpenAPI 上櫃股票基本資料（完整母集）,冻结 2026-08-28 TWSE+TPEx（不含兴柜）L2 机械母集,-,human-gate://2026-08-28/H1/issuer:TW:6207,https://www.tpex.org.tw/openapi/v1/mopsfin_t187ap03_O,2026-08-28,user,2026-08-28,已裁决,l2:TPEX:6207,H1 人闸批准；仅在本行 product_scope 内有效。
h1-include-1633,manual_include,include,issuer,issuer:TW:6208,issuer:TW:6208,-,-,-,日揚,L2,TPEx OpenAPI 上櫃股票基本資料（完整母集）,冻结 2026-08-28 TWSE+TPEx（不含兴柜）L2 机械母集,-,human-gate://2026-08-28/H1/issuer:TW:6208,https://www.tpex.org.tw/openapi/v1/mopsfin_t187ap03_O,2026-08-28,user,2026-08-28,已裁决,l2:TPEX:6208,H1 人闸批准；仅在本行 product_scope 内有效。
h1-include-1634,manual_include,include,issuer,issuer:TW:6210,issuer:TW:6210,-,-,-,慶生,L2,TPEx OpenAPI 上櫃股票基本資料（完整母集）,冻结 2026-08-28 TWSE+TPEx（不含兴柜）L2 机械母集,-,human-gate://2026-08-28/H1/issuer:TW:6210,https://www.tpex.org.tw/openapi/v1/mopsfin_t187ap03_O,2026-08-28,user,2026-08-28,已裁决,l2:TPEX:6210,H1 人闸批准；仅在本行 product_scope 内有效。
h1-include-1635,manual_include,include,issuer,issuer:TW:6212,issuer:TW:6212,-,-,-,理銘,L2,TPEx OpenAPI 上櫃股票基本資料（完整母集）,冻结 2026-08-28 TWSE+TPEx（不含兴柜）L2 机械母集,-,human-gate://2026-08-28/H1/issuer:TW:6212,https://www.tpex.org.tw/openapi/v1/mopsfin_t187ap03_O,2026-08-28,user,2026-08-28,已裁决,l2:TPEX:6212,H1 人闸批准；仅在本行 product_scope 内有效。
h1-include-1636,manual_include,include,issuer,issuer:TW:6217,issuer:TW:6217,-,-,-,中探針,L2,TPEx OpenAPI 上櫃股票基本資料（完整母集）,冻结 2026-08-28 TWSE+TPEx（不含兴柜）L2 机械母集,-,human-gate://2026-08-28/H1/issuer:TW:6217,https://www.tpex.org.tw/openapi/v1/mopsfin_t187ap03_O,2026-08-28,user,2026-08-28,已裁决,l2:TPEX:6217,H1 人闸批准；仅在本行 product_scope 内有效。
h1-include-1637,manual_include,include,issuer,issuer:TW:6218,issuer:TW:6218,-,-,-,豪勉,L2,TPEx OpenAPI 上櫃股票基本資料（完整母集）,冻结 2026-08-28 TWSE+TPEx（不含兴柜）L2 机械母集,-,human-gate://2026-08-28/H1/issuer:TW:6218,https://www.tpex.org.tw/openapi/v1/mopsfin_t187ap03_O,2026-08-28,user,2026-08-28,已裁决,l2:TPEX:6218,H1 人闸批准；仅在本行 product_scope 内有效。
h1-include-1638,manual_include,include,issuer,issuer:TW:6219,issuer:TW:6219,-,-,-,富旺,L2,TPEx OpenAPI 上櫃股票基本資料（完整母集）,冻结 2026-08-28 TWSE+TPEx（不含兴柜）L2 机械母集,-,human-gate://2026-08-28/H1/issuer:TW:6219,https://www.tpex.org.tw/openapi/v1/mopsfin_t187ap03_O,2026-08-28,user,2026-08-28,已裁决,l2:TPEX:6219,H1 人闸批准；仅在本行 product_scope 内有效。
h1-include-1639,manual_include,include,issuer,issuer:TW:6220,issuer:TW:6220,-,-,-,岳豐,L2,TPEx OpenAPI 上櫃股票基本資料（完整母集）,冻结 2026-08-28 TWSE+TPEx（不含兴柜）L2 机械母集,-,human-gate://2026-08-28/H1/issuer:TW:6220,https://www.tpex.org.tw/openapi/v1/mopsfin_t187ap03_O,2026-08-28,user,2026-08-28,已裁决,l2:TPEX:6220,H1 人闸批准；仅在本行 product_scope 内有效。
h1-include-1640,manual_include,include,issuer,issuer:TW:6221,issuer:TW:6221,-,-,-,晉泰,L2,TPEx OpenAPI 上櫃股票基本資料（完整母集）,冻结 2026-08-28 TWSE+TPEx（不含兴柜）L2 机械母集,-,human-gate://2026-08-28/H1/issuer:TW:6221,https://www.tpex.org.tw/openapi/v1/mopsfin_t187ap03_O,2026-08-28,user,2026-08-28,已裁决,l2:TPEX:6221,H1 人闸批准；仅在本行 product_scope 内有效。
h1-include-1641,manual_include,include,issuer,issuer:TW:6222,issuer:TW:6222,-,-,-,立軒,L2,TPEx OpenAPI 上櫃股票基本資料（完整母集）,冻结 2026-08-28 TWSE+TPEx（不含兴柜）L2 机械母集,-,human-gate://2026-08-28/H1/issuer:TW:6222,https://www.tpex.org.tw/openapi/v1/mopsfin_t187ap03_O,2026-08-28,user,2026-08-28,已裁决,l2:TPEX:6222,H1 人闸批准；仅在本行 product_scope 内有效。
h1-include-1642,manual_include,include,issuer,issuer:TW:6223,issuer:TW:6223,-,-,-,旺矽,L2,TPEx OpenAPI 上櫃股票基本資料（完整母集）,冻结 2026-08-28 TWSE+TPEx（不含兴柜）L2 机械母集,-,human-gate://2026-08-28/H1/issuer:TW:6223,https://www.tpex.org.tw/openapi/v1/mopsfin_t187ap03_O,2026-08-28,user,2026-08-28,已裁决,l2:TPEX:6223,H1 人闸批准；仅在本行 product_scope 内有效。
h1-include-1643,manual_include,include,issuer,issuer:TW:6227,issuer:TW:6227,-,-,-,茂綸,L2,TPEx OpenAPI 上櫃股票基本資料（完整母集）,冻结 2026-08-28 TWSE+TPEx（不含兴柜）L2 机械母集,-,human-gate://2026-08-28/H1/issuer:TW:6227,https://www.tpex.org.tw/openapi/v1/mopsfin_t187ap03_O,2026-08-28,user,2026-08-28,已裁决,l2:TPEX:6227,H1 人闸批准；仅在本行 product_scope 内有效。
h1-include-1644,manual_include,include,issuer,issuer:TW:6228,issuer:TW:6228,-,-,-,全譜,L2,TPEx OpenAPI 上櫃股票基本資料（完整母集）,冻结 2026-08-28 TWSE+TPEx（不含兴柜）L2 机械母集,-,human-gate://2026-08-28/H1/issuer:TW:6228,https://www.tpex.org.tw/openapi/v1/mopsfin_t187ap03_O,2026-08-28,user,2026-08-28,已裁决,l2:TPEX:6228,H1 人闸批准；仅在本行 product_scope 内有效。
h1-include-1645,manual_include,include,issuer,issuer:TW:6229,issuer:TW:6229,-,-,-,研通,L2,TPEx OpenAPI 上櫃股票基本資料（完整母集）,冻结 2026-08-28 TWSE+TPEx（不含兴柜）L2 机械母集,-,human-gate://2026-08-28/H1/issuer:TW:6229,https://www.tpex.org.tw/openapi/v1/mopsfin_t187ap03_O,2026-08-28,user,2026-08-28,已裁决,l2:TPEX:6229,H1 人闸批准；仅在本行 product_scope 内有效。
h1-include-1646,manual_include,include,issuer,issuer:TW:6231,issuer:TW:6231,-,-,-,系微,L2,TPEx OpenAPI 上櫃股票基本資料（完整母集）,冻结 2026-08-28 TWSE+TPEx（不含兴柜）L2 机械母集,-,human-gate://2026-08-28/H1/issuer:TW:6231,https://www.tpex.org.tw/openapi/v1/mopsfin_t187ap03_O,2026-08-28,user,2026-08-28,已裁决,l2:TPEX:6231,H1 人闸批准；仅在本行 product_scope 内有效。
h1-include-1647,manual_include,include,issuer,issuer:TW:6233,issuer:TW:6233,-,-,-,旺玖,L2,TPEx OpenAPI 上櫃股票基本資料（完整母集）,冻结 2026-08-28 TWSE+TPEx（不含兴柜）L2 机械母集,-,human-gate://2026-08-28/H1/issuer:TW:6233,https://www.tpex.org.tw/openapi/v1/mopsfin_t187ap03_O,2026-08-28,user,2026-08-28,已裁决,l2:TPEX:6233,H1 人闸批准；仅在本行 product_scope 内有效。
h1-include-1648,manual_include,include,issuer,issuer:TW:6234,issuer:TW:6234,-,-,-,高僑,L2,TPEx OpenAPI 上櫃股票基本資料（完整母集）,冻结 2026-08-28 TWSE+TPEx（不含兴柜）L2 机械母集,-,human-gate://2026-08-28/H1/issuer:TW:6234,https://www.tpex.org.tw/openapi/v1/mopsfin_t187ap03_O,2026-08-28,user,2026-08-28,已裁决,l2:TPEX:6234,H1 人闸批准；仅在本行 product_scope 内有效。
h1-include-1649,manual_include,include,issuer,issuer:TW:6236,issuer:TW:6236,-,-,-,中湛,L2,TPEx OpenAPI 上櫃股票基本資料（完整母集）,冻结 2026-08-28 TWSE+TPEx（不含兴柜）L2 机械母集,-,human-gate://2026-08-28/H1/issuer:TW:6236,https://www.tpex.org.tw/openapi/v1/mopsfin_t187ap03_O,2026-08-28,user,2026-08-28,已裁决,l2:TPEX:6236,H1 人闸批准；仅在本行 product_scope 内有效。
h1-include-1650,manual_include,include,issuer,issuer:TW:6237,issuer:TW:6237,-,-,-,驊訊,L2,TPEx OpenAPI 上櫃股票基本資料（完整母集）,冻结 2026-08-28 TWSE+TPEx（不含兴柜）L2 机械母集,-,human-gate://2026-08-28/H1/issuer:TW:6237,https://www.tpex.org.tw/openapi/v1/mopsfin_t187ap03_O,2026-08-28,user,2026-08-28,已裁决,l2:TPEX:6237,H1 人闸批准；仅在本行 product_scope 内有效。
h1-include-1651,manual_include,include,issuer,issuer:TW:6240,issuer:TW:6240,-,-,-,松崗,L2,TPEx OpenAPI 上櫃股票基本資料（完整母集）,冻结 2026-08-28 TWSE+TPEx（不含兴柜）L2 机械母集,-,human-gate://2026-08-28/H1/issuer:TW:6240,https://www.tpex.org.tw/openapi/v1/mopsfin_t187ap03_O,2026-08-28,user,2026-08-28,已裁决,l2:TPEX:6240,H1 人闸批准；仅在本行 product_scope 内有效。
h1-include-1652,manual_include,include,issuer,issuer:TW:6241,issuer:TW:6241,-,-,-,鑫永洋,L2,TPEx OpenAPI 上櫃股票基本資料（完整母集）,冻结 2026-08-28 TWSE+TPEx（不含兴柜）L2 机械母集,-,human-gate://2026-08-28/H1/issuer:TW:6241,https://www.tpex.org.tw/openapi/v1/mopsfin_t187ap03_O,2026-08-28,user,2026-08-28,已裁决,l2:TPEX:6241,H1 人闸批准；仅在本行 product_scope 内有效。
h1-include-1653,manual_include,include,issuer,issuer:TW:6242,issuer:TW:6242,-,-,-,立康,L2,TPEx OpenAPI 上櫃股票基本資料（完整母集）,冻结 2026-08-28 TWSE+TPEx（不含兴柜）L2 机械母集,-,human-gate://2026-08-28/H1/issuer:TW:6242,https://www.tpex.org.tw/openapi/v1/mopsfin_t187ap03_O,2026-08-28,user,2026-08-28,已裁决,l2:TPEX:6242,H1 人闸批准；仅在本行 product_scope 内有效。
h1-include-1654,manual_include,include,issuer,issuer:TW:6244,issuer:TW:6244,-,-,-,茂迪,L2,TPEx OpenAPI 上櫃股票基本資料（完整母集）,冻结 2026-08-28 TWSE+TPEx（不含兴柜）L2 机械母集,-,human-gate://2026-08-28/H1/issuer:TW:6244,https://www.tpex.org.tw/openapi/v1/mopsfin_t187ap03_O,2026-08-28,user,2026-08-28,已裁决,l2:TPEX:6244,H1 人闸批准；仅在本行 product_scope 内有效。
h1-include-1655,manual_include,include,issuer,issuer:TW:6245,issuer:TW:6245,-,-,-,立端,L2,TPEx OpenAPI 上櫃股票基本資料（完整母集）,冻结 2026-08-28 TWSE+TPEx（不含兴柜）L2 机械母集,-,human-gate://2026-08-28/H1/issuer:TW:6245,https://www.tpex.org.tw/openapi/v1/mopsfin_t187ap03_O,2026-08-28,user,2026-08-28,已裁决,l2:TPEX:6245,H1 人闸批准；仅在本行 product_scope 内有效。
h1-include-1656,manual_include,include,issuer,issuer:TW:6246,issuer:TW:6246,-,-,-,臺龍,L2,TPEx OpenAPI 上櫃股票基本資料（完整母集）,冻结 2026-08-28 TWSE+TPEx（不含兴柜）L2 机械母集,-,human-gate://2026-08-28/H1/issuer:TW:6246,https://www.tpex.org.tw/openapi/v1/mopsfin_t187ap03_O,2026-08-28,user,2026-08-28,已裁决,l2:TPEX:6246,H1 人闸批准；仅在本行 product_scope 内有效。
h1-include-1657,manual_include,include,issuer,issuer:TW:6248,issuer:TW:6248,-,-,-,沛波,L2,TPEx OpenAPI 上櫃股票基本資料（完整母集）,冻结 2026-08-28 TWSE+TPEx（不含兴柜）L2 机械母集,-,human-gate://2026-08-28/H1/issuer:TW:6248,https://www.tpex.org.tw/openapi/v1/mopsfin_t187ap03_O,2026-08-28,user,2026-08-28,已裁决,l2:TPEX:6248,H1 人闸批准；仅在本行 product_scope 内有效。
h1-include-1658,manual_include,include,issuer,issuer:TW:6259,issuer:TW:6259,-,-,-,百徽,L2,TPEx OpenAPI 上櫃股票基本資料（完整母集）,冻结 2026-08-28 TWSE+TPEx（不含兴柜）L2 机械母集,-,human-gate://2026-08-28/H1/issuer:TW:6259,https://www.tpex.org.tw/openapi/v1/mopsfin_t187ap03_O,2026-08-28,user,2026-08-28,已裁决,l2:TPEX:6259,H1 人闸批准；仅在本行 product_scope 内有效。
h1-include-1659,manual_include,include,issuer,issuer:TW:6261,issuer:TW:6261,-,-,-,久元,L2,TPEx OpenAPI 上櫃股票基本資料（完整母集）,冻结 2026-08-28 TWSE+TPEx（不含兴柜）L2 机械母集,-,human-gate://2026-08-28/H1/issuer:TW:6261,https://www.tpex.org.tw/openapi/v1/mopsfin_t187ap03_O,2026-08-28,user,2026-08-28,已裁决,l2:TPEX:6261,H1 人闸批准；仅在本行 product_scope 内有效。
h1-include-1660,manual_include,include,issuer,issuer:TW:6263,issuer:TW:6263,-,-,-,普萊德,L2,TPEx OpenAPI 上櫃股票基本資料（完整母集）,冻结 2026-08-28 TWSE+TPEx（不含兴柜）L2 机械母集,-,human-gate://2026-08-28/H1/issuer:TW:6263,https://www.tpex.org.tw/openapi/v1/mopsfin_t187ap03_O,2026-08-28,user,2026-08-28,已裁决,l2:TPEX:6263,H1 人闸批准；仅在本行 product_scope 内有效。
h1-include-1661,manual_include,include,issuer,issuer:TW:6264,issuer:TW:6264,-,-,-,富裔,L2,TPEx OpenAPI 上櫃股票基本資料（完整母集）,冻结 2026-08-28 TWSE+TPEx（不含兴柜）L2 机械母集,-,human-gate://2026-08-28/H1/issuer:TW:6264,https://www.tpex.org.tw/openapi/v1/mopsfin_t187ap03_O,2026-08-28,user,2026-08-28,已裁决,l2:TPEX:6264,H1 人闸批准；仅在本行 product_scope 内有效。
h1-include-1662,manual_include,include,issuer,issuer:TW:6265,issuer:TW:6265,-,-,-,方土昶,L2,TPEx OpenAPI 上櫃股票基本資料（完整母集）,冻结 2026-08-28 TWSE+TPEx（不含兴柜）L2 机械母集,-,human-gate://2026-08-28/H1/issuer:TW:6265,https://www.tpex.org.tw/openapi/v1/mopsfin_t187ap03_O,2026-08-28,user,2026-08-28,已裁决,l2:TPEX:6265,H1 人闸批准；仅在本行 product_scope 内有效。
h1-include-1663,manual_include,include,issuer,issuer:TW:6266,issuer:TW:6266,-,-,-,泰詠,L2,TPEx OpenAPI 上櫃股票基本資料（完整母集）,冻结 2026-08-28 TWSE+TPEx（不含兴柜）L2 机械母集,-,human-gate://2026-08-28/H1/issuer:TW:6266,https://www.tpex.org.tw/openapi/v1/mopsfin_t187ap03_O,2026-08-28,user,2026-08-28,已裁决,l2:TPEX:6266,H1 人闸批准；仅在本行 product_scope 内有效。
h1-include-1664,manual_include,include,issuer,issuer:TW:6270,issuer:TW:6270,-,-,-,倍微,L2,TPEx OpenAPI 上櫃股票基本資料（完整母集）,冻结 2026-08-28 TWSE+TPEx（不含兴柜）L2 机械母集,-,human-gate://2026-08-28/H1/issuer:TW:6270,https://www.tpex.org.tw/openapi/v1/mopsfin_t187ap03_O,2026-08-28,user,2026-08-28,已裁决,l2:TPEX:6270,H1 人闸批准；仅在本行 product_scope 内有效。
h1-include-1665,manual_include,include,issuer,issuer:TW:6274,issuer:TW:6274,-,-,-,台燿,L2,TPEx OpenAPI 上櫃股票基本資料（完整母集）,冻结 2026-08-28 TWSE+TPEx（不含兴柜）L2 机械母集,-,human-gate://2026-08-28/H1/issuer:TW:6274,https://www.tpex.org.tw/openapi/v1/mopsfin_t187ap03_O,2026-08-28,user,2026-08-28,已裁决,l2:TPEX:6274,H1 人闸批准；仅在本行 product_scope 内有效。
h1-include-1666,manual_include,include,issuer,issuer:TW:6275,issuer:TW:6275,-,-,-,元山,L2,TPEx OpenAPI 上櫃股票基本資料（完整母集）,冻结 2026-08-28 TWSE+TPEx（不含兴柜）L2 机械母集,-,human-gate://2026-08-28/H1/issuer:TW:6275,https://www.tpex.org.tw/openapi/v1/mopsfin_t187ap03_O,2026-08-28,user,2026-08-28,已裁决,l2:TPEX:6275,H1 人闸批准；仅在本行 product_scope 内有效。
h1-include-1667,manual_include,include,issuer,issuer:TW:6276,issuer:TW:6276,-,-,-,安鈦克,L2,TPEx OpenAPI 上櫃股票基本資料（完整母集）,冻结 2026-08-28 TWSE+TPEx（不含兴柜）L2 机械母集,-,human-gate://2026-08-28/H1/issuer:TW:6276,https://www.tpex.org.tw/openapi/v1/mopsfin_t187ap03_O,2026-08-28,user,2026-08-28,已裁决,l2:TPEX:6276,H1 人闸批准；仅在本行 product_scope 内有效。
h1-include-1668,manual_include,include,issuer,issuer:TW:6279,issuer:TW:6279,-,-,-,胡連,L2,TPEx OpenAPI 上櫃股票基本資料（完整母集）,冻结 2026-08-28 TWSE+TPEx（不含兴柜）L2 机械母集,-,human-gate://2026-08-28/H1/issuer:TW:6279,https://www.tpex.org.tw/openapi/v1/mopsfin_t187ap03_O,2026-08-28,user,2026-08-28,已裁决,l2:TPEX:6279,H1 人闸批准；仅在本行 product_scope 内有效。
h1-include-1669,manual_include,include,issuer,issuer:TW:6284,issuer:TW:6284,-,-,-,佳邦,L2,TPEx OpenAPI 上櫃股票基本資料（完整母集）,冻结 2026-08-28 TWSE+TPEx（不含兴柜）L2 机械母集,-,human-gate://2026-08-28/H1/issuer:TW:6284,https://www.tpex.org.tw/openapi/v1/mopsfin_t187ap03_O,2026-08-28,user,2026-08-28,已裁决,l2:TPEX:6284,H1 人闸批准；仅在本行 product_scope 内有效。
h1-include-1670,manual_include,include,issuer,issuer:TW:6290,issuer:TW:6290,-,-,-,良維,L2,TPEx OpenAPI 上櫃股票基本資料（完整母集）,冻结 2026-08-28 TWSE+TPEx（不含兴柜）L2 机械母集,-,human-gate://2026-08-28/H1/issuer:TW:6290,https://www.tpex.org.tw/openapi/v1/mopsfin_t187ap03_O,2026-08-28,user,2026-08-28,已裁决,l2:TPEX:6290,H1 人闸批准；仅在本行 product_scope 内有效。
h1-include-1671,manual_include,include,issuer,issuer:TW:6291,issuer:TW:6291,-,-,-,沛亨,L2,TPEx OpenAPI 上櫃股票基本資料（完整母集）,冻结 2026-08-28 TWSE+TPEx（不含兴柜）L2 机械母集,-,human-gate://2026-08-28/H1/issuer:TW:6291,https://www.tpex.org.tw/openapi/v1/mopsfin_t187ap03_O,2026-08-28,user,2026-08-28,已裁决,l2:TPEX:6291,H1 人闸批准；仅在本行 product_scope 内有效。
h1-include-1672,manual_include,include,issuer,issuer:TW:6292,issuer:TW:6292,-,-,-,迅德,L2,TPEx OpenAPI 上櫃股票基本資料（完整母集）,冻结 2026-08-28 TWSE+TPEx（不含兴柜）L2 机械母集,-,human-gate://2026-08-28/H1/issuer:TW:6292,https://www.tpex.org.tw/openapi/v1/mopsfin_t187ap03_O,2026-08-28,user,2026-08-28,已裁决,l2:TPEX:6292,H1 人闸批准；仅在本行 product_scope 内有效。
h1-include-1673,manual_include,include,issuer,issuer:TW:6294,issuer:TW:6294,-,-,-,智基,L2,TPEx OpenAPI 上櫃股票基本資料（完整母集）,冻结 2026-08-28 TWSE+TPEx（不含兴柜）L2 机械母集,-,human-gate://2026-08-28/H1/issuer:TW:6294,https://www.tpex.org.tw/openapi/v1/mopsfin_t187ap03_O,2026-08-28,user,2026-08-28,已裁决,l2:TPEX:6294,H1 人闸批准；仅在本行 product_scope 内有效。
h1-include-1674,manual_include,include,issuer,issuer:TW:6411,issuer:TW:6411,-,-,-,晶焱,L2,TPEx OpenAPI 上櫃股票基本資料（完整母集）,冻结 2026-08-28 TWSE+TPEx（不含兴柜）L2 机械母集,-,human-gate://2026-08-28/H1/issuer:TW:6411,https://www.tpex.org.tw/openapi/v1/mopsfin_t187ap03_O,2026-08-28,user,2026-08-28,已裁决,l2:TPEX:6411,H1 人闸批准；仅在本行 product_scope 内有效。
h1-include-1675,manual_include,include,issuer,issuer:TW:6417,issuer:TW:6417,-,-,-,韋僑,L2,TPEx OpenAPI 上櫃股票基本資料（完整母集）,冻结 2026-08-28 TWSE+TPEx（不含兴柜）L2 机械母集,-,human-gate://2026-08-28/H1/issuer:TW:6417,https://www.tpex.org.tw/openapi/v1/mopsfin_t187ap03_O,2026-08-28,user,2026-08-28,已裁决,l2:TPEX:6417,H1 人闸批准；仅在本行 product_scope 内有效。
h1-include-1676,manual_include,include,issuer,issuer:TW:6418,issuer:TW:6418,-,-,-,詠昇,L2,TPEx OpenAPI 上櫃股票基本資料（完整母集）,冻结 2026-08-28 TWSE+TPEx（不含兴柜）L2 机械母集,-,human-gate://2026-08-28/H1/issuer:TW:6418,https://www.tpex.org.tw/openapi/v1/mopsfin_t187ap03_O,2026-08-28,user,2026-08-28,已裁决,l2:TPEX:6418,H1 人闸批准；仅在本行 product_scope 内有效。
h1-include-1677,manual_include,include,issuer,issuer:TW:6419,issuer:TW:6419,-,-,-,京晨科,L2,TPEx OpenAPI 上櫃股票基本資料（完整母集）,冻结 2026-08-28 TWSE+TPEx（不含兴柜）L2 机械母集,-,human-gate://2026-08-28/H1/issuer:TW:6419,https://www.tpex.org.tw/openapi/v1/mopsfin_t187ap03_O,2026-08-28,user,2026-08-28,已裁决,l2:TPEX:6419,H1 人闸批准；仅在本行 product_scope 内有效。
h1-include-1678,manual_include,include,issuer,issuer:TW:6423,issuer:TW:6423,-,-,-,億而得,L2,TPEx OpenAPI 上櫃股票基本資料（完整母集）,冻结 2026-08-28 TWSE+TPEx（不含兴柜）L2 机械母集,-,human-gate://2026-08-28/H1/issuer:TW:6423,https://www.tpex.org.tw/openapi/v1/mopsfin_t187ap03_O,2026-08-28,user,2026-08-28,已裁决,l2:TPEX:6423,H1 人闸批准；仅在本行 product_scope 内有效。
h1-include-1679,manual_include,include,issuer,issuer:TW:6425,issuer:TW:6425,-,-,-,易發,L2,TPEx OpenAPI 上櫃股票基本資料（完整母集）,冻结 2026-08-28 TWSE+TPEx（不含兴柜）L2 机械母集,-,human-gate://2026-08-28/H1/issuer:TW:6425,https://www.tpex.org.tw/openapi/v1/mopsfin_t187ap03_O,2026-08-28,user,2026-08-28,已裁决,l2:TPEX:6425,H1 人闸批准；仅在本行 product_scope 内有效。
h1-include-1680,manual_include,include,issuer,issuer:TW:6432,issuer:TW:6432,-,-,-,今展科,L2,TPEx OpenAPI 上櫃股票基本資料（完整母集）,冻结 2026-08-28 TWSE+TPEx（不含兴柜）L2 机械母集,-,human-gate://2026-08-28/H1/issuer:TW:6432,https://www.tpex.org.tw/openapi/v1/mopsfin_t187ap03_O,2026-08-28,user,2026-08-28,已裁决,l2:TPEX:6432,H1 人闸批准；仅在本行 product_scope 内有效。
h1-include-1681,manual_include,include,issuer,issuer:TW:6435,issuer:TW:6435,-,-,-,大中,L2,TPEx OpenAPI 上櫃股票基本資料（完整母集）,冻结 2026-08-28 TWSE+TPEx（不含兴柜）L2 机械母集,-,human-gate://2026-08-28/H1/issuer:TW:6435,https://www.tpex.org.tw/openapi/v1/mopsfin_t187ap03_O,2026-08-28,user,2026-08-28,已裁决,l2:TPEX:6435,H1 人闸批准；仅在本行 product_scope 内有效。
h1-include-1682,manual_include,include,issuer,issuer:TW:6441,issuer:TW:6441,-,-,-,廣錠,L2,TPEx OpenAPI 上櫃股票基本資料（完整母集）,冻结 2026-08-28 TWSE+TPEx（不含兴柜）L2 机械母集,-,human-gate://2026-08-28/H1/issuer:TW:6441,https://www.tpex.org.tw/openapi/v1/mopsfin_t187ap03_O,2026-08-28,user,2026-08-28,已裁决,l2:TPEX:6441,H1 人闸批准；仅在本行 product_scope 内有效。
h1-include-1683,manual_include,include,issuer,issuer:TW:6461,issuer:TW:6461,-,-,-,益得,L2,TPEx OpenAPI 上櫃股票基本資料（完整母集）,冻结 2026-08-28 TWSE+TPEx（不含兴柜）L2 机械母集,-,human-gate://2026-08-28/H1/issuer:TW:6461,https://www.tpex.org.tw/openapi/v1/mopsfin_t187ap03_O,2026-08-28,user,2026-08-28,已裁决,l2:TPEX:6461,H1 人闸批准；仅在本行 product_scope 内有效。
h1-include-1684,manual_include,include,issuer,issuer:TW:6462,issuer:TW:6462,-,-,-,神盾,L2,TPEx OpenAPI 上櫃股票基本資料（完整母集）,冻结 2026-08-28 TWSE+TPEx（不含兴柜）L2 机械母集,-,human-gate://2026-08-28/H1/issuer:TW:6462,https://www.tpex.org.tw/openapi/v1/mopsfin_t187ap03_O,2026-08-28,user,2026-08-28,已裁决,l2:TPEX:6462,H1 人闸批准；仅在本行 product_scope 内有效。
h1-include-1685,manual_include,include,issuer,issuer:TW:6465,issuer:TW:6465,-,-,-,威潤,L2,TPEx OpenAPI 上櫃股票基本資料（完整母集）,冻结 2026-08-28 TWSE+TPEx（不含兴柜）L2 机械母集,-,human-gate://2026-08-28/H1/issuer:TW:6465,https://www.tpex.org.tw/openapi/v1/mopsfin_t187ap03_O,2026-08-28,user,2026-08-28,已裁决,l2:TPEX:6465,H1 人闸批准；仅在本行 product_scope 内有效。
h1-include-1686,manual_include,include,issuer,issuer:TW:6469,issuer:TW:6469,-,-,-,大樹,L2,TPEx OpenAPI 上櫃股票基本資料（完整母集）,冻结 2026-08-28 TWSE+TPEx（不含兴柜）L2 机械母集,-,human-gate://2026-08-28/H1/issuer:TW:6469,https://www.tpex.org.tw/openapi/v1/mopsfin_t187ap03_O,2026-08-28,user,2026-08-28,已裁决,l2:TPEX:6469,H1 人闸批准；仅在本行 product_scope 内有效。
h1-include-1687,manual_include,include,issuer,issuer:TW:6470,issuer:TW:6470,-,-,-,宇智,L2,TPEx OpenAPI 上櫃股票基本資料（完整母集）,冻结 2026-08-28 TWSE+TPEx（不含兴柜）L2 机械母集,-,human-gate://2026-08-28/H1/issuer:TW:6470,https://www.tpex.org.tw/openapi/v1/mopsfin_t187ap03_O,2026-08-28,user,2026-08-28,已裁决,l2:TPEX:6470,H1 人闸批准；仅在本行 product_scope 内有效。
h1-include-1688,manual_include,include,issuer,issuer:TW:6474,issuer:TW:6474,-,-,-,華豫寧,L2,TPEx OpenAPI 上櫃股票基本資料（完整母集）,冻结 2026-08-28 TWSE+TPEx（不含兴柜）L2 机械母集,-,human-gate://2026-08-28/H1/issuer:TW:6474,https://www.tpex.org.tw/openapi/v1/mopsfin_t187ap03_O,2026-08-28,user,2026-08-28,已裁决,l2:TPEX:6474,H1 人闸批准；仅在本行 product_scope 内有效。
h1-include-1689,manual_include,include,issuer,issuer:TW:6482,issuer:TW:6482,-,-,-,弘煜科,L2,TPEx OpenAPI 上櫃股票基本資料（完整母集）,冻结 2026-08-28 TWSE+TPEx（不含兴柜）L2 机械母集,-,human-gate://2026-08-28/H1/issuer:TW:6482,https://www.tpex.org.tw/openapi/v1/mopsfin_t187ap03_O,2026-08-28,user,2026-08-28,已裁决,l2:TPEX:6482,H1 人闸批准；仅在本行 product_scope 内有效。
h1-include-1690,manual_include,include,issuer,issuer:TW:6485,issuer:TW:6485,-,-,-,點序,L2,TPEx OpenAPI 上櫃股票基本資料（完整母集）,冻结 2026-08-28 TWSE+TPEx（不含兴柜）L2 机械母集,-,human-gate://2026-08-28/H1/issuer:TW:6485,https://www.tpex.org.tw/openapi/v1/mopsfin_t187ap03_O,2026-08-28,user,2026-08-28,已裁决,l2:TPEX:6485,H1 人闸批准；仅在本行 product_scope 内有效。
h1-include-1691,manual_include,include,issuer,issuer:TW:6486,issuer:TW:6486,-,-,-,互動,L2,TPEx OpenAPI 上櫃股票基本資料（完整母集）,冻结 2026-08-28 TWSE+TPEx（不含兴柜）L2 机械母集,-,human-gate://2026-08-28/H1/issuer:TW:6486,https://www.tpex.org.tw/openapi/v1/mopsfin_t187ap03_O,2026-08-28,user,2026-08-28,已裁决,l2:TPEX:6486,H1 人闸批准；仅在本行 product_scope 内有效。
h1-include-1692,manual_include,include,issuer,issuer:TW:6488,issuer:TW:6488,-,-,-,環球晶,L2,TPEx OpenAPI 上櫃股票基本資料（完整母集）,冻结 2026-08-28 TWSE+TPEx（不含兴柜）L2 机械母集,-,human-gate://2026-08-28/H1/issuer:TW:6488,https://www.tpex.org.tw/openapi/v1/mopsfin_t187ap03_O,2026-08-28,user,2026-08-28,已裁决,l2:TPEX:6488,H1 人闸批准；仅在本行 product_scope 内有效。
h1-include-1693,manual_include,include,issuer,issuer:TW:6492,issuer:TW:6492,-,-,-,生華科,L2,TPEx OpenAPI 上櫃股票基本資料（完整母集）,冻结 2026-08-28 TWSE+TPEx（不含兴柜）L2 机械母集,-,human-gate://2026-08-28/H1/issuer:TW:6492,https://www.tpex.org.tw/openapi/v1/mopsfin_t187ap03_O,2026-08-28,user,2026-08-28,已裁决,l2:TPEX:6492,H1 人闸批准；仅在本行 product_scope 内有效。
h1-include-1694,manual_include,include,issuer,issuer:TW:6494,issuer:TW:6494,-,-,-,九齊,L2,TPEx OpenAPI 上櫃股票基本資料（完整母集）,冻结 2026-08-28 TWSE+TPEx（不含兴柜）L2 机械母集,-,human-gate://2026-08-28/H1/issuer:TW:6494,https://www.tpex.org.tw/openapi/v1/mopsfin_t187ap03_O,2026-08-28,user,2026-08-28,已裁决,l2:TPEX:6494,H1 人闸批准；仅在本行 product_scope 内有效。
h1-include-1695,manual_include,include,issuer,issuer:TW:6496,issuer:TW:6496,-,-,-,科懋,L2,TPEx OpenAPI 上櫃股票基本資料（完整母集）,冻结 2026-08-28 TWSE+TPEx（不含兴柜）L2 机械母集,-,human-gate://2026-08-28/H1/issuer:TW:6496,https://www.tpex.org.tw/openapi/v1/mopsfin_t187ap03_O,2026-08-28,user,2026-08-28,已裁决,l2:TPEX:6496,H1 人闸批准；仅在本行 product_scope 内有效。
h1-include-1696,manual_include,include,issuer,issuer:TW:6498,issuer:TW:6498,-,-,-,久禾光,L2,TPEx OpenAPI 上櫃股票基本資料（完整母集）,冻结 2026-08-28 TWSE+TPEx（不含兴柜）L2 机械母集,-,human-gate://2026-08-28/H1/issuer:TW:6498,https://www.tpex.org.tw/openapi/v1/mopsfin_t187ap03_O,2026-08-28,user,2026-08-28,已裁决,l2:TPEX:6498,H1 人闸批准；仅在本行 product_scope 内有效。
h1-include-1697,manual_include,include,issuer,issuer:TW:6499,issuer:TW:6499,-,-,-,益安,L2,TPEx OpenAPI 上櫃股票基本資料（完整母集）,冻结 2026-08-28 TWSE+TPEx（不含兴柜）L2 机械母集,-,human-gate://2026-08-28/H1/issuer:TW:6499,https://www.tpex.org.tw/openapi/v1/mopsfin_t187ap03_O,2026-08-28,user,2026-08-28,已裁决,l2:TPEX:6499,H1 人闸批准；仅在本行 product_scope 内有效。
h1-include-1698,manual_include,include,issuer,issuer:TW:6506,issuer:TW:6506,-,-,-,雙邦,L2,TPEx OpenAPI 上櫃股票基本資料（完整母集）,冻结 2026-08-28 TWSE+TPEx（不含兴柜）L2 机械母集,-,human-gate://2026-08-28/H1/issuer:TW:6506,https://www.tpex.org.tw/openapi/v1/mopsfin_t187ap03_O,2026-08-28,user,2026-08-28,已裁决,l2:TPEX:6506,H1 人闸批准；仅在本行 product_scope 内有效。
h1-include-1699,manual_include,include,issuer,issuer:TW:6508,issuer:TW:6508,-,-,-,惠光,L2,TPEx OpenAPI 上櫃股票基本資料（完整母集）,冻结 2026-08-28 TWSE+TPEx（不含兴柜）L2 机械母集,-,human-gate://2026-08-28/H1/issuer:TW:6508,https://www.tpex.org.tw/openapi/v1/mopsfin_t187ap03_O,2026-08-28,user,2026-08-28,已裁决,l2:TPEX:6508,H1 人闸批准；仅在本行 product_scope 内有效。
h1-include-1700,manual_include,include,issuer,issuer:TW:6509,issuer:TW:6509,-,-,-,聚和,L2,TPEx OpenAPI 上櫃股票基本資料（完整母集）,冻结 2026-08-28 TWSE+TPEx（不含兴柜）L2 机械母集,-,human-gate://2026-08-28/H1/issuer:TW:6509,https://www.tpex.org.tw/openapi/v1/mopsfin_t187ap03_O,2026-08-28,user,2026-08-28,已裁决,l2:TPEX:6509,H1 人闸批准；仅在本行 product_scope 内有效。
h1-include-1701,manual_include,include,issuer,issuer:TW:6510,issuer:TW:6510,-,-,-,精測,L2,TPEx OpenAPI 上櫃股票基本資料（完整母集）,冻结 2026-08-28 TWSE+TPEx（不含兴柜）L2 机械母集,-,human-gate://2026-08-28/H1/issuer:TW:6510,https://www.tpex.org.tw/openapi/v1/mopsfin_t187ap03_O,2026-08-28,user,2026-08-28,已裁决,l2:TPEX:6510,H1 人闸批准；仅在本行 product_scope 内有效。
h1-include-1702,manual_include,include,issuer,issuer:TW:6512,issuer:TW:6512,-,-,-,啟發電,L2,TPEx OpenAPI 上櫃股票基本資料（完整母集）,冻结 2026-08-28 TWSE+TPEx（不含兴柜）L2 机械母集,-,human-gate://2026-08-28/H1/issuer:TW:6512,https://www.tpex.org.tw/openapi/v1/mopsfin_t187ap03_O,2026-08-28,user,2026-08-28,已裁决,l2:TPEX:6512,H1 人闸批准；仅在本行 product_scope 内有效。
h1-include-1703,manual_include,include,issuer,issuer:TW:6516,issuer:TW:6516,-,-,-,勤崴國際,L2,TPEx OpenAPI 上櫃股票基本資料（完整母集）,冻结 2026-08-28 TWSE+TPEx（不含兴柜）L2 机械母集,-,human-gate://2026-08-28/H1/issuer:TW:6516,https://www.tpex.org.tw/openapi/v1/mopsfin_t187ap03_O,2026-08-28,user,2026-08-28,已裁决,l2:TPEX:6516,H1 人闸批准；仅在本行 product_scope 内有效。
h1-include-1704,manual_include,include,issuer,issuer:TW:6517,issuer:TW:6517,-,-,-,保勝光學,L2,TPEx OpenAPI 上櫃股票基本資料（完整母集）,冻结 2026-08-28 TWSE+TPEx（不含兴柜）L2 机械母集,-,human-gate://2026-08-28/H1/issuer:TW:6517,https://www.tpex.org.tw/openapi/v1/mopsfin_t187ap03_O,2026-08-28,user,2026-08-28,已裁决,l2:TPEX:6517,H1 人闸批准；仅在本行 product_scope 内有效。
h1-include-1705,manual_include,include,issuer,issuer:TW:6523,issuer:TW:6523,-,-,-,達爾膚,L2,TPEx OpenAPI 上櫃股票基本資料（完整母集）,冻结 2026-08-28 TWSE+TPEx（不含兴柜）L2 机械母集,-,human-gate://2026-08-28/H1/issuer:TW:6523,https://www.tpex.org.tw/openapi/v1/mopsfin_t187ap03_O,2026-08-28,user,2026-08-28,已裁决,l2:TPEX:6523,H1 人闸批准；仅在本行 product_scope 内有效。
h1-include-1706,manual_include,include,issuer,issuer:TW:6527,issuer:TW:6527,-,-,-,明達醫,L2,TPEx OpenAPI 上櫃股票基本資料（完整母集）,冻结 2026-08-28 TWSE+TPEx（不含兴柜）L2 机械母集,-,human-gate://2026-08-28/H1/issuer:TW:6527,https://www.tpex.org.tw/openapi/v1/mopsfin_t187ap03_O,2026-08-28,user,2026-08-28,已裁决,l2:TPEX:6527,H1 人闸批准；仅在本行 product_scope 内有效。
h1-include-1707,manual_include,include,issuer,issuer:TW:6530,issuer:TW:6530,-,-,-,創威,L2,TPEx OpenAPI 上櫃股票基本資料（完整母集）,冻结 2026-08-28 TWSE+TPEx（不含兴柜）L2 机械母集,-,human-gate://2026-08-28/H1/issuer:TW:6530,https://www.tpex.org.tw/openapi/v1/mopsfin_t187ap03_O,2026-08-28,user,2026-08-28,已裁决,l2:TPEX:6530,H1 人闸批准；仅在本行 product_scope 内有效。
h1-include-1708,manual_include,include,issuer,issuer:TW:6532,issuer:TW:6532,-,-,-,瑞耘,L2,TPEx OpenAPI 上櫃股票基本資料（完整母集）,冻结 2026-08-28 TWSE+TPEx（不含兴柜）L2 机械母集,-,human-gate://2026-08-28/H1/issuer:TW:6532,https://www.tpex.org.tw/openapi/v1/mopsfin_t187ap03_O,2026-08-28,user,2026-08-28,已裁决,l2:TPEX:6532,H1 人闸批准；仅在本行 product_scope 内有效。
h1-include-1709,manual_include,include,issuer,issuer:TW:6535,issuer:TW:6535,-,-,-,順藥,L2,TPEx OpenAPI 上櫃股票基本資料（完整母集）,冻结 2026-08-28 TWSE+TPEx（不含兴柜）L2 机械母集,-,human-gate://2026-08-28/H1/issuer:TW:6535,https://www.tpex.org.tw/openapi/v1/mopsfin_t187ap03_O,2026-08-28,user,2026-08-28,已裁决,l2:TPEX:6535,H1 人闸批准；仅在本行 product_scope 内有效。
h1-include-1710,manual_include,include,issuer,issuer:TW:6538,issuer:TW:6538,-,-,-,倉和,L2,TPEx OpenAPI 上櫃股票基本資料（完整母集）,冻结 2026-08-28 TWSE+TPEx（不含兴柜）L2 机械母集,-,human-gate://2026-08-28/H1/issuer:TW:6538,https://www.tpex.org.tw/openapi/v1/mopsfin_t187ap03_O,2026-08-28,user,2026-08-28,已裁决,l2:TPEX:6538,H1 人闸批准；仅在本行 product_scope 内有效。
h1-include-1711,manual_include,include,issuer,issuer:TW:6542,issuer:TW:6542,-,-,-,隆中,L2,TPEx OpenAPI 上櫃股票基本資料（完整母集）,冻结 2026-08-28 TWSE+TPEx（不含兴柜）L2 机械母集,-,human-gate://2026-08-28/H1/issuer:TW:6542,https://www.tpex.org.tw/openapi/v1/mopsfin_t187ap03_O,2026-08-28,user,2026-08-28,已裁决,l2:TPEX:6542,H1 人闸批准；仅在本行 product_scope 内有效。
h1-include-1712,manual_include,include,issuer,issuer:TW:6546,issuer:TW:6546,-,-,-,正基,L2,TPEx OpenAPI 上櫃股票基本資料（完整母集）,冻结 2026-08-28 TWSE+TPEx（不含兴柜）L2 机械母集,-,human-gate://2026-08-28/H1/issuer:TW:6546,https://www.tpex.org.tw/openapi/v1/mopsfin_t187ap03_O,2026-08-28,user,2026-08-28,已裁决,l2:TPEX:6546,H1 人闸批准；仅在本行 product_scope 内有效。
h1-include-1713,manual_include,include,issuer,issuer:TW:6547,issuer:TW:6547,-,-,-,高端疫苗,L2,TPEx OpenAPI 上櫃股票基本資料（完整母集）,冻结 2026-08-28 TWSE+TPEx（不含兴柜）L2 机械母集,-,human-gate://2026-08-28/H1/issuer:TW:6547,https://www.tpex.org.tw/openapi/v1/mopsfin_t187ap03_O,2026-08-28,user,2026-08-28,已裁决,l2:TPEX:6547,H1 人闸批准；仅在本行 product_scope 内有效。
h1-include-1714,manual_include,include,issuer,issuer:TW:6548,issuer:TW:6548,-,-,-,長科*,L2,TPEx OpenAPI 上櫃股票基本資料（完整母集）,冻结 2026-08-28 TWSE+TPEx（不含兴柜）L2 机械母集,-,human-gate://2026-08-28/H1/issuer:TW:6548,https://www.tpex.org.tw/openapi/v1/mopsfin_t187ap03_O,2026-08-28,user,2026-08-28,已裁决,l2:TPEX:6548,H1 人闸批准；仅在本行 product_scope 内有效。
h1-include-1715,manual_include,include,issuer,issuer:TW:6556,issuer:TW:6556,-,-,-,勝品,L2,TPEx OpenAPI 上櫃股票基本資料（完整母集）,冻结 2026-08-28 TWSE+TPEx（不含兴柜）L2 机械母集,-,human-gate://2026-08-28/H1/issuer:TW:6556,https://www.tpex.org.tw/openapi/v1/mopsfin_t187ap03_O,2026-08-28,user,2026-08-28,已裁决,l2:TPEX:6556,H1 人闸批准；仅在本行 product_scope 内有效。
h1-include-1716,manual_include,include,issuer,issuer:TW:6560,issuer:TW:6560,-,-,-,欣普羅,L2,TPEx OpenAPI 上櫃股票基本資料（完整母集）,冻结 2026-08-28 TWSE+TPEx（不含兴柜）L2 机械母集,-,human-gate://2026-08-28/H1/issuer:TW:6560,https://www.tpex.org.tw/openapi/v1/mopsfin_t187ap03_O,2026-08-28,user,2026-08-28,已裁决,l2:TPEX:6560,H1 人闸批准；仅在本行 product_scope 内有效。
h1-include-1717,manual_include,include,issuer,issuer:TW:6561,issuer:TW:6561,-,-,-,是方,L2,TPEx OpenAPI 上櫃股票基本資料（完整母集）,冻结 2026-08-28 TWSE+TPEx（不含兴柜）L2 机械母集,-,human-gate://2026-08-28/H1/issuer:TW:6561,https://www.tpex.org.tw/openapi/v1/mopsfin_t187ap03_O,2026-08-28,user,2026-08-28,已裁决,l2:TPEX:6561,H1 人闸批准；仅在本行 product_scope 内有效。
h1-include-1718,manual_include,include,issuer,issuer:TW:6568,issuer:TW:6568,-,-,-,宏觀,L2,TPEx OpenAPI 上櫃股票基本資料（完整母集）,冻结 2026-08-28 TWSE+TPEx（不含兴柜）L2 机械母集,-,human-gate://2026-08-28/H1/issuer:TW:6568,https://www.tpex.org.tw/openapi/v1/mopsfin_t187ap03_O,2026-08-28,user,2026-08-28,已裁决,l2:TPEX:6568,H1 人闸批准；仅在本行 product_scope 内有效。
h1-include-1719,manual_include,include,issuer,issuer:TW:6569,issuer:TW:6569,-,-,-,醫揚,L2,TPEx OpenAPI 上櫃股票基本資料（完整母集）,冻结 2026-08-28 TWSE+TPEx（不含兴柜）L2 机械母集,-,human-gate://2026-08-28/H1/issuer:TW:6569,https://www.tpex.org.tw/openapi/v1/mopsfin_t187ap03_O,2026-08-28,user,2026-08-28,已裁决,l2:TPEX:6569,H1 人闸批准；仅在本行 product_scope 内有效。
h1-include-1720,manual_include,include,issuer,issuer:TW:6570,issuer:TW:6570,-,-,-,維田,L2,TPEx OpenAPI 上櫃股票基本資料（完整母集）,冻结 2026-08-28 TWSE+TPEx（不含兴柜）L2 机械母集,-,human-gate://2026-08-28/H1/issuer:TW:6570,https://www.tpex.org.tw/openapi/v1/mopsfin_t187ap03_O,2026-08-28,user,2026-08-28,已裁决,l2:TPEX:6570,H1 人闸批准；仅在本行 product_scope 内有效。
h1-include-1721,manual_include,include,issuer,issuer:TW:6574,issuer:TW:6574,-,-,-,霈方,L2,TPEx OpenAPI 上櫃股票基本資料（完整母集）,冻结 2026-08-28 TWSE+TPEx（不含兴柜）L2 机械母集,-,human-gate://2026-08-28/H1/issuer:TW:6574,https://www.tpex.org.tw/openapi/v1/mopsfin_t187ap03_O,2026-08-28,user,2026-08-28,已裁决,l2:TPEX:6574,H1 人闸批准；仅在本行 product_scope 内有效。
h1-include-1722,manual_include,include,issuer,issuer:TW:6576,issuer:TW:6576,-,-,-,逸達,L2,TPEx OpenAPI 上櫃股票基本資料（完整母集）,冻结 2026-08-28 TWSE+TPEx（不含兴柜）L2 机械母集,-,human-gate://2026-08-28/H1/issuer:TW:6576,https://www.tpex.org.tw/openapi/v1/mopsfin_t187ap03_O,2026-08-28,user,2026-08-28,已裁决,l2:TPEX:6576,H1 人闸批准；仅在本行 product_scope 内有效。
h1-include-1723,manual_include,include,issuer,issuer:TW:6577,issuer:TW:6577,-,-,-,勁豐,L2,TPEx OpenAPI 上櫃股票基本資料（完整母集）,冻结 2026-08-28 TWSE+TPEx（不含兴柜）L2 机械母集,-,human-gate://2026-08-28/H1/issuer:TW:6577,https://www.tpex.org.tw/openapi/v1/mopsfin_t187ap03_O,2026-08-28,user,2026-08-28,已裁决,l2:TPEX:6577,H1 人闸批准；仅在本行 product_scope 内有效。
h1-include-1724,manual_include,include,issuer,issuer:TW:6578,issuer:TW:6578,-,-,-,達邦蛋白,L2,TPEx OpenAPI 上櫃股票基本資料（完整母集）,冻结 2026-08-28 TWSE+TPEx（不含兴柜）L2 机械母集,-,human-gate://2026-08-28/H1/issuer:TW:6578,https://www.tpex.org.tw/openapi/v1/mopsfin_t187ap03_O,2026-08-28,user,2026-08-28,已裁决,l2:TPEX:6578,H1 人闸批准；仅在本行 product_scope 内有效。
h1-include-1725,manual_include,include,issuer,issuer:TW:6584,issuer:TW:6584,-,-,-,南俊國際,L2,TPEx OpenAPI 上櫃股票基本資料（完整母集）,冻结 2026-08-28 TWSE+TPEx（不含兴柜）L2 机械母集,-,human-gate://2026-08-28/H1/issuer:TW:6584,https://www.tpex.org.tw/openapi/v1/mopsfin_t187ap03_O,2026-08-28,user,2026-08-28,已裁决,l2:TPEX:6584,H1 人闸批准；仅在本行 product_scope 内有效。
h1-include-1726,manual_include,include,issuer,issuer:TW:6588,issuer:TW:6588,-,-,-,東典光電,L2,TPEx OpenAPI 上櫃股票基本資料（完整母集）,冻结 2026-08-28 TWSE+TPEx（不含兴柜）L2 机械母集,-,human-gate://2026-08-28/H1/issuer:TW:6588,https://www.tpex.org.tw/openapi/v1/mopsfin_t187ap03_O,2026-08-28,user,2026-08-28,已裁决,l2:TPEX:6588,H1 人闸批准；仅在本行 product_scope 内有效。
h1-include-1727,manual_include,include,issuer,issuer:TW:6590,issuer:TW:6590,-,-,-,普鴻,L2,TPEx OpenAPI 上櫃股票基本資料（完整母集）,冻结 2026-08-28 TWSE+TPEx（不含兴柜）L2 机械母集,-,human-gate://2026-08-28/H1/issuer:TW:6590,https://www.tpex.org.tw/openapi/v1/mopsfin_t187ap03_O,2026-08-28,user,2026-08-28,已裁决,l2:TPEX:6590,H1 人闸批准；仅在本行 product_scope 内有效。
h1-include-1728,manual_include,include,issuer,issuer:TW:6593,issuer:TW:6593,-,-,-,台灣銘板,L2,TPEx OpenAPI 上櫃股票基本資料（完整母集）,冻结 2026-08-28 TWSE+TPEx（不含兴柜）L2 机械母集,-,human-gate://2026-08-28/H1/issuer:TW:6593,https://www.tpex.org.tw/openapi/v1/mopsfin_t187ap03_O,2026-08-28,user,2026-08-28,已裁决,l2:TPEX:6593,H1 人闸批准；仅在本行 product_scope 内有效。
h1-include-1729,manual_include,include,issuer,issuer:TW:6596,issuer:TW:6596,-,-,-,寬宏藝術,L2,TPEx OpenAPI 上櫃股票基本資料（完整母集）,冻结 2026-08-28 TWSE+TPEx（不含兴柜）L2 机械母集,-,human-gate://2026-08-28/H1/issuer:TW:6596,https://www.tpex.org.tw/openapi/v1/mopsfin_t187ap03_O,2026-08-28,user,2026-08-28,已裁决,l2:TPEX:6596,H1 人闸批准；仅在本行 product_scope 内有效。
h1-include-1730,manual_include,include,issuer,issuer:TW:6597,issuer:TW:6597,-,-,-,立誠,L2,TPEx OpenAPI 上櫃股票基本資料（完整母集）,冻结 2026-08-28 TWSE+TPEx（不含兴柜）L2 机械母集,-,human-gate://2026-08-28/H1/issuer:TW:6597,https://www.tpex.org.tw/openapi/v1/mopsfin_t187ap03_O,2026-08-28,user,2026-08-28,已裁决,l2:TPEX:6597,H1 人闸批准；仅在本行 product_scope 内有效。
h1-include-1731,manual_include,include,issuer,issuer:TW:6603,issuer:TW:6603,-,-,-,富強鑫,L2,TPEx OpenAPI 上櫃股票基本資料（完整母集）,冻结 2026-08-28 TWSE+TPEx（不含兴柜）L2 机械母集,-,human-gate://2026-08-28/H1/issuer:TW:6603,https://www.tpex.org.tw/openapi/v1/mopsfin_t187ap03_O,2026-08-28,user,2026-08-28,已裁决,l2:TPEX:6603,H1 人闸批准；仅在本行 product_scope 内有效。
h1-include-1732,manual_include,include,issuer,issuer:TW:6609,issuer:TW:6609,-,-,-,瀧澤科,L2,TPEx OpenAPI 上櫃股票基本資料（完整母集）,冻结 2026-08-28 TWSE+TPEx（不含兴柜）L2 机械母集,-,human-gate://2026-08-28/H1/issuer:TW:6609,https://www.tpex.org.tw/openapi/v1/mopsfin_t187ap03_O,2026-08-28,user,2026-08-28,已裁决,l2:TPEX:6609,H1 人闸批准；仅在本行 product_scope 内有效。
h1-include-1733,manual_include,include,issuer,issuer:TW:6612,issuer:TW:6612,-,-,-,奈米醫材,L2,TPEx OpenAPI 上櫃股票基本資料（完整母集）,冻结 2026-08-28 TWSE+TPEx（不含兴柜）L2 机械母集,-,human-gate://2026-08-28/H1/issuer:TW:6612,https://www.tpex.org.tw/openapi/v1/mopsfin_t187ap03_O,2026-08-28,user,2026-08-28,已裁决,l2:TPEX:6612,H1 人闸批准；仅在本行 product_scope 内有效。
h1-include-1734,manual_include,include,issuer,issuer:TW:6613,issuer:TW:6613,-,-,-,朋億*,L2,TPEx OpenAPI 上櫃股票基本資料（完整母集）,冻结 2026-08-28 TWSE+TPEx（不含兴柜）L2 机械母集,-,human-gate://2026-08-28/H1/issuer:TW:6613,https://www.tpex.org.tw/openapi/v1/mopsfin_t187ap03_O,2026-08-28,user,2026-08-28,已裁决,l2:TPEX:6613,H1 人闸批准；仅在本行 product_scope 内有效。
h1-include-1735,manual_include,include,issuer,issuer:TW:6615,issuer:TW:6615,-,-,-,慧智,L2,TPEx OpenAPI 上櫃股票基本資料（完整母集）,冻结 2026-08-28 TWSE+TPEx（不含兴柜）L2 机械母集,-,human-gate://2026-08-28/H1/issuer:TW:6615,https://www.tpex.org.tw/openapi/v1/mopsfin_t187ap03_O,2026-08-28,user,2026-08-28,已裁决,l2:TPEX:6615,H1 人闸批准；仅在本行 product_scope 内有效。
h1-include-1736,manual_include,include,issuer,issuer:TW:6616,issuer:TW:6616,-,-,-,特昇-KY,L2,TPEx OpenAPI 上櫃股票基本資料（完整母集）,冻结 2026-08-28 TWSE+TPEx（不含兴柜）L2 机械母集,-,human-gate://2026-08-28/H1/issuer:TW:6616,https://www.tpex.org.tw/openapi/v1/mopsfin_t187ap03_O,2026-08-28,user,2026-08-28,已裁决,l2:TPEX:6616,H1 人闸批准；仅在本行 product_scope 内有效。
h1-include-1737,manual_include,include,issuer,issuer:TW:6617,issuer:TW:6617,-,-,-,共信-KY,L2,TPEx OpenAPI 上櫃股票基本資料（完整母集）,冻结 2026-08-28 TWSE+TPEx（不含兴柜）L2 机械母集,-,human-gate://2026-08-28/H1/issuer:TW:6617,https://www.tpex.org.tw/openapi/v1/mopsfin_t187ap03_O,2026-08-28,user,2026-08-28,已裁决,l2:TPEX:6617,H1 人闸批准；仅在本行 product_scope 内有效。
h1-include-1738,manual_include,include,issuer,issuer:TW:6620,issuer:TW:6620,-,-,-,漢達,L2,TPEx OpenAPI 上櫃股票基本資料（完整母集）,冻结 2026-08-28 TWSE+TPEx（不含兴柜）L2 机械母集,-,human-gate://2026-08-28/H1/issuer:TW:6620,https://www.tpex.org.tw/openapi/v1/mopsfin_t187ap03_O,2026-08-28,user,2026-08-28,已裁决,l2:TPEX:6620,H1 人闸批准；仅在本行 product_scope 内有效。
h1-include-1739,manual_include,include,issuer,issuer:TW:6624,issuer:TW:6624,-,-,-,萬年清,L2,TPEx OpenAPI 上櫃股票基本資料（完整母集）,冻结 2026-08-28 TWSE+TPEx（不含兴柜）L2 机械母集,-,human-gate://2026-08-28/H1/issuer:TW:6624,https://www.tpex.org.tw/openapi/v1/mopsfin_t187ap03_O,2026-08-28,user,2026-08-28,已裁决,l2:TPEX:6624,H1 人闸批准；仅在本行 product_scope 内有效。
h1-include-1740,manual_include,include,issuer,issuer:TW:6629,issuer:TW:6629,-,-,-,泰金-KY,L2,TPEx OpenAPI 上櫃股票基本資料（完整母集）,冻结 2026-08-28 TWSE+TPEx（不含兴柜）L2 机械母集,-,human-gate://2026-08-28/H1/issuer:TW:6629,https://www.tpex.org.tw/openapi/v1/mopsfin_t187ap03_O,2026-08-28,user,2026-08-28,已裁决,l2:TPEX:6629,H1 人闸批准；仅在本行 product_scope 内有效。
h1-include-1741,manual_include,include,issuer,issuer:TW:6637,issuer:TW:6637,-,-,-,醫影,L2,TPEx OpenAPI 上櫃股票基本資料（完整母集）,冻结 2026-08-28 TWSE+TPEx（不含兴柜）L2 机械母集,-,human-gate://2026-08-28/H1/issuer:TW:6637,https://www.tpex.org.tw/openapi/v1/mopsfin_t187ap03_O,2026-08-28,user,2026-08-28,已裁决,l2:TPEX:6637,H1 人闸批准；仅在本行 product_scope 内有效。
h1-include-1742,manual_include,include,issuer,issuer:TW:6640,issuer:TW:6640,-,-,-,均華,L2,TPEx OpenAPI 上櫃股票基本資料（完整母集）,冻结 2026-08-28 TWSE+TPEx（不含兴柜）L2 机械母集,-,human-gate://2026-08-28/H1/issuer:TW:6640,https://www.tpex.org.tw/openapi/v1/mopsfin_t187ap03_O,2026-08-28,user,2026-08-28,已裁决,l2:TPEX:6640,H1 人闸批准；仅在本行 product_scope 内有效。
h1-include-1743,manual_include,include,issuer,issuer:TW:6642,issuer:TW:6642,-,-,-,富致,L2,TPEx OpenAPI 上櫃股票基本資料（完整母集）,冻结 2026-08-28 TWSE+TPEx（不含兴柜）L2 机械母集,-,human-gate://2026-08-28/H1/issuer:TW:6642,https://www.tpex.org.tw/openapi/v1/mopsfin_t187ap03_O,2026-08-28,user,2026-08-28,已裁决,l2:TPEX:6642,H1 人闸批准；仅在本行 product_scope 内有效。
h1-include-1744,manual_include,include,issuer,issuer:TW:6643,issuer:TW:6643,-,-,-,M31,L2,TPEx OpenAPI 上櫃股票基本資料（完整母集）,冻结 2026-08-28 TWSE+TPEx（不含兴柜）L2 机械母集,-,human-gate://2026-08-28/H1/issuer:TW:6643,https://www.tpex.org.tw/openapi/v1/mopsfin_t187ap03_O,2026-08-28,user,2026-08-28,已裁决,l2:TPEX:6643,H1 人闸批准；仅在本行 product_scope 内有效。
h1-include-1745,manual_include,include,issuer,issuer:TW:6649,issuer:TW:6649,-,-,-,台生材,L2,TPEx OpenAPI 上櫃股票基本資料（完整母集）,冻结 2026-08-28 TWSE+TPEx（不含兴柜）L2 机械母集,-,human-gate://2026-08-28/H1/issuer:TW:6649,https://www.tpex.org.tw/openapi/v1/mopsfin_t187ap03_O,2026-08-28,user,2026-08-28,已裁决,l2:TPEX:6649,H1 人闸批准；仅在本行 product_scope 内有效。
h1-include-1746,manual_include,include,issuer,issuer:TW:6651,issuer:TW:6651,-,-,-,全宇昕,L2,TPEx OpenAPI 上櫃股票基本資料（完整母集）,冻结 2026-08-28 TWSE+TPEx（不含兴柜）L2 机械母集,-,human-gate://2026-08-28/H1/issuer:TW:6651,https://www.tpex.org.tw/openapi/v1/mopsfin_t187ap03_O,2026-08-28,user,2026-08-28,已裁决,l2:TPEX:6651,H1 人闸批准；仅在本行 product_scope 内有效。
h1-include-1747,manual_include,include,issuer,issuer:TW:6654,issuer:TW:6654,-,-,-,天正國際,L2,TPEx OpenAPI 上櫃股票基本資料（完整母集）,冻结 2026-08-28 TWSE+TPEx（不含兴柜）L2 机械母集,-,human-gate://2026-08-28/H1/issuer:TW:6654,https://www.tpex.org.tw/openapi/v1/mopsfin_t187ap03_O,2026-08-28,user,2026-08-28,已裁决,l2:TPEX:6654,H1 人闸批准；仅在本行 product_scope 内有效。
h1-include-1748,manual_include,include,issuer,issuer:TW:6661,issuer:TW:6661,-,-,-,威健生技,L2,TPEx OpenAPI 上櫃股票基本資料（完整母集）,冻结 2026-08-28 TWSE+TPEx（不含兴柜）L2 机械母集,-,human-gate://2026-08-28/H1/issuer:TW:6661,https://www.tpex.org.tw/openapi/v1/mopsfin_t187ap03_O,2026-08-28,user,2026-08-28,已裁决,l2:TPEX:6661,H1 人闸批准；仅在本行 product_scope 内有效。
h1-include-1749,manual_include,include,issuer,issuer:TW:6662,issuer:TW:6662,-,-,-,樂斯科,L2,TPEx OpenAPI 上櫃股票基本資料（完整母集）,冻结 2026-08-28 TWSE+TPEx（不含兴柜）L2 机械母集,-,human-gate://2026-08-28/H1/issuer:TW:6662,https://www.tpex.org.tw/openapi/v1/mopsfin_t187ap03_O,2026-08-28,user,2026-08-28,已裁决,l2:TPEX:6662,H1 人闸批准；仅在本行 product_scope 内有效。
h1-include-1750,manual_include,include,issuer,issuer:TW:6664,issuer:TW:6664,-,-,-,群翊,L2,TPEx OpenAPI 上櫃股票基本資料（完整母集）,冻结 2026-08-28 TWSE+TPEx（不含兴柜）L2 机械母集,-,human-gate://2026-08-28/H1/issuer:TW:6664,https://www.tpex.org.tw/openapi/v1/mopsfin_t187ap03_O,2026-08-28,user,2026-08-28,已裁决,l2:TPEX:6664,H1 人闸批准；仅在本行 product_scope 内有效。
h1-include-1751,manual_include,include,issuer,issuer:TW:6667,issuer:TW:6667,-,-,-,信紘科,L2,TPEx OpenAPI 上櫃股票基本資料（完整母集）,冻结 2026-08-28 TWSE+TPEx（不含兴柜）L2 机械母集,-,human-gate://2026-08-28/H1/issuer:TW:6667,https://www.tpex.org.tw/openapi/v1/mopsfin_t187ap03_O,2026-08-28,user,2026-08-28,已裁决,l2:TPEX:6667,H1 人闸批准；仅在本行 product_scope 内有效。
h1-include-1752,manual_include,include,issuer,issuer:TW:6679,issuer:TW:6679,-,-,-,鈺太,L2,TPEx OpenAPI 上櫃股票基本資料（完整母集）,冻结 2026-08-28 TWSE+TPEx（不含兴柜）L2 机械母集,-,human-gate://2026-08-28/H1/issuer:TW:6679,https://www.tpex.org.tw/openapi/v1/mopsfin_t187ap03_O,2026-08-28,user,2026-08-28,已裁决,l2:TPEX:6679,H1 人闸批准；仅在本行 product_scope 内有效。
h1-include-1753,manual_include,include,issuer,issuer:TW:6680,issuer:TW:6680,-,-,-,鑫創電子,L2,TPEx OpenAPI 上櫃股票基本資料（完整母集）,冻结 2026-08-28 TWSE+TPEx（不含兴柜）L2 机械母集,-,human-gate://2026-08-28/H1/issuer:TW:6680,https://www.tpex.org.tw/openapi/v1/mopsfin_t187ap03_O,2026-08-28,user,2026-08-28,已裁决,l2:TPEX:6680,H1 人闸批准；仅在本行 product_scope 内有效。
h1-include-1754,manual_include,include,issuer,issuer:TW:6683,issuer:TW:6683,-,-,-,雍智科技,L2,TPEx OpenAPI 上櫃股票基本資料（完整母集）,冻结 2026-08-28 TWSE+TPEx（不含兴柜）L2 机械母集,-,human-gate://2026-08-28/H1/issuer:TW:6683,https://www.tpex.org.tw/openapi/v1/mopsfin_t187ap03_O,2026-08-28,user,2026-08-28,已裁决,l2:TPEX:6683,H1 人闸批准；仅在本行 product_scope 内有效。
h1-include-1755,manual_include,include,issuer,issuer:TW:6684,issuer:TW:6684,-,-,-,安格,L2,TPEx OpenAPI 上櫃股票基本資料（完整母集）,冻结 2026-08-28 TWSE+TPEx（不含兴柜）L2 机械母集,-,human-gate://2026-08-28/H1/issuer:TW:6684,https://www.tpex.org.tw/openapi/v1/mopsfin_t187ap03_O,2026-08-28,user,2026-08-28,已裁决,l2:TPEX:6684,H1 人闸批准；仅在本行 product_scope 内有效。
h1-include-1756,manual_include,include,issuer,issuer:TW:6690,issuer:TW:6690,-,-,-,安碁資訊,L2,TPEx OpenAPI 上櫃股票基本資料（完整母集）,冻结 2026-08-28 TWSE+TPEx（不含兴柜）L2 机械母集,-,human-gate://2026-08-28/H1/issuer:TW:6690,https://www.tpex.org.tw/openapi/v1/mopsfin_t187ap03_O,2026-08-28,user,2026-08-28,已裁决,l2:TPEX:6690,H1 人闸批准；仅在本行 product_scope 内有效。
h1-include-1757,manual_include,include,issuer,issuer:TW:6692,issuer:TW:6692,-,-,-,進能服,L2,TPEx OpenAPI 上櫃股票基本資料（完整母集）,冻结 2026-08-28 TWSE+TPEx（不含兴柜）L2 机械母集,-,human-gate://2026-08-28/H1/issuer:TW:6692,https://www.tpex.org.tw/openapi/v1/mopsfin_t187ap03_O,2026-08-28,user,2026-08-28,已裁决,l2:TPEX:6692,H1 人闸批准；仅在本行 product_scope 内有效。
h1-include-1758,manual_include,include,issuer,issuer:TW:6693,issuer:TW:6693,-,-,-,廣閎科,L2,TPEx OpenAPI 上櫃股票基本資料（完整母集）,冻结 2026-08-28 TWSE+TPEx（不含兴柜）L2 机械母集,-,human-gate://2026-08-28/H1/issuer:TW:6693,https://www.tpex.org.tw/openapi/v1/mopsfin_t187ap03_O,2026-08-28,user,2026-08-28,已裁决,l2:TPEX:6693,H1 人闸批准；仅在本行 product_scope 内有效。
h1-include-1759,manual_include,include,issuer,issuer:TW:6697,issuer:TW:6697,-,-,-,東捷資訊,L2,TPEx OpenAPI 上櫃股票基本資料（完整母集）,冻结 2026-08-28 TWSE+TPEx（不含兴柜）L2 机械母集,-,human-gate://2026-08-28/H1/issuer:TW:6697,https://www.tpex.org.tw/openapi/v1/mopsfin_t187ap03_O,2026-08-28,user,2026-08-28,已裁决,l2:TPEX:6697,H1 人闸批准；仅在本行 product_scope 内有效。
h1-include-1760,manual_include,include,issuer,issuer:TW:6703,issuer:TW:6703,-,-,-,軒郁,L2,TPEx OpenAPI 上櫃股票基本資料（完整母集）,冻结 2026-08-28 TWSE+TPEx（不含兴柜）L2 机械母集,-,human-gate://2026-08-28/H1/issuer:TW:6703,https://www.tpex.org.tw/openapi/v1/mopsfin_t187ap03_O,2026-08-28,user,2026-08-28,已裁决,l2:TPEX:6703,H1 人闸批准；仅在本行 product_scope 内有效。
h1-include-1761,manual_include,include,issuer,issuer:TW:6708,issuer:TW:6708,-,-,-,天擎,L2,TPEx OpenAPI 上櫃股票基本資料（完整母集）,冻结 2026-08-28 TWSE+TPEx（不含兴柜）L2 机械母集,-,human-gate://2026-08-28/H1/issuer:TW:6708,https://www.tpex.org.tw/openapi/v1/mopsfin_t187ap03_O,2026-08-28,user,2026-08-28,已裁决,l2:TPEX:6708,H1 人闸批准；仅在本行 product_scope 内有效。
h1-include-1762,manual_include,include,issuer,issuer:TW:6712,issuer:TW:6712,-,-,-,長聖,L2,TPEx OpenAPI 上櫃股票基本資料（完整母集）,冻结 2026-08-28 TWSE+TPEx（不含兴柜）L2 机械母集,-,human-gate://2026-08-28/H1/issuer:TW:6712,https://www.tpex.org.tw/openapi/v1/mopsfin_t187ap03_O,2026-08-28,user,2026-08-28,已裁决,l2:TPEX:6712,H1 人闸批准；仅在本行 product_scope 内有效。
h1-include-1763,manual_include,include,issuer,issuer:TW:6716,issuer:TW:6716,-,-,-,應廣,L2,TPEx OpenAPI 上櫃股票基本資料（完整母集）,冻结 2026-08-28 TWSE+TPEx（不含兴柜）L2 机械母集,-,human-gate://2026-08-28/H1/issuer:TW:6716,https://www.tpex.org.tw/openapi/v1/mopsfin_t187ap03_O,2026-08-28,user,2026-08-28,已裁决,l2:TPEX:6716,H1 人闸批准；仅在本行 product_scope 内有效。
h1-include-1764,manual_include,include,issuer,issuer:TW:6720,issuer:TW:6720,-,-,-,久昌,L2,TPEx OpenAPI 上櫃股票基本資料（完整母集）,冻结 2026-08-28 TWSE+TPEx（不含兴柜）L2 机械母集,-,human-gate://2026-08-28/H1/issuer:TW:6720,https://www.tpex.org.tw/openapi/v1/mopsfin_t187ap03_O,2026-08-28,user,2026-08-28,已裁决,l2:TPEX:6720,H1 人闸批准；仅在本行 product_scope 内有效。
h1-include-1765,manual_include,include,issuer,issuer:TW:6721,issuer:TW:6721,-,-,-,信實,L2,TPEx OpenAPI 上櫃股票基本資料（完整母集）,冻结 2026-08-28 TWSE+TPEx（不含兴柜）L2 机械母集,-,human-gate://2026-08-28/H1/issuer:TW:6721,https://www.tpex.org.tw/openapi/v1/mopsfin_t187ap03_O,2026-08-28,user,2026-08-28,已裁决,l2:TPEX:6721,H1 人闸批准；仅在本行 product_scope 内有效。
h1-include-1766,manual_include,include,issuer,issuer:TW:6725,issuer:TW:6725,-,-,-,矽科宏晟,L2,TPEx OpenAPI 上櫃股票基本資料（完整母集）,冻结 2026-08-28 TWSE+TPEx（不含兴柜）L2 机械母集,-,human-gate://2026-08-28/H1/issuer:TW:6725,https://www.tpex.org.tw/openapi/v1/mopsfin_t187ap03_O,2026-08-28,user,2026-08-28,已裁决,l2:TPEX:6725,H1 人闸批准；仅在本行 product_scope 内有效。
h1-include-1767,manual_include,include,issuer,issuer:TW:6727,issuer:TW:6727,-,-,-,亞泰金屬,L2,TPEx OpenAPI 上櫃股票基本資料（完整母集）,冻结 2026-08-28 TWSE+TPEx（不含兴柜）L2 机械母集,-,human-gate://2026-08-28/H1/issuer:TW:6727,https://www.tpex.org.tw/openapi/v1/mopsfin_t187ap03_O,2026-08-28,user,2026-08-28,已裁决,l2:TPEX:6727,H1 人闸批准；仅在本行 product_scope 内有效。
h1-include-1768,manual_include,include,issuer,issuer:TW:6728,issuer:TW:6728,-,-,-,上洋,L2,TPEx OpenAPI 上櫃股票基本資料（完整母集）,冻结 2026-08-28 TWSE+TPEx（不含兴柜）L2 机械母集,-,human-gate://2026-08-28/H1/issuer:TW:6728,https://www.tpex.org.tw/openapi/v1/mopsfin_t187ap03_O,2026-08-28,user,2026-08-28,已裁决,l2:TPEX:6728,H1 人闸批准；仅在本行 product_scope 内有效。
h1-include-1769,manual_include,include,issuer,issuer:TW:6730,issuer:TW:6730,-,-,-,常廣,L2,TPEx OpenAPI 上櫃股票基本資料（完整母集）,冻结 2026-08-28 TWSE+TPEx（不含兴柜）L2 机械母集,-,human-gate://2026-08-28/H1/issuer:TW:6730,https://www.tpex.org.tw/openapi/v1/mopsfin_t187ap03_O,2026-08-28,user,2026-08-28,已裁决,l2:TPEX:6730,H1 人闸批准；仅在本行 product_scope 内有效。
h1-include-1770,manual_include,include,issuer,issuer:TW:6732,issuer:TW:6732,-,-,-,昇佳電子,L2,TPEx OpenAPI 上櫃股票基本資料（完整母集）,冻结 2026-08-28 TWSE+TPEx（不含兴柜）L2 机械母集,-,human-gate://2026-08-28/H1/issuer:TW:6732,https://www.tpex.org.tw/openapi/v1/mopsfin_t187ap03_O,2026-08-28,user,2026-08-28,已裁决,l2:TPEX:6732,H1 人闸批准；仅在本行 product_scope 内有效。
h1-include-1771,manual_include,include,issuer,issuer:TW:6733,issuer:TW:6733,-,-,-,博晟生醫,L2,TPEx OpenAPI 上櫃股票基本資料（完整母集）,冻结 2026-08-28 TWSE+TPEx（不含兴柜）L2 机械母集,-,human-gate://2026-08-28/H1/issuer:TW:6733,https://www.tpex.org.tw/openapi/v1/mopsfin_t187ap03_O,2026-08-28,user,2026-08-28,已裁决,l2:TPEX:6733,H1 人闸批准；仅在本行 product_scope 内有效。
h1-include-1772,manual_include,include,issuer,issuer:TW:6735,issuer:TW:6735,-,-,-,美達科技,L2,TPEx OpenAPI 上櫃股票基本資料（完整母集）,冻结 2026-08-28 TWSE+TPEx（不含兴柜）L2 机械母集,-,human-gate://2026-08-28/H1/issuer:TW:6735,https://www.tpex.org.tw/openapi/v1/mopsfin_t187ap03_O,2026-08-28,user,2026-08-28,已裁决,l2:TPEX:6735,H1 人闸批准；仅在本行 product_scope 内有效。
h1-include-1773,manual_include,include,issuer,issuer:TW:6739,issuer:TW:6739,-,-,-,竹陞科技,L2,TPEx OpenAPI 上櫃股票基本資料（完整母集）,冻结 2026-08-28 TWSE+TPEx（不含兴柜）L2 机械母集,-,human-gate://2026-08-28/H1/issuer:TW:6739,https://www.tpex.org.tw/openapi/v1/mopsfin_t187ap03_O,2026-08-28,user,2026-08-28,已裁决,l2:TPEX:6739,H1 人闸批准；仅在本行 product_scope 内有效。
h1-include-1774,manual_include,include,issuer,issuer:TW:6741,issuer:TW:6741,-,-,-,91APP*-KY,L2,TPEx OpenAPI 上櫃股票基本資料（完整母集）,冻结 2026-08-28 TWSE+TPEx（不含兴柜）L2 机械母集,-,human-gate://2026-08-28/H1/issuer:TW:6741,https://www.tpex.org.tw/openapi/v1/mopsfin_t187ap03_O,2026-08-28,user,2026-08-28,已裁决,l2:TPEX:6741,H1 人闸批准；仅在本行 product_scope 内有效。
h1-include-1775,manual_include,include,issuer,issuer:TW:6751,issuer:TW:6751,-,-,-,智聯服務,L2,TPEx OpenAPI 上櫃股票基本資料（完整母集）,冻结 2026-08-28 TWSE+TPEx（不含兴柜）L2 机械母集,-,human-gate://2026-08-28/H1/issuer:TW:6751,https://www.tpex.org.tw/openapi/v1/mopsfin_t187ap03_O,2026-08-28,user,2026-08-28,已裁决,l2:TPEX:6751,H1 人闸批准；仅在本行 product_scope 内有效。
h1-include-1776,manual_include,include,issuer,issuer:TW:6752,issuer:TW:6752,-,-,-,叡揚,L2,TPEx OpenAPI 上櫃股票基本資料（完整母集）,冻结 2026-08-28 TWSE+TPEx（不含兴柜）L2 机械母集,-,human-gate://2026-08-28/H1/issuer:TW:6752,https://www.tpex.org.tw/openapi/v1/mopsfin_t187ap03_O,2026-08-28,user,2026-08-28,已裁决,l2:TPEX:6752,H1 人闸批准；仅在本行 product_scope 内有效。
h1-include-1777,manual_include,include,issuer,issuer:TW:6761,issuer:TW:6761,-,-,-,穩得,L2,TPEx OpenAPI 上櫃股票基本資料（完整母集）,冻结 2026-08-28 TWSE+TPEx（不含兴柜）L2 机械母集,-,human-gate://2026-08-28/H1/issuer:TW:6761,https://www.tpex.org.tw/openapi/v1/mopsfin_t187ap03_O,2026-08-28,user,2026-08-28,已裁决,l2:TPEX:6761,H1 人闸批准；仅在本行 product_scope 内有效。
h1-include-1778,manual_include,include,issuer,issuer:TW:6762,issuer:TW:6762,-,-,-,達亞,L2,TPEx OpenAPI 上櫃股票基本資料（完整母集）,冻结 2026-08-28 TWSE+TPEx（不含兴柜）L2 机械母集,-,human-gate://2026-08-28/H1/issuer:TW:6762,https://www.tpex.org.tw/openapi/v1/mopsfin_t187ap03_O,2026-08-28,user,2026-08-28,已裁决,l2:TPEX:6762,H1 人闸批准；仅在本行 product_scope 内有效。
h1-include-1779,manual_include,include,issuer,issuer:TW:6763,issuer:TW:6763,-,-,-,綠界科技*,L2,TPEx OpenAPI 上櫃股票基本資料（完整母集）,冻结 2026-08-28 TWSE+TPEx（不含兴柜）L2 机械母集,-,human-gate://2026-08-28/H1/issuer:TW:6763,https://www.tpex.org.tw/openapi/v1/mopsfin_t187ap03_O,2026-08-28,user,2026-08-28,已裁决,l2:TPEX:6763,H1 人闸批准；仅在本行 product_scope 内有效。
h1-include-1780,manual_include,include,issuer,issuer:TW:6767,issuer:TW:6767,-,-,-,台微醫,L2,TPEx OpenAPI 上櫃股票基本資料（完整母集）,冻结 2026-08-28 TWSE+TPEx（不含兴柜）L2 机械母集,-,human-gate://2026-08-28/H1/issuer:TW:6767,https://www.tpex.org.tw/openapi/v1/mopsfin_t187ap03_O,2026-08-28,user,2026-08-28,已裁决,l2:TPEX:6767,H1 人闸批准；仅在本行 product_scope 内有效。
h1-include-1781,manual_include,include,issuer,issuer:TW:6785,issuer:TW:6785,-,-,-,昱展新藥,L2,TPEx OpenAPI 上櫃股票基本資料（完整母集）,冻结 2026-08-28 TWSE+TPEx（不含兴柜）L2 机械母集,-,human-gate://2026-08-28/H1/issuer:TW:6785,https://www.tpex.org.tw/openapi/v1/mopsfin_t187ap03_O,2026-08-28,user,2026-08-28,已裁决,l2:TPEX:6785,H1 人闸批准；仅在本行 product_scope 内有效。
h1-include-1782,manual_include,include,issuer,issuer:TW:6788,issuer:TW:6788,-,-,-,華景電,L2,TPEx OpenAPI 上櫃股票基本資料（完整母集）,冻结 2026-08-28 TWSE+TPEx（不含兴柜）L2 机械母集,-,human-gate://2026-08-28/H1/issuer:TW:6788,https://www.tpex.org.tw/openapi/v1/mopsfin_t187ap03_O,2026-08-28,user,2026-08-28,已裁决,l2:TPEX:6788,H1 人闸批准；仅在本行 product_scope 内有效。
h1-include-1783,manual_include,include,issuer,issuer:TW:6791,issuer:TW:6791,-,-,-,虎門科技,L2,TPEx OpenAPI 上櫃股票基本資料（完整母集）,冻结 2026-08-28 TWSE+TPEx（不含兴柜）L2 机械母集,-,human-gate://2026-08-28/H1/issuer:TW:6791,https://www.tpex.org.tw/openapi/v1/mopsfin_t187ap03_O,2026-08-28,user,2026-08-28,已裁决,l2:TPEX:6791,H1 人闸批准；仅在本行 product_scope 内有效。
h1-include-1784,manual_include,include,issuer,issuer:TW:6803,issuer:TW:6803,-,-,-,崑鼎,L2,TPEx OpenAPI 上櫃股票基本資料（完整母集）,冻结 2026-08-28 TWSE+TPEx（不含兴柜）L2 机械母集,-,human-gate://2026-08-28/H1/issuer:TW:6803,https://www.tpex.org.tw/openapi/v1/mopsfin_t187ap03_O,2026-08-28,user,2026-08-28,已裁决,l2:TPEX:6803,H1 人闸批准；仅在本行 product_scope 内有效。
h1-include-1785,manual_include,include,issuer,issuer:TW:6804,issuer:TW:6804,-,-,-,明係,L2,TPEx OpenAPI 上櫃股票基本資料（完整母集）,冻结 2026-08-28 TWSE+TPEx（不含兴柜）L2 机械母集,-,human-gate://2026-08-28/H1/issuer:TW:6804,https://www.tpex.org.tw/openapi/v1/mopsfin_t187ap03_O,2026-08-28,user,2026-08-28,已裁决,l2:TPEX:6804,H1 人闸批准；仅在本行 product_scope 内有效。
h1-include-1786,manual_include,include,issuer,issuer:TW:6811,issuer:TW:6811,-,-,-,宏碁資訊,L2,TPEx OpenAPI 上櫃股票基本資料（完整母集）,冻结 2026-08-28 TWSE+TPEx（不含兴柜）L2 机械母集,-,human-gate://2026-08-28/H1/issuer:TW:6811,https://www.tpex.org.tw/openapi/v1/mopsfin_t187ap03_O,2026-08-28,user,2026-08-28,已裁决,l2:TPEX:6811,H1 人闸批准；仅在本行 product_scope 内有效。
h1-include-1787,manual_include,include,issuer,issuer:TW:6821,issuer:TW:6821,-,-,-,聯寶,L2,TPEx OpenAPI 上櫃股票基本資料（完整母集）,冻结 2026-08-28 TWSE+TPEx（不含兴柜）L2 机械母集,-,human-gate://2026-08-28/H1/issuer:TW:6821,https://www.tpex.org.tw/openapi/v1/mopsfin_t187ap03_O,2026-08-28,user,2026-08-28,已裁决,l2:TPEX:6821,H1 人闸批准；仅在本行 product_scope 内有效。
h1-include-1788,manual_include,include,issuer,issuer:TW:6823,issuer:TW:6823,-,-,-,濾能,L2,TPEx OpenAPI 上櫃股票基本資料（完整母集）,冻结 2026-08-28 TWSE+TPEx（不含兴柜）L2 机械母集,-,human-gate://2026-08-28/H1/issuer:TW:6823,https://www.tpex.org.tw/openapi/v1/mopsfin_t187ap03_O,2026-08-28,user,2026-08-28,已裁决,l2:TPEX:6823,H1 人闸批准；仅在本行 product_scope 内有效。
h1-include-1789,manual_include,include,issuer,issuer:TW:6829,issuer:TW:6829,-,-,-,千附精密,L2,TPEx OpenAPI 上櫃股票基本資料（完整母集）,冻结 2026-08-28 TWSE+TPEx（不含兴柜）L2 机械母集,-,human-gate://2026-08-28/H1/issuer:TW:6829,https://www.tpex.org.tw/openapi/v1/mopsfin_t187ap03_O,2026-08-28,user,2026-08-28,已裁决,l2:TPEX:6829,H1 人闸批准；仅在本行 product_scope 内有效。
h1-include-1790,manual_include,include,issuer,issuer:TW:6840,issuer:TW:6840,-,-,-,東研信超,L2,TPEx OpenAPI 上櫃股票基本資料（完整母集）,冻结 2026-08-28 TWSE+TPEx（不含兴柜）L2 机械母集,-,human-gate://2026-08-28/H1/issuer:TW:6840,https://www.tpex.org.tw/openapi/v1/mopsfin_t187ap03_O,2026-08-28,user,2026-08-28,已裁决,l2:TPEX:6840,H1 人闸批准；仅在本行 product_scope 内有效。
h1-include-1791,manual_include,include,issuer,issuer:TW:6841,issuer:TW:6841,-,-,-,長佳智能,L2,TPEx OpenAPI 上櫃股票基本資料（完整母集）,冻结 2026-08-28 TWSE+TPEx（不含兴柜）L2 机械母集,-,human-gate://2026-08-28/H1/issuer:TW:6841,https://www.tpex.org.tw/openapi/v1/mopsfin_t187ap03_O,2026-08-28,user,2026-08-28,已裁决,l2:TPEX:6841,H1 人闸批准；仅在本行 product_scope 内有效。
h1-include-1792,manual_include,include,issuer,issuer:TW:6843,issuer:TW:6843,-,-,-,進典,L2,TPEx OpenAPI 上櫃股票基本資料（完整母集）,冻结 2026-08-28 TWSE+TPEx（不含兴柜）L2 机械母集,-,human-gate://2026-08-28/H1/issuer:TW:6843,https://www.tpex.org.tw/openapi/v1/mopsfin_t187ap03_O,2026-08-28,user,2026-08-28,已裁决,l2:TPEX:6843,H1 人闸批准；仅在本行 product_scope 内有效。
h1-include-1793,manual_include,include,issuer,issuer:TW:6844,issuer:TW:6844,-,-,-,諾貝兒,L2,TPEx OpenAPI 上櫃股票基本資料（完整母集）,冻结 2026-08-28 TWSE+TPEx（不含兴柜）L2 机械母集,-,human-gate://2026-08-28/H1/issuer:TW:6844,https://www.tpex.org.tw/openapi/v1/mopsfin_t187ap03_O,2026-08-28,user,2026-08-28,已裁决,l2:TPEX:6844,H1 人闸批准；仅在本行 product_scope 内有效。
h1-include-1794,manual_include,include,issuer,issuer:TW:6846,issuer:TW:6846,-,-,-,綠茵,L2,TPEx OpenAPI 上櫃股票基本資料（完整母集）,冻结 2026-08-28 TWSE+TPEx（不含兴柜）L2 机械母集,-,human-gate://2026-08-28/H1/issuer:TW:6846,https://www.tpex.org.tw/openapi/v1/mopsfin_t187ap03_O,2026-08-28,user,2026-08-28,已裁决,l2:TPEX:6846,H1 人闸批准；仅在本行 product_scope 内有效。
h1-include-1795,manual_include,include,issuer,issuer:TW:6855,issuer:TW:6855,-,-,-,數泓科,L2,TPEx OpenAPI 上櫃股票基本資料（完整母集）,冻结 2026-08-28 TWSE+TPEx（不含兴柜）L2 机械母集,-,human-gate://2026-08-28/H1/issuer:TW:6855,https://www.tpex.org.tw/openapi/v1/mopsfin_t187ap03_O,2026-08-28,user,2026-08-28,已裁决,l2:TPEX:6855,H1 人闸批准；仅在本行 product_scope 内有效。
h1-include-1796,manual_include,include,issuer,issuer:TW:6856,issuer:TW:6856,-,-,-,鑫傳,L2,TPEx OpenAPI 上櫃股票基本資料（完整母集）,冻结 2026-08-28 TWSE+TPEx（不含兴柜）L2 机械母集,-,human-gate://2026-08-28/H1/issuer:TW:6856,https://www.tpex.org.tw/openapi/v1/mopsfin_t187ap03_O,2026-08-28,user,2026-08-28,已裁决,l2:TPEX:6856,H1 人闸批准；仅在本行 product_scope 内有效。
h1-include-1797,manual_include,include,issuer,issuer:TW:6859,issuer:TW:6859,-,-,-,伯特光,L2,TPEx OpenAPI 上櫃股票基本資料（完整母集）,冻结 2026-08-28 TWSE+TPEx（不含兴柜）L2 机械母集,-,human-gate://2026-08-28/H1/issuer:TW:6859,https://www.tpex.org.tw/openapi/v1/mopsfin_t187ap03_O,2026-08-28,user,2026-08-28,已裁决,l2:TPEX:6859,H1 人闸批准；仅在本行 product_scope 内有效。
h1-include-1798,manual_include,include,issuer,issuer:TW:6865,issuer:TW:6865,-,-,-,偉康科技,L2,TPEx OpenAPI 上櫃股票基本資料（完整母集）,冻结 2026-08-28 TWSE+TPEx（不含兴柜）L2 机械母集,-,human-gate://2026-08-28/H1/issuer:TW:6865,https://www.tpex.org.tw/openapi/v1/mopsfin_t187ap03_O,2026-08-28,user,2026-08-28,已裁决,l2:TPEX:6865,H1 人闸批准；仅在本行 product_scope 内有效。
h1-include-1799,manual_include,include,issuer,issuer:TW:6870,issuer:TW:6870,-,-,-,騰雲,L2,TPEx OpenAPI 上櫃股票基本資料（完整母集）,冻结 2026-08-28 TWSE+TPEx（不含兴柜）L2 机械母集,-,human-gate://2026-08-28/H1/issuer:TW:6870,https://www.tpex.org.tw/openapi/v1/mopsfin_t187ap03_O,2026-08-28,user,2026-08-28,已裁决,l2:TPEX:6870,H1 人闸批准；仅在本行 product_scope 内有效。
h1-include-1800,manual_include,include,issuer,issuer:TW:6872,issuer:TW:6872,-,-,-,浩宇生醫,L2,TPEx OpenAPI 上櫃股票基本資料（完整母集）,冻结 2026-08-28 TWSE+TPEx（不含兴柜）L2 机械母集,-,human-gate://2026-08-28/H1/issuer:TW:6872,https://www.tpex.org.tw/openapi/v1/mopsfin_t187ap03_O,2026-08-28,user,2026-08-28,已裁决,l2:TPEX:6872,H1 人闸批准；仅在本行 product_scope 内有效。
h1-include-1801,manual_include,include,issuer,issuer:TW:6874,issuer:TW:6874,-,-,-,倍力,L2,TPEx OpenAPI 上櫃股票基本資料（完整母集）,冻结 2026-08-28 TWSE+TPEx（不含兴柜）L2 机械母集,-,human-gate://2026-08-28/H1/issuer:TW:6874,https://www.tpex.org.tw/openapi/v1/mopsfin_t187ap03_O,2026-08-28,user,2026-08-28,已裁决,l2:TPEX:6874,H1 人闸批准；仅在本行 product_scope 内有效。
h1-include-1802,manual_include,include,issuer,issuer:TW:6875,issuer:TW:6875,-,-,-,國邑*,L2,TPEx OpenAPI 上櫃股票基本資料（完整母集）,冻结 2026-08-28 TWSE+TPEx（不含兴柜）L2 机械母集,-,human-gate://2026-08-28/H1/issuer:TW:6875,https://www.tpex.org.tw/openapi/v1/mopsfin_t187ap03_O,2026-08-28,user,2026-08-28,已裁决,l2:TPEX:6875,H1 人闸批准；仅在本行 product_scope 内有效。
h1-include-1803,manual_include,include,issuer,issuer:TW:6877,issuer:TW:6877,-,-,-,鏵友益,L2,TPEx OpenAPI 上櫃股票基本資料（完整母集）,冻结 2026-08-28 TWSE+TPEx（不含兴柜）L2 机械母集,-,human-gate://2026-08-28/H1/issuer:TW:6877,https://www.tpex.org.tw/openapi/v1/mopsfin_t187ap03_O,2026-08-28,user,2026-08-28,已裁决,l2:TPEX:6877,H1 人闸批准；仅在本行 product_scope 内有效。
h1-include-1804,manual_include,include,issuer,issuer:TW:6881,issuer:TW:6881,-,-,-,潤德,L2,TPEx OpenAPI 上櫃股票基本資料（完整母集）,冻结 2026-08-28 TWSE+TPEx（不含兴柜）L2 机械母集,-,human-gate://2026-08-28/H1/issuer:TW:6881,https://www.tpex.org.tw/openapi/v1/mopsfin_t187ap03_O,2026-08-28,user,2026-08-28,已裁决,l2:TPEX:6881,H1 人闸批准；仅在本行 product_scope 内有效。
h1-include-1805,manual_include,include,issuer,issuer:TW:6884,issuer:TW:6884,-,-,-,海柏特,L2,TPEx OpenAPI 上櫃股票基本資料（完整母集）,冻结 2026-08-28 TWSE+TPEx（不含兴柜）L2 机械母集,-,human-gate://2026-08-28/H1/issuer:TW:6884,https://www.tpex.org.tw/openapi/v1/mopsfin_t187ap03_O,2026-08-28,user,2026-08-28,已裁决,l2:TPEX:6884,H1 人闸批准；仅在本行 product_scope 内有效。
h1-include-1806,manual_include,include,issuer,issuer:TW:6894,issuer:TW:6894,-,-,-,衛司特,L2,TPEx OpenAPI 上櫃股票基本資料（完整母集）,冻结 2026-08-28 TWSE+TPEx（不含兴柜）L2 机械母集,-,human-gate://2026-08-28/H1/issuer:TW:6894,https://www.tpex.org.tw/openapi/v1/mopsfin_t187ap03_O,2026-08-28,user,2026-08-28,已裁决,l2:TPEX:6894,H1 人闸批准；仅在本行 product_scope 内有效。
h1-include-1807,manual_include,include,issuer,issuer:TW:6895,issuer:TW:6895,-,-,-,宏碩系統,L2,TPEx OpenAPI 上櫃股票基本資料（完整母集）,冻结 2026-08-28 TWSE+TPEx（不含兴柜）L2 机械母集,-,human-gate://2026-08-28/H1/issuer:TW:6895,https://www.tpex.org.tw/openapi/v1/mopsfin_t187ap03_O,2026-08-28,user,2026-08-28,已裁决,l2:TPEX:6895,H1 人闸批准；仅在本行 product_scope 内有效。
h1-include-1808,manual_include,include,issuer,issuer:TW:6899,issuer:TW:6899,-,-,-,創為精密,L2,TPEx OpenAPI 上櫃股票基本資料（完整母集）,冻结 2026-08-28 TWSE+TPEx（不含兴柜）L2 机械母集,-,human-gate://2026-08-28/H1/issuer:TW:6899,https://www.tpex.org.tw/openapi/v1/mopsfin_t187ap03_O,2026-08-28,user,2026-08-28,已裁决,l2:TPEX:6899,H1 人闸批准；仅在本行 product_scope 内有效。
h1-include-1809,manual_include,include,issuer,issuer:TW:6903,issuer:TW:6903,-,-,-,巨漢,L2,TPEx OpenAPI 上櫃股票基本資料（完整母集）,冻结 2026-08-28 TWSE+TPEx（不含兴柜）L2 机械母集,-,human-gate://2026-08-28/H1/issuer:TW:6903,https://www.tpex.org.tw/openapi/v1/mopsfin_t187ap03_O,2026-08-28,user,2026-08-28,已裁决,l2:TPEX:6903,H1 人闸批准；仅在本行 product_scope 内有效。
h1-include-1810,manual_include,include,issuer,issuer:TW:6904,issuer:TW:6904,-,-,-,伯鑫,L2,TPEx OpenAPI 上櫃股票基本資料（完整母集）,冻结 2026-08-28 TWSE+TPEx（不含兴柜）L2 机械母集,-,human-gate://2026-08-28/H1/issuer:TW:6904,https://www.tpex.org.tw/openapi/v1/mopsfin_t187ap03_O,2026-08-28,user,2026-08-28,已裁决,l2:TPEX:6904,H1 人闸批准；仅在本行 product_scope 内有效。
h1-include-1811,manual_include,include,issuer,issuer:TW:6907,issuer:TW:6907,-,-,-,雅特力-KY,L2,TPEx OpenAPI 上櫃股票基本資料（完整母集）,冻结 2026-08-28 TWSE+TPEx（不含兴柜）L2 机械母集,-,human-gate://2026-08-28/H1/issuer:TW:6907,https://www.tpex.org.tw/openapi/v1/mopsfin_t187ap03_O,2026-08-28,user,2026-08-28,已裁决,l2:TPEX:6907,H1 人闸批准；仅在本行 product_scope 内有效。
h1-include-1812,manual_include,include,issuer,issuer:TW:6910,issuer:TW:6910,-,-,-,德鴻,L2,TPEx OpenAPI 上櫃股票基本資料（完整母集）,冻结 2026-08-28 TWSE+TPEx（不含兴柜）L2 机械母集,-,human-gate://2026-08-28/H1/issuer:TW:6910,https://www.tpex.org.tw/openapi/v1/mopsfin_t187ap03_O,2026-08-28,user,2026-08-28,已裁决,l2:TPEX:6910,H1 人闸批准；仅在本行 product_scope 内有效。
h1-include-1813,manual_include,include,issuer,issuer:TW:6913,issuer:TW:6913,-,-,-,鴻呈,L2,TPEx OpenAPI 上櫃股票基本資料（完整母集）,冻结 2026-08-28 TWSE+TPEx（不含兴柜）L2 机械母集,-,human-gate://2026-08-28/H1/issuer:TW:6913,https://www.tpex.org.tw/openapi/v1/mopsfin_t187ap03_O,2026-08-28,user,2026-08-28,已裁决,l2:TPEX:6913,H1 人闸批准；仅在本行 product_scope 内有效。
h1-include-1814,manual_include,include,issuer,issuer:TW:6922,issuer:TW:6922,-,-,-,宸曜,L2,TPEx OpenAPI 上櫃股票基本資料（完整母集）,冻结 2026-08-28 TWSE+TPEx（不含兴柜）L2 机械母集,-,human-gate://2026-08-28/H1/issuer:TW:6922,https://www.tpex.org.tw/openapi/v1/mopsfin_t187ap03_O,2026-08-28,user,2026-08-28,已裁决,l2:TPEX:6922,H1 人闸批准；仅在本行 product_scope 内有效。
h1-include-1815,manual_include,include,issuer,issuer:TW:6925,issuer:TW:6925,-,-,-,意藍,L2,TPEx OpenAPI 上櫃股票基本資料（完整母集）,冻结 2026-08-28 TWSE+TPEx（不含兴柜）L2 机械母集,-,human-gate://2026-08-28/H1/issuer:TW:6925,https://www.tpex.org.tw/openapi/v1/mopsfin_t187ap03_O,2026-08-28,user,2026-08-28,已裁决,l2:TPEX:6925,H1 人闸批准；仅在本行 product_scope 内有效。
h1-include-1816,manual_include,include,issuer,issuer:TW:6929,issuer:TW:6929,-,-,-,佑全,L2,TPEx OpenAPI 上櫃股票基本資料（完整母集）,冻结 2026-08-28 TWSE+TPEx（不含兴柜）L2 机械母集,-,human-gate://2026-08-28/H1/issuer:TW:6929,https://www.tpex.org.tw/openapi/v1/mopsfin_t187ap03_O,2026-08-28,user,2026-08-28,已裁决,l2:TPEX:6929,H1 人闸批准；仅在本行 product_scope 内有效。
h1-include-1817,manual_include,include,issuer,issuer:TW:6945,issuer:TW:6945,-,-,-,圓祥生技,L2,TPEx OpenAPI 上櫃股票基本資料（完整母集）,冻结 2026-08-28 TWSE+TPEx（不含兴柜）L2 机械母集,-,human-gate://2026-08-28/H1/issuer:TW:6945,https://www.tpex.org.tw/openapi/v1/mopsfin_t187ap03_O,2026-08-28,user,2026-08-28,已裁决,l2:TPEX:6945,H1 人闸批准；仅在本行 product_scope 内有效。
h1-include-1818,manual_include,include,issuer,issuer:TW:6953,issuer:TW:6953,-,-,-,家碩,L2,TPEx OpenAPI 上櫃股票基本資料（完整母集）,冻结 2026-08-28 TWSE+TPEx（不含兴柜）L2 机械母集,-,human-gate://2026-08-28/H1/issuer:TW:6953,https://www.tpex.org.tw/openapi/v1/mopsfin_t187ap03_O,2026-08-28,user,2026-08-28,已裁决,l2:TPEX:6953,H1 人闸批准；仅在本行 product_scope 内有效。
h1-include-1819,manual_include,include,issuer,issuer:TW:6961,issuer:TW:6961,-,-,-,旅天下,L2,TPEx OpenAPI 上櫃股票基本資料（完整母集）,冻结 2026-08-28 TWSE+TPEx（不含兴柜）L2 机械母集,-,human-gate://2026-08-28/H1/issuer:TW:6961,https://www.tpex.org.tw/openapi/v1/mopsfin_t187ap03_O,2026-08-28,user,2026-08-28,已裁决,l2:TPEX:6961,H1 人闸批准；仅在本行 product_scope 内有效。
h1-include-1820,manual_include,include,issuer,issuer:TW:6967,issuer:TW:6967,-,-,-,汎瑋材料,L2,TPEx OpenAPI 上櫃股票基本資料（完整母集）,冻结 2026-08-28 TWSE+TPEx（不含兴柜）L2 机械母集,-,human-gate://2026-08-28/H1/issuer:TW:6967,https://www.tpex.org.tw/openapi/v1/mopsfin_t187ap03_O,2026-08-28,user,2026-08-28,已裁决,l2:TPEX:6967,H1 人闸批准；仅在本行 product_scope 内有效。
h1-include-1821,manual_include,include,issuer,issuer:TW:6968,issuer:TW:6968,-,-,-,萬達寵物,L2,TPEx OpenAPI 上櫃股票基本資料（完整母集）,冻结 2026-08-28 TWSE+TPEx（不含兴柜）L2 机械母集,-,human-gate://2026-08-28/H1/issuer:TW:6968,https://www.tpex.org.tw/openapi/v1/mopsfin_t187ap03_O,2026-08-28,user,2026-08-28,已裁决,l2:TPEX:6968,H1 人闸批准；仅在本行 product_scope 内有效。
h1-include-1822,manual_include,include,issuer,issuer:TW:6971,issuer:TW:6971,-,-,-,惠民實業,L2,TPEx OpenAPI 上櫃股票基本資料（完整母集）,冻结 2026-08-28 TWSE+TPEx（不含兴柜）L2 机械母集,-,human-gate://2026-08-28/H1/issuer:TW:6971,https://www.tpex.org.tw/openapi/v1/mopsfin_t187ap03_O,2026-08-28,user,2026-08-28,已裁决,l2:TPEX:6971,H1 人闸批准；仅在本行 product_scope 内有效。
h1-include-1823,manual_include,include,issuer,issuer:TW:6982,issuer:TW:6982,-,-,-,大井泵浦,L2,TPEx OpenAPI 上櫃股票基本資料（完整母集）,冻结 2026-08-28 TWSE+TPEx（不含兴柜）L2 机械母集,-,human-gate://2026-08-28/H1/issuer:TW:6982,https://www.tpex.org.tw/openapi/v1/mopsfin_t187ap03_O,2026-08-28,user,2026-08-28,已裁决,l2:TPEX:6982,H1 人闸批准；仅在本行 product_scope 内有效。
h1-include-1824,manual_include,include,issuer,issuer:TW:6983,issuer:TW:6983,-,-,-,華洋精機,L2,TPEx OpenAPI 上櫃股票基本資料（完整母集）,冻结 2026-08-28 TWSE+TPEx（不含兴柜）L2 机械母集,-,human-gate://2026-08-28/H1/issuer:TW:6983,https://www.tpex.org.tw/openapi/v1/mopsfin_t187ap03_O,2026-08-28,user,2026-08-28,已裁决,l2:TPEX:6983,H1 人闸批准；仅在本行 product_scope 内有效。
h1-include-1825,manual_include,include,issuer,issuer:TW:6986,issuer:TW:6986,-,-,-,和迅,L2,TPEx OpenAPI 上櫃股票基本資料（完整母集）,冻结 2026-08-28 TWSE+TPEx（不含兴柜）L2 机械母集,-,human-gate://2026-08-28/H1/issuer:TW:6986,https://www.tpex.org.tw/openapi/v1/mopsfin_t187ap03_O,2026-08-28,user,2026-08-28,已裁决,l2:TPEX:6986,H1 人闸批准；仅在本行 product_scope 内有效。
h1-include-1826,manual_include,include,issuer,issuer:TW:6996,issuer:TW:6996,-,-,-,力領科技,L2,TPEx OpenAPI 上櫃股票基本資料（完整母集）,冻结 2026-08-28 TWSE+TPEx（不含兴柜）L2 机械母集,-,human-gate://2026-08-28/H1/issuer:TW:6996,https://www.tpex.org.tw/openapi/v1/mopsfin_t187ap03_O,2026-08-28,user,2026-08-28,已裁决,l2:TPEX:6996,H1 人闸批准；仅在本行 product_scope 内有效。
h1-include-1827,manual_include,include,issuer,issuer:TW:6997,issuer:TW:6997,-,-,-,博弘,L2,TPEx OpenAPI 上櫃股票基本資料（完整母集）,冻结 2026-08-28 TWSE+TPEx（不含兴柜）L2 机械母集,-,human-gate://2026-08-28/H1/issuer:TW:6997,https://www.tpex.org.tw/openapi/v1/mopsfin_t187ap03_O,2026-08-28,user,2026-08-28,已裁决,l2:TPEX:6997,H1 人闸批准；仅在本行 product_scope 内有效。
h1-include-1828,manual_include,include,issuer,issuer:TW:7402,issuer:TW:7402,-,-,-,邑錡,L2,TPEx OpenAPI 上櫃股票基本資料（完整母集）,冻结 2026-08-28 TWSE+TPEx（不含兴柜）L2 机械母集,-,human-gate://2026-08-28/H1/issuer:TW:7402,https://www.tpex.org.tw/openapi/v1/mopsfin_t187ap03_O,2026-08-28,user,2026-08-28,已裁决,l2:TPEX:7402,H1 人闸批准；仅在本行 product_scope 内有效。
h1-include-1829,manual_include,include,issuer,issuer:TW:7547,issuer:TW:7547,-,-,-,碩網,L2,TPEx OpenAPI 上櫃股票基本資料（完整母集）,冻结 2026-08-28 TWSE+TPEx（不含兴柜）L2 机械母集,-,human-gate://2026-08-28/H1/issuer:TW:7547,https://www.tpex.org.tw/openapi/v1/mopsfin_t187ap03_O,2026-08-28,user,2026-08-28,已裁决,l2:TPEX:7547,H1 人闸批准；仅在本行 product_scope 内有效。
h1-include-1830,manual_include,include,issuer,issuer:TW:7556,issuer:TW:7556,-,-,-,意德士科技,L2,TPEx OpenAPI 上櫃股票基本資料（完整母集）,冻结 2026-08-28 TWSE+TPEx（不含兴柜）L2 机械母集,-,human-gate://2026-08-28/H1/issuer:TW:7556,https://www.tpex.org.tw/openapi/v1/mopsfin_t187ap03_O,2026-08-28,user,2026-08-28,已裁决,l2:TPEX:7556,H1 人闸批准；仅在本行 product_scope 内有效。
h1-include-1831,manual_include,include,issuer,issuer:TW:7584,issuer:TW:7584,-,-,-,樂意,L2,TPEx OpenAPI 上櫃股票基本資料（完整母集）,冻结 2026-08-28 TWSE+TPEx（不含兴柜）L2 机械母集,-,human-gate://2026-08-28/H1/issuer:TW:7584,https://www.tpex.org.tw/openapi/v1/mopsfin_t187ap03_O,2026-08-28,user,2026-08-28,已裁决,l2:TPEX:7584,H1 人闸批准；仅在本行 product_scope 内有效。
h1-include-1832,manual_include,include,issuer,issuer:TW:7642,issuer:TW:7642,-,-,-,昶瑞機電,L2,TPEx OpenAPI 上櫃股票基本資料（完整母集）,冻结 2026-08-28 TWSE+TPEx（不含兴柜）L2 机械母集,-,human-gate://2026-08-28/H1/issuer:TW:7642,https://www.tpex.org.tw/openapi/v1/mopsfin_t187ap03_O,2026-08-28,user,2026-08-28,已裁决,l2:TPEX:7642,H1 人闸批准；仅在本行 product_scope 内有效。
h1-include-1833,manual_include,include,issuer,issuer:TW:7703,issuer:TW:7703,-,-,-,銳澤,L2,TPEx OpenAPI 上櫃股票基本資料（完整母集）,冻结 2026-08-28 TWSE+TPEx（不含兴柜）L2 机械母集,-,human-gate://2026-08-28/H1/issuer:TW:7703,https://www.tpex.org.tw/openapi/v1/mopsfin_t187ap03_O,2026-08-28,user,2026-08-28,已裁决,l2:TPEX:7703,H1 人闸批准；仅在本行 product_scope 内有效。
h1-include-1834,manual_include,include,issuer,issuer:TW:7704,issuer:TW:7704,-,-,-,明遠精密,L2,TPEx OpenAPI 上櫃股票基本資料（完整母集）,冻结 2026-08-28 TWSE+TPEx（不含兴柜）L2 机械母集,-,human-gate://2026-08-28/H1/issuer:TW:7704,https://www.tpex.org.tw/openapi/v1/mopsfin_t187ap03_O,2026-08-28,user,2026-08-28,已裁决,l2:TPEX:7704,H1 人闸批准；仅在本行 product_scope 内有效。
h1-include-1835,manual_include,include,issuer,issuer:TW:7708,issuer:TW:7708,-,-,-,全家餐飲,L2,TPEx OpenAPI 上櫃股票基本資料（完整母集）,冻结 2026-08-28 TWSE+TPEx（不含兴柜）L2 机械母集,-,human-gate://2026-08-28/H1/issuer:TW:7708,https://www.tpex.org.tw/openapi/v1/mopsfin_t187ap03_O,2026-08-28,user,2026-08-28,已裁决,l2:TPEX:7708,H1 人闸批准；仅在本行 product_scope 内有效。
h1-include-1836,manual_include,include,issuer,issuer:TW:7709,issuer:TW:7709,-,-,-,榮田,L2,TPEx OpenAPI 上櫃股票基本資料（完整母集）,冻结 2026-08-28 TWSE+TPEx（不含兴柜）L2 机械母集,-,human-gate://2026-08-28/H1/issuer:TW:7709,https://www.tpex.org.tw/openapi/v1/mopsfin_t187ap03_O,2026-08-28,user,2026-08-28,已裁决,l2:TPEX:7709,H1 人闸批准；仅在本行 product_scope 内有效。
h1-include-1837,manual_include,include,issuer,issuer:TW:7712,issuer:TW:7712,-,-,-,博盛半導體,L2,TPEx OpenAPI 上櫃股票基本資料（完整母集）,冻结 2026-08-28 TWSE+TPEx（不含兴柜）L2 机械母集,-,human-gate://2026-08-28/H1/issuer:TW:7712,https://www.tpex.org.tw/openapi/v1/mopsfin_t187ap03_O,2026-08-28,user,2026-08-28,已裁决,l2:TPEX:7712,H1 人闸批准；仅在本行 product_scope 内有效。
h1-include-1838,manual_include,include,issuer,issuer:TW:7713,issuer:TW:7713,-,-,-,威力德生醫,L2,TPEx OpenAPI 上櫃股票基本資料（完整母集）,冻结 2026-08-28 TWSE+TPEx（不含兴柜）L2 机械母集,-,human-gate://2026-08-28/H1/issuer:TW:7713,https://www.tpex.org.tw/openapi/v1/mopsfin_t187ap03_O,2026-08-28,user,2026-08-28,已裁决,l2:TPEX:7713,H1 人闸批准；仅在本行 product_scope 内有效。
h1-include-1839,manual_include,include,issuer,issuer:TW:7714,issuer:TW:7714,-,-,-,創泓科技,L2,TPEx OpenAPI 上櫃股票基本資料（完整母集）,冻结 2026-08-28 TWSE+TPEx（不含兴柜）L2 机械母集,-,human-gate://2026-08-28/H1/issuer:TW:7714,https://www.tpex.org.tw/openapi/v1/mopsfin_t187ap03_O,2026-08-28,user,2026-08-28,已裁决,l2:TPEX:7714,H1 人闸批准；仅在本行 product_scope 内有效。
h1-include-1840,manual_include,include,issuer,issuer:TW:7715,issuer:TW:7715,-,-,-,裕山,L2,TPEx OpenAPI 上櫃股票基本資料（完整母集）,冻结 2026-08-28 TWSE+TPEx（不含兴柜）L2 机械母集,-,human-gate://2026-08-28/H1/issuer:TW:7715,https://www.tpex.org.tw/openapi/v1/mopsfin_t187ap03_O,2026-08-28,user,2026-08-28,已裁决,l2:TPEX:7715,H1 人闸批准；仅在本行 product_scope 内有效。
h1-include-1841,manual_include,include,issuer,issuer:TW:7716,issuer:TW:7716,-,-,-,昱臺國際,L2,TPEx OpenAPI 上櫃股票基本資料（完整母集）,冻结 2026-08-28 TWSE+TPEx（不含兴柜）L2 机械母集,-,human-gate://2026-08-28/H1/issuer:TW:7716,https://www.tpex.org.tw/openapi/v1/mopsfin_t187ap03_O,2026-08-28,user,2026-08-28,已裁决,l2:TPEX:7716,H1 人闸批准；仅在本行 product_scope 内有效。
h1-include-1842,manual_include,include,issuer,issuer:TW:7717,issuer:TW:7717,-,-,-,萊德光電-KY,L2,TPEx OpenAPI 上櫃股票基本資料（完整母集）,冻结 2026-08-28 TWSE+TPEx（不含兴柜）L2 机械母集,-,human-gate://2026-08-28/H1/issuer:TW:7717,https://www.tpex.org.tw/openapi/v1/mopsfin_t187ap03_O,2026-08-28,user,2026-08-28,已裁决,l2:TPEX:7717,H1 人闸批准；仅在本行 product_scope 内有效。
h1-include-1843,manual_include,include,issuer,issuer:TW:7718,issuer:TW:7718,-,-,-,友鋮,L2,TPEx OpenAPI 上櫃股票基本資料（完整母集）,冻结 2026-08-28 TWSE+TPEx（不含兴柜）L2 机械母集,-,human-gate://2026-08-28/H1/issuer:TW:7718,https://www.tpex.org.tw/openapi/v1/mopsfin_t187ap03_O,2026-08-28,user,2026-08-28,已裁决,l2:TPEX:7718,H1 人闸批准；仅在本行 product_scope 内有效。
h1-include-1844,manual_include,include,issuer,issuer:TW:7723,issuer:TW:7723,-,-,-,築間,L2,TPEx OpenAPI 上櫃股票基本資料（完整母集）,冻结 2026-08-28 TWSE+TPEx（不含兴柜）L2 机械母集,-,human-gate://2026-08-28/H1/issuer:TW:7723,https://www.tpex.org.tw/openapi/v1/mopsfin_t187ap03_O,2026-08-28,user,2026-08-28,已裁决,l2:TPEX:7723,H1 人闸批准；仅在本行 product_scope 内有效。
h1-include-1845,manual_include,include,issuer,issuer:TW:7728,issuer:TW:7728,-,-,-,光焱科技,L2,TPEx OpenAPI 上櫃股票基本資料（完整母集）,冻结 2026-08-28 TWSE+TPEx（不含兴柜）L2 机械母集,-,human-gate://2026-08-28/H1/issuer:TW:7728,https://www.tpex.org.tw/openapi/v1/mopsfin_t187ap03_O,2026-08-28,user,2026-08-28,已裁决,l2:TPEX:7728,H1 人闸批准；仅在本行 product_scope 内有效。
h1-include-1846,manual_include,include,issuer,issuer:TW:7734,issuer:TW:7734,-,-,-,印能科技,L2,TPEx OpenAPI 上櫃股票基本資料（完整母集）,冻结 2026-08-28 TWSE+TPEx（不含兴柜）L2 机械母集,-,human-gate://2026-08-28/H1/issuer:TW:7734,https://www.tpex.org.tw/openapi/v1/mopsfin_t187ap03_O,2026-08-28,user,2026-08-28,已裁决,l2:TPEX:7734,H1 人闸批准；仅在本行 product_scope 内有效。
h1-include-1847,manual_include,include,issuer,issuer:TW:7738,issuer:TW:7738,-,-,-,東聯互動,L2,TPEx OpenAPI 上櫃股票基本資料（完整母集）,冻结 2026-08-28 TWSE+TPEx（不含兴柜）L2 机械母集,-,human-gate://2026-08-28/H1/issuer:TW:7738,https://www.tpex.org.tw/openapi/v1/mopsfin_t187ap03_O,2026-08-28,user,2026-08-28,已裁决,l2:TPEX:7738,H1 人闸批准；仅在本行 product_scope 内有效。
h1-include-1848,manual_include,include,issuer,issuer:TW:7743,issuer:TW:7743,-,-,-,金利食安,L2,TPEx OpenAPI 上櫃股票基本資料（完整母集）,冻结 2026-08-28 TWSE+TPEx（不含兴柜）L2 机械母集,-,human-gate://2026-08-28/H1/issuer:TW:7743,https://www.tpex.org.tw/openapi/v1/mopsfin_t187ap03_O,2026-08-28,user,2026-08-28,已裁决,l2:TPEX:7743,H1 人闸批准；仅在本行 product_scope 内有效。
h1-include-1849,manual_include,include,issuer,issuer:TW:7744,issuer:TW:7744,-,-,-,崴寶,L2,TPEx OpenAPI 上櫃股票基本資料（完整母集）,冻结 2026-08-28 TWSE+TPEx（不含兴柜）L2 机械母集,-,human-gate://2026-08-28/H1/issuer:TW:7744,https://www.tpex.org.tw/openapi/v1/mopsfin_t187ap03_O,2026-08-28,user,2026-08-28,已裁决,l2:TPEX:7744,H1 人闸批准；仅在本行 product_scope 内有效。
h1-include-1850,manual_include,include,issuer,issuer:TW:7747,issuer:TW:7747,-,-,-,昕奇雲端,L2,TPEx OpenAPI 上櫃股票基本資料（完整母集）,冻结 2026-08-28 TWSE+TPEx（不含兴柜）L2 机械母集,-,human-gate://2026-08-28/H1/issuer:TW:7747,https://www.tpex.org.tw/openapi/v1/mopsfin_t187ap03_O,2026-08-28,user,2026-08-28,已裁决,l2:TPEX:7747,H1 人闸批准；仅在本行 product_scope 内有效。
h1-include-1851,manual_include,include,issuer,issuer:TW:7751,issuer:TW:7751,-,-,-,竑騰,L2,TPEx OpenAPI 上櫃股票基本資料（完整母集）,冻结 2026-08-28 TWSE+TPEx（不含兴柜）L2 机械母集,-,human-gate://2026-08-28/H1/issuer:TW:7751,https://www.tpex.org.tw/openapi/v1/mopsfin_t187ap03_O,2026-08-28,user,2026-08-28,已裁决,l2:TPEX:7751,H1 人闸批准；仅在本行 product_scope 内有效。
h1-include-1852,manual_include,include,issuer,issuer:TW:7753,issuer:TW:7753,-,-,-,星亞,L2,TPEx OpenAPI 上櫃股票基本資料（完整母集）,冻结 2026-08-28 TWSE+TPEx（不含兴柜）L2 机械母集,-,human-gate://2026-08-28/H1/issuer:TW:7753,https://www.tpex.org.tw/openapi/v1/mopsfin_t187ap03_O,2026-08-28,user,2026-08-28,已裁决,l2:TPEX:7753,H1 人闸批准；仅在本行 product_scope 内有效。
h1-include-1853,manual_include,include,issuer,issuer:TW:7757,issuer:TW:7757,-,-,-,金色三麥,L2,TPEx OpenAPI 上櫃股票基本資料（完整母集）,冻结 2026-08-28 TWSE+TPEx（不含兴柜）L2 机械母集,-,human-gate://2026-08-28/H1/issuer:TW:7757,https://www.tpex.org.tw/openapi/v1/mopsfin_t187ap03_O,2026-08-28,user,2026-08-28,已裁决,l2:TPEX:7757,H1 人闸批准；仅在本行 product_scope 内有效。
h1-include-1854,manual_include,include,issuer,issuer:TW:7767,issuer:TW:7767,-,-,-,仁大資訊,L2,TPEx OpenAPI 上櫃股票基本資料（完整母集）,冻结 2026-08-28 TWSE+TPEx（不含兴柜）L2 机械母集,-,human-gate://2026-08-28/H1/issuer:TW:7767,https://www.tpex.org.tw/openapi/v1/mopsfin_t187ap03_O,2026-08-28,user,2026-08-28,已裁决,l2:TPEX:7767,H1 人闸批准；仅在本行 product_scope 内有效。
h1-include-1855,manual_include,include,issuer,issuer:TW:7770,issuer:TW:7770,-,-,-,君曜,L2,TPEx OpenAPI 上櫃股票基本資料（完整母集）,冻结 2026-08-28 TWSE+TPEx（不含兴柜）L2 机械母集,-,human-gate://2026-08-28/H1/issuer:TW:7770,https://www.tpex.org.tw/openapi/v1/mopsfin_t187ap03_O,2026-08-28,user,2026-08-28,已裁决,l2:TPEX:7770,H1 人闸批准；仅在本行 product_scope 内有效。
h1-include-1856,manual_include,include,issuer,issuer:TW:7772,issuer:TW:7772,-,-,-,耀穎,L2,TPEx OpenAPI 上櫃股票基本資料（完整母集）,冻结 2026-08-28 TWSE+TPEx（不含兴柜）L2 机械母集,-,human-gate://2026-08-28/H1/issuer:TW:7772,https://www.tpex.org.tw/openapi/v1/mopsfin_t187ap03_O,2026-08-28,user,2026-08-28,已裁决,l2:TPEX:7772,H1 人闸批准；仅在本行 product_scope 内有效。
h1-include-1857,manual_include,include,issuer,issuer:TW:7777,issuer:TW:7777,-,-,-,能率亞洲,L2,TPEx OpenAPI 上櫃股票基本資料（完整母集）,冻结 2026-08-28 TWSE+TPEx（不含兴柜）L2 机械母集,-,human-gate://2026-08-28/H1/issuer:TW:7777,https://www.tpex.org.tw/openapi/v1/mopsfin_t187ap03_O,2026-08-28,user,2026-08-28,已裁决,l2:TPEX:7777,H1 人闸批准；仅在本行 product_scope 内有效。
h1-include-1858,manual_include,include,issuer,issuer:TW:7782,issuer:TW:7782,-,-,-,光速火箭,L2,TPEx OpenAPI 上櫃股票基本資料（完整母集）,冻结 2026-08-28 TWSE+TPEx（不含兴柜）L2 机械母集,-,human-gate://2026-08-28/H1/issuer:TW:7782,https://www.tpex.org.tw/openapi/v1/mopsfin_t187ap03_O,2026-08-28,user,2026-08-28,已裁决,l2:TPEX:7782,H1 人闸批准；仅在本行 product_scope 内有效。
h1-include-1859,manual_include,include,issuer,issuer:TW:7792,issuer:TW:7792,-,-,-,安葆,L2,TPEx OpenAPI 上櫃股票基本資料（完整母集）,冻结 2026-08-28 TWSE+TPEx（不含兴柜）L2 机械母集,-,human-gate://2026-08-28/H1/issuer:TW:7792,https://www.tpex.org.tw/openapi/v1/mopsfin_t187ap03_O,2026-08-28,user,2026-08-28,已裁决,l2:TPEX:7792,H1 人闸批准；仅在本行 product_scope 内有效。
h1-include-1860,manual_include,include,issuer,issuer:TW:7794,issuer:TW:7794,-,-,-,宏碁智新,L2,TPEx OpenAPI 上櫃股票基本資料（完整母集）,冻结 2026-08-28 TWSE+TPEx（不含兴柜）L2 机械母集,-,human-gate://2026-08-28/H1/issuer:TW:7794,https://www.tpex.org.tw/openapi/v1/mopsfin_t187ap03_O,2026-08-28,user,2026-08-28,已裁决,l2:TPEX:7794,H1 人闸批准；仅在本行 product_scope 内有效。
h1-include-1861,manual_include,include,issuer,issuer:TW:7805,issuer:TW:7805,-,-,-,威聯通,L2,TPEx OpenAPI 上櫃股票基本資料（完整母集）,冻结 2026-08-28 TWSE+TPEx（不含兴柜）L2 机械母集,-,human-gate://2026-08-28/H1/issuer:TW:7805,https://www.tpex.org.tw/openapi/v1/mopsfin_t187ap03_O,2026-08-28,user,2026-08-28,已裁决,l2:TPEX:7805,H1 人闸批准；仅在本行 product_scope 内有效。
h1-include-1862,manual_include,include,issuer,issuer:TW:7810,issuer:TW:7810,-,-,-,捷創科技,L2,TPEx OpenAPI 上櫃股票基本資料（完整母集）,冻结 2026-08-28 TWSE+TPEx（不含兴柜）L2 机械母集,-,human-gate://2026-08-28/H1/issuer:TW:7810,https://www.tpex.org.tw/openapi/v1/mopsfin_t187ap03_O,2026-08-28,user,2026-08-28,已裁决,l2:TPEX:7810,H1 人闸批准；仅在本行 product_scope 内有效。
h1-include-1863,manual_include,include,issuer,issuer:TW:7811,issuer:TW:7811,-,-,-,民盛,L2,TPEx OpenAPI 上櫃股票基本資料（完整母集）,冻结 2026-08-28 TWSE+TPEx（不含兴柜）L2 机械母集,-,human-gate://2026-08-28/H1/issuer:TW:7811,https://www.tpex.org.tw/openapi/v1/mopsfin_t187ap03_O,2026-08-28,user,2026-08-28,已裁决,l2:TPEX:7811,H1 人闸批准；仅在本行 product_scope 内有效。
h1-include-1864,manual_include,include,issuer,issuer:TW:7814,issuer:TW:7814,-,-,-,海昌生技,L2,TPEx OpenAPI 上櫃股票基本資料（完整母集）,冻结 2026-08-28 TWSE+TPEx（不含兴柜）L2 机械母集,-,human-gate://2026-08-28/H1/issuer:TW:7814,https://www.tpex.org.tw/openapi/v1/mopsfin_t187ap03_O,2026-08-28,user,2026-08-28,已裁决,l2:TPEX:7814,H1 人闸批准；仅在本行 product_scope 内有效。
h1-include-1865,manual_include,include,issuer,issuer:TW:7819,issuer:TW:7819,-,-,-,精誠金融,L2,TPEx OpenAPI 上櫃股票基本資料（完整母集）,冻结 2026-08-28 TWSE+TPEx（不含兴柜）L2 机械母集,-,human-gate://2026-08-28/H1/issuer:TW:7819,https://www.tpex.org.tw/openapi/v1/mopsfin_t187ap03_O,2026-08-28,user,2026-08-28,已裁决,l2:TPEX:7819,H1 人闸批准；仅在本行 product_scope 内有效。
h1-include-1866,manual_include,include,issuer,issuer:TW:7820,issuer:TW:7820,-,-,-,立盈,L2,TPEx OpenAPI 上櫃股票基本資料（完整母集）,冻结 2026-08-28 TWSE+TPEx（不含兴柜）L2 机械母集,-,human-gate://2026-08-28/H1/issuer:TW:7820,https://www.tpex.org.tw/openapi/v1/mopsfin_t187ap03_O,2026-08-28,user,2026-08-28,已裁决,l2:TPEX:7820,H1 人闸批准；仅在本行 product_scope 内有效。
h1-include-1867,manual_include,include,issuer,issuer:TW:7828,issuer:TW:7828,-,-,-,創新服務,L2,TPEx OpenAPI 上櫃股票基本資料（完整母集）,冻结 2026-08-28 TWSE+TPEx（不含兴柜）L2 机械母集,-,human-gate://2026-08-28/H1/issuer:TW:7828,https://www.tpex.org.tw/openapi/v1/mopsfin_t187ap03_O,2026-08-28,user,2026-08-28,已裁决,l2:TPEX:7828,H1 人闸批准；仅在本行 product_scope 内有效。
h1-include-1868,manual_include,include,issuer,issuer:TW:7839,issuer:TW:7839,-,-,-,達人網,L2,TPEx OpenAPI 上櫃股票基本資料（完整母集）,冻结 2026-08-28 TWSE+TPEx（不含兴柜）L2 机械母集,-,human-gate://2026-08-28/H1/issuer:TW:7839,https://www.tpex.org.tw/openapi/v1/mopsfin_t187ap03_O,2026-08-28,user,2026-08-28,已裁决,l2:TPEX:7839,H1 人闸批准；仅在本行 product_scope 内有效。
h1-include-1869,manual_include,include,issuer,issuer:TW:7842,issuer:TW:7842,-,-,-,天能綠電,L2,TPEx OpenAPI 上櫃股票基本資料（完整母集）,冻结 2026-08-28 TWSE+TPEx（不含兴柜）L2 机械母集,-,human-gate://2026-08-28/H1/issuer:TW:7842,https://www.tpex.org.tw/openapi/v1/mopsfin_t187ap03_O,2026-08-28,user,2026-08-28,已裁决,l2:TPEX:7842,H1 人闸批准；仅在本行 product_scope 内有效。
h1-include-1870,manual_include,include,issuer,issuer:TW:8024,issuer:TW:8024,-,-,-,佑華,L2,TPEx OpenAPI 上櫃股票基本資料（完整母集）,冻结 2026-08-28 TWSE+TPEx（不含兴柜）L2 机械母集,-,human-gate://2026-08-28/H1/issuer:TW:8024,https://www.tpex.org.tw/openapi/v1/mopsfin_t187ap03_O,2026-08-28,user,2026-08-28,已裁决,l2:TPEX:8024,H1 人闸批准；仅在本行 product_scope 内有效。
h1-include-1871,manual_include,include,issuer,issuer:TW:8027,issuer:TW:8027,-,-,-,鈦昇,L2,TPEx OpenAPI 上櫃股票基本資料（完整母集）,冻结 2026-08-28 TWSE+TPEx（不含兴柜）L2 机械母集,-,human-gate://2026-08-28/H1/issuer:TW:8027,https://www.tpex.org.tw/openapi/v1/mopsfin_t187ap03_O,2026-08-28,user,2026-08-28,已裁决,l2:TPEX:8027,H1 人闸批准；仅在本行 product_scope 内有效。
h1-include-1872,manual_include,include,issuer,issuer:TW:8032,issuer:TW:8032,-,-,-,光菱,L2,TPEx OpenAPI 上櫃股票基本資料（完整母集）,冻结 2026-08-28 TWSE+TPEx（不含兴柜）L2 机械母集,-,human-gate://2026-08-28/H1/issuer:TW:8032,https://www.tpex.org.tw/openapi/v1/mopsfin_t187ap03_O,2026-08-28,user,2026-08-28,已裁决,l2:TPEX:8032,H1 人闸批准；仅在本行 product_scope 内有效。
h1-include-1873,manual_include,include,issuer,issuer:TW:8034,issuer:TW:8034,-,-,-,榮群,L2,TPEx OpenAPI 上櫃股票基本資料（完整母集）,冻结 2026-08-28 TWSE+TPEx（不含兴柜）L2 机械母集,-,human-gate://2026-08-28/H1/issuer:TW:8034,https://www.tpex.org.tw/openapi/v1/mopsfin_t187ap03_O,2026-08-28,user,2026-08-28,已裁决,l2:TPEX:8034,H1 人闸批准；仅在本行 product_scope 内有效。
h1-include-1874,manual_include,include,issuer,issuer:TW:8038,issuer:TW:8038,-,-,-,長園科,L2,TPEx OpenAPI 上櫃股票基本資料（完整母集）,冻结 2026-08-28 TWSE+TPEx（不含兴柜）L2 机械母集,-,human-gate://2026-08-28/H1/issuer:TW:8038,https://www.tpex.org.tw/openapi/v1/mopsfin_t187ap03_O,2026-08-28,user,2026-08-28,已裁决,l2:TPEX:8038,H1 人闸批准；仅在本行 product_scope 内有效。
h1-include-1875,manual_include,include,issuer,issuer:TW:8040,issuer:TW:8040,-,-,-,九暘,L2,TPEx OpenAPI 上櫃股票基本資料（完整母集）,冻结 2026-08-28 TWSE+TPEx（不含兴柜）L2 机械母集,-,human-gate://2026-08-28/H1/issuer:TW:8040,https://www.tpex.org.tw/openapi/v1/mopsfin_t187ap03_O,2026-08-28,user,2026-08-28,已裁决,l2:TPEX:8040,H1 人闸批准；仅在本行 product_scope 内有效。
h1-include-1876,manual_include,include,issuer,issuer:TW:8042,issuer:TW:8042,-,-,-,金山電,L2,TPEx OpenAPI 上櫃股票基本資料（完整母集）,冻结 2026-08-28 TWSE+TPEx（不含兴柜）L2 机械母集,-,human-gate://2026-08-28/H1/issuer:TW:8042,https://www.tpex.org.tw/openapi/v1/mopsfin_t187ap03_O,2026-08-28,user,2026-08-28,已裁决,l2:TPEX:8042,H1 人闸批准；仅在本行 product_scope 内有效。
h1-include-1877,manual_include,include,issuer,issuer:TW:8043,issuer:TW:8043,-,-,-,蜜望實,L2,TPEx OpenAPI 上櫃股票基本資料（完整母集）,冻结 2026-08-28 TWSE+TPEx（不含兴柜）L2 机械母集,-,human-gate://2026-08-28/H1/issuer:TW:8043,https://www.tpex.org.tw/openapi/v1/mopsfin_t187ap03_O,2026-08-28,user,2026-08-28,已裁决,l2:TPEX:8043,H1 人闸批准；仅在本行 product_scope 内有效。
h1-include-1878,manual_include,include,issuer,issuer:TW:8044,issuer:TW:8044,-,-,-,網家,L2,TPEx OpenAPI 上櫃股票基本資料（完整母集）,冻结 2026-08-28 TWSE+TPEx（不含兴柜）L2 机械母集,-,human-gate://2026-08-28/H1/issuer:TW:8044,https://www.tpex.org.tw/openapi/v1/mopsfin_t187ap03_O,2026-08-28,user,2026-08-28,已裁决,l2:TPEX:8044,H1 人闸批准；仅在本行 product_scope 内有效。
h1-include-1879,manual_include,include,issuer,issuer:TW:8047,issuer:TW:8047,-,-,-,星雲,L2,TPEx OpenAPI 上櫃股票基本資料（完整母集）,冻结 2026-08-28 TWSE+TPEx（不含兴柜）L2 机械母集,-,human-gate://2026-08-28/H1/issuer:TW:8047,https://www.tpex.org.tw/openapi/v1/mopsfin_t187ap03_O,2026-08-28,user,2026-08-28,已裁决,l2:TPEX:8047,H1 人闸批准；仅在本行 product_scope 内有效。
h1-include-1880,manual_include,include,issuer,issuer:TW:8048,issuer:TW:8048,-,-,-,德勝,L2,TPEx OpenAPI 上櫃股票基本資料（完整母集）,冻结 2026-08-28 TWSE+TPEx（不含兴柜）L2 机械母集,-,human-gate://2026-08-28/H1/issuer:TW:8048,https://www.tpex.org.tw/openapi/v1/mopsfin_t187ap03_O,2026-08-28,user,2026-08-28,已裁决,l2:TPEX:8048,H1 人闸批准；仅在本行 product_scope 内有效。
h1-include-1881,manual_include,include,issuer,issuer:TW:8049,issuer:TW:8049,-,-,-,晶采,L2,TPEx OpenAPI 上櫃股票基本資料（完整母集）,冻结 2026-08-28 TWSE+TPEx（不含兴柜）L2 机械母集,-,human-gate://2026-08-28/H1/issuer:TW:8049,https://www.tpex.org.tw/openapi/v1/mopsfin_t187ap03_O,2026-08-28,user,2026-08-28,已裁决,l2:TPEX:8049,H1 人闸批准；仅在本行 product_scope 内有效。
h1-include-1882,manual_include,include,issuer,issuer:TW:8050,issuer:TW:8050,-,-,-,廣積,L2,TPEx OpenAPI 上櫃股票基本資料（完整母集）,冻结 2026-08-28 TWSE+TPEx（不含兴柜）L2 机械母集,-,human-gate://2026-08-28/H1/issuer:TW:8050,https://www.tpex.org.tw/openapi/v1/mopsfin_t187ap03_O,2026-08-28,user,2026-08-28,已裁决,l2:TPEX:8050,H1 人闸批准；仅在本行 product_scope 内有效。
h1-include-1883,manual_include,include,issuer,issuer:TW:8054,issuer:TW:8054,-,-,-,安國,L2,TPEx OpenAPI 上櫃股票基本資料（完整母集）,冻结 2026-08-28 TWSE+TPEx（不含兴柜）L2 机械母集,-,human-gate://2026-08-28/H1/issuer:TW:8054,https://www.tpex.org.tw/openapi/v1/mopsfin_t187ap03_O,2026-08-28,user,2026-08-28,已裁决,l2:TPEX:8054,H1 人闸批准；仅在本行 product_scope 内有效。
h1-include-1884,manual_include,include,issuer,issuer:TW:8059,issuer:TW:8059,-,-,-,凱碩,L2,TPEx OpenAPI 上櫃股票基本資料（完整母集）,冻结 2026-08-28 TWSE+TPEx（不含兴柜）L2 机械母集,-,human-gate://2026-08-28/H1/issuer:TW:8059,https://www.tpex.org.tw/openapi/v1/mopsfin_t187ap03_O,2026-08-28,user,2026-08-28,已裁决,l2:TPEX:8059,H1 人闸批准；仅在本行 product_scope 内有效。
h1-include-1885,manual_include,include,issuer,issuer:TW:8064,issuer:TW:8064,-,-,-,東捷,L2,TPEx OpenAPI 上櫃股票基本資料（完整母集）,冻结 2026-08-28 TWSE+TPEx（不含兴柜）L2 机械母集,-,human-gate://2026-08-28/H1/issuer:TW:8064,https://www.tpex.org.tw/openapi/v1/mopsfin_t187ap03_O,2026-08-28,user,2026-08-28,已裁决,l2:TPEX:8064,H1 人闸批准；仅在本行 product_scope 内有效。
h1-include-1886,manual_include,include,issuer,issuer:TW:8066,issuer:TW:8066,-,-,-,來思達,L2,TPEx OpenAPI 上櫃股票基本資料（完整母集）,冻结 2026-08-28 TWSE+TPEx（不含兴柜）L2 机械母集,-,human-gate://2026-08-28/H1/issuer:TW:8066,https://www.tpex.org.tw/openapi/v1/mopsfin_t187ap03_O,2026-08-28,user,2026-08-28,已裁决,l2:TPEX:8066,H1 人闸批准；仅在本行 product_scope 内有效。
h1-include-1887,manual_include,include,issuer,issuer:TW:8067,issuer:TW:8067,-,-,-,志旭,L2,TPEx OpenAPI 上櫃股票基本資料（完整母集）,冻结 2026-08-28 TWSE+TPEx（不含兴柜）L2 机械母集,-,human-gate://2026-08-28/H1/issuer:TW:8067,https://www.tpex.org.tw/openapi/v1/mopsfin_t187ap03_O,2026-08-28,user,2026-08-28,已裁决,l2:TPEX:8067,H1 人闸批准；仅在本行 product_scope 内有效。
h1-include-1888,manual_include,include,issuer,issuer:TW:8068,issuer:TW:8068,-,-,-,全達,L2,TPEx OpenAPI 上櫃股票基本資料（完整母集）,冻结 2026-08-28 TWSE+TPEx（不含兴柜）L2 机械母集,-,human-gate://2026-08-28/H1/issuer:TW:8068,https://www.tpex.org.tw/openapi/v1/mopsfin_t187ap03_O,2026-08-28,user,2026-08-28,已裁决,l2:TPEX:8068,H1 人闸批准；仅在本行 product_scope 内有效。
h1-include-1889,manual_include,include,issuer,issuer:TW:8069,issuer:TW:8069,-,-,-,元太,L2,TPEx OpenAPI 上櫃股票基本資料（完整母集）,冻结 2026-08-28 TWSE+TPEx（不含兴柜）L2 机械母集,-,human-gate://2026-08-28/H1/issuer:TW:8069,https://www.tpex.org.tw/openapi/v1/mopsfin_t187ap03_O,2026-08-28,user,2026-08-28,已裁决,l2:TPEX:8069,H1 人闸批准；仅在本行 product_scope 内有效。
h1-include-1890,manual_include,include,issuer,issuer:TW:8071,issuer:TW:8071,-,-,-,能率網通,L2,TPEx OpenAPI 上櫃股票基本資料（完整母集）,冻结 2026-08-28 TWSE+TPEx（不含兴柜）L2 机械母集,-,human-gate://2026-08-28/H1/issuer:TW:8071,https://www.tpex.org.tw/openapi/v1/mopsfin_t187ap03_O,2026-08-28,user,2026-08-28,已裁决,l2:TPEX:8071,H1 人闸批准；仅在本行 product_scope 内有效。
h1-include-1891,manual_include,include,issuer,issuer:TW:8074,issuer:TW:8074,-,-,-,鉅橡,L2,TPEx OpenAPI 上櫃股票基本資料（完整母集）,冻结 2026-08-28 TWSE+TPEx（不含兴柜）L2 机械母集,-,human-gate://2026-08-28/H1/issuer:TW:8074,https://www.tpex.org.tw/openapi/v1/mopsfin_t187ap03_O,2026-08-28,user,2026-08-28,已裁决,l2:TPEX:8074,H1 人闸批准；仅在本行 product_scope 内有效。
h1-include-1892,manual_include,include,issuer,issuer:TW:8076,issuer:TW:8076,-,-,-,伍豐,L2,TPEx OpenAPI 上櫃股票基本資料（完整母集）,冻结 2026-08-28 TWSE+TPEx（不含兴柜）L2 机械母集,-,human-gate://2026-08-28/H1/issuer:TW:8076,https://www.tpex.org.tw/openapi/v1/mopsfin_t187ap03_O,2026-08-28,user,2026-08-28,已裁决,l2:TPEX:8076,H1 人闸批准；仅在本行 product_scope 内有效。
h1-include-1893,manual_include,include,issuer,issuer:TW:8077,issuer:TW:8077,-,-,-,洛碁,L2,TPEx OpenAPI 上櫃股票基本資料（完整母集）,冻结 2026-08-28 TWSE+TPEx（不含兴柜）L2 机械母集,-,human-gate://2026-08-28/H1/issuer:TW:8077,https://www.tpex.org.tw/openapi/v1/mopsfin_t187ap03_O,2026-08-28,user,2026-08-28,已裁决,l2:TPEX:8077,H1 人闸批准；仅在本行 product_scope 内有效。
h1-include-1894,manual_include,include,issuer,issuer:TW:8080,issuer:TW:8080,-,-,-,泰霖,L2,TPEx OpenAPI 上櫃股票基本資料（完整母集）,冻结 2026-08-28 TWSE+TPEx（不含兴柜）L2 机械母集,-,human-gate://2026-08-28/H1/issuer:TW:8080,https://www.tpex.org.tw/openapi/v1/mopsfin_t187ap03_O,2026-08-28,user,2026-08-28,已裁决,l2:TPEX:8080,H1 人闸批准；仅在本行 product_scope 内有效。
h1-include-1895,manual_include,include,issuer,issuer:TW:8083,issuer:TW:8083,-,-,-,瑞穎,L2,TPEx OpenAPI 上櫃股票基本資料（完整母集）,冻结 2026-08-28 TWSE+TPEx（不含兴柜）L2 机械母集,-,human-gate://2026-08-28/H1/issuer:TW:8083,https://www.tpex.org.tw/openapi/v1/mopsfin_t187ap03_O,2026-08-28,user,2026-08-28,已裁决,l2:TPEX:8083,H1 人闸批准；仅在本行 product_scope 内有效。
h1-include-1896,manual_include,include,issuer,issuer:TW:8084,issuer:TW:8084,-,-,-,巨虹,L2,TPEx OpenAPI 上櫃股票基本資料（完整母集）,冻结 2026-08-28 TWSE+TPEx（不含兴柜）L2 机械母集,-,human-gate://2026-08-28/H1/issuer:TW:8084,https://www.tpex.org.tw/openapi/v1/mopsfin_t187ap03_O,2026-08-28,user,2026-08-28,已裁决,l2:TPEX:8084,H1 人闸批准；仅在本行 product_scope 内有效。
h1-include-1897,manual_include,include,issuer,issuer:TW:8085,issuer:TW:8085,-,-,-,福華,L2,TPEx OpenAPI 上櫃股票基本資料（完整母集）,冻结 2026-08-28 TWSE+TPEx（不含兴柜）L2 机械母集,-,human-gate://2026-08-28/H1/issuer:TW:8085,https://www.tpex.org.tw/openapi/v1/mopsfin_t187ap03_O,2026-08-28,user,2026-08-28,已裁决,l2:TPEX:8085,H1 人闸批准；仅在本行 product_scope 内有效。
h1-include-1898,manual_include,include,issuer,issuer:TW:8086,issuer:TW:8086,-,-,-,宏捷科,L2,TPEx OpenAPI 上櫃股票基本資料（完整母集）,冻结 2026-08-28 TWSE+TPEx（不含兴柜）L2 机械母集,-,human-gate://2026-08-28/H1/issuer:TW:8086,https://www.tpex.org.tw/openapi/v1/mopsfin_t187ap03_O,2026-08-28,user,2026-08-28,已裁决,l2:TPEX:8086,H1 人闸批准；仅在本行 product_scope 内有效。
h1-include-1899,manual_include,include,issuer,issuer:TW:8087,issuer:TW:8087,-,-,-,麗升能源,L2,TPEx OpenAPI 上櫃股票基本資料（完整母集）,冻结 2026-08-28 TWSE+TPEx（不含兴柜）L2 机械母集,-,human-gate://2026-08-28/H1/issuer:TW:8087,https://www.tpex.org.tw/openapi/v1/mopsfin_t187ap03_O,2026-08-28,user,2026-08-28,已裁决,l2:TPEX:8087,H1 人闸批准；仅在本行 product_scope 内有效。
h1-include-1900,manual_include,include,issuer,issuer:TW:8088,issuer:TW:8088,-,-,-,品安,L2,TPEx OpenAPI 上櫃股票基本資料（完整母集）,冻结 2026-08-28 TWSE+TPEx（不含兴柜）L2 机械母集,-,human-gate://2026-08-28/H1/issuer:TW:8088,https://www.tpex.org.tw/openapi/v1/mopsfin_t187ap03_O,2026-08-28,user,2026-08-28,已裁决,l2:TPEX:8088,H1 人闸批准；仅在本行 product_scope 内有效。
h1-include-1901,manual_include,include,issuer,issuer:TW:8089,issuer:TW:8089,-,-,-,康全電訊,L2,TPEx OpenAPI 上櫃股票基本資料（完整母集）,冻结 2026-08-28 TWSE+TPEx（不含兴柜）L2 机械母集,-,human-gate://2026-08-28/H1/issuer:TW:8089,https://www.tpex.org.tw/openapi/v1/mopsfin_t187ap03_O,2026-08-28,user,2026-08-28,已裁决,l2:TPEX:8089,H1 人闸批准；仅在本行 product_scope 内有效。
h1-include-1902,manual_include,include,issuer,issuer:TW:8091,issuer:TW:8091,-,-,-,翔名,L2,TPEx OpenAPI 上櫃股票基本資料（完整母集）,冻结 2026-08-28 TWSE+TPEx（不含兴柜）L2 机械母集,-,human-gate://2026-08-28/H1/issuer:TW:8091,https://www.tpex.org.tw/openapi/v1/mopsfin_t187ap03_O,2026-08-28,user,2026-08-28,已裁决,l2:TPEX:8091,H1 人闸批准；仅在本行 product_scope 内有效。
h1-include-1903,manual_include,include,issuer,issuer:TW:8092,issuer:TW:8092,-,-,-,建暐,L2,TPEx OpenAPI 上櫃股票基本資料（完整母集）,冻结 2026-08-28 TWSE+TPEx（不含兴柜）L2 机械母集,-,human-gate://2026-08-28/H1/issuer:TW:8092,https://www.tpex.org.tw/openapi/v1/mopsfin_t187ap03_O,2026-08-28,user,2026-08-28,已裁决,l2:TPEX:8092,H1 人闸批准；仅在本行 product_scope 内有效。
h1-include-1904,manual_include,include,issuer,issuer:TW:8093,issuer:TW:8093,-,-,-,保銳,L2,TPEx OpenAPI 上櫃股票基本資料（完整母集）,冻结 2026-08-28 TWSE+TPEx（不含兴柜）L2 机械母集,-,human-gate://2026-08-28/H1/issuer:TW:8093,https://www.tpex.org.tw/openapi/v1/mopsfin_t187ap03_O,2026-08-28,user,2026-08-28,已裁决,l2:TPEX:8093,H1 人闸批准；仅在本行 product_scope 内有效。
h1-include-1905,manual_include,include,issuer,issuer:TW:8096,issuer:TW:8096,-,-,-,擎亞,L2,TPEx OpenAPI 上櫃股票基本資料（完整母集）,冻结 2026-08-28 TWSE+TPEx（不含兴柜）L2 机械母集,-,human-gate://2026-08-28/H1/issuer:TW:8096,https://www.tpex.org.tw/openapi/v1/mopsfin_t187ap03_O,2026-08-28,user,2026-08-28,已裁决,l2:TPEX:8096,H1 人闸批准；仅在本行 product_scope 内有效。
h1-include-1906,manual_include,include,issuer,issuer:TW:8097,issuer:TW:8097,-,-,-,常珵,L2,TPEx OpenAPI 上櫃股票基本資料（完整母集）,冻结 2026-08-28 TWSE+TPEx（不含兴柜）L2 机械母集,-,human-gate://2026-08-28/H1/issuer:TW:8097,https://www.tpex.org.tw/openapi/v1/mopsfin_t187ap03_O,2026-08-28,user,2026-08-28,已裁决,l2:TPEX:8097,H1 人闸批准；仅在本行 product_scope 内有效。
h1-include-1907,manual_include,include,issuer,issuer:TW:8099,issuer:TW:8099,-,-,-,大世科,L2,TPEx OpenAPI 上櫃股票基本資料（完整母集）,冻结 2026-08-28 TWSE+TPEx（不含兴柜）L2 机械母集,-,human-gate://2026-08-28/H1/issuer:TW:8099,https://www.tpex.org.tw/openapi/v1/mopsfin_t187ap03_O,2026-08-28,user,2026-08-28,已裁决,l2:TPEX:8099,H1 人闸批准；仅在本行 product_scope 内有效。
h1-include-1908,manual_include,include,issuer,issuer:TW:8102,issuer:TW:8102,-,-,-,傑霖科技,L2,TPEx OpenAPI 上櫃股票基本資料（完整母集）,冻结 2026-08-28 TWSE+TPEx（不含兴柜）L2 机械母集,-,human-gate://2026-08-28/H1/issuer:TW:8102,https://www.tpex.org.tw/openapi/v1/mopsfin_t187ap03_O,2026-08-28,user,2026-08-28,已裁决,l2:TPEX:8102,H1 人闸批准；仅在本行 product_scope 内有效。
h1-include-1909,manual_include,include,issuer,issuer:TW:8107,issuer:TW:8107,-,-,-,大億金茂,L2,TPEx OpenAPI 上櫃股票基本資料（完整母集）,冻结 2026-08-28 TWSE+TPEx（不含兴柜）L2 机械母集,-,human-gate://2026-08-28/H1/issuer:TW:8107,https://www.tpex.org.tw/openapi/v1/mopsfin_t187ap03_O,2026-08-28,user,2026-08-28,已裁决,l2:TPEX:8107,H1 人闸批准；仅在本行 product_scope 内有效。
h1-include-1910,manual_include,include,issuer,issuer:TW:8109,issuer:TW:8109,-,-,-,博大,L2,TPEx OpenAPI 上櫃股票基本資料（完整母集）,冻结 2026-08-28 TWSE+TPEx（不含兴柜）L2 机械母集,-,human-gate://2026-08-28/H1/issuer:TW:8109,https://www.tpex.org.tw/openapi/v1/mopsfin_t187ap03_O,2026-08-28,user,2026-08-28,已裁决,l2:TPEX:8109,H1 人闸批准；仅在本行 product_scope 内有效。
h1-include-1911,manual_include,include,issuer,issuer:TW:8111,issuer:TW:8111,-,-,-,立碁,L2,TPEx OpenAPI 上櫃股票基本資料（完整母集）,冻结 2026-08-28 TWSE+TPEx（不含兴柜）L2 机械母集,-,human-gate://2026-08-28/H1/issuer:TW:8111,https://www.tpex.org.tw/openapi/v1/mopsfin_t187ap03_O,2026-08-28,user,2026-08-28,已裁决,l2:TPEX:8111,H1 人闸批准；仅在本行 product_scope 内有效。
h1-include-1912,manual_include,include,issuer,issuer:TW:8121,issuer:TW:8121,-,-,-,越峰,L2,TPEx OpenAPI 上櫃股票基本資料（完整母集）,冻结 2026-08-28 TWSE+TPEx（不含兴柜）L2 机械母集,-,human-gate://2026-08-28/H1/issuer:TW:8121,https://www.tpex.org.tw/openapi/v1/mopsfin_t187ap03_O,2026-08-28,user,2026-08-28,已裁决,l2:TPEX:8121,H1 人闸批准；仅在本行 product_scope 内有效。
h1-include-1913,manual_include,include,issuer,issuer:TW:8147,issuer:TW:8147,-,-,-,正淩,L2,TPEx OpenAPI 上櫃股票基本資料（完整母集）,冻结 2026-08-28 TWSE+TPEx（不含兴柜）L2 机械母集,-,human-gate://2026-08-28/H1/issuer:TW:8147,https://www.tpex.org.tw/openapi/v1/mopsfin_t187ap03_O,2026-08-28,user,2026-08-28,已裁决,l2:TPEX:8147,H1 人闸批准；仅在本行 product_scope 内有效。
h1-include-1914,manual_include,include,issuer,issuer:TW:8155,issuer:TW:8155,-,-,-,博智,L2,TPEx OpenAPI 上櫃股票基本資料（完整母集）,冻结 2026-08-28 TWSE+TPEx（不含兴柜）L2 机械母集,-,human-gate://2026-08-28/H1/issuer:TW:8155,https://www.tpex.org.tw/openapi/v1/mopsfin_t187ap03_O,2026-08-28,user,2026-08-28,已裁决,l2:TPEX:8155,H1 人闸批准；仅在本行 product_scope 内有效。
h1-include-1915,manual_include,include,issuer,issuer:TW:8171,issuer:TW:8171,-,-,-,天宇,L2,TPEx OpenAPI 上櫃股票基本資料（完整母集）,冻结 2026-08-28 TWSE+TPEx（不含兴柜）L2 机械母集,-,human-gate://2026-08-28/H1/issuer:TW:8171,https://www.tpex.org.tw/openapi/v1/mopsfin_t187ap03_O,2026-08-28,user,2026-08-28,已裁决,l2:TPEX:8171,H1 人闸批准；仅在本行 product_scope 内有效。
h1-include-1916,manual_include,include,issuer,issuer:TW:8176,issuer:TW:8176,-,-,-,智捷,L2,TPEx OpenAPI 上櫃股票基本資料（完整母集）,冻结 2026-08-28 TWSE+TPEx（不含兴柜）L2 机械母集,-,human-gate://2026-08-28/H1/issuer:TW:8176,https://www.tpex.org.tw/openapi/v1/mopsfin_t187ap03_O,2026-08-28,user,2026-08-28,已裁决,l2:TPEX:8176,H1 人闸批准；仅在本行 product_scope 内有效。
h1-include-1917,manual_include,include,issuer,issuer:TW:8182,issuer:TW:8182,-,-,-,加高,L2,TPEx OpenAPI 上櫃股票基本資料（完整母集）,冻结 2026-08-28 TWSE+TPEx（不含兴柜）L2 机械母集,-,human-gate://2026-08-28/H1/issuer:TW:8182,https://www.tpex.org.tw/openapi/v1/mopsfin_t187ap03_O,2026-08-28,user,2026-08-28,已裁决,l2:TPEX:8182,H1 人闸批准；仅在本行 product_scope 内有效。
h1-include-1918,manual_include,include,issuer,issuer:TW:8183,issuer:TW:8183,-,-,-,精星,L2,TPEx OpenAPI 上櫃股票基本資料（完整母集）,冻结 2026-08-28 TWSE+TPEx（不含兴柜）L2 机械母集,-,human-gate://2026-08-28/H1/issuer:TW:8183,https://www.tpex.org.tw/openapi/v1/mopsfin_t187ap03_O,2026-08-28,user,2026-08-28,已裁决,l2:TPEX:8183,H1 人闸批准；仅在本行 product_scope 内有效。
h1-include-1919,manual_include,include,issuer,issuer:TW:8227,issuer:TW:8227,-,-,-,巨有科技,L2,TPEx OpenAPI 上櫃股票基本資料（完整母集）,冻结 2026-08-28 TWSE+TPEx（不含兴柜）L2 机械母集,-,human-gate://2026-08-28/H1/issuer:TW:8227,https://www.tpex.org.tw/openapi/v1/mopsfin_t187ap03_O,2026-08-28,user,2026-08-28,已裁决,l2:TPEX:8227,H1 人闸批准；仅在本行 product_scope 内有效。
h1-include-1920,manual_include,include,issuer,issuer:TW:8234,issuer:TW:8234,-,-,-,新漢,L2,TPEx OpenAPI 上櫃股票基本資料（完整母集）,冻结 2026-08-28 TWSE+TPEx（不含兴柜）L2 机械母集,-,human-gate://2026-08-28/H1/issuer:TW:8234,https://www.tpex.org.tw/openapi/v1/mopsfin_t187ap03_O,2026-08-28,user,2026-08-28,已裁决,l2:TPEX:8234,H1 人闸批准；仅在本行 product_scope 内有效。
h1-include-1921,manual_include,include,issuer,issuer:TW:8240,issuer:TW:8240,-,-,-,華宏,L2,TPEx OpenAPI 上櫃股票基本資料（完整母集）,冻结 2026-08-28 TWSE+TPEx（不含兴柜）L2 机械母集,-,human-gate://2026-08-28/H1/issuer:TW:8240,https://www.tpex.org.tw/openapi/v1/mopsfin_t187ap03_O,2026-08-28,user,2026-08-28,已裁决,l2:TPEX:8240,H1 人闸批准；仅在本行 product_scope 内有效。
h1-include-1922,manual_include,include,issuer,issuer:TW:8255,issuer:TW:8255,-,-,-,朋程,L2,TPEx OpenAPI 上櫃股票基本資料（完整母集）,冻结 2026-08-28 TWSE+TPEx（不含兴柜）L2 机械母集,-,human-gate://2026-08-28/H1/issuer:TW:8255,https://www.tpex.org.tw/openapi/v1/mopsfin_t187ap03_O,2026-08-28,user,2026-08-28,已裁决,l2:TPEX:8255,H1 人闸批准；仅在本行 product_scope 内有效。
h1-include-1923,manual_include,include,issuer,issuer:TW:8272,issuer:TW:8272,-,-,-,全景軟體,L2,TPEx OpenAPI 上櫃股票基本資料（完整母集）,冻结 2026-08-28 TWSE+TPEx（不含兴柜）L2 机械母集,-,human-gate://2026-08-28/H1/issuer:TW:8272,https://www.tpex.org.tw/openapi/v1/mopsfin_t187ap03_O,2026-08-28,user,2026-08-28,已裁决,l2:TPEX:8272,H1 人闸批准；仅在本行 product_scope 内有效。
h1-include-1924,manual_include,include,issuer,issuer:TW:8277,issuer:TW:8277,-,-,-,商丞,L2,TPEx OpenAPI 上櫃股票基本資料（完整母集）,冻结 2026-08-28 TWSE+TPEx（不含兴柜）L2 机械母集,-,human-gate://2026-08-28/H1/issuer:TW:8277,https://www.tpex.org.tw/openapi/v1/mopsfin_t187ap03_O,2026-08-28,user,2026-08-28,已裁决,l2:TPEX:8277,H1 人闸批准；仅在本行 product_scope 内有效。
h1-include-1925,manual_include,include,issuer,issuer:TW:8279,issuer:TW:8279,-,-,-,生展,L2,TPEx OpenAPI 上櫃股票基本資料（完整母集）,冻结 2026-08-28 TWSE+TPEx（不含兴柜）L2 机械母集,-,human-gate://2026-08-28/H1/issuer:TW:8279,https://www.tpex.org.tw/openapi/v1/mopsfin_t187ap03_O,2026-08-28,user,2026-08-28,已裁决,l2:TPEX:8279,H1 人闸批准；仅在本行 product_scope 内有效。
h1-include-1926,manual_include,include,issuer,issuer:TW:8284,issuer:TW:8284,-,-,-,三竹,L2,TPEx OpenAPI 上櫃股票基本資料（完整母集）,冻结 2026-08-28 TWSE+TPEx（不含兴柜）L2 机械母集,-,human-gate://2026-08-28/H1/issuer:TW:8284,https://www.tpex.org.tw/openapi/v1/mopsfin_t187ap03_O,2026-08-28,user,2026-08-28,已裁决,l2:TPEX:8284,H1 人闸批准；仅在本行 product_scope 内有效。
h1-include-1927,manual_include,include,issuer,issuer:TW:8289,issuer:TW:8289,-,-,-,泰藝,L2,TPEx OpenAPI 上櫃股票基本資料（完整母集）,冻结 2026-08-28 TWSE+TPEx（不含兴柜）L2 机械母集,-,human-gate://2026-08-28/H1/issuer:TW:8289,https://www.tpex.org.tw/openapi/v1/mopsfin_t187ap03_O,2026-08-28,user,2026-08-28,已裁决,l2:TPEX:8289,H1 人闸批准；仅在本行 product_scope 内有效。
h1-include-1928,manual_include,include,issuer,issuer:TW:8291,issuer:TW:8291,-,-,-,尚茂,L2,TPEx OpenAPI 上櫃股票基本資料（完整母集）,冻结 2026-08-28 TWSE+TPEx（不含兴柜）L2 机械母集,-,human-gate://2026-08-28/H1/issuer:TW:8291,https://www.tpex.org.tw/openapi/v1/mopsfin_t187ap03_O,2026-08-28,user,2026-08-28,已裁决,l2:TPEX:8291,H1 人闸批准；仅在本行 product_scope 内有效。
h1-include-1929,manual_include,include,issuer,issuer:TW:8299,issuer:TW:8299,-,-,-,群聯,L2,TPEx OpenAPI 上櫃股票基本資料（完整母集）,冻结 2026-08-28 TWSE+TPEx（不含兴柜）L2 机械母集,-,human-gate://2026-08-28/H1/issuer:TW:8299,https://www.tpex.org.tw/openapi/v1/mopsfin_t187ap03_O,2026-08-28,user,2026-08-28,已裁决,l2:TPEX:8299,H1 人闸批准；仅在本行 product_scope 内有效。
h1-include-1930,manual_include,include,issuer,issuer:TW:8342,issuer:TW:8342,-,-,-,益張,L2,TPEx OpenAPI 上櫃股票基本資料（完整母集）,冻结 2026-08-28 TWSE+TPEx（不含兴柜）L2 机械母集,-,human-gate://2026-08-28/H1/issuer:TW:8342,https://www.tpex.org.tw/openapi/v1/mopsfin_t187ap03_O,2026-08-28,user,2026-08-28,已裁决,l2:TPEX:8342,H1 人闸批准；仅在本行 product_scope 内有效。
h1-include-1931,manual_include,include,issuer,issuer:TW:8349,issuer:TW:8349,-,-,-,恒耀國際,L2,TPEx OpenAPI 上櫃股票基本資料（完整母集）,冻结 2026-08-28 TWSE+TPEx（不含兴柜）L2 机械母集,-,human-gate://2026-08-28/H1/issuer:TW:8349,https://www.tpex.org.tw/openapi/v1/mopsfin_t187ap03_O,2026-08-28,user,2026-08-28,已裁决,l2:TPEX:8349,H1 人闸批准；仅在本行 product_scope 内有效。
h1-include-1932,manual_include,include,issuer,issuer:TW:8354,issuer:TW:8354,-,-,-,冠好,L2,TPEx OpenAPI 上櫃股票基本資料（完整母集）,冻结 2026-08-28 TWSE+TPEx（不含兴柜）L2 机械母集,-,human-gate://2026-08-28/H1/issuer:TW:8354,https://www.tpex.org.tw/openapi/v1/mopsfin_t187ap03_O,2026-08-28,user,2026-08-28,已裁决,l2:TPEX:8354,H1 人闸批准；仅在本行 product_scope 内有效。
h1-include-1933,manual_include,include,issuer,issuer:TW:8358,issuer:TW:8358,-,-,-,金居,L2,TPEx OpenAPI 上櫃股票基本資料（完整母集）,冻结 2026-08-28 TWSE+TPEx（不含兴柜）L2 机械母集,-,human-gate://2026-08-28/H1/issuer:TW:8358,https://www.tpex.org.tw/openapi/v1/mopsfin_t187ap03_O,2026-08-28,user,2026-08-28,已裁决,l2:TPEX:8358,H1 人闸批准；仅在本行 product_scope 内有效。
h1-include-1934,manual_include,include,issuer,issuer:TW:8383,issuer:TW:8383,-,-,-,千附,L2,TPEx OpenAPI 上櫃股票基本資料（完整母集）,冻结 2026-08-28 TWSE+TPEx（不含兴柜）L2 机械母集,-,human-gate://2026-08-28/H1/issuer:TW:8383,https://www.tpex.org.tw/openapi/v1/mopsfin_t187ap03_O,2026-08-28,user,2026-08-28,已裁决,l2:TPEX:8383,H1 人闸批准；仅在本行 product_scope 内有效。
h1-include-1935,manual_include,include,issuer,issuer:TW:8390,issuer:TW:8390,-,-,-,金益鼎,L2,TPEx OpenAPI 上櫃股票基本資料（完整母集）,冻结 2026-08-28 TWSE+TPEx（不含兴柜）L2 机械母集,-,human-gate://2026-08-28/H1/issuer:TW:8390,https://www.tpex.org.tw/openapi/v1/mopsfin_t187ap03_O,2026-08-28,user,2026-08-28,已裁决,l2:TPEX:8390,H1 人闸批准；仅在本行 product_scope 内有效。
h1-include-1936,manual_include,include,issuer,issuer:TW:8401,issuer:TW:8401,-,-,-,白紗科,L2,TPEx OpenAPI 上櫃股票基本資料（完整母集）,冻结 2026-08-28 TWSE+TPEx（不含兴柜）L2 机械母集,-,human-gate://2026-08-28/H1/issuer:TW:8401,https://www.tpex.org.tw/openapi/v1/mopsfin_t187ap03_O,2026-08-28,user,2026-08-28,已裁决,l2:TPEX:8401,H1 人闸批准；仅在本行 product_scope 内有效。
h1-include-1937,manual_include,include,issuer,issuer:TW:8403,issuer:TW:8403,-,-,-,盛弘,L2,TPEx OpenAPI 上櫃股票基本資料（完整母集）,冻结 2026-08-28 TWSE+TPEx（不含兴柜）L2 机械母集,-,human-gate://2026-08-28/H1/issuer:TW:8403,https://www.tpex.org.tw/openapi/v1/mopsfin_t187ap03_O,2026-08-28,user,2026-08-28,已裁决,l2:TPEX:8403,H1 人闸批准；仅在本行 product_scope 内有效。
h1-include-1938,manual_include,include,issuer,issuer:TW:8409,issuer:TW:8409,-,-,-,商之器,L2,TPEx OpenAPI 上櫃股票基本資料（完整母集）,冻结 2026-08-28 TWSE+TPEx（不含兴柜）L2 机械母集,-,human-gate://2026-08-28/H1/issuer:TW:8409,https://www.tpex.org.tw/openapi/v1/mopsfin_t187ap03_O,2026-08-28,user,2026-08-28,已裁决,l2:TPEX:8409,H1 人闸批准；仅在本行 product_scope 内有效。
h1-include-1939,manual_include,include,issuer,issuer:TW:8410,issuer:TW:8410,-,-,-,森田,L2,TPEx OpenAPI 上櫃股票基本資料（完整母集）,冻结 2026-08-28 TWSE+TPEx（不含兴柜）L2 机械母集,-,human-gate://2026-08-28/H1/issuer:TW:8410,https://www.tpex.org.tw/openapi/v1/mopsfin_t187ap03_O,2026-08-28,user,2026-08-28,已裁决,l2:TPEX:8410,H1 人闸批准；仅在本行 product_scope 内有效。
h1-include-1940,manual_include,include,issuer,issuer:TW:8415,issuer:TW:8415,-,-,-,大國鋼,L2,TPEx OpenAPI 上櫃股票基本資料（完整母集）,冻结 2026-08-28 TWSE+TPEx（不含兴柜）L2 机械母集,-,human-gate://2026-08-28/H1/issuer:TW:8415,https://www.tpex.org.tw/openapi/v1/mopsfin_t187ap03_O,2026-08-28,user,2026-08-28,已裁决,l2:TPEX:8415,H1 人闸批准；仅在本行 product_scope 内有效。
h1-include-1941,manual_include,include,issuer,issuer:TW:8416,issuer:TW:8416,-,-,-,實威,L2,TPEx OpenAPI 上櫃股票基本資料（完整母集）,冻结 2026-08-28 TWSE+TPEx（不含兴柜）L2 机械母集,-,human-gate://2026-08-28/H1/issuer:TW:8416,https://www.tpex.org.tw/openapi/v1/mopsfin_t187ap03_O,2026-08-28,user,2026-08-28,已裁决,l2:TPEX:8416,H1 人闸批准；仅在本行 product_scope 内有效。
h1-include-1942,manual_include,include,issuer,issuer:TW:8421,issuer:TW:8421,-,-,-,旭源,L2,TPEx OpenAPI 上櫃股票基本資料（完整母集）,冻结 2026-08-28 TWSE+TPEx（不含兴柜）L2 机械母集,-,human-gate://2026-08-28/H1/issuer:TW:8421,https://www.tpex.org.tw/openapi/v1/mopsfin_t187ap03_O,2026-08-28,user,2026-08-28,已裁决,l2:TPEX:8421,H1 人闸批准；仅在本行 product_scope 内有效。
h1-include-1943,manual_include,include,issuer,issuer:TW:8423,issuer:TW:8423,-,-,-,保綠-KY,L2,TPEx OpenAPI 上櫃股票基本資料（完整母集）,冻结 2026-08-28 TWSE+TPEx（不含兴柜）L2 机械母集,-,human-gate://2026-08-28/H1/issuer:TW:8423,https://www.tpex.org.tw/openapi/v1/mopsfin_t187ap03_O,2026-08-28,user,2026-08-28,已裁决,l2:TPEX:8423,H1 人闸批准；仅在本行 product_scope 内有效。
h1-include-1944,manual_include,include,issuer,issuer:TW:8424,issuer:TW:8424,-,-,-,惠普,L2,TPEx OpenAPI 上櫃股票基本資料（完整母集）,冻结 2026-08-28 TWSE+TPEx（不含兴柜）L2 机械母集,-,human-gate://2026-08-28/H1/issuer:TW:8424,https://www.tpex.org.tw/openapi/v1/mopsfin_t187ap03_O,2026-08-28,user,2026-08-28,已裁决,l2:TPEX:8424,H1 人闸批准；仅在本行 product_scope 内有效。
h1-include-1945,manual_include,include,issuer,issuer:TW:8426,issuer:TW:8426,-,-,-,紅木-KY,L2,TPEx OpenAPI 上櫃股票基本資料（完整母集）,冻结 2026-08-28 TWSE+TPEx（不含兴柜）L2 机械母集,-,human-gate://2026-08-28/H1/issuer:TW:8426,https://www.tpex.org.tw/openapi/v1/mopsfin_t187ap03_O,2026-08-28,user,2026-08-28,已裁决,l2:TPEX:8426,H1 人闸批准；仅在本行 product_scope 内有效。
h1-include-1946,manual_include,include,issuer,issuer:TW:8431,issuer:TW:8431,-,-,-,匯鑽科,L2,TPEx OpenAPI 上櫃股票基本資料（完整母集）,冻结 2026-08-28 TWSE+TPEx（不含兴柜）L2 机械母集,-,human-gate://2026-08-28/H1/issuer:TW:8431,https://www.tpex.org.tw/openapi/v1/mopsfin_t187ap03_O,2026-08-28,user,2026-08-28,已裁决,l2:TPEX:8431,H1 人闸批准；仅在本行 product_scope 内有效。
h1-include-1947,manual_include,include,issuer,issuer:TW:8432,issuer:TW:8432,-,-,-,東生華,L2,TPEx OpenAPI 上櫃股票基本資料（完整母集）,冻结 2026-08-28 TWSE+TPEx（不含兴柜）L2 机械母集,-,human-gate://2026-08-28/H1/issuer:TW:8432,https://www.tpex.org.tw/openapi/v1/mopsfin_t187ap03_O,2026-08-28,user,2026-08-28,已裁决,l2:TPEX:8432,H1 人闸批准；仅在本行 product_scope 内有效。
h1-include-1948,manual_include,include,issuer,issuer:TW:8433,issuer:TW:8433,-,-,-,弘帆,L2,TPEx OpenAPI 上櫃股票基本資料（完整母集）,冻结 2026-08-28 TWSE+TPEx（不含兴柜）L2 机械母集,-,human-gate://2026-08-28/H1/issuer:TW:8433,https://www.tpex.org.tw/openapi/v1/mopsfin_t187ap03_O,2026-08-28,user,2026-08-28,已裁决,l2:TPEX:8433,H1 人闸批准；仅在本行 product_scope 内有效。
h1-include-1949,manual_include,include,issuer,issuer:TW:8435,issuer:TW:8435,-,-,-,鉅邁,L2,TPEx OpenAPI 上櫃股票基本資料（完整母集）,冻结 2026-08-28 TWSE+TPEx（不含兴柜）L2 机械母集,-,human-gate://2026-08-28/H1/issuer:TW:8435,https://www.tpex.org.tw/openapi/v1/mopsfin_t187ap03_O,2026-08-28,user,2026-08-28,已裁决,l2:TPEX:8435,H1 人闸批准；仅在本行 product_scope 内有效。
h1-include-1950,manual_include,include,issuer,issuer:TW:8436,issuer:TW:8436,-,-,-,大江,L2,TPEx OpenAPI 上櫃股票基本資料（完整母集）,冻结 2026-08-28 TWSE+TPEx（不含兴柜）L2 机械母集,-,human-gate://2026-08-28/H1/issuer:TW:8436,https://www.tpex.org.tw/openapi/v1/mopsfin_t187ap03_O,2026-08-28,user,2026-08-28,已裁决,l2:TPEX:8436,H1 人闸批准；仅在本行 product_scope 内有效。
h1-include-1951,manual_include,include,issuer,issuer:TW:8437,issuer:TW:8437,-,-,-,大地-KY,L2,TPEx OpenAPI 上櫃股票基本資料（完整母集）,冻结 2026-08-28 TWSE+TPEx（不含兴柜）L2 机械母集,-,human-gate://2026-08-28/H1/issuer:TW:8437,https://www.tpex.org.tw/openapi/v1/mopsfin_t187ap03_O,2026-08-28,user,2026-08-28,已裁决,l2:TPEX:8437,H1 人闸批准；仅在本行 product_scope 内有效。
h1-include-1952,manual_include,include,issuer,issuer:TW:8440,issuer:TW:8440,-,-,-,綠電,L2,TPEx OpenAPI 上櫃股票基本資料（完整母集）,冻结 2026-08-28 TWSE+TPEx（不含兴柜）L2 机械母集,-,human-gate://2026-08-28/H1/issuer:TW:8440,https://www.tpex.org.tw/openapi/v1/mopsfin_t187ap03_O,2026-08-28,user,2026-08-28,已裁决,l2:TPEX:8440,H1 人闸批准；仅在本行 product_scope 内有效。
h1-include-1953,manual_include,include,issuer,issuer:TW:8444,issuer:TW:8444,-,-,-,綠河-KY,L2,TPEx OpenAPI 上櫃股票基本資料（完整母集）,冻结 2026-08-28 TWSE+TPEx（不含兴柜）L2 机械母集,-,human-gate://2026-08-28/H1/issuer:TW:8444,https://www.tpex.org.tw/openapi/v1/mopsfin_t187ap03_O,2026-08-28,user,2026-08-28,已裁决,l2:TPEX:8444,H1 人闸批准；仅在本行 product_scope 内有效。
h1-include-1954,manual_include,include,issuer,issuer:TW:8446,issuer:TW:8446,-,-,-,華研,L2,TPEx OpenAPI 上櫃股票基本資料（完整母集）,冻结 2026-08-28 TWSE+TPEx（不含兴柜）L2 机械母集,-,human-gate://2026-08-28/H1/issuer:TW:8446,https://www.tpex.org.tw/openapi/v1/mopsfin_t187ap03_O,2026-08-28,user,2026-08-28,已裁决,l2:TPEX:8446,H1 人闸批准；仅在本行 product_scope 内有效。
h1-include-1955,manual_include,include,issuer,issuer:TW:8450,issuer:TW:8450,-,-,-,霹靂,L2,TPEx OpenAPI 上櫃股票基本資料（完整母集）,冻结 2026-08-28 TWSE+TPEx（不含兴柜）L2 机械母集,-,human-gate://2026-08-28/H1/issuer:TW:8450,https://www.tpex.org.tw/openapi/v1/mopsfin_t187ap03_O,2026-08-28,user,2026-08-28,已裁决,l2:TPEX:8450,H1 人闸批准；仅在本行 product_scope 内有效。
h1-include-1956,manual_include,include,issuer,issuer:TW:8455,issuer:TW:8455,-,-,-,大拓-KY,L2,TPEx OpenAPI 上櫃股票基本資料（完整母集）,冻结 2026-08-28 TWSE+TPEx（不含兴柜）L2 机械母集,-,human-gate://2026-08-28/H1/issuer:TW:8455,https://www.tpex.org.tw/openapi/v1/mopsfin_t187ap03_O,2026-08-28,user,2026-08-28,已裁决,l2:TPEX:8455,H1 人闸批准；仅在本行 product_scope 内有效。
h1-include-1957,manual_include,include,issuer,issuer:TW:8472,issuer:TW:8472,-,-,-,納維康,L2,TPEx OpenAPI 上櫃股票基本資料（完整母集）,冻结 2026-08-28 TWSE+TPEx（不含兴柜）L2 机械母集,-,human-gate://2026-08-28/H1/issuer:TW:8472,https://www.tpex.org.tw/openapi/v1/mopsfin_t187ap03_O,2026-08-28,user,2026-08-28,已裁决,l2:TPEX:8472,H1 人闸批准；仅在本行 product_scope 内有效。
h1-include-1958,manual_include,include,issuer,issuer:TW:8477,issuer:TW:8477,-,-,-,創業家,L2,TPEx OpenAPI 上櫃股票基本資料（完整母集）,冻结 2026-08-28 TWSE+TPEx（不含兴柜）L2 机械母集,-,human-gate://2026-08-28/H1/issuer:TW:8477,https://www.tpex.org.tw/openapi/v1/mopsfin_t187ap03_O,2026-08-28,user,2026-08-28,已裁决,l2:TPEX:8477,H1 人闸批准；仅在本行 product_scope 内有效。
h1-include-1959,manual_include,include,issuer,issuer:TW:8489,issuer:TW:8489,-,-,-,三貝德,L2,TPEx OpenAPI 上櫃股票基本資料（完整母集）,冻结 2026-08-28 TWSE+TPEx（不含兴柜）L2 机械母集,-,human-gate://2026-08-28/H1/issuer:TW:8489,https://www.tpex.org.tw/openapi/v1/mopsfin_t187ap03_O,2026-08-28,user,2026-08-28,已裁决,l2:TPEX:8489,H1 人闸批准；仅在本行 product_scope 内有效。
h1-include-1960,manual_include,include,issuer,issuer:TW:8905,issuer:TW:8905,-,-,-,裕國,L2,TPEx OpenAPI 上櫃股票基本資料（完整母集）,冻结 2026-08-28 TWSE+TPEx（不含兴柜）L2 机械母集,-,human-gate://2026-08-28/H1/issuer:TW:8905,https://www.tpex.org.tw/openapi/v1/mopsfin_t187ap03_O,2026-08-28,user,2026-08-28,已裁决,l2:TPEX:8905,H1 人闸批准；仅在本行 product_scope 内有效。
h1-include-1961,manual_include,include,issuer,issuer:TW:8906,issuer:TW:8906,-,-,-,花王,L2,TPEx OpenAPI 上櫃股票基本資料（完整母集）,冻结 2026-08-28 TWSE+TPEx（不含兴柜）L2 机械母集,-,human-gate://2026-08-28/H1/issuer:TW:8906,https://www.tpex.org.tw/openapi/v1/mopsfin_t187ap03_O,2026-08-28,user,2026-08-28,已裁决,l2:TPEX:8906,H1 人闸批准；仅在本行 product_scope 内有效。
h1-include-1962,manual_include,include,issuer,issuer:TW:8908,issuer:TW:8908,-,-,-,欣雄,L2,TPEx OpenAPI 上櫃股票基本資料（完整母集）,冻结 2026-08-28 TWSE+TPEx（不含兴柜）L2 机械母集,-,human-gate://2026-08-28/H1/issuer:TW:8908,https://www.tpex.org.tw/openapi/v1/mopsfin_t187ap03_O,2026-08-28,user,2026-08-28,已裁决,l2:TPEX:8908,H1 人闸批准；仅在本行 product_scope 内有效。
h1-include-1963,manual_include,include,issuer,issuer:TW:8916,issuer:TW:8916,-,-,-,光隆,L2,TPEx OpenAPI 上櫃股票基本資料（完整母集）,冻结 2026-08-28 TWSE+TPEx（不含兴柜）L2 机械母集,-,human-gate://2026-08-28/H1/issuer:TW:8916,https://www.tpex.org.tw/openapi/v1/mopsfin_t187ap03_O,2026-08-28,user,2026-08-28,已裁决,l2:TPEX:8916,H1 人闸批准；仅在本行 product_scope 内有效。
h1-include-1964,manual_include,include,issuer,issuer:TW:8917,issuer:TW:8917,-,-,-,欣泰,L2,TPEx OpenAPI 上櫃股票基本資料（完整母集）,冻结 2026-08-28 TWSE+TPEx（不含兴柜）L2 机械母集,-,human-gate://2026-08-28/H1/issuer:TW:8917,https://www.tpex.org.tw/openapi/v1/mopsfin_t187ap03_O,2026-08-28,user,2026-08-28,已裁决,l2:TPEX:8917,H1 人闸批准；仅在本行 product_scope 内有效。
h1-include-1965,manual_include,include,issuer,issuer:TW:8921,issuer:TW:8921,-,-,-,沈氏,L2,TPEx OpenAPI 上櫃股票基本資料（完整母集）,冻结 2026-08-28 TWSE+TPEx（不含兴柜）L2 机械母集,-,human-gate://2026-08-28/H1/issuer:TW:8921,https://www.tpex.org.tw/openapi/v1/mopsfin_t187ap03_O,2026-08-28,user,2026-08-28,已裁决,l2:TPEX:8921,H1 人闸批准；仅在本行 product_scope 内有效。
h1-include-1966,manual_include,include,issuer,issuer:TW:8923,issuer:TW:8923,-,-,-,時報,L2,TPEx OpenAPI 上櫃股票基本資料（完整母集）,冻结 2026-08-28 TWSE+TPEx（不含兴柜）L2 机械母集,-,human-gate://2026-08-28/H1/issuer:TW:8923,https://www.tpex.org.tw/openapi/v1/mopsfin_t187ap03_O,2026-08-28,user,2026-08-28,已裁决,l2:TPEX:8923,H1 人闸批准；仅在本行 product_scope 内有效。
h1-include-1967,manual_include,include,issuer,issuer:TW:8924,issuer:TW:8924,-,-,-,大田,L2,TPEx OpenAPI 上櫃股票基本資料（完整母集）,冻结 2026-08-28 TWSE+TPEx（不含兴柜）L2 机械母集,-,human-gate://2026-08-28/H1/issuer:TW:8924,https://www.tpex.org.tw/openapi/v1/mopsfin_t187ap03_O,2026-08-28,user,2026-08-28,已裁决,l2:TPEX:8924,H1 人闸批准；仅在本行 product_scope 内有效。
h1-include-1968,manual_include,include,issuer,issuer:TW:8927,issuer:TW:8927,-,-,-,北基,L2,TPEx OpenAPI 上櫃股票基本資料（完整母集）,冻结 2026-08-28 TWSE+TPEx（不含兴柜）L2 机械母集,-,human-gate://2026-08-28/H1/issuer:TW:8927,https://www.tpex.org.tw/openapi/v1/mopsfin_t187ap03_O,2026-08-28,user,2026-08-28,已裁决,l2:TPEX:8927,H1 人闸批准；仅在本行 product_scope 内有效。
h1-include-1969,manual_include,include,issuer,issuer:TW:8928,issuer:TW:8928,-,-,-,鉅明,L2,TPEx OpenAPI 上櫃股票基本資料（完整母集）,冻结 2026-08-28 TWSE+TPEx（不含兴柜）L2 机械母集,-,human-gate://2026-08-28/H1/issuer:TW:8928,https://www.tpex.org.tw/openapi/v1/mopsfin_t187ap03_O,2026-08-28,user,2026-08-28,已裁决,l2:TPEX:8928,H1 人闸批准；仅在本行 product_scope 内有效。
h1-include-1970,manual_include,include,issuer,issuer:TW:8929,issuer:TW:8929,-,-,-,富堡,L2,TPEx OpenAPI 上櫃股票基本資料（完整母集）,冻结 2026-08-28 TWSE+TPEx（不含兴柜）L2 机械母集,-,human-gate://2026-08-28/H1/issuer:TW:8929,https://www.tpex.org.tw/openapi/v1/mopsfin_t187ap03_O,2026-08-28,user,2026-08-28,已裁决,l2:TPEX:8929,H1 人闸批准；仅在本行 product_scope 内有效。
h1-include-1971,manual_include,include,issuer,issuer:TW:8930,issuer:TW:8930,-,-,-,青鋼,L2,TPEx OpenAPI 上櫃股票基本資料（完整母集）,冻结 2026-08-28 TWSE+TPEx（不含兴柜）L2 机械母集,-,human-gate://2026-08-28/H1/issuer:TW:8930,https://www.tpex.org.tw/openapi/v1/mopsfin_t187ap03_O,2026-08-28,user,2026-08-28,已裁决,l2:TPEX:8930,H1 人闸批准；仅在本行 product_scope 内有效。
h1-include-1972,manual_include,include,issuer,issuer:TW:8931,issuer:TW:8931,-,-,-,大汽電,L2,TPEx OpenAPI 上櫃股票基本資料（完整母集）,冻结 2026-08-28 TWSE+TPEx（不含兴柜）L2 机械母集,-,human-gate://2026-08-28/H1/issuer:TW:8931,https://www.tpex.org.tw/openapi/v1/mopsfin_t187ap03_O,2026-08-28,user,2026-08-28,已裁决,l2:TPEX:8931,H1 人闸批准；仅在本行 product_scope 内有效。
h1-include-1973,manual_include,include,issuer,issuer:TW:8932,issuer:TW:8932,-,-,-,智通*,L2,TPEx OpenAPI 上櫃股票基本資料（完整母集）,冻结 2026-08-28 TWSE+TPEx（不含兴柜）L2 机械母集,-,human-gate://2026-08-28/H1/issuer:TW:8932,https://www.tpex.org.tw/openapi/v1/mopsfin_t187ap03_O,2026-08-28,user,2026-08-28,已裁决,l2:TPEX:8932,H1 人闸批准；仅在本行 product_scope 内有效。
h1-include-1974,manual_include,include,issuer,issuer:TW:8933,issuer:TW:8933,-,-,-,愛地雅,L2,TPEx OpenAPI 上櫃股票基本資料（完整母集）,冻结 2026-08-28 TWSE+TPEx（不含兴柜）L2 机械母集,-,human-gate://2026-08-28/H1/issuer:TW:8933,https://www.tpex.org.tw/openapi/v1/mopsfin_t187ap03_O,2026-08-28,user,2026-08-28,已裁决,l2:TPEX:8933,H1 人闸批准；仅在本行 product_scope 内有效。
h1-include-1975,manual_include,include,issuer,issuer:TW:8935,issuer:TW:8935,-,-,-,邦泰,L2,TPEx OpenAPI 上櫃股票基本資料（完整母集）,冻结 2026-08-28 TWSE+TPEx（不含兴柜）L2 机械母集,-,human-gate://2026-08-28/H1/issuer:TW:8935,https://www.tpex.org.tw/openapi/v1/mopsfin_t187ap03_O,2026-08-28,user,2026-08-28,已裁决,l2:TPEX:8935,H1 人闸批准；仅在本行 product_scope 内有效。
h1-include-1976,manual_include,include,issuer,issuer:TW:8936,issuer:TW:8936,-,-,-,國統,L2,TPEx OpenAPI 上櫃股票基本資料（完整母集）,冻结 2026-08-28 TWSE+TPEx（不含兴柜）L2 机械母集,-,human-gate://2026-08-28/H1/issuer:TW:8936,https://www.tpex.org.tw/openapi/v1/mopsfin_t187ap03_O,2026-08-28,user,2026-08-28,已裁决,l2:TPEX:8936,H1 人闸批准；仅在本行 product_scope 内有效。
h1-include-1977,manual_include,include,issuer,issuer:TW:8937,issuer:TW:8937,-,-,-,合騏*,L2,TPEx OpenAPI 上櫃股票基本資料（完整母集）,冻结 2026-08-28 TWSE+TPEx（不含兴柜）L2 机械母集,-,human-gate://2026-08-28/H1/issuer:TW:8937,https://www.tpex.org.tw/openapi/v1/mopsfin_t187ap03_O,2026-08-28,user,2026-08-28,已裁决,l2:TPEX:8937,H1 人闸批准；仅在本行 product_scope 内有效。
h1-include-1978,manual_include,include,issuer,issuer:TW:8938,issuer:TW:8938,-,-,-,明安,L2,TPEx OpenAPI 上櫃股票基本資料（完整母集）,冻结 2026-08-28 TWSE+TPEx（不含兴柜）L2 机械母集,-,human-gate://2026-08-28/H1/issuer:TW:8938,https://www.tpex.org.tw/openapi/v1/mopsfin_t187ap03_O,2026-08-28,user,2026-08-28,已裁决,l2:TPEX:8938,H1 人闸批准；仅在本行 product_scope 内有效。
h1-include-1979,manual_include,include,issuer,issuer:TW:8941,issuer:TW:8941,-,-,-,關中,L2,TPEx OpenAPI 上櫃股票基本資料（完整母集）,冻结 2026-08-28 TWSE+TPEx（不含兴柜）L2 机械母集,-,human-gate://2026-08-28/H1/issuer:TW:8941,https://www.tpex.org.tw/openapi/v1/mopsfin_t187ap03_O,2026-08-28,user,2026-08-28,已裁决,l2:TPEX:8941,H1 人闸批准；仅在本行 product_scope 内有效。
h1-include-1980,manual_include,include,issuer,issuer:TW:8942,issuer:TW:8942,-,-,-,森鉅,L2,TPEx OpenAPI 上櫃股票基本資料（完整母集）,冻结 2026-08-28 TWSE+TPEx（不含兴柜）L2 机械母集,-,human-gate://2026-08-28/H1/issuer:TW:8942,https://www.tpex.org.tw/openapi/v1/mopsfin_t187ap03_O,2026-08-28,user,2026-08-28,已裁决,l2:TPEX:8942,H1 人闸批准；仅在本行 product_scope 内有效。
h1-include-1981,manual_include,include,issuer,issuer:TW:9949,issuer:TW:9949,-,-,-,琉園,L2,TPEx OpenAPI 上櫃股票基本資料（完整母集）,冻结 2026-08-28 TWSE+TPEx（不含兴柜）L2 机械母集,-,human-gate://2026-08-28/H1/issuer:TW:9949,https://www.tpex.org.tw/openapi/v1/mopsfin_t187ap03_O,2026-08-28,user,2026-08-28,已裁决,l2:TPEX:9949,H1 人闸批准；仅在本行 product_scope 内有效。
h1-include-1982,manual_include,include,issuer,issuer:TW:9950,issuer:TW:9950,-,-,-,萬國通,L2,TPEx OpenAPI 上櫃股票基本資料（完整母集）,冻结 2026-08-28 TWSE+TPEx（不含兴柜）L2 机械母集,-,human-gate://2026-08-28/H1/issuer:TW:9950,https://www.tpex.org.tw/openapi/v1/mopsfin_t187ap03_O,2026-08-28,user,2026-08-28,已裁决,l2:TPEX:9950,H1 人闸批准；仅在本行 product_scope 内有效。
h1-include-1983,manual_include,include,issuer,issuer:TW:9951,issuer:TW:9951,-,-,-,皇田,L2,TPEx OpenAPI 上櫃股票基本資料（完整母集）,冻结 2026-08-28 TWSE+TPEx（不含兴柜）L2 机械母集,-,human-gate://2026-08-28/H1/issuer:TW:9951,https://www.tpex.org.tw/openapi/v1/mopsfin_t187ap03_O,2026-08-28,user,2026-08-28,已裁决,l2:TPEX:9951,H1 人闸批准；仅在本行 product_scope 内有效。
h1-include-1984,manual_include,include,issuer,issuer:TW:9960,issuer:TW:9960,-,-,-,邁達康,L2,TPEx OpenAPI 上櫃股票基本資料（完整母集）,冻结 2026-08-28 TWSE+TPEx（不含兴柜）L2 机械母集,-,human-gate://2026-08-28/H1/issuer:TW:9960,https://www.tpex.org.tw/openapi/v1/mopsfin_t187ap03_O,2026-08-28,user,2026-08-28,已裁决,l2:TPEX:9960,H1 人闸批准；仅在本行 product_scope 内有效。
h1-include-1985,manual_include,include,issuer,issuer:TW:9962,issuer:TW:9962,-,-,-,有益,L2,TPEx OpenAPI 上櫃股票基本資料（完整母集）,冻结 2026-08-28 TWSE+TPEx（不含兴柜）L2 机械母集,-,human-gate://2026-08-28/H1/issuer:TW:9962,https://www.tpex.org.tw/openapi/v1/mopsfin_t187ap03_O,2026-08-28,user,2026-08-28,已裁决,l2:TPEX:9962,H1 人闸批准；仅在本行 product_scope 内有效。
